bodyId_pre,bodyId_post,roi,weight
294792184,1447205602,AL(R),1
294792184,1570685033,SLP(R),1
294792184,1570685224,SLP(R),2
294792184,1857825571,AL(R),1
294792184,1888524453,PLP(R),1
294792184,1888524453,LH(R),1
329599710,542634818,AL(R),2
329599710,609924156,AL(R),1
329599710,635062078,AL(R),5
329599710,724816115,AL(R),14
329599710,726207450,NotPrimary,1
329599710,1670973150,SIP(R),2
329599710,1671952694,AL(R),1
329599710,1700307582,AL(R),1
329599710,1759999022,SIP(R),2
329599710,1793351401,AL(R),1
329599710,1977579449,AL(R),5
329599710,2383731281,AL(R),1
329599710,5812995328,AL(R),1
329599710,5813039471,NotPrimary,1
329599710,5813079228,SIP(R),1
417199910,509626405,SLP(R),3
417199910,509626405,AL(R),1
417199910,850703925,AL(R),1
417199910,1727979406,AL(R),1
417199910,2289223313,SLP(R),1
417199910,5812996748,SLP(R),1
417199910,5901222731,AL(R),2
480927537,544021095,LH(R),1
480927537,694834412,LH(R),1
480927537,1570685033,LH(R),1
480927537,1570685224,LH(R),1
480927537,1700946301,LH(R),1
480927537,5813008771,LH(R),3
480927537,5813045696,LH(R),1
481268653,542665377,SLP(R),1
481268653,603349484,LH(R),1
481268653,788945049,LH(R),1
481268653,1570684665,SLP(R),2
509626405,417199910,SLP(R),3
509626405,417199910,SMP(R),2
509626405,1727979406,AL(R),1
509626405,1755556097,AL(R),1
509626405,1975187675,AL(R),1
509626405,2289223313,SLP(R),4
509626405,2289223313,NotPrimary,1
509626405,5812996748,NotPrimary,3
509626405,5812996748,SLP(R),2
509626405,5813069532,NotPrimary,1
509626405,5901222731,AL(R),1
541632990,574032862,LH(R),1
541632990,818983130,LH(R),1
541632990,1570684665,SLP(R),1
541632990,5813008771,LH(R),2
541632990,5813008771,SLP(R),2
542311358,632751823,LH(R),1
542311358,1504889437,LH(R),1
542311358,1570684665,LH(R),2
542311358,1570685033,LH(R),1
542311358,1570685224,LH(R),2
542311358,5812992942,LH(R),1
542634818,329599710,AL(R),11
542634818,542652506,AL(R),1
542634818,573333835,LH(R),36
542634818,573333835,CA(R),16
542634818,573333835,AL(R),1
542634818,573669915,LH(R),2
542634818,603349484,LH(R),1
542634818,604031203,AL(R),5
542634818,605050789,LH(R),16
542634818,606090268,NotPrimary,2
542634818,609924156,LH(R),7
542634818,610274029,AL(R),101
542634818,610274046,AL(R),112
542634818,634379734,LH(R),1
542634818,635062078,CA(R),3
542634818,635062078,LH(R),1
542634818,635062078,AL(R),1
542634818,635416407,CA(R),3
542634818,636789080,SCL(R),1
542634818,697132371,LH(R),1
542634818,697485362,LH(R),1
542634818,697844568,LH(R),1
542634818,697848868,LH(R),2
542634818,727472481,LH(R),1
542634818,729544359,LH(R),5
542634818,755518957,LH(R),13
542634818,755518957,CA(R),9
542634818,760250272,LH(R),22
542634818,1316245799,AL(R),1
542634818,1570685283,LH(R),2
542634818,1630051981,CA(R),6
542634818,1630051981,LH(R),3
542634818,1670969304,SLP(R),1
542634818,1670973150,AL(R),19
542634818,1670973150,SLP(R),1
542634818,1671608112,AL(R),20
542634818,1671638278,AL(R),2
542634818,1671952694,AL(R),2
542634818,1700307582,AL(R),20
542634818,1701299822,AL(R),3
542634818,1702306047,AL(R),9
542634818,1730656082,AL(R),23
542634818,1732313117,LH(R),1
542634818,1733370882,AL(R),3
542634818,1759999022,AL(R),19
542634818,1794055377,AL(R),1
542634818,1850706912,LH(R),1
542634818,1850706912,CA(R),1
542634818,1851389175,LH(R),33
542634818,1851389175,CA(R),7
542634818,1851389175,NotPrimary,1
542634818,1856833015,AL(R),1
542634818,1943811511,SLP(R),1
542634818,1977579449,LH(R),10
542634818,1977916288,LH(R),22
542634818,1977916288,CA(R),2
542634818,5812995328,AL(R),39
542634818,5813013823,LH(R),1
542634818,5813014622,LH(R),15
542634818,5813034081,LH(R),1
542634818,5813038793,CA(R),6
542634818,5813056596,NotPrimary,1
542634818,5813069532,AL(R),23
542634818,5813090752,LH(R),5
542634818,5901222910,LH(R),1
542634818,5901222910,NotPrimary,1
542652506,1006258344,NotPrimary,1
542652506,1570685283,NotPrimary,1
542652506,5813024601,NotPrimary,1
542665377,574037266,LH(R),1
542665377,693483018,LH(R),1
542665377,694834412,LH(R),1
542665377,761938645,AL(R),1
542665377,792364888,NotPrimary,1
542665377,882353566,LH(R),1
542665377,1640594274,LH(R),1
542665377,1796818119,LH(R),1
542665377,1850706912,AL(R),1
542665377,1858171399,LH(R),1
542665377,1889253763,LH(R),1
542665377,2289223313,AL(R),1
542665377,5813013823,LH(R),1
542665377,5813055048,AL(R),1
543010474,634759240,SCL(R),33
543010474,634759240,SLP(R),21
543010474,634759240,PLP(R),2
543010474,694834412,LH(R),2
543010474,726207450,SLP(R),1
543010474,1755556097,SCL(R),7
543010474,1755556097,LH(R),1
543010474,1850024931,SLP(R),1
543010474,1912435859,SCL(R),1
543010474,1917866877,SLP(R),1
543010474,2010992546,NotPrimary,1
543010474,5813040515,SCL(R),6
543010474,5813056072,SLP(R),4
543010474,5813056072,SCL(R),4
543010474,5813063239,SLP(R),1
543010474,5813063239,SCL(R),1
544021095,294792184,LH(R),6
544021095,480927537,LH(R),31
544021095,480927537,SLP(R),2
544021095,509626405,AL(R),1
544021095,541632990,LH(R),34
544021095,541632990,SLP(R),1
544021095,542634818,NotPrimary,1
544021095,572663539,LH(R),1
544021095,574037266,AL(R),1
544021095,630714299,CA(R),1
544021095,636789080,NotPrimary,1
544021095,666135689,CA(R),1
544021095,694834412,NotPrimary,1
544021095,726207450,LH(R),1
544021095,760264077,AL(R),4
544021095,818983130,LH(R),3
544021095,1037293275,AL(R),2
544021095,1415825344,AL(R),1
544021095,1504889437,LH(R),1
544021095,1539978151,AL(R),3
544021095,1570685132,AL(R),11
544021095,1671608112,AL(R),14
544021095,1701299822,AL(R),5
544021095,1702306047,AL(R),16
544021095,1727979406,CA(R),1
544021095,1727979406,AL(R),1
544021095,1733677514,AL(R),1
544021095,1827516355,LH(R),1
544021095,1857143769,AL(R),3
544021095,1888524453,LH(R),1
544021095,5812983069,AL(R),1
544021095,5812995098,LH(R),1
544021095,5813054911,AL(R),2
544021095,5813056072,LH(R),1
544021095,5813071369,AL(R),23
572663539,630714299,LH(R),2
572663539,697132371,LH(R),1
572663539,697844568,LH(R),1
572663539,788648194,LH(R),1
572663539,1570685033,LH(R),1
572663539,1701325725,LH(R),2
572663539,1732313117,LH(R),1
572663539,1765415970,LH(R),1
572663539,1793014716,LH(R),4
572663539,1793351401,LH(R),1
572663539,5813014622,LH(R),2
572663539,5813014622,AVLP(R),1
572663539,5813024710,LH(R),1
572663539,5813039465,LH(R),2
572663539,5813054697,LH(R),1
572663539,5813055147,LH(R),1
572663539,5813070872,LH(R),2
573333835,329599710,AL(R),2
573333835,542634818,CA(R),3
573333835,542634818,LH(R),1
573333835,542652506,AL(R),15
573333835,577542489,AL(R),2
573333835,603349484,LH(R),7
573333835,604031203,AL(R),81
573333835,610274029,AL(R),58
573333835,610274046,AL(R),79
573333835,630714299,AL(R),3
573333835,630714299,LH(R),1
573333835,634379734,LH(R),3
573333835,635062078,CA(R),3
573333835,635062078,LH(R),1
573333835,635407942,LH(R),11
573333835,694834412,CA(R),1
573333835,697485362,LH(R),1
573333835,823037476,AL(R),15
573333835,1037293275,AL(R),7
573333835,1069929827,AL(R),24
573333835,1415829574,AL(R),16
573333835,1570685257,AL(R),1
573333835,1630051981,NotPrimary,1
573333835,1670969304,AL(R),16
573333835,1671952694,AL(R),8
573333835,1692817033,CA(R),1
573333835,1700307582,AL(R),1
573333835,1700937093,CA(R),1
573333835,1701299822,AL(R),9
573333835,1723506321,AL(R),1
573333835,1733370882,AL(R),1
573333835,1733677514,AL(R),3
573333835,1734420152,LH(R),1
573333835,1759999022,AL(R),4
573333835,1793403571,AL(R),6
573333835,1796817841,NotPrimary,1
573333835,1850706912,LH(R),1
573333835,1851389175,NotPrimary,1
573333835,1881751117,NotPrimary,2
573333835,1917866877,AL(R),8
573333835,1943811511,AL(R),2
573333835,1944507292,CA(R),1
573333835,1977916288,LH(R),1
573333835,1977916288,NotPrimary,1
573333835,5812995328,AL(R),10
573333835,5813069532,AL(R),8
573669915,603349484,LH(R),1
573669915,1447205602,AL(R),1
573669915,1851393805,AL(R),1
574032862,480927537,LH(R),1
574032862,541632990,LH(R),11
574032862,542665377,LH(R),2
574032862,574037281,AL(R),6
574032862,574037281,LH(R),3
574032862,574037281,NotPrimary,1
574032862,574374051,AL(R),11
574032862,574374051,LH(R),3
574032862,610274029,AL(R),23
574032862,610274046,AL(R),15
574032862,664814903,LH(R),2
574032862,694834412,LH(R),1
574032862,727855437,AL(R),5
574032862,730252777,AL(R),9
574032862,757569579,AL(R),1
574032862,1322353824,LH(R),1
574032862,1671608112,AL(R),5
574032862,1671952694,AL(R),2
574032862,1701299822,AL(R),5
574032862,1733677514,AL(R),9
574032862,1734350788,LH(R),1
574032862,1765415970,AL(R),5
574032862,1794055377,AL(R),2
574032862,1795410644,AL(R),10
574032862,1849683877,AL(R),1
574032862,1856833015,AL(R),2
574032862,1882083076,NotPrimary,2
574032862,1912777226,AL(R),1
574032862,1916528384,AL(R),1
574032862,5813024692,AL(R),3
574032862,5813045696,LH(R),18
574032862,5813055180,CA(R),1
574032862,5813056596,LH(R),1
574032862,5813071409,AL(R),4
574037266,294792184,AL(R),2
574037266,480927537,LH(R),5
574037266,480927537,AL(R),1
574037266,541632990,AL(R),2
574037266,542665377,LH(R),3
574037266,544021095,LH(R),1
574037266,577542489,AL(R),6
574037266,603785283,AL(R),1
574037266,606090268,LH(R),1
574037266,610274029,AL(R),8
574037266,610274046,AL(R),12
574037266,635062078,NotPrimary,1
574037266,637462647,AL(R),1
574037266,637462647,LH(R),1
574037266,663787020,LH(R),3
574037266,663787020,AL(R),1
574037266,664814903,PLP(R),1
574037266,664814903,LH(R),1
574037266,664814903,SLP(R),1
574037266,664814903,SCL(R),1
574037266,698526273,LH(R),4
574037266,757556799,LH(R),54
574037266,757556799,PLP(R),8
574037266,757556799,SCL(R),6
574037266,761938645,LH(R),3
574037266,763730414,SCL(R),10
574037266,763730414,PLP(R),8
574037266,763730414,LH(R),8
574037266,791298858,LH(R),1
574037266,850703925,PLP(R),2
574037266,850717220,AL(R),1
574037266,850717220,SCL(R),1
574037266,886812643,LH(R),4
574037266,948834414,LH(R),6
574037266,1037518512,LH(R),6
574037266,1225100939,AL(R),5
574037266,1536947502,AL(R),2
574037266,1539978151,LH(R),1
574037266,1570685132,AL(R),8
574037266,1640594274,AL(R),5
574037266,1671608112,AL(R),45
574037266,1671952694,AL(R),1
574037266,1692817033,CA(R),1
574037266,1692817033,LH(R),1
574037266,1701299822,AL(R),9
574037266,1702306047,AL(R),31
574037266,1702306047,SCL(R),1
574037266,1723506321,AL(R),1
574037266,1733677514,AL(R),1
574037266,1796818119,AL(R),1
574037266,1827861966,AL(R),1
574037266,1849684319,LH(R),1
574037266,1858901026,SCL(R),1
574037266,1887163927,PLP(R),1
574037266,1888524453,LH(R),28
574037266,1889883818,LH(R),14
574037266,1912789965,PLP(R),1
574037266,1943812176,AL(R),1
574037266,1975187554,SCL(R),1
574037266,2069648663,AL(R),2
574037266,5813024692,AL(R),6
574037266,5813024799,NotPrimary,1
574037266,5813044177,SCL(R),1
574037266,5813055048,LH(R),2
574037266,5813055184,LH(R),3
574037281,541632990,LH(R),9
574037281,542665377,LH(R),5
574037281,574032862,AL(R),20
574037281,574032862,LH(R),1
574037281,574374051,AL(R),19
574037281,574374051,LH(R),5
574037281,610274029,AL(R),15
574037281,610274046,AL(R),16
574037281,663787020,LH(R),2
574037281,664814903,LH(R),3
574037281,697485362,NotPrimary,1
574037281,722817260,AL(R),1
574037281,724816115,NotPrimary,1
574037281,727855437,AL(R),2
574037281,730252777,AL(R),2
574037281,754534424,NotPrimary,1
574037281,761938645,LH(R),1
574037281,886812643,LH(R),1
574037281,1037293275,AL(R),10
574037281,1630734360,AL(R),1
574037281,1671608112,AL(R),3
574037281,1671952694,AL(R),4
574037281,1733370882,AL(R),1
574037281,1733677514,AL(R),6
574037281,1755556277,AL(R),1
574037281,1765415970,AL(R),3
574037281,1793403571,AL(R),3
574037281,1794055377,AL(R),2
574037281,1795410644,AL(R),18
574037281,1796817841,CA(R),1
574037281,1797505019,CA(R),1
574037281,1825440160,AL(R),2
574037281,1849683877,AL(R),1
574037281,1857825571,AL(R),1
574037281,1882083076,NotPrimary,1
574037281,2040344064,AL(R),1
574037281,5812982656,AL(R),1
574037281,5812983069,AL(R),2
574037281,5813024799,AL(R),4
574037281,5813045696,LH(R),5
574037281,5813071409,AL(R),3
574374051,480927537,LH(R),3
574374051,541632990,LH(R),18
574374051,542634818,NotPrimary,1
574374051,574032862,AL(R),20
574374051,574032862,LH(R),4
574374051,574032862,CA(R),2
574374051,574032862,NotPrimary,1
574374051,574037281,AL(R),7
574374051,574037281,LH(R),3
574374051,577542489,AL(R),3
574374051,609924156,NotPrimary,1
574374051,610274029,AL(R),23
574374051,610274046,AL(R),24
574374051,630714299,NotPrimary,1
574374051,663787020,LH(R),2
574374051,664814903,LH(R),3
574374051,693483018,LH(R),1
574374051,727855437,AL(R),5
574374051,730252777,AL(R),3
574374051,1037293275,AL(R),4
574374051,1630734360,AL(R),2
574374051,1671608112,AL(R),8
574374051,1693486219,AL(R),1
574374051,1700937093,CA(R),1
574374051,1700946301,CA(R),1
574374051,1732313117,AL(R),1
574374051,1733677514,AL(R),1
574374051,1793403571,AL(R),1
574374051,1794055377,AL(R),2
574374051,1795410644,AL(R),17
574374051,1850711304,CA(R),1
574374051,1851389175,CA(R),1
574374051,1856820042,AL(R),2
574374051,1882083076,CA(R),1
574374051,1882083076,NotPrimary,1
574374051,1912777226,AL(R),1
574374051,2040344064,AL(R),1
574374051,5813024799,AL(R),4
574374051,5813044177,AL(R),2
574374051,5813045696,LH(R),3
574374051,5813054697,AL(R),1
577542489,610274029,SCL(R),1
577542489,610274046,SIP(R),5
577542489,610274046,LH(R),1
577542489,610274046,AL(R),1
577542489,610274046,SMP(R),1
577542489,639276164,SIP(R),1
577542489,639276164,NotPrimary,1
577542489,698565676,SAD,1
577542489,823037476,LH(R),2
577542489,1411784734,NotPrimary,1
577542489,1670969304,SIP(R),1
577542489,1671952694,SIP(R),6
577542489,1889253763,AL(R),1
577542489,1943811511,SLP(R),1
577542489,5813055048,AL(R),2
577542489,5813069532,NotPrimary,1
603349484,542652506,LH(R),1
603349484,1851389175,LH(R),1
603349484,1977579449,LH(R),1
603349484,1977916288,LH(R),3
603349484,5813038793,LH(R),3
603349484,5813039465,LH(R),1
603785283,417199910,AL(R),12
603785283,509626405,AL(R),13
603785283,509626405,SMP(R),3
603785283,509626405,SLP(R),3
603785283,543010474,AL(R),5
603785283,634759240,NotPrimary,1
603785283,664814903,LAL(R),1
603785283,819993149,AL(R),3
603785283,850703925,AL(R),1
603785283,850703925,SLP(R),1
603785283,850708902,AL(R),2
603785283,850717220,AL(R),2
603785283,850717220,NotPrimary,2
603785283,850717220,SLP(R),1
603785283,1037293275,AL(R),1
603785283,1102334088,AL(R),1
603785283,1630734360,AL(R),6
603785283,1630734360,ICL(R),1
603785283,1661769627,AL(R),1
603785283,1670597454,AL(R),2
603785283,1671608112,AL(R),1
603785283,1693486219,PLP(R),1
603785283,1693486219,SMP(R),1
603785283,1702306047,NotPrimary,1
603785283,1723506321,AL(R),1
603785283,1733677514,AL(R),1
603785283,1755556097,AL(R),22
603785283,1788680591,AL(R),2
603785283,1794055377,SCL(R),1
603785283,1827861966,NotPrimary,1
603785283,1856833015,SCL(R),1
603785283,1858901026,VES(R),1
603785283,1883443112,AL(R),1
603785283,1888178718,VES(R),1
603785283,1943811736,AL(R),3
603785283,1943812176,SLP(R),1
603785283,1975187554,AL(R),1
603785283,1975187675,AL(R),1
603785283,1975187675,NotPrimary,1
603785283,2289223313,AL(R),4
603785283,2289223313,SMP(R),1
603785283,5812983069,SMP(R),1
603785283,5812995298,AL(R),1
603785283,5812996748,AL(R),11
603785283,5813040515,AL(R),35
603785283,5813040515,VES(R),2
603785283,5813044177,AL(R),1
603785283,5813056072,AL(R),1
603785283,5813063239,AL(R),5
603785283,5813083723,VES(R),1
603785283,5901222731,AL(R),2
604031203,573333835,AL(R),1
604031203,697485362,LH(R),1
604031203,724816115,LH(R),1
604031203,1881751117,LH(R),2
604726283,542311358,LH(R),1
604726283,542665377,LH(R),4
604726283,544021095,LH(R),1
604726283,572663539,LH(R),1
604726283,635048729,LH(R),1
604726283,666818300,LH(R),1
604726283,729544359,LH(R),1
604726283,788306724,LH(R),1
604726283,818983130,LH(R),1
604726283,1447201088,LH(R),3
604726283,1570684665,LH(R),1
604726283,1570685033,LH(R),2
604726283,1640594274,LH(R),5
604726283,1764091241,LH(R),1
604726283,1881751117,LH(R),1
604726283,2064165421,LH(R),1
604726283,5813055048,LH(R),1
604726283,5813069089,LH(R),1
605050789,542634818,LH(R),1
605050789,697848868,LH(R),4
605050789,729544359,LH(R),1
605050789,760250511,LH(R),1
605050789,1640594274,LH(R),1
605050789,1888572074,LH(R),1
605050789,5813090752,LH(R),3
606090268,294792184,LH(R),2
606090268,480927537,LH(R),1
606090268,542634818,CA(R),1
606090268,542665377,LH(R),8
606090268,542665377,AL(R),2
606090268,544021095,LH(R),1
606090268,572663539,AL(R),18
606090268,572663539,LH(R),3
606090268,574037266,CA(R),1
606090268,604726283,AL(R),66
606090268,604726283,LH(R),6
606090268,610274029,AL(R),25
606090268,610274046,AL(R),59
606090268,635062078,CA(R),1
606090268,635062078,NotPrimary,1
606090268,635416407,LH(R),1
606090268,636789080,LH(R),1
606090268,636789080,NotPrimary,1
606090268,694834412,LH(R),1
606090268,697844568,AL(R),1
606090268,698526273,AL(R),8
606090268,724816115,NotPrimary,1
606090268,729219639,AL(R),6
606090268,759922408,AL(R),5
606090268,760264077,AL(R),10
606090268,761938645,AL(R),6
606090268,762982753,AL(R),4
606090268,788306724,AL(R),6
606090268,791298858,AL(R),1
606090268,791298858,LH(R),1
606090268,792024028,AL(R),1
606090268,1037293275,AL(R),30
606090268,1037518512,AL(R),22
606090268,1102334088,AL(R),3
606090268,1322353714,AL(R),7
606090268,1322353824,AL(R),14
606090268,1322353841,AL(R),43
606090268,1447205602,AL(R),5
606090268,1447205712,AL(R),46
606090268,1447205712,LH(R),3
606090268,1536947502,LH(R),1
606090268,1539978151,AL(R),19
606090268,1570685132,AL(R),32
606090268,1630051981,CA(R),1
606090268,1671608112,AL(R),3
606090268,1693486219,AL(R),1
606090268,1693486219,LH(R),1
606090268,1700307582,AL(R),1
606090268,1701299822,AL(R),13
606090268,1701325725,LH(R),1
606090268,1702306047,AL(R),27
606090268,1732313117,AL(R),1
606090268,1733370882,AL(R),4
606090268,1733677514,AL(R),24
606090268,1755556277,AL(R),3
606090268,1793403571,AL(R),2
606090268,1797505019,NotPrimary,1
606090268,1825440160,AL(R),4
606090268,1850706912,AL(R),2
606090268,1850706912,LH(R),1
606090268,1850706912,CA(R),1
606090268,1851389175,CA(R),1
606090268,1856820042,AL(R),1
606090268,1856833015,AL(R),1
606090268,1857148391,AL(R),1
606090268,1887163927,AL(R),1
606090268,1889253763,LH(R),2
606090268,1914823337,AL(R),1
606090268,1917188956,AL(R),1
606090268,1917866877,AL(R),1
606090268,1944507292,CA(R),1
606090268,2040344064,AL(R),2
606090268,5812982656,AL(R),2
606090268,5813000276,LH(R),1
606090268,5813013823,AL(R),8
606090268,5813013823,LH(R),2
606090268,5813024692,AL(R),96
606090268,5813024799,AL(R),6
606090268,5813034571,LH(R),1
606090268,5813054911,AL(R),23
606090268,5813055180,AL(R),2
606090268,5813056596,NotPrimary,1
606090268,5813071369,AL(R),50
606090268,5813071369,LH(R),1
606090268,5813071409,AL(R),14
606090268,5813090752,AL(R),1
609924156,635062078,AL(R),1
609924156,724816115,AL(R),1
609924156,724816115,NotPrimary,1
609924156,730252777,SCL(R),1
609924156,788648194,AL(R),1
609924156,824353701,AL(R),1
609924156,948834414,AL(R),4
609924156,977866721,AL(R),1
609924156,1316245799,AL(R),2
609924156,1630051981,AL(R),1
609924156,1671638278,AL(R),2
609924156,1692817033,AL(R),2
609924156,1756579280,AL(R),2
609924156,1762674761,LH(R),1
609924156,1827473315,LH(R),2
609924156,1944507292,AL(R),2
609924156,1977579449,AL(R),1
609924156,5813000276,LH(R),1
609924156,5813039465,LH(R),1
609924156,5813055025,AL(R),1
609924156,5813069089,AL(R),7
610274029,573333835,AL(R),1
610274029,610274046,SIP(R),48
610274029,610274046,LH(R),31
610274029,610274046,SMP(R),28
610274029,610274046,SCL(R),10
610274029,610274046,CRE(R),9
610274029,610274046,AL(R),4
610274029,639276164,SMP(R),4
610274029,639276164,AL(R),1
610274029,639276164,CRE(R),1
610274029,693483018,AL(R),3
610274029,754534424,AL(R),1
610274029,760250511,AL(R),1
610274029,856071065,AL(R),1
610274029,1316245799,LH(R),7
610274029,1316245799,SMP(R),4
610274029,1316245799,AL(R),1
610274029,1570685132,AL(R),1
610274029,1671638278,LH(R),1
610274029,1671952694,SIP(R),2
610274029,1700307582,LH(R),2
610274029,1700307582,SCL(R),1
610274029,1730656082,SIP(R),3
610274029,1730656082,SMP(R),2
610274029,1730656082,CRE(R),1
610274029,1788300760,AL(R),1
610274029,1789013008,SCL(R),1
610274029,1793403571,LH(R),1
610274029,2383731281,AL(R),1
610274029,5813055048,AL(R),1
610274046,577542489,AL(R),1
610274046,577542489,SMP(R),1
610274046,606090268,AL(R),1
610274046,610274029,SIP(R),48
610274046,610274029,SMP(R),32
610274046,610274029,LH(R),27
610274046,610274029,SCL(R),7
610274046,610274029,AL(R),5
610274046,610274029,CRE(R),4
610274046,610274029,SLP(R),2
610274046,610274029,NotPrimary,1
610274046,635062078,AL(R),1
610274046,636789080,AL(R),1
610274046,639276164,SMP(R),2
610274046,639276164,SIP(R),1
610274046,663432544,NotPrimary,1
610274046,693483018,AL(R),1
610274046,697145036,AL(R),1
610274046,698508565,AL(R),1
610274046,722817260,AL(R),1
610274046,729219639,AL(R),1
610274046,762982753,AL(R),1
610274046,856071065,LH(R),1
610274046,977866721,LH(R),2
610274046,1316245799,SMP(R),3
610274046,1316245799,AL(R),2
610274046,1322353714,LH(R),1
610274046,1504889437,AL(R),1
610274046,1536947502,AL(R),1
610274046,1609883245,AL(R),1
610274046,1630051981,AL(R),1
610274046,1661769627,AL(R),1
610274046,1670969304,AL(R),1
610274046,1671638278,SCL(R),1
610274046,1700307582,AL(R),2
610274046,1700307582,SIP(R),1
610274046,1701299822,AL(R),2
610274046,1703683361,AL(R),1
610274046,1723506321,AL(R),1
610274046,1730656082,SIP(R),7
610274046,1730656082,CRE(R),3
610274046,1730656082,SMP(R),1
610274046,1734350908,AL(R),1
610274046,1793403571,AL(R),1
610274046,1828206773,AL(R),1
610274046,1889253785,AL(R),2
610274046,5813000276,AL(R),1
610274046,5813055025,AL(R),2
610274046,5813055184,AL(R),1
610274046,5813069089,AL(R),1
630714299,544021095,CA(R),1
630714299,572663539,AL(R),8
630714299,573333835,CA(R),1
630714299,573333835,AL(R),1
630714299,573669915,AL(R),36
630714299,574374051,NotPrimary,2
630714299,610274029,AL(R),37
630714299,610274046,AL(R),30
630714299,635062078,CA(R),1
630714299,639276164,AL(R),1
630714299,666135689,NotPrimary,1
630714299,727472481,CA(R),1
630714299,760250272,LH(R),3
630714299,788648194,CA(R),1
630714299,1670934213,CA(R),1
630714299,1671638278,AL(R),1
630714299,1671952694,AL(R),5
630714299,1701299822,AL(R),1
630714299,1703683361,NotPrimary,1
630714299,1730656082,AL(R),1
630714299,1827473315,AL(R),3
630714299,1850706912,LH(R),1
630714299,1851393805,AL(R),1
630714299,1887872301,AL(R),1
630714299,1914140664,LH(R),1
630714299,1917866877,AL(R),7
630714299,1975878958,NotPrimary,1
630714299,5812995328,AL(R),3
630714299,5813013823,AL(R),2
630714299,5813024692,AL(R),23
630714299,5813038793,CA(R),1
630714299,5813050727,AL(R),1
630714299,5813055147,CA(R),1
630714299,5813070872,LH(R),1
630714299,5901222910,AL(R),15
630714299,5901222910,LH(R),6
630714299,5901222910,NotPrimary,2
632751823,541632990,LH(R),2
632751823,727855437,LH(R),1
632751823,1504889437,LH(R),2
632751823,1504889437,SMP(R),1
632751823,1850711304,LH(R),1
632751823,5813045696,LH(R),1
634379734,1504889437,LH(R),3
634379734,1640594274,LH(R),1
634707780,573669915,LH(R),2
634707780,637462647,LH(R),1
634707780,1447205602,LH(R),2
634707780,1977916288,LH(R),2
634759240,543010474,SCL(R),2
634759240,663432544,PLP(R),1
634759240,663787020,PLP(R),1
634759240,664814903,SCL(R),1
634759240,886812643,LH(R),6
634759240,1881059780,SCL(R),1
634759240,5813044177,AL(R),1
634759240,5813056072,LH(R),5
634759240,5813063239,AVLP(R),1
634759240,5813063239,SCL(R),1
635048729,542634818,LH(R),7
635048729,573333835,LH(R),2
635048729,724816115,AL(R),1
635048729,1851389175,LH(R),4
635048729,1977916288,LH(R),7
635048729,5813024601,LH(R),1
635062078,329599710,AL(R),5
635062078,542634818,LH(R),1
635062078,542634818,AL(R),1
635062078,542634818,NotPrimary,1
635062078,573333835,LH(R),10
635062078,577542489,AL(R),11
635062078,603349484,LH(R),4
635062078,610274029,AL(R),77
635062078,610274046,AL(R),124
635062078,634379734,LH(R),1
635062078,634707780,AL(R),5
635062078,635048729,AL(R),59
635062078,635407942,LH(R),2
635062078,635416407,LH(R),1
635062078,636418270,LH(R),2
635062078,637462647,LH(R),2
635062078,639276164,AL(R),7
635062078,667823920,AL(R),2
635062078,693125078,CA(R),1
635062078,697485362,LH(R),1
635062078,697848868,LH(R),2
635062078,724816115,AL(R),1
635062078,727855437,LH(R),1
635062078,730213826,AL(R),6
635062078,730213826,LH(R),1
635062078,763730414,NotPrimary,1
635062078,823037476,AL(R),12
635062078,823314446,AL(R),1
635062078,1316245799,AL(R),3
635062078,1411784734,AL(R),3
635062078,1415829574,AL(R),6
635062078,1447205602,AL(R),1
635062078,1570685257,AL(R),4
635062078,1570685283,LH(R),3
635062078,1571025824,LH(R),6
635062078,1670969304,AL(R),49
635062078,1670973150,AL(R),2
635062078,1671638278,AL(R),1
635062078,1671952694,AL(R),25
635062078,1693827279,LH(R),1
635062078,1700307582,AL(R),38
635062078,1700937093,CA(R),1
635062078,1701299822,AL(R),53
635062078,1701325725,AL(R),7
635062078,1730656082,AL(R),8
635062078,1733370882,AL(R),2
635062078,1733677514,AL(R),3
635062078,1734420152,LH(R),1
635062078,1759999022,AL(R),7
635062078,1828206773,NotPrimary,1
635062078,1851389175,AL(R),1
635062078,1851393805,LH(R),1
635062078,1977579449,LH(R),1
635062078,5812995328,AL(R),6
635062078,5813000276,LH(R),1
635062078,5813024692,NotPrimary,1
635062078,5813034081,AL(R),8
635062078,5813034081,LAL(R),2
635062078,5813070872,CA(R),1
635062078,5813079228,AL(R),2
635407942,573333835,LH(R),3
635407942,610274029,AL(R),1
635407942,610274046,AL(R),2
635407942,1692817033,LH(R),1
635407942,1756579280,LH(R),1
635407942,1851389175,LH(R),1
635407942,1977916288,LH(R),1
635416407,542634818,LH(R),2
635416407,610274029,AL(R),9
635416407,610274046,AL(R),1
635416407,630714299,CA(R),1
635416407,630714299,AL(R),1
635416407,630714299,NotPrimary,1
635416407,635407942,LH(R),1
635416407,693125078,CA(R),1
635416407,697485362,AL(R),3
635416407,697485362,LH(R),2
635416407,697485362,CA(R),1
635416407,722817260,NotPrimary,1
635416407,727472481,AL(R),1
635416407,730213826,LH(R),1
635416407,760250511,AL(R),3
635416407,818983130,NotPrimary,1
635416407,1069929827,LH(R),1
635416407,1693486219,AL(R),1
635416407,1694850602,AL(R),1
635416407,1793351401,LH(R),1
635416407,1796817841,CA(R),1
635416407,1796818119,NotPrimary,2
635416407,1819326555,AL(R),1
635416407,5813024799,AL(R),1
635416407,5813055162,LH(R),1
636418270,542311358,LH(R),1
636418270,542652506,LH(R),1
636418270,693483018,LH(R),1
636789080,606090268,CA(R),1
636789080,606090268,NotPrimary,1
636789080,610274029,AL(R),50
636789080,610274046,AL(R),41
636789080,632751823,AL(R),6
636789080,662776660,AL(R),1
636789080,664814903,LH(R),1
636789080,666818300,AL(R),1
636789080,724816115,CA(R),1
636789080,724816115,NotPrimary,1
636789080,761938645,LH(R),1
636789080,1037293275,AL(R),12
636789080,1037518512,LH(R),1
636789080,1411784734,AL(R),1
636789080,1442819296,AL(R),3
636789080,1442819296,LH(R),1
636789080,1447201088,AL(R),1
636789080,1504889437,AL(R),2
636789080,1661769627,AL(R),72
636789080,1671608112,AL(R),29
636789080,1671608112,CA(R),1
636789080,1700307582,AL(R),6
636789080,1701299822,AL(R),23
636789080,1702306047,AL(R),4
636789080,1733370882,AL(R),1
636789080,1733677514,AL(R),1
636789080,1755556277,AL(R),51
636789080,1793403571,AL(R),2
636789080,1797505019,LH(R),1
636789080,1818307672,AL(R),1
636789080,1825440160,AL(R),2
636789080,1849683877,LH(R),1
636789080,1849684319,LH(R),1
636789080,1850711304,AL(R),2
636789080,1858901026,NotPrimary,1
636789080,1888178718,AL(R),1
636789080,1912435859,AL(R),1
636789080,1917188956,AL(R),2
636789080,1917866877,AL(R),1
636789080,1975187675,SLP(R),1
636789080,5812995098,AL(R),4
636789080,5813024692,AL(R),1
636789080,5813034571,NotPrimary,1
637462647,574037266,LH(R),1
637462647,605050789,LH(R),1
637462647,791298858,NotPrimary,1
637462647,1447201088,NotPrimary,1
637462647,5813014622,NotPrimary,1
639276164,542634818,AL(R),1
639276164,577542489,NotPrimary,1
639276164,610274029,SMP(R),1
639276164,610274046,SMP(R),1
639276164,1411784734,SIP(R),1
639276164,1671952694,SMP(R),1
639276164,1730656082,SIP(R),2
639276164,5812995328,NotPrimary,1
639276164,5812996748,NotPrimary,1
662776660,417199910,NotPrimary,1
662776660,610274029,AL(R),5
662776660,610274046,AL(R),8
662776660,636789080,AL(R),2
662776660,757556799,LH(R),2
662776660,757569579,AL(R),1
662776660,762982753,AL(R),1
662776660,1037293275,AL(R),8
662776660,1316245799,AL(R),1
662776660,1442819296,AL(R),5
662776660,1447201088,AL(R),1
662776660,1661769627,AL(R),14
662776660,1671608112,AL(R),2
662776660,1701299822,AL(R),4
662776660,1702306047,AL(R),1
662776660,1733677514,SMP(R),1
662776660,1755556277,AL(R),16
662776660,1794055377,AL(R),3
662776660,1818307672,AL(R),3
662776660,1818307672,LH(R),1
662776660,1818307672,SLP(R),1
662776660,1850024931,NotPrimary,1
662776660,1887872301,AL(R),2
662776660,1888213190,AL(R),2
662776660,1917188956,AL(R),3
662776660,5812995298,NotPrimary,1
662776660,5813034081,LH(R),1
662776660,5901194250,NotPrimary,1
663432544,664814903,SLP(R),1
663432544,1727979406,AL(R),1
663432544,1858901026,SLP(R),48
663432544,1975187675,SLP(R),1
663432544,1975878958,SLP(R),70
663787020,664814903,SLP(R),7
663787020,664814903,LH(R),2
663787020,664814903,SCL(R),1
663787020,694834412,SLP(R),1
663787020,726207450,LH(R),1
663787020,1702306047,SLP(R),1
663787020,1727979406,SCL(R),1
663787020,1755556097,LH(R),2
663787020,1755556097,CA(R),1
663787020,1827473315,SCL(R),1
663787020,1881059780,SCL(R),1
663787020,1889253763,SLP(R),2
663787020,1943811736,PLP(R),1
663787020,1943811736,SCL(R),1
663787020,1943811736,SLP(R),1
663787020,1943812176,SCL(R),1
663787020,1944502935,SCL(R),1
663787020,1975187675,LH(R),1
663787020,2069648663,CA(R),2
663787020,5812995098,LH(R),1
663787020,5813040515,CA(R),1
663787020,5813056072,LH(R),1
663787020,5813063239,SLP(R),1
664814903,636789080,CA(R),1
664814903,663787020,SLP(R),8
664814903,663787020,SCL(R),2
664814903,1702306047,SLP(R),3
664814903,1703683361,LH(R),1
664814903,1703683361,SLP(R),1
664814903,1755556097,CA(R),1
664814903,1850024931,LH(R),2
664814903,1858901026,SLP(R),1
664814903,1943811736,SCL(R),1
664814903,1943811736,SLP(R),1
664814903,5813063239,SLP(R),3
666135689,541632990,LH(R),2
666135689,610274029,AL(R),8
666135689,610274046,AL(R),11
666135689,886812643,AL(R),1
666135689,1700307582,AL(R),1
666135689,1703683361,LH(R),12
666135689,1703683361,SLP(R),6
666135689,1703683361,NotPrimary,4
666135689,1703683361,AL(R),2
666135689,1703683361,PLP(R),1
666135689,1733370882,AL(R),3
666135689,1734350908,AL(R),1
666135689,1764091241,LH(R),1
666135689,1827861966,AL(R),1
666135689,5813008771,AL(R),1
666818300,541632990,LH(R),2
666818300,577542489,AL(R),1
666818300,636789080,NotPrimary,1
666818300,698508565,AL(R),1
666818300,792364888,GNG,1
666818300,1006258344,LH(R),2
666818300,1037293275,AL(R),2
666818300,1700937093,LH(R),1
666818300,1723506321,AL(R),1
666818300,1733677514,AL(R),1
666818300,1793403571,AL(R),4
666818300,1828206773,LH(R),1
666818300,1858901026,AL(R),2
666818300,1917866877,AL(R),6
666818300,1975878958,AL(R),5
666818300,5813024692,AL(R),2
666818300,5813024712,LH(R),1
666818300,5813083723,AL(R),1
667823920,636789080,LH(R),2
667823920,694834412,LH(R),1
667823920,698526273,LH(R),2
667823920,948834414,LH(R),1
667823920,1322353714,SAD,1
667823920,1692817033,LH(R),1
667823920,1944507292,LH(R),1
667823920,5813000276,LH(R),1
693125078,572663539,AL(R),27
693125078,573669915,AL(R),1
693125078,577542489,AL(R),1
693125078,604726283,AL(R),1
693125078,610274029,AL(R),14
693125078,610274046,AL(R),11
693125078,639276164,AL(R),1
693125078,697145036,AL(R),2
693125078,724816115,LH(R),1
693125078,762982753,NotPrimary,1
693125078,850375847,CA(R),1
693125078,850375847,NotPrimary,1
693125078,1006258344,NotPrimary,1
693125078,1316245799,AL(R),1
693125078,1447205602,AL(R),7
693125078,1447205712,LH(R),1
693125078,1570685257,AL(R),1
693125078,1609542060,CA(R),1
693125078,1670973150,AL(R),2
693125078,1700307582,AL(R),1
693125078,1701299822,AL(R),13
693125078,1828206773,LH(R),1
693125078,1851393805,LH(R),1
693125078,1851393805,NotPrimary,1
693125078,1888213190,AL(R),1
693125078,1914823337,AL(R),13
693125078,2010992546,LH(R),1
693125078,2383731281,AL(R),2
693125078,5813000276,AL(R),3
693125078,5813013823,AL(R),7
693125078,5813024692,AL(R),24
693125078,5813038793,NotPrimary,1
693125078,5813050727,NotPrimary,1
693125078,5813055147,CA(R),1
693125078,5901222910,LH(R),1
693479072,294792184,AL(R),1
693479072,541632990,AL(R),3
693479072,542311358,AL(R),2
693479072,542652506,AL(R),1
693479072,542665377,AL(R),10
693479072,542665377,LH(R),6
693479072,544021095,NotPrimary,1
693479072,572663539,AL(R),1
693479072,573669915,AL(R),1
693479072,577542489,AL(R),3
693479072,610274029,AL(R),17
693479072,610274046,AL(R),20
693479072,637462647,AL(R),1
693479072,693483018,CA(R),1
693479072,697485362,AL(R),2
693479072,697848868,AL(R),4
693479072,697848868,LH(R),4
693479072,698526273,AL(R),2
693479072,698526273,LH(R),1
693479072,729219639,AL(R),6
693479072,729219639,LH(R),2
693479072,754854077,AL(R),2
693479072,759922408,LH(R),2
693479072,760250511,AL(R),1
693479072,760264077,AL(R),7
693479072,788306624,LH(R),1
693479072,823037476,AL(R),2
693479072,851684181,AL(R),10
693479072,1006258344,AL(R),2
693479072,1415829574,AL(R),5
693479072,1447201088,LH(R),3
693479072,1570684665,AL(R),2
693479072,1570685224,AL(R),2
693479072,1671608112,AL(R),3
693479072,1671952694,AL(R),9
693479072,1701299822,AL(R),1
693479072,1702306047,AL(R),3
693479072,1734350908,NotPrimary,2
693479072,1827473315,AL(R),7
693479072,1827473315,NotPrimary,1
693479072,1828206773,CA(R),2
693479072,1851061177,NotPrimary,1
693479072,1851393805,AL(R),1
693479072,1851393805,NotPrimary,1
693479072,1858171399,NotPrimary,2
693479072,1888572074,LH(R),1
693479072,1889253763,AL(R),9
693479072,1889253763,NotPrimary,3
693479072,1889253763,LH(R),2
693479072,1889253785,NotPrimary,2
693479072,1914140664,AL(R),3
693479072,1914823337,AL(R),1
693479072,1917188956,AL(R),2
693479072,1917866877,AL(R),21
693479072,5812995098,LH(R),1
693479072,5812996003,AL(R),2
693479072,5813000276,LH(R),1
693479072,5813024692,AL(R),19
693479072,5813024712,AL(R),6
693479072,5813034571,LH(R),1
693479072,5813034571,AL(R),1
693479072,5813050727,LH(R),2
693479072,5813050727,AL(R),2
693479072,5813050727,CA(R),1
693479072,5813054911,LH(R),4
693479072,5813054911,AL(R),2
693479072,5813055025,LH(R),3
693479072,5813055025,NotPrimary,1
693479072,5813056596,AL(R),1
693479072,5813069532,AL(R),1
693479072,5813070872,CA(R),1
693483018,577542489,AL(R),5
693483018,610274029,AL(R),92
693483018,610274046,AL(R),65
693483018,635048729,LH(R),1
693483018,639276164,AL(R),2
693483018,662776660,LH(R),1
693483018,693125078,LH(R),2
693483018,693479072,LH(R),1
693483018,694834412,CA(R),1
693483018,823314446,AL(R),3
693483018,882353566,LH(R),1
693483018,1006258344,NotPrimary,1
693483018,1069929827,LH(R),1
693483018,1411784734,AL(R),1
693483018,1442819296,LH(R),1
693483018,1536947502,AL(R),1
693483018,1670597454,AL(R),14
693483018,1670934213,NotPrimary,2
693483018,1670973150,AL(R),6
693483018,1671608112,AL(R),33
693483018,1671952694,AL(R),4
693483018,1700307582,AL(R),17
693483018,1700937093,AL(R),2
693483018,1700946301,LH(R),1
693483018,1701299822,AL(R),46
693483018,1701299822,NotPrimary,1
693483018,1702306047,AL(R),47
693483018,1727979406,AL(R),3
693483018,1727979406,CA(R),2
693483018,1733370882,AL(R),1
693483018,1733677514,AL(R),6
693483018,1764091241,CA(R),1
693483018,1794055377,AL(R),1
693483018,1795410644,NotPrimary,1
693483018,1851393805,LH(R),1
693483018,1881751117,CA(R),1
693483018,1888178718,AL(R),1
693483018,1914823337,CA(R),1
693483018,1914823337,LH(R),1
693483018,2010992546,CA(R),1
693483018,5812982656,AL(R),2
693483018,5812983069,AL(R),2
693483018,5812995298,AL(R),6
693483018,5812996748,AL(R),1
693483018,5813000276,LH(R),2
693483018,5813000276,CA(R),2
693483018,5813024692,AL(R),56
693483018,5813038889,LH(R),1
693483018,5813050727,LH(R),3
693483018,5813054697,LH(R),1
693483018,5813055184,LH(R),1
693483018,5813071409,AL(R),1
694834412,542665377,LH(R),7
694834412,542665377,SLP(R),6
694834412,543010474,SLP(R),1
694834412,572663539,LH(R),1
694834412,574037266,LH(R),1
694834412,574037266,SLP(R),1
694834412,577542489,AL(R),1
694834412,610274029,AL(R),40
694834412,610274046,AL(R),35
694834412,630714299,NotPrimary,1
694834412,636789080,AL(R),1
694834412,637462647,LH(R),7
694834412,667823920,LH(R),1
694834412,693483018,LH(R),1
694834412,693483018,SLP(R),1
694834412,693483018,NotPrimary,1
694834412,726207450,AL(R),5
694834412,754854077,NotPrimary,1
694834412,755518957,CA(R),1
694834412,761938645,LH(R),9
694834412,788940872,AL(R),2
694834412,1037293275,AL(R),5
694834412,1442819296,AL(R),1
694834412,1661769627,AL(R),19
694834412,1671608112,AL(R),17
694834412,1671952694,AL(R),1
694834412,1702306047,AL(R),11
694834412,1755556277,AL(R),24
694834412,1756579280,NotPrimary,1
694834412,1765415970,NotPrimary,2
694834412,1793014716,SLP(R),1
694834412,1793014716,NotPrimary,1
694834412,1818307672,SLP(R),1
694834412,1850024931,AL(R),3
694834412,1857825571,NotPrimary,1
694834412,1888178718,AL(R),1
694834412,1888524453,LH(R),1
694834412,1914823337,AL(R),5
694834412,1917866877,AL(R),5
694834412,5813024692,AL(R),1
694834412,5813024710,NotPrimary,2
694834412,5813038793,SLP(R),1
694834412,5813045696,LH(R),1
694834412,5813056072,AL(R),1
694834412,5813056596,LH(R),1
694834412,5813069089,NotPrimary,1
697132371,572663539,LH(R),1
697132371,603349484,LH(R),1
697132371,727472481,LH(R),1
697132371,788306624,LH(R),1
697132371,1570685283,LH(R),1
697132371,1693827279,LH(R),1
697132371,1888572074,NotPrimary,1
697132371,5813013823,LH(R),1
697145036,630714299,LH(R),1
697145036,729544359,LH(R),1
697145036,1630051981,LH(R),1
697145036,1701325725,LH(R),1
697145036,5813014622,LH(R),1
697145036,5901222910,LH(R),1
697485362,542634818,CA(R),1
697485362,573333835,LH(R),2
697485362,574374051,NotPrimary,1
697485362,604031203,LH(R),1
697485362,610274029,AL(R),3
697485362,635416407,NotPrimary,3
697485362,635416407,AL(R),1
697485362,635416407,LH(R),1
697485362,755518957,CA(R),1
697485362,788648194,LH(R),1
697485362,1447205602,LH(R),1
697485362,1671952694,AL(R),1
697485362,1700946301,NotPrimary,1
697485362,1703683361,NotPrimary,1
697485362,1734420152,LH(R),1
697485362,1850711304,CA(R),1
697485362,1851393805,LH(R),1
697485362,1888572074,LH(R),1
697485362,1889253763,LH(R),1
697485362,1914140664,LH(R),1
697485362,5813024712,AL(R),1
697485362,5813024712,LH(R),1
697844568,610274029,AL(R),2
697844568,850375847,AL(R),1
697844568,1037293275,AL(R),1
697844568,1415825344,AL(R),1
697844568,1692817033,AL(R),19
697844568,1765415970,NotPrimary,1
697844568,1795410644,AL(R),1
697844568,1825440160,AL(R),4
697844568,1828206773,AL(R),1
697844568,1882083076,AL(R),1
697844568,1889253763,LH(R),1
697844568,2383731281,AL(R),1
697844568,5812982656,AL(R),2
697844568,5813050729,AL(R),6
697844568,5813055048,AL(R),3
697844568,5813055048,LH(R),1
697844568,5813055162,AL(R),1
697844568,5813055180,AL(R),9
697844568,5813056596,LH(R),1
697844568,5813071369,AL(R),1
697848868,605050789,LH(R),3
697848868,636418270,NotPrimary,1
697848868,637462647,LH(R),2
697848868,791298858,LH(R),2
697848868,823314446,AL(R),1
697848868,976830572,NotPrimary,1
697848868,1447205712,NotPrimary,1
697848868,1793351401,LH(R),1
697848868,1889253763,LH(R),1
697848868,1889883818,NotPrimary,1
697848868,5813014622,NotPrimary,1
697848868,5813090752,LH(R),1
698508565,574037266,SLP(R),1
698508565,577542489,AL(R),1
698508565,610274029,AL(R),12
698508565,610274046,AL(R),16
698508565,635062078,SLP(R),1
698508565,635062078,CA(R),1
698508565,663787020,AL(R),1
698508565,666818300,AL(R),90
698508565,666818300,LH(R),44
698508565,666818300,SCL(R),6
698508565,666818300,SLP(R),1
698508565,698526273,LH(R),1
698508565,792364888,AL(R),1
698508565,850703925,AL(R),1
698508565,850708902,AL(R),1
698508565,1037293275,AL(R),1
698508565,1415829574,LH(R),1
698508565,1415829574,PLP(R),1
698508565,1671608112,AL(R),15
698508565,1671608112,CA(R),3
698508565,1671608112,SLP(R),1
698508565,1671952694,AL(R),1
698508565,1700307582,AL(R),15
698508565,1701299822,PVLP(R),1
698508565,1702306047,AL(R),13
698508565,1702306047,NotPrimary,1
698508565,1723506321,AL(R),3
698508565,1727979406,AL(R),1
698508565,1733370882,AL(R),14
698508565,1733677514,CA(R),1
698508565,1733677514,AL(R),1
698508565,1755556277,AL(R),1
698508565,1789013008,AL(R),1
698508565,1793403571,AL(R),18
698508565,1856833015,AL(R),1
698508565,1881059780,LH(R),1
698508565,1917188956,AL(R),1
698508565,1917866877,AL(R),56
698508565,1917866877,AVLP(R),3
698508565,1917866877,LH(R),2
698508565,1917866877,SCL(R),2
698508565,1917866877,PLP(R),1
698508565,1975878958,SLP(R),8
698508565,1975878958,CA(R),7
698508565,1975878958,LH(R),1
698508565,2064165421,CA(R),3
698508565,2064165421,AL(R),1
698508565,5812982656,SCL(R),2
698508565,5812982656,AL(R),2
698508565,5812982656,LH(R),1
698508565,5812982656,PLP(R),1
698508565,5812996003,LH(R),1
698508565,5813024692,AL(R),42
698508565,5813069532,AL(R),1
698526273,634707780,NotPrimary,1
698526273,697848868,LH(R),10
698526273,697848868,NotPrimary,1
698526273,729544359,LH(R),1
698526273,791298858,LH(R),1
698526273,1447201088,LH(R),7
698526273,1640594274,LH(R),1
698526273,5813014622,LH(R),6
698526273,5813090752,LH(R),4
698565676,698569832,VES(R),3
698565676,698569832,SAD,2
698565676,698569832,SCL(R),1
698565676,698569832,AL(R),1
698565676,698569832,NotPrimary,1
698565676,729608317,AL(R),3
698565676,729608317,GNG,2
698565676,729608317,SCL(R),1
698565676,729608317,NotPrimary,1
698565676,762982753,LH(R),1
698565676,792024028,NotPrimary,1
698565676,1037293275,VES(R),2
698565676,1732313117,SCL(R),1
698565676,1765415970,SCL(R),1
698565676,1912435859,SMP(R),1
698565676,1943812176,NotPrimary,1
698565676,1974846717,NotPrimary,1
698565676,2069648663,SMP(R),1
698565676,5812982656,AL(R),1
698565676,5813077788,VES(R),1
698565676,5813077788,AL(R),1
698569832,509626405,AL(R),1
698569832,543010474,SCL(R),1
698569832,697844568,SLP(R),1
698569832,698565676,NotPrimary,3
698569832,698565676,VES(R),1
698569832,698565676,SCL(R),1
698569832,729608317,AL(R),2
698569832,729608317,SAD,1
698569832,757258507,SCL(R),1
698569832,850708783,AL(R),1
698569832,1037293275,VES(R),1
698569832,1037293275,AL(R),1
698569832,1102334088,AL(R),1
698569832,1661769627,AL(R),3
698569832,1671638278,AL(R),3
698569832,1733677514,VES(R),2
698569832,1789013008,AL(R),1
698569832,1793403571,AL(R),1
698569832,1825440160,VES(R),1
698569832,1825440160,AL(R),1
698569832,1858901026,AL(R),2
698569832,1943811736,AL(R),2
698569832,1943811736,NotPrimary,1
698569832,1943812176,AL(R),1
698569832,1943812176,NotPrimary,1
698569832,1974846717,NotPrimary,4
698569832,1974846717,SMP(R),1
698569832,1974846717,AL(R),1
698569832,1975187675,VES(R),1
698569832,1975878958,AL(R),1
698569832,2100010400,AL(R),1
698569832,5813077788,SLP(R),1
722817260,574032862,LH(R),2
722817260,577542489,AL(R),1
722817260,610274029,AL(R),4
722817260,610274046,AL(R),4
722817260,733316908,LH(R),28
722817260,733316908,AL(R),26
722817260,754534424,NotPrimary,2
722817260,754538881,AL(R),3
722817260,754538881,LH(R),2
722817260,757258507,AL(R),1
722817260,792024028,AL(R),4
722817260,851684181,AL(R),7
722817260,856071065,LH(R),4
722817260,886812643,AL(R),31
722817260,887105351,LH(R),3
722817260,1102334088,AL(R),3
722817260,1536947502,NotPrimary,1
722817260,1609542060,LH(R),1
722817260,1640568102,AL(R),1
722817260,1640568102,NotPrimary,1
722817260,1672293837,AL(R),10
722817260,1734350788,NotPrimary,3
722817260,1734350788,LH(R),2
722817260,1734350788,AL(R),1
722817260,1734350908,NotPrimary,1
722817260,1827473315,AL(R),3
722817260,1851061177,NotPrimary,1
722817260,1943811511,AL(R),2
722817260,5813014622,AL(R),1
722817260,5813039315,AL(R),2
722817260,5813039315,LH(R),1
722817260,5813079228,AL(R),1
724816115,329599710,AL(R),1
724816115,481268653,LH(R),1
724816115,542634818,NotPrimary,1
724816115,577542489,AL(R),1
724816115,605050789,AL(R),4
724816115,609924156,NotPrimary,2
724816115,609924156,AL(R),1
724816115,610274029,AL(R),32
724816115,610274046,AL(R),27
724816115,635416407,LH(R),1
724816115,697132371,CA(R),1
724816115,697485362,NotPrimary,1
724816115,730213826,AL(R),23
724816115,755518957,LH(R),1
724816115,757556799,LH(R),2
724816115,760250272,AL(R),2
724816115,788648194,AL(R),1
724816115,788940872,AL(R),1
724816115,788945049,AL(R),59
724816115,792616185,AL(R),68
724816115,818983130,NotPrimary,2
724816115,823037476,AL(R),9
724816115,823314446,AL(R),1
724816115,977866721,AL(R),1
724816115,1037293275,AL(R),2
724816115,1316245799,NotPrimary,1
724816115,1322353841,LH(R),2
724816115,1411784734,AL(R),1
724816115,1570685283,LH(R),1
724816115,1630051981,NotPrimary,1
724816115,1670597454,AL(R),30
724816115,1670969304,AL(R),1
724816115,1671638278,AL(R),1
724816115,1671952694,AL(R),1
724816115,1692817033,LH(R),1
724816115,1693827279,AL(R),77
724816115,1693827279,SLP(R),1
724816115,1700307582,AL(R),19
724816115,1701299822,AL(R),1
724816115,1701325725,NotPrimary,1
724816115,1733677514,AL(R),6
724816115,1734420152,AL(R),2
724816115,1755556277,AL(R),3
724816115,1756579280,AL(R),3
724816115,1762674761,AL(R),33
724816115,1793014716,AL(R),2
724816115,1793351401,AL(R),2
724816115,1851389175,CA(R),1
724816115,1886132855,AL(R),6
724816115,1889253785,LH(R),1
724816115,1944507292,CA(R),1
724816115,1977579449,LH(R),1
724816115,2383731281,AL(R),8
724816115,5812995298,AL(R),14
724816115,5813014622,LH(R),1
724816115,5813034081,LH(R),1
724816115,5813041247,AL(R),1
724816115,5813055180,NotPrimary,1
724816115,5813069089,LH(R),1
724816115,5813079228,AL(R),12
726207450,542665377,LH(R),1
726207450,610274029,AL(R),1
726207450,610274046,AL(R),2
726207450,662776660,SLP(R),1
726207450,662776660,CA(R),1
726207450,663787020,LH(R),18
726207450,663787020,PLP(R),6
726207450,663787020,CA(R),6
726207450,664814903,CA(R),13
726207450,664814903,LH(R),11
726207450,664814903,SLP(R),2
726207450,693483018,LH(R),1
726207450,694834412,AL(R),5
726207450,757556799,LH(R),14
726207450,757569579,SLP(R),1
726207450,1099911913,LH(R),1
726207450,1322353824,LH(R),2
726207450,1661769627,AL(R),5
726207450,1755556277,AL(R),2
726207450,1796818119,CA(R),2
726207450,1818307672,AL(R),1
726207450,1850024931,LH(R),18
726207450,1850024931,SLP(R),3
726207450,1881751117,CA(R),1
726207450,1888524453,LH(R),3
726207450,1914823337,AL(R),1
726207450,2166133204,LH(R),4
726207450,5813056072,CA(R),1
727472481,481268653,AL(R),4
727472481,542311358,AL(R),1
727472481,609924156,LH(R),1
727472481,610274046,AL(R),1
727472481,634379734,LH(R),1
727472481,697132371,LH(R),1
727472481,760250272,LH(R),1
727472481,823037476,AL(R),1
727472481,1570685283,LH(R),2
727472481,1571025824,LH(R),2
727472481,1671952694,AL(R),1
727472481,1694850602,AL(R),1
727472481,1788300760,NotPrimary,1
727472481,1828206773,LH(R),1
727472481,1888213190,NotPrimary,1
727472481,1889253785,LH(R),1
727472481,5813034571,NotPrimary,1
727472481,5813038889,NotPrimary,1
727472481,5813070872,NotPrimary,1
727855437,542665377,LH(R),1
727855437,856071065,LH(R),1
727855437,882353566,LH(R),1
727855437,1322353824,LH(R),1
727855437,1570684665,LH(R),1
727855437,1570685257,LH(R),1
727855437,1670934213,LH(R),2
727855437,1849684319,NotPrimary,1
727855437,1881751117,LH(R),2
727855437,5812996003,LH(R),1
729219639,697848868,LH(R),2
729219639,697848868,AL(R),1
729219639,759922408,AL(R),2
729219639,824353701,LH(R),1
729219639,1070613107,NotPrimary,1
729219639,1702306047,AL(R),4
729219639,1796817841,AL(R),1
729219639,1797505019,AL(R),1
729219639,1828206773,AL(R),1
729219639,1889253763,AL(R),1
729219639,1917866877,AL(R),2
729219639,5813024692,AL(R),3
729219639,5813054911,LH(R),1
729219639,5813054911,AL(R),1
729219639,5813056072,LH(R),1
729219639,5813056596,AL(R),1
729544359,698508565,LH(R),1
729544359,754538881,AL(R),1
729544359,1727979406,AL(R),1
729544359,1795410644,AL(R),1
729544359,1889253785,LH(R),1
729544359,5813013823,LH(R),2
729544359,5901222910,LH(R),1
729608317,509626405,AL(R),1
729608317,698565676,VES(R),1
729608317,698569832,SAD,1
729608317,698569832,AL(R),1
729608317,851684181,AVLP(R),1
729608317,1037293275,VES(R),1
729608317,1037293275,AL(R),1
729608317,1795410644,LH(R),1
729608317,1856820042,VES(R),1
729608317,1881401277,NotPrimary,1
729608317,5813063239,AL(R),1
729608317,5813077788,SAD,1
729608317,5813077788,AL(R),1
730213826,609924156,LH(R),1
730213826,635048729,LH(R),1
730213826,754854077,LH(R),1
730213826,788306724,LH(R),1
730213826,1070613107,SAD,1
730213826,1851061177,LH(R),1
730213826,1889253785,LH(R),1
730252777,574032862,AL(R),1
730252777,574374051,AL(R),2
730252777,610274029,AL(R),1
730252777,693479072,AL(R),1
730252777,727855437,AL(R),4
730252777,757569579,AL(R),1
730252777,788306724,AL(R),1
730252777,792024028,AL(R),1
730252777,1447201088,AL(R),1
730252777,1630051981,AL(R),2
730252777,1671952694,AL(R),1
730252777,1692817033,AL(R),2
730252777,1701325725,AL(R),3
730252777,1723506321,AL(R),1
730252777,1732313117,AL(R),1
730252777,1733370882,AL(R),10
730252777,1755556277,AL(R),2
730252777,1794055377,AL(R),2
730252777,1825440160,AL(R),4
730252777,1827473315,LH(R),1
730252777,1856833015,AL(R),1
730252777,1858171399,AL(R),1
730252777,1912435859,SCL(R),1
730252777,1914823337,AL(R),1
730252777,5813024692,AL(R),10
730252777,5813039471,AL(R),1
730252777,5813055162,AL(R),1
733316908,542665377,NotPrimary,1
733316908,722817260,AL(R),31
733316908,754534424,AL(R),3
733316908,754538881,AL(R),15
733316908,754538881,LH(R),1
733316908,757556799,NotPrimary,1
733316908,757591093,AL(R),1
733316908,851684181,AL(R),4
733316908,886812643,AL(R),13
733316908,1570685257,LH(R),1
733316908,1570685257,PLP(R),1
733316908,1671638278,AL(R),2
733316908,1672293837,AL(R),9
733316908,1734350788,AL(R),12
733316908,1734350788,LH(R),1
733316908,1734350908,AL(R),15
733316908,1765040289,AL(R),15
733316908,1943811511,AL(R),1
733316908,5813039315,AL(R),17
733316908,5813056072,LH(R),1
754534424,577542489,AL(R),2
754534424,610274029,AL(R),5
754534424,610274046,AL(R),4
754534424,693479072,NotPrimary,1
754534424,722817260,AL(R),1
754534424,722817260,LH(R),1
754534424,733316908,LH(R),32
754534424,733316908,AL(R),13
754534424,754538881,LH(R),1
754534424,792023887,AL(R),2
754534424,851684181,AL(R),19
754534424,851684181,NotPrimary,1
754534424,856071065,LH(R),6
754534424,886812643,AL(R),40
754534424,887105351,LH(R),6
754534424,1102334088,AL(R),3
754534424,1609542060,LH(R),3
754534424,1609542060,SCL(R),1
754534424,1609883245,LH(R),1
754534424,1672293837,AL(R),13
754534424,1734350788,AL(R),4
754534424,1734350788,LH(R),1
754534424,1734350908,AL(R),1
754534424,1765040289,AL(R),2
754534424,1827473315,AL(R),7
754534424,1943811511,AL(R),1
754534424,5813014622,AL(R),2
754534424,5813024799,AL(R),1
754534424,5813039315,LH(R),4
754534424,5813039315,SCL(R),1
754534424,5813039471,LH(R),1
754534424,5813079228,AL(R),1
754538881,574032862,LH(R),1
754538881,577542489,AL(R),2
754538881,610274029,AL(R),1
754538881,610274046,AL(R),7
754538881,722817260,AL(R),1
754538881,722817260,LH(R),1
754538881,722817260,NotPrimary,1
754538881,729544359,AL(R),1
754538881,733316908,AL(R),33
754538881,733316908,LH(R),5
754538881,754534424,AL(R),1
754538881,757258507,AL(R),7
754538881,757591093,AL(R),1
754538881,762982753,NotPrimary,1
754538881,792023887,AL(R),4
754538881,792024028,AL(R),3
754538881,851684181,AL(R),5
754538881,886812643,AL(R),17
754538881,1037293275,AL(R),2
754538881,1102334088,AL(R),7
754538881,1322012611,AL(R),1
754538881,1609542060,LH(R),1
754538881,1609883245,LH(R),3
754538881,1609883245,SLP(R),1
754538881,1671638278,AL(R),1
754538881,1671952694,AL(R),2
754538881,1672293837,AL(R),12
754538881,1734350788,AL(R),4
754538881,1734350788,LH(R),1
754538881,1734350908,AL(R),1
754538881,1734350908,LH(R),1
754538881,1765040289,LH(R),1
754538881,1765415970,AL(R),1
754538881,1827473315,AL(R),3
754538881,1888178718,AL(R),2
754538881,1943811511,AL(R),5
754538881,5813014622,AL(R),5
754538881,5813024799,AL(R),1
754538881,5813039315,LH(R),1
754538881,5813050729,NotPrimary,1
754538881,5813079228,AL(R),2
754854077,542311358,AL(R),1
754854077,605050789,LH(R),3
754854077,610274029,AL(R),3
754854077,634379734,AL(R),2
754854077,663787020,LH(R),4
754854077,664814903,LH(R),2
754854077,693479072,AL(R),1
754854077,697145036,AL(R),1
754854077,697848868,LH(R),2
754854077,727472481,NotPrimary,1
754854077,729544359,LH(R),4
754854077,755518957,LH(R),1
754854077,760250272,LH(R),3
754854077,788306724,AL(R),13
754854077,788306724,LH(R),1
754854077,823037476,AL(R),3
754854077,851684181,AL(R),1
754854077,1570684665,AL(R),3
754854077,1670969304,AL(R),1
754854077,1670973150,AL(R),1
754854077,1671952694,AL(R),1
754854077,1694850602,AL(R),1
754854077,1827473315,AL(R),9
754854077,1828206773,LH(R),1
754854077,1828206773,NotPrimary,1
754854077,1888213190,AL(R),2
754854077,1943811511,AL(R),2
754854077,2040344064,AL(R),1
754854077,5813000276,LH(R),1
754854077,5813014622,LH(R),1
754854077,5813050727,CA(R),1
754854077,5813050729,LH(R),1
754854077,5813055147,LH(R),1
754854077,5813055147,AL(R),1
755518957,542634818,CA(R),1
755518957,542634818,LH(R),1
755518957,573333835,LH(R),1
755518957,577542489,AL(R),17
755518957,603349484,LH(R),9
755518957,604031203,LH(R),1
755518957,606090268,LH(R),1
755518957,610274029,AL(R),81
755518957,610274046,AL(R),93
755518957,634379734,LH(R),1
755518957,635407942,LH(R),1
755518957,639276164,AL(R),1
755518957,724816115,LH(R),1
755518957,727855437,AL(R),32
755518957,730252777,AL(R),7
755518957,757569579,AL(R),1
755518957,1411784734,AL(R),1
755518957,1570685283,AL(R),29
755518957,1570685283,LH(R),22
755518957,1571025824,LH(R),31
755518957,1571025824,AL(R),12
755518957,1630051981,NotPrimary,1
755518957,1640594274,NotPrimary,1
755518957,1670969304,AL(R),2
755518957,1670973150,AL(R),26
755518957,1671952694,AL(R),16
755518957,1693827279,AL(R),1
755518957,1700307582,AL(R),21
755518957,1701325725,AL(R),13
755518957,1702306047,AL(R),13
755518957,1730656082,AL(R),7
755518957,1827473315,AL(R),5
755518957,1917188956,AL(R),1
755518957,5812995328,AL(R),31
755518957,5813024601,NotPrimary,1
755518957,5813039235,AL(R),1
755518957,5813045696,LH(R),43
755518957,5813045696,AL(R),15
755518957,5813055162,NotPrimary,1
755518957,5813055180,NotPrimary,1
755518957,5813056596,AL(R),1
755518957,5813090752,AL(R),2
755518957,5901222910,CA(R),1
757258507,726207450,SMP(R),1
757258507,754538881,AL(R),3
757258507,757591093,LH(R),4
757258507,757591093,SLP(R),2
757258507,757591093,AVLP(R),2
757258507,792023887,SLP(R),1
757258507,792023887,SCL(R),1
757258507,792024028,AVLP(R),1
757258507,1442819296,NotPrimary,1
757258507,1670973150,NotPrimary,1
757258507,1765415970,AL(R),1
757258507,1881059780,NotPrimary,1
757556799,574037266,PLP(R),1
757556799,662776660,LH(R),1
757556799,724816115,LH(R),1
757556799,726207450,LH(R),3
757556799,1099911913,LH(R),5
757556799,1322012611,LH(R),1
757556799,1415825344,PLP(R),1
757556799,1727979406,SCL(R),1
757556799,1733677514,AL(R),1
757556799,1793403571,LH(R),1
757556799,1793403571,SCL(R),1
757556799,1825440160,AL(R),1
757556799,1849683877,LH(R),1
757556799,1850024931,LH(R),1
757556799,1912789965,LH(R),30
757556799,1912789965,PLP(R),6
757556799,1912789965,SCL(R),3
757556799,1912789965,AL(R),1
757556799,1944507292,LH(R),1
757556799,2166133204,LH(R),23
757556799,2166133204,PLP(R),6
757556799,2166133204,SCL(R),3
757556799,5812983069,AL(R),1
757556799,5813056072,SCL(R),1
757569579,634379734,AL(R),1
757569579,733316908,LH(R),4
757569579,733316908,SLP(R),2
757569579,757258507,LH(R),1
757569579,757591093,AVLP(R),2
757569579,757591093,SLP(R),1
757569579,1037518512,LH(R),1
757569579,1788300760,LH(R),1
757569579,1849683877,LH(R),1
757569579,5812992940,LH(R),1
757569579,5813039315,LH(R),2
757569579,5813041247,LH(R),1
757591093,792023887,AVLP(R),1
757591093,792024028,SCL(R),1
757591093,887105351,LH(R),1
757591093,1734350908,AL(R),1
757591093,1762674761,LH(R),1
757591093,1827473315,SLP(R),1
759922408,606090268,AL(R),2
759922408,637462647,AL(R),1
759922408,791298858,LH(R),1
759922408,791298858,NotPrimary,1
759922408,1661769627,AL(R),1
759922408,1671608112,AL(R),3
759922408,1702306047,AL(R),2
759922408,1796817841,AL(R),2
759922408,5813024692,AL(R),6
759922408,5813054911,AL(R),1
759922408,5813056596,AL(R),1
759922408,5901222731,AL(R),1
760250272,697848868,LH(R),1
760250272,5813071369,LH(R),1
760250272,5813090752,LH(R),1
760250511,481268653,NotPrimary,1
760250511,542311358,LH(R),2
760250511,605050789,LH(R),3
760250511,610274046,NotPrimary,1
760250511,729544359,LH(R),3
760250511,760250272,LH(R),14
760250511,1570684665,LH(R),3
760250511,1570685132,AL(R),1
760250511,1570685283,NotPrimary,1
760250511,1701325725,NotPrimary,1
760250511,5813014622,LH(R),2
760264077,693479072,AL(R),1
760264077,697848868,LH(R),4
760264077,729219639,LH(R),2
760264077,788306624,AL(R),1
760264077,1447201088,LH(R),3
760264077,1671608112,AL(R),1
760264077,5812983069,LH(R),1
760264077,5813014622,LH(R),1
760264077,5813056072,LH(R),1
760264077,5813090752,LH(R),5
761938645,634707780,LH(R),1
761938645,698565676,LH(R),1
761938645,818983130,LH(R),2
761938645,1796818119,LH(R),1
761938645,1797505019,LH(R),1
761938645,1827516355,LH(R),1
762982753,577542489,AL(R),1
762982753,639276164,AL(R),1
762982753,666818300,SAD,1
762982753,698565676,LH(R),2
762982753,698565676,GNG,2
762982753,698565676,SAD,1
762982753,729608317,SAD,1
762982753,729608317,NotPrimary,1
762982753,788940872,LH(R),1
762982753,823037476,AL(R),2
762982753,851684181,AL(R),1
762982753,1411784734,AL(R),3
762982753,1640594274,AL(R),1
762982753,1661769627,AL(R),1
762982753,1671638278,AL(R),1
762982753,1671952694,AL(R),1
762982753,1727979406,AL(R),1
762982753,1733370882,AL(R),1
762982753,1755556277,AL(R),6
762982753,1793403571,AL(R),1
762982753,1818307672,AL(R),2
762982753,1886132855,NotPrimary,1
762982753,1887872301,AL(R),1
762982753,1888178718,AL(R),1
762982753,1888178718,SAD,1
762982753,1888213190,AL(R),3
762982753,1888572074,AL(R),1
762982753,1916528384,LH(R),2
762982753,1917188956,AL(R),1
762982753,2040344064,AL(R),5
762982753,2040344064,LH(R),1
762982753,2383731281,AL(R),1
762982753,5813000276,AL(R),1
762982753,5813024692,AL(R),3
762982753,5813050727,AL(R),1
762982753,5813056596,AL(R),1
763730414,574037266,PLP(R),1
763730414,574037266,LH(R),1
763730414,574037266,SCL(R),1
763730414,664814903,SCL(R),1
763730414,819993149,SCL(R),2
763730414,850703925,SCL(R),2
763730414,850708783,AL(R),1
763730414,850717220,SCL(R),1
763730414,1037293275,AL(R),2
763730414,1037293275,VES(R),1
763730414,1037293275,PLP(R),1
763730414,1102334088,VES(R),1
763730414,1630734360,PLP(R),1
763730414,1630734360,SCL(R),1
763730414,1671608112,SCL(R),1
763730414,1733677514,AL(R),2
763730414,1733677514,SCL(R),1
763730414,1755556097,AL(R),2
763730414,1788685103,AL(R),1
763730414,1789013008,AL(R),2
763730414,1825440160,VES(R),1
763730414,1856820042,SCL(R),1
763730414,1858901026,SAD,1
763730414,1858901026,VES(R),1
763730414,1881401277,AL(R),2
763730414,1888178718,AL(R),1
763730414,1912789965,CA(R),1
763730414,1943811736,SCL(R),1
763730414,1943811736,SAD,1
763730414,1944502935,AL(R),1
763730414,1974846717,AL(R),1
763730414,1975187675,SCL(R),1
763730414,1975878958,AL(R),5
763730414,2040344064,AL(R),1
763730414,2065197353,AL(R),1
763730414,2166133204,CA(R),1
763730414,2166133204,NotPrimary,1
763730414,5812982656,AL(R),2
763730414,5812982656,SAD,1
763730414,5813024692,AL(R),4
763730414,5813040515,AL(R),1
763730414,5813044177,SCL(R),1
763730414,5813044177,PLP(R),1
763730414,5813063239,VES(R),1
763730414,5813063239,AL(R),1
763730414,5813083723,AL(R),3
763730414,5813083723,SAD,1
788306624,542634818,AL(R),2
788306624,542665377,LH(R),3
788306624,577542489,AL(R),2
788306624,610274029,AL(R),23
788306624,610274046,AL(R),10
788306624,630714299,LH(R),1
788306624,693479072,CA(R),1
788306624,727855437,AL(R),3
788306624,755518957,AL(R),6
788306624,788306724,NotPrimary,1
788306624,823037476,AL(R),1
788306624,1415829574,AL(R),1
788306624,1447205602,AL(R),3
788306624,1536947502,AL(R),3
788306624,1640594274,AL(R),1
788306624,1670969304,AL(R),1
788306624,1701299822,AL(R),2
788306624,1733370882,AL(R),1
788306624,1733677514,AL(R),1
788306624,1756579280,NotPrimary,1
788306624,1764091241,AL(R),9
788306624,1764091241,LH(R),4
788306624,1764091241,NotPrimary,1
788306624,1914140664,LH(R),1
788306624,1914823337,NotPrimary,1
788306624,2010992546,LH(R),1
788306624,5812996003,AL(R),2
788306624,5813039235,AL(R),3
788306624,5813039235,NotPrimary,3
788306624,5813054697,NotPrimary,1
788306624,5813070872,AL(R),4
788306624,5813070872,LH(R),1
788306624,5813071409,AL(R),1
788306724,329599710,AL(R),2
788306724,542311358,AL(R),5
788306724,603349484,AL(R),1
788306724,605050789,AL(R),2
788306724,610274029,AL(R),9
788306724,610274046,AL(R),12
788306724,634379734,AL(R),5
788306724,697145036,AL(R),1
788306724,729544359,AL(R),3
788306724,729544359,LH(R),1
788306724,754854077,AL(R),13
788306724,760250272,LH(R),2
788306724,762982753,AL(R),1
788306724,791298858,AL(R),2
788306724,823037476,AL(R),7
788306724,851684181,AL(R),14
788306724,1006258344,LH(R),1
788306724,1570684665,AL(R),1
788306724,1570685283,AL(R),2
788306724,1670969304,AL(R),3
788306724,1670973150,AL(R),4
788306724,1672293837,AL(R),2
788306724,1700307582,AL(R),1
788306724,1733370882,AL(R),2
788306724,1765415970,AL(R),12
788306724,1793014716,LH(R),1
788306724,1827473315,AL(R),15
788306724,1914140664,NotPrimary,1
788306724,1917188956,AL(R),1
788306724,1943811511,AL(R),2
788306724,2040344064,AL(R),1
788306724,5812995328,AL(R),2
788306724,5812996003,AL(R),1
788306724,5813013823,LH(R),1
788306724,5813014622,LH(R),1
788306724,5813024692,AL(R),1
788306724,5813055147,AL(R),26
788306724,5813055147,LH(R),1
788306724,5813069089,NotPrimary,1
788306724,5813069532,AL(R),1
788306724,5813079228,AL(R),1
788648194,609924156,AL(R),1
788648194,610274029,AL(R),20
788648194,610274046,AL(R),28
788648194,635062078,CA(R),1
788648194,694834412,NotPrimary,1
788648194,697485362,LH(R),2
788648194,788945049,AL(R),7
788648194,792024028,NotPrimary,1
788648194,792616185,AL(R),5
788648194,823314446,AL(R),4
788648194,977866721,AL(R),3
788648194,1069929827,AL(R),4
788648194,1411784734,AL(R),2
788648194,1693827279,AL(R),2
788648194,1700307582,AL(R),20
788648194,1701299822,AL(R),9
788648194,1732313117,AL(R),1
788648194,1734420152,AL(R),2
788648194,1734420152,LH(R),1
788648194,1756579280,AL(R),5
788648194,1793014716,AL(R),6
788648194,1793014716,LH(R),2
788648194,1793351401,AL(R),10
788648194,1793351401,CA(R),1
788648194,1889883818,AL(R),4
788648194,2383731281,AL(R),10
788648194,5813024710,AL(R),9
788648194,5813024710,NotPrimary,1
788648194,5813038793,AL(R),3
788648194,5813038793,LH(R),1
788648194,5813050729,CA(R),1
788648194,5813069089,LH(R),1
788940872,577542489,AL(R),1
788940872,610274046,AL(R),2
788940872,694834412,AL(R),1
788940872,762982753,LH(R),1
788940872,1037293275,AL(R),3
788940872,1037293275,VES(R),2
788940872,1099911913,LH(R),5
788940872,1099911913,AL(R),2
788940872,1316245799,AL(R),4
788940872,1322012611,AL(R),1
788940872,1415825344,LH(R),1
788940872,1415825344,AL(R),1
788940872,1661769627,AL(R),6
788940872,1671638278,AL(R),5
788940872,1671952694,AL(R),3
788940872,1727979406,AL(R),1
788940872,1733677514,VES(R),2
788940872,1733677514,AL(R),1
788940872,1755556277,AL(R),12
788940872,1788685103,AL(R),1
788940872,1856833015,AL(R),1
788940872,1858901026,AL(R),12
788940872,1881401277,AL(R),2
788940872,1886132855,LH(R),1
788940872,1887163927,AL(R),2
788940872,1888178718,AL(R),5
788940872,1912435859,AL(R),2
788940872,1912435859,SAD,1
788940872,1912777226,VES(R),1
788940872,1944507292,AL(R),2
788940872,2040344064,AL(R),1
788940872,2040344064,LH(R),1
788940872,5812992940,LH(R),1
788940872,5812996003,LH(R),6
788940872,5813024799,AL(R),1
788940872,5813041247,LH(R),4
788940872,5813041247,AL(R),2
788940872,5813069089,AL(R),1
788940872,5813077788,VES(R),1
788940872,5813077810,LH(R),1
788945049,329599710,AL(R),2
788945049,577542489,AL(R),3
788945049,609924156,AL(R),1
788945049,724816115,AL(R),1
788945049,760250272,AL(R),1
788945049,788648194,AL(R),1
788945049,788940872,AL(R),1
788945049,823037476,AL(R),4
788945049,977866721,AL(R),1
788945049,1037293275,AL(R),1
788945049,1415829574,SCL(R),1
788945049,1570685257,SCL(R),4
788945049,1570685257,LH(R),4
788945049,1671952694,AL(R),3
788945049,1693827279,AL(R),4
788945049,1701325725,SLP(R),3
788945049,1701325725,LH(R),1
788945049,1701325725,NotPrimary,1
788945049,1762674761,LH(R),3
788945049,1762674761,AL(R),1
788945049,1793403571,AL(R),2
788945049,1825085656,AL(R),1
788945049,1886132855,AL(R),3
788945049,1886132855,LH(R),1
788945049,1943811511,AL(R),1
788945049,2040344064,NotPrimary,1
788945049,2383731281,AL(R),1
788945049,5812992940,SCL(R),1
788945049,5812996003,SCL(R),1
788945049,5812996003,SLP(R),1
788945049,5813039465,AL(R),1
788945049,5813041247,AL(R),1
788945049,5813079228,AL(R),1
791298858,605050789,LH(R),5
791298858,634707780,NotPrimary,1
791298858,693479072,LH(R),1
791298858,697848868,LH(R),8
791298858,729544359,LH(R),3
791298858,1447201088,LH(R),2
791298858,1447201088,NotPrimary,1
791298858,1640594274,LH(R),2
791298858,5813014622,LH(R),3
791298858,5813090752,LH(R),6
792023887,754534424,AL(R),5
792023887,754534424,LH(R),1
792023887,754538881,AL(R),6
792023887,757258507,SCL(R),1
792023887,757591093,AVLP(R),1
792023887,757591093,SLP(R),1
792023887,788945049,AL(R),1
792023887,792024028,SCL(R),1
792023887,851684181,AL(R),1
792023887,1447205602,AL(R),2
792023887,1671952694,AL(R),2
792023887,1693827279,AL(R),1
792023887,1734350908,AL(R),3
792023887,1765040289,AL(R),1
792023887,1788300760,AL(R),1
792023887,1827473315,AL(R),1
792023887,1912435859,SCL(R),1
792023887,5813039315,AL(R),2
792024028,577542489,AL(R),5
792024028,722817260,AL(R),2
792024028,727855437,AL(R),1
792024028,730252777,AL(R),1
792024028,754534424,AL(R),1
792024028,754538881,AL(R),1
792024028,757258507,AVLP(R),1
792024028,757258507,AL(R),1
792024028,757591093,SCL(R),1
792024028,792023887,AVLP(R),2
792024028,792023887,SLP(R),1
792024028,851684181,AL(R),2
792024028,1102334088,AL(R),1
792024028,1671952694,AL(R),5
792024028,1734350788,AL(R),2
792024028,1734350908,AL(R),2
792024028,1765415970,AL(R),1
792024028,1827473315,LH(R),1
792024028,1827473315,AL(R),1
792024028,5813024799,AL(R),4
792024028,5813039315,AL(R),2
792364888,1037293275,AL(R),1
792364888,1974846717,SAD,1
792364888,1975878958,AL(R),2
792364888,5813063239,AL(R),1
792616185,294792184,LH(R),1
792616185,542652506,LH(R),2
792616185,1069929827,LH(R),1
792616185,1570685224,LH(R),1
792616185,1788300760,LH(R),1
818983130,294792184,AL(R),1
818983130,480927537,AL(R),5
818983130,480927537,LH(R),1
818983130,541632990,AL(R),6
818983130,542665377,LH(R),19
818983130,542665377,AL(R),1
818983130,544021095,AL(R),2
818983130,577542489,AL(R),2
818983130,610274029,AL(R),3
818983130,610274046,AL(R),4
818983130,634759240,CA(R),3
818983130,666135689,AL(R),1
818983130,697485362,NotPrimary,1
818983130,727855437,LH(R),2
818983130,759922408,AL(R),2
818983130,761938645,LH(R),2
818983130,850708902,NotPrimary,1
818983130,1447201088,AL(R),1
818983130,1447205712,LH(R),1
818983130,1570685224,AL(R),1
818983130,1640594274,AL(R),1
818983130,1671608112,AL(R),16
818983130,1702306047,AL(R),13
818983130,1796817841,AL(R),2
818983130,1796817841,LH(R),1
818983130,1796818119,LH(R),4
818983130,1796818119,AL(R),1
818983130,1797505019,AL(R),4
818983130,1797505019,LH(R),2
818983130,1827473315,AL(R),2
818983130,1827516355,LH(R),5
818983130,1827516355,AL(R),2
818983130,1856833015,AL(R),3
818983130,1856833015,NotPrimary,1
818983130,1881751117,LH(R),1
818983130,1887872301,CA(R),1
818983130,1888178718,AL(R),2
818983130,1912435859,AL(R),1
818983130,1917866877,AL(R),9
818983130,5812983069,AL(R),7
818983130,5812983069,NotPrimary,1
818983130,5813024692,AL(R),6
818983130,5813024799,NotPrimary,1
818983130,5813045696,AL(R),1
818983130,5813054911,AL(R),7
818983130,5813056072,LH(R),1
819993149,543010474,AL(R),1
819993149,574037266,PLP(R),2
819993149,603785283,NotPrimary,1
819993149,763730414,PLP(R),10
819993149,763730414,NotPrimary,4
819993149,850703925,AL(R),3
819993149,850703925,PLP(R),2
819993149,850708902,AL(R),6
819993149,850708902,SCL(R),1
819993149,1037293275,AL(R),1
819993149,1630734360,NotPrimary,4
819993149,1630734360,PLP(R),1
819993149,1639243580,AL(R),1
819993149,1693486219,SCL(R),2
819993149,1700307582,AL(R),1
819993149,1794055377,AL(R),1
819993149,1856833015,SCL(R),2
819993149,1856833015,NotPrimary,2
819993149,1857148391,NotPrimary,1
819993149,1858901026,AL(R),7
819993149,1887163927,AL(R),1
819993149,1888178718,PLP(R),1
819993149,1975878958,AL(R),2
819993149,5812983069,SCL(R),1
819993149,5812983069,NotPrimary,1
819993149,5813024799,SCL(R),1
819993149,5813024799,NotPrimary,1
819993149,5813044177,PLP(R),2
819993149,5813044177,NotPrimary,2
819993149,5813069447,AL(R),1
819993149,5813069447,PLP(R),1
819993149,5901222731,AL(R),10
823037476,610274046,NotPrimary,1
823037476,634759240,AL(R),1
823037476,693479072,AL(R),1
823037476,762982753,AL(R),1
823037476,1442819296,AL(R),1
823037476,1671952694,AL(R),1
823037476,1701299822,AL(R),1
823037476,1727979406,PLP(R),1
823037476,1858171399,AL(R),1
823037476,1889253763,AL(R),1
823037476,5812983053,AL(R),2
823037476,5813024799,AL(R),1
823037476,5901222731,AL(R),1
823314446,635048729,NotPrimary,1
823314446,757569579,LH(R),1
823314446,886812643,NotPrimary,1
823314446,1818307672,LH(R),1
823314446,1889253785,LH(R),2
823314446,5812996003,NotPrimary,1
823314446,5813038793,LH(R),1
823314446,5813055025,LH(R),2
824353701,636789080,LH(R),2
824353701,667823920,LH(R),1
824353701,698526273,SCL(R),1
824353701,948834414,NotPrimary,1
824353701,1069929827,NotPrimary,1
824353701,1793403571,LH(R),2
824353701,1881401277,LH(R),1
824353701,1888524453,LH(R),1
824353701,1944507292,AL(R),3
824353701,1974846717,LH(R),1
824353701,5812983069,LH(R),1
824353701,5813008771,NotPrimary,1
824353701,5813054911,SCL(R),2
850375847,577542489,AL(R),3
850375847,610274029,AL(R),22
850375847,610274046,AL(R),23
850375847,697485362,AL(R),1
850375847,697844568,AL(R),9
850375847,730252777,AL(R),3
850375847,760250511,AL(R),1
850375847,762982753,NotPrimary,1
850375847,788306624,NotPrimary,1
850375847,882353566,AL(R),6
850375847,882353566,LH(R),1
850375847,1037293275,AL(R),6
850375847,1037293275,NotPrimary,1
850375847,1099911913,AL(R),1
850375847,1322012611,AL(R),1
850375847,1415825344,AL(R),54
850375847,1671952694,AL(R),4
850375847,1700307582,AL(R),5
850375847,1723506321,AL(R),1
850375847,1732313117,AL(R),15
850375847,1733677514,AL(R),10
850375847,1788300760,LH(R),2
850375847,1794055377,AL(R),3
850375847,1795410644,AL(R),11
850375847,1825440160,AL(R),20
850375847,1851061177,LH(R),3
850375847,1851061177,AL(R),1
850375847,1856833015,AL(R),1
850375847,1857143769,AL(R),37
850375847,1858171399,LH(R),1
850375847,1888524453,AL(R),30
850375847,1917188956,AL(R),1
850375847,5813014622,AL(R),2
850375847,5813024601,LH(R),1
850375847,5813039471,NotPrimary,1
850375847,5813054697,LH(R),1
850375847,5813055025,LH(R),2
850375847,5813055162,AL(R),9
850375847,5813055162,NotPrimary,2
850375847,5813055162,LH(R),1
850375847,5813070872,NotPrimary,1
850703925,509626405,AL(R),1
850703925,603785283,AL(R),2
850703925,610274029,AL(R),1
850703925,610274046,AL(R),1
850703925,635062078,AL(R),5
850703925,639276164,AL(R),1
850703925,693483018,AL(R),1
850703925,698508565,AL(R),3
850703925,763730414,PLP(R),43
850703925,763730414,SCL(R),25
850703925,763730414,NotPrimary,1
850703925,850708902,SCL(R),3
850703925,850708902,NotPrimary,2
850703925,850708902,AL(R),1
850703925,850717220,AL(R),1
850703925,976830572,AL(R),1
850703925,1570685033,AL(R),1
850703925,1630734360,AL(R),1
850703925,1630734360,NotPrimary,1
850703925,1671608112,AL(R),1
850703925,1671638278,AL(R),1
850703925,1671952694,AL(R),1
850703925,1693486219,NotPrimary,2
850703925,1700307582,AL(R),3
850703925,1702306047,AL(R),1
850703925,1723506321,AL(R),1
850703925,1727979406,AL(R),8
850703925,1755556097,AL(R),6
850703925,1755556277,AL(R),3
850703925,1788680591,AL(R),1
850703925,1789013008,PLP(R),1
850703925,1789013008,SCL(R),1
850703925,1794055377,SCL(R),1
850703925,1856833015,NotPrimary,1
850703925,1858901026,AL(R),2
850703925,1887163927,AL(R),2
850703925,1916528384,AL(R),1
850703925,1917188956,AL(R),1
850703925,1974846717,AL(R),1
850703925,1975878958,AL(R),9
850703925,2064165421,AL(R),1
850703925,2166133204,AL(R),1
850703925,2289223313,AL(R),1
850703925,5812995298,AL(R),1
850703925,5813040515,AL(R),5
850703925,5813044177,SCL(R),1
850703925,5813044177,PLP(R),1
850703925,5813056072,AL(R),1
850703925,5901222731,AL(R),1
850708783,663787020,AL(R),1
850708783,1225100939,AL(R),2
850708783,1755556277,AL(R),1
850708783,1788680591,AL(R),1
850708783,1788685103,AL(R),1
850708783,1856820042,PLP(R),3
850708783,1856820042,AL(R),2
850708783,1858901026,AL(R),2
850708783,1912435859,PLP(R),2
850708783,1912435859,AL(R),1
850708783,1943811736,PLP(R),2
850708783,1943811736,AL(R),1
850708783,1944502935,AL(R),1
850708783,1975187554,PLP(R),1
850708783,1975187554,SCL(R),1
850708783,1975878958,AL(R),5
850708783,2065197353,AL(R),2
850708783,2069648663,AL(R),1
850708783,5813044177,AL(R),1
850708783,5813063239,AL(R),2
850708902,417199910,AL(R),1
850708902,509626405,AL(R),1
850708902,574037266,SCL(R),1
850708902,603785283,AL(R),2
850708902,606090268,AL(R),1
850708902,610274029,AL(R),13
850708902,610274046,AL(R),10
850708902,635062078,AL(R),7
850708902,636789080,AL(R),1
850708902,662776660,AL(R),2
850708902,693483018,AL(R),3
850708902,698508565,AL(R),13
850708902,729219639,AL(R),1
850708902,763730414,PLP(R),28
850708902,763730414,SCL(R),24
850708902,763730414,LH(R),6
850708902,763730414,SLP(R),3
850708902,763730414,NotPrimary,1
850708902,850703925,AL(R),2
850708902,850703925,SCL(R),1
850708902,1609883245,AL(R),1
850708902,1630734360,SCL(R),1
850708902,1639234609,AL(R),1
850708902,1639243580,AL(R),2
850708902,1640568102,NotPrimary,1
850708902,1640594274,AL(R),1
850708902,1671608112,AL(R),7
850708902,1693486219,SCL(R),2
850708902,1700307582,AL(R),3
850708902,1702306047,AL(R),12
850708902,1727979406,AL(R),21
850708902,1734350908,NotPrimary,1
850708902,1793403571,AL(R),2
850708902,1794055377,AL(R),1
850708902,1796817841,AL(R),1
850708902,1819326555,AL(R),1
850708902,1825085656,NotPrimary,1
850708902,1827861966,AL(R),1
850708902,1827861966,NotPrimary,1
850708902,1828206773,AL(R),2
850708902,1851393805,AL(R),1
850708902,1856833015,NotPrimary,2
850708902,1857148391,NotPrimary,3
850708902,1858901026,AL(R),1
850708902,1881751117,AL(R),1
850708902,1882083076,NotPrimary,1
850708902,1912789965,LH(R),1
850708902,1917188956,PLP(R),2
850708902,1917188956,NotPrimary,2
850708902,1917188956,SLP(R),1
850708902,1917866877,AL(R),1
850708902,1944502935,SCL(R),1
850708902,1975878958,AL(R),3
850708902,2064165421,AL(R),25
850708902,2166133204,PLP(R),3
850708902,2166133204,SCL(R),2
850708902,2166133204,SLP(R),1
850708902,2166133204,CA(R),1
850708902,5812983069,SCL(R),1
850708902,5813024692,AL(R),19
850708902,5813024799,NotPrimary,3
850708902,5813024799,AL(R),1
850708902,5813040515,AL(R),1
850708902,5813044177,PLP(R),1
850708902,5813044177,SCL(R),1
850708902,5813050727,AL(R),2
850708902,5813056072,AL(R),8
850708902,5813056596,AL(R),7
850708902,5813083723,AL(R),1
850708902,5813083723,NotPrimary,1
850708902,5901222731,AL(R),4
850717220,417199910,AL(R),3
850717220,509626405,AL(R),2
850717220,509626405,SLP(R),1
850717220,543010474,AL(R),1
850717220,603785283,SLP(R),2
850717220,603785283,AL(R),2
850717220,603785283,NotPrimary,2
850717220,603785283,PLP(R),1
850717220,763730414,SCL(R),1
850717220,819993149,AL(R),3
850717220,850703925,AL(R),3
850717220,850703925,NotPrimary,3
850717220,850703925,SLP(R),2
850717220,850708783,SCL(R),1
850717220,850708902,AL(R),2
850717220,947513805,AL(R),1
850717220,1037293275,AL(R),2
850717220,1447205712,AL(R),1
850717220,1630734360,AL(R),3
850717220,1630734360,NotPrimary,2
850717220,1670597454,AL(R),2
850717220,1693486219,AL(R),4
850717220,1693486219,SLP(R),1
850717220,1733370882,AL(R),4
850717220,1755556097,AL(R),27
850717220,1794055377,AL(R),1
850717220,1825440160,AL(R),1
850717220,1827861966,NotPrimary,1
850717220,1858901026,AL(R),1
850717220,1858901026,SLP(R),1
850717220,1889253763,NotPrimary,1
850717220,1943812176,SCL(R),1
850717220,1975187675,SLP(R),1
850717220,1975187675,SCL(R),1
850717220,1975187675,AL(R),1
850717220,2064165421,NotPrimary,1
850717220,2289223313,AL(R),10
850717220,5812983069,SLP(R),1
850717220,5812983069,AL(R),1
850717220,5812996748,AL(R),9
850717220,5813024692,AL(R),1
850717220,5813024799,NotPrimary,1
850717220,5813040515,AL(R),31
850717220,5813044177,AL(R),3
850717220,5813056072,AL(R),1
850717220,5813063239,AL(R),1
850717220,5901222731,AL(R),1
851684181,577542489,AL(R),3
851684181,610274046,AL(R),2
851684181,722817260,AL(R),3
851684181,727855437,AL(R),4
851684181,730252777,AL(R),1
851684181,754534424,AL(R),5
851684181,754538881,AL(R),2
851684181,754854077,AL(R),2
851684181,755518957,AL(R),1
851684181,757258507,SCL(R),1
851684181,788306724,AL(R),2
851684181,792024028,AL(R),1
851684181,886812643,AL(R),1
851684181,1316245799,AL(R),1
851684181,1415825344,AL(R),1
851684181,1671952694,AL(R),3
851684181,1672293837,AL(R),1
851684181,1733370882,AL(R),2
851684181,1733677514,AL(R),1
851684181,1734350788,AL(R),3
851684181,1734350908,AL(R),5
851684181,1765415970,AL(R),1
851684181,1827473315,AL(R),1
851684181,1827861966,AL(R),1
851684181,1881401277,NotPrimary,1
851684181,1888178718,AL(R),1
851684181,1888213190,AL(R),1
851684181,5813024692,AL(R),1
851684181,5813024799,AL(R),3
851684181,5813039315,AL(R),5
856071065,542311358,LH(R),1
856071065,727855437,LH(R),7
856071065,757569579,LH(R),1
856071065,823037476,LH(R),6
856071065,823314446,LH(R),3
856071065,882353566,LH(R),12
856071065,886812643,LH(R),1
856071065,887105351,LH(R),2
856071065,887105351,AL(R),1
856071065,977866721,LH(R),5
856071065,977866721,PLP(R),2
856071065,977866721,AVLP(R),2
856071065,1099911913,AL(R),1
856071065,1322012611,LH(R),9
856071065,1322012611,PLP(R),2
856071065,1322012611,AL(R),1
856071065,1415829574,PLP(R),3
856071065,1415829574,LH(R),1
856071065,1539978151,LH(R),2
856071065,1701325725,LH(R),2
856071065,1788300760,AL(R),3
856071065,1788300760,LH(R),2
856071065,1857143769,AL(R),1
856071065,1858171399,LH(R),1
856071065,1889253785,LH(R),5
856071065,2383731281,LH(R),2
856071065,2383731281,SCL(R),1
856071065,5812996003,LH(R),1
856071065,5813014622,LH(R),1
856071065,5813024601,LH(R),1
856071065,5813024601,AL(R),1
856071065,5813041247,LH(R),6
856071065,5813041247,PLP(R),1
856071065,5813041247,AVLP(R),1
856071065,5813054697,AL(R),3
856071065,5813055025,LH(R),2
856071065,5813056072,LH(R),1
856071065,5813090752,LH(R),1
882353566,542311358,LH(R),3
882353566,542311358,AVLP(R),1
882353566,542665377,LH(R),1
882353566,609924156,LH(R),2
882353566,610274046,AL(R),1
882353566,733316908,LH(R),2
882353566,850375847,AL(R),1
882353566,1539978151,LH(R),1
882353566,1570684665,LH(R),1
882353566,1692817033,LH(R),1
882353566,1825440160,AL(R),1
882353566,1914140664,LH(R),1
882353566,5813039471,LH(R),1
882353566,5813090752,AVLP(R),2
886812643,666818300,SCL(R),1
886812643,722817260,AL(R),4
886812643,733316908,AL(R),5
886812643,733316908,LH(R),1
886812643,754534424,AL(R),6
886812643,754538881,AL(R),3
886812643,757258507,AL(R),2
886812643,792024028,AL(R),1
886812643,977866721,NotPrimary,1
886812643,1102334088,AL(R),13
886812643,1322012611,AL(R),1
886812643,1609542060,AL(R),2
886812643,1609883245,AL(R),7
886812643,1640568102,AL(R),1
886812643,1671952694,AL(R),1
886812643,1734350788,AL(R),4
886812643,1734350908,AL(R),5
886812643,1755556277,AL(R),1
886812643,1943811511,AL(R),1
886812643,5813039315,AL(R),9
886812643,5813079228,AL(R),1
887105351,605050789,LH(R),1
887105351,727855437,LH(R),10
887105351,760250272,LH(R),1
887105351,823037476,LH(R),7
887105351,823314446,LH(R),1
887105351,856071065,LH(R),1
887105351,882353566,LH(R),2
887105351,886812643,NotPrimary,1
887105351,977866721,LH(R),4
887105351,1069929827,LH(R),3
887105351,1316245799,LH(R),2
887105351,1322012611,LH(R),3
887105351,1322012611,AVLP(R),1
887105351,1322012611,AL(R),1
887105351,1415829574,LH(R),4
887105351,1539978151,LH(R),1
887105351,1570685257,LH(R),1
887105351,1672293837,LH(R),2
887105351,1701325725,LH(R),4
887105351,1788300760,LH(R),1
887105351,1793403571,LH(R),1
887105351,1858171399,LH(R),1
887105351,2383731281,LH(R),7
887105351,2383731281,SCL(R),1
887105351,5812996003,LH(R),2
887105351,5813014622,LH(R),1
887105351,5813041247,LH(R),6
887105351,5813041247,AVLP(R),2
887105351,5813055025,LH(R),1
947513805,1037293275,AL(R),1
947513805,1070613107,LH(R),2
947513805,1316245799,LH(R),1
947513805,1661769627,AL(R),1
947513805,1701299822,LH(R),2
947513805,1755556277,AL(R),1
947513805,1888178718,AL(R),4
947513805,1912789965,LH(R),1
947513805,5813041247,LH(R),1
948834414,664814903,LH(R),3
948834414,698569832,LH(R),1
948834414,1037518512,LH(R),2
948834414,1322353714,LH(R),1
948834414,1415825344,LH(R),3
948834414,1727979406,LH(R),2
948834414,1793403571,LH(R),2
948834414,1881059780,LH(R),1
948834414,1881401277,LH(R),5
948834414,1888524453,LH(R),1
948834414,1912789965,LH(R),1
948834414,5812992940,LH(R),1
948834414,5813069089,AL(R),1
948834414,5813077788,LH(R),1
975457916,1661769627,AL(R),1
975457916,1755556277,AL(R),4
975457916,1788680591,AL(R),1
975457916,1796817841,AL(R),1
975457916,1917866877,AL(R),1
975457916,5813024692,AL(R),1
975457916,5813040515,AL(R),1
975457916,5901222731,AL(R),3
976830572,636789080,AL(R),1
976830572,733316908,LH(R),1
976830572,788945049,AL(R),1
976830572,1102334088,AL(R),1
976830572,1322012611,AL(R),1
976830572,1661769627,AL(R),3
976830572,1727979406,AL(R),1
976830572,1755556097,AL(R),1
976830572,1755556277,AL(R),4
976830572,1793403571,LH(R),1
976830572,1794055377,AL(R),1
976830572,1912789965,AL(R),1
976830572,1944507292,AL(R),1
976830572,1975878958,AL(R),2
976830572,5812983053,LH(R),1
976830572,5813041247,AL(R),1
976830572,5901222731,AL(R),1
977866721,610274046,LH(R),5
977866721,697844568,AL(R),1
977866721,724816115,AL(R),1
977866721,757569579,LH(R),1
977866721,788648194,AL(R),2
977866721,788940872,LH(R),1
977866721,788945049,LH(R),1
977866721,1609883245,AL(R),1
977866721,1630051981,AL(R),1
977866721,1701299822,LH(R),1
977866721,1727979406,LH(R),21
977866721,1727979406,PLP(R),11
977866721,1727979406,AL(R),3
977866721,1755556277,AL(R),1
977866721,1756579280,AL(R),2
977866721,1762674761,LH(R),2
977866721,1793014716,AL(R),3
977866721,1793351401,AL(R),1
977866721,1849684319,LH(R),1
977866721,1857143769,AL(R),1
977866721,1886132855,LH(R),1
977866721,1889253785,AL(R),4
977866721,1912789965,AL(R),3
977866721,1944507292,AL(R),6
977866721,1975878958,LH(R),1
977866721,2040344064,LH(R),1
977866721,5813024710,AL(R),2
977866721,5813041247,LH(R),1
977866721,5813055025,AL(R),6
977866721,5901222731,LH(R),28
977866721,5901222731,AL(R),7
977866721,5901222731,PLP(R),3
1006258344,572663539,AL(R),1
1006258344,573669915,AL(R),1
1006258344,577542489,AL(R),4
1006258344,610274029,AL(R),8
1006258344,610274046,AL(R),21
1006258344,634379734,AL(R),1
1006258344,693125078,NotPrimary,1
1006258344,697145036,AL(R),5
1006258344,727855437,AL(R),3
1006258344,762982753,AL(R),1
1006258344,823037476,AL(R),1
1006258344,1415829574,AL(R),4
1006258344,1447205602,AL(R),1
1006258344,1671952694,AL(R),4
1006258344,1701299822,AL(R),9
1006258344,1701325725,AL(R),2
1006258344,1827473315,AL(R),15
1006258344,1887872301,CA(R),1
1006258344,1888213190,AL(R),1
1006258344,1888572074,AL(R),4
1006258344,1888572074,LH(R),2
1006258344,1914140664,AL(R),5
1006258344,1914823337,NotPrimary,1
1006258344,1914823414,AL(R),11
1006258344,2010992546,NotPrimary,1
1006258344,5812996003,AL(R),7
1006258344,5813013823,AL(R),8
1006258344,5813024601,LH(R),2
1006258344,5813024692,AL(R),2
1006258344,5813024712,AL(R),3
1006258344,5813034571,LH(R),2
1006258344,5813055048,AL(R),4
1037293275,509626405,AL(R),1
1037293275,543010474,AL(R),1
1037293275,574037266,AL(R),1
1037293275,574374051,AL(R),1
1037293275,577542489,AL(R),1
1037293275,603785283,SCL(R),4
1037293275,603785283,AL(R),3
1037293275,603785283,SMP(R),2
1037293275,636789080,AL(R),2
1037293275,663432544,AL(R),6
1037293275,663787020,CA(R),1
1037293275,664814903,AL(R),1
1037293275,694834412,AL(R),1
1037293275,757556799,LH(R),1
1037293275,763730414,SCL(R),1
1037293275,763730414,VES(R),1
1037293275,788940872,AL(R),3
1037293275,792364888,AL(R),4
1037293275,819993149,AL(R),2
1037293275,850717220,AL(R),4
1037293275,850717220,SCL(R),1
1037293275,887105351,AL(R),1
1037293275,947513805,AL(R),1
1037293275,1102334088,AL(R),10
1037293275,1225100939,AL(R),1
1037293275,1316245799,AL(R),3
1037293275,1415825344,AL(R),3
1037293275,1442819296,AL(R),1
1037293275,1639234609,AL(R),7
1037293275,1639234609,LH(R),1
1037293275,1639243580,AL(R),16
1037293275,1639243580,SCL(R),1
1037293275,1661769627,AL(R),3
1037293275,1671608112,AL(R),3
1037293275,1671952694,AL(R),3
1037293275,1692817033,AL(R),1
1037293275,1700307582,AL(R),2
1037293275,1701299822,PLP(R),6
1037293275,1701299822,LH(R),3
1037293275,1702306047,AL(R),1
1037293275,1733370882,AL(R),3
1037293275,1733677514,PLP(R),3
1037293275,1733677514,AL(R),3
1037293275,1733677514,SCL(R),2
1037293275,1733677514,CA(R),1
1037293275,1733677514,NotPrimary,1
1037293275,1734350908,AL(R),1
1037293275,1755556097,CA(R),3
1037293275,1755556097,SMP(R),2
1037293275,1755556097,LH(R),1
1037293275,1755556097,SCL(R),1
1037293275,1755556277,AL(R),2
1037293275,1788300760,AL(R),1
1037293275,1788676257,AL(R),1
1037293275,1788680591,AL(R),4
1037293275,1788680591,PLP(R),1
1037293275,1788685103,AL(R),6
1037293275,1789013008,AL(R),5
1037293275,1793403571,PLP(R),3
1037293275,1793403571,AL(R),1
1037293275,1794055377,AL(R),19
1037293275,1794055377,NotPrimary,1
1037293275,1825440160,AL(R),74
1037293275,1825440160,VES(R),6
1037293275,1849683877,AL(R),1
1037293275,1850706912,AL(R),1
1037293275,1850711304,AL(R),2
1037293275,1851061177,AL(R),1
1037293275,1857143769,AL(R),4
1037293275,1858901026,AL(R),1
1037293275,1858901026,VES(R),1
1037293275,1858901026,NotPrimary,1
1037293275,1881059780,AL(R),1
1037293275,1881401277,AL(R),3
1037293275,1883443112,AL(R),3
1037293275,1883443112,VES(R),1
1037293275,1886132855,AL(R),1
1037293275,1888178718,AL(R),22
1037293275,1888178718,VES(R),1
1037293275,1888524453,AL(R),1
1037293275,1917188956,AL(R),1
1037293275,1943811736,AL(R),2
1037293275,1943812176,AL(R),3
1037293275,1943812176,FLA(R),1
1037293275,1944502935,SCL(R),2
1037293275,1944507292,AL(R),5
1037293275,1975187675,AL(R),1
1037293275,1975878958,AL(R),19
1037293275,1975878958,FLA(R),3
1037293275,1975878958,VES(R),1
1037293275,2069644133,AL(R),1
1037293275,2069648663,CA(R),1
1037293275,2100010400,AL(R),1
1037293275,2100010400,FLA(R),1
1037293275,5812982656,AL(R),1
1037293275,5812995098,CA(R),1
1037293275,5812995298,AL(R),1
1037293275,5813024692,AL(R),4
1037293275,5813024799,AL(R),2
1037293275,5813039465,AL(R),1
1037293275,5813040515,AL(R),1
1037293275,5813040515,CA(R),1
1037293275,5813054697,AL(R),3
1037293275,5813056072,AL(R),1
1037293275,5813063239,AL(R),4
1037293275,5813069089,AL(R),4
1037293275,5813069447,AL(R),1
1037293275,5813071369,AL(R),1
1037293275,5813077788,AL(R),1
1037293275,5901194556,AL(R),1
1037293275,5901222731,AL(R),2
1037518512,948834414,LH(R),1
1037518512,1415825344,LH(R),3
1037518512,1857143769,LH(R),3
1037518512,1881059780,LH(R),2
1037518512,1881751117,AL(R),1
1037518512,2166133204,LH(R),1
1037518512,5813090752,LH(R),2
1039237469,850708783,AL(R),1
1039237469,886812643,LH(R),1
1039237469,1070613107,LH(R),1
1039237469,1661769627,AL(R),4
1039237469,1671608112,AL(R),1
1039237469,1733370882,AL(R),1
1039237469,1755556277,AL(R),3
1039237469,1888213190,AL(R),1
1069929827,605050789,LH(R),1
1069929827,609924156,LH(R),1
1069929827,662776660,LH(R),1
1069929827,1442819296,LH(R),1
1070613107,788940872,AL(R),1
1070613107,975457916,LAL(R),1
1070613107,1102334088,AL(R),3
1070613107,1316245799,AL(R),2
1070613107,1661769627,AL(R),5
1070613107,1702306047,AL(R),1
1070613107,1727979406,LH(R),2
1070613107,1733677514,AL(R),1
1070613107,1755556277,AL(R),3
1070613107,1888178718,AL(R),4
1070613107,1944502935,AL(R),1
1099911913,636789080,AL(R),1
1099911913,722817260,AL(R),2
1099911913,726207450,LH(R),2
1099911913,754538881,AL(R),1
1099911913,757556799,LH(R),2
1099911913,762982753,LH(R),1
1099911913,788940872,LH(R),2
1099911913,788945049,LH(R),2
1099911913,856071065,AL(R),1
1099911913,886812643,LH(R),1
1099911913,887105351,AL(R),1
1099911913,977866721,LH(R),1
1099911913,1415825344,LH(R),1
1099911913,1630051981,AL(R),4
1099911913,1640594274,AL(R),1
1099911913,1661769627,AL(R),7
1099911913,1692817033,AL(R),2
1099911913,1701299822,LH(R),2
1099911913,1727979406,LH(R),31
1099911913,1727979406,PLP(R),6
1099911913,1727979406,AL(R),4
1099911913,1734350908,AL(R),1
1099911913,1755556277,AL(R),11
1099911913,1762674761,LH(R),2
1099911913,1765040289,AL(R),1
1099911913,1788300760,AL(R),2
1099911913,1788680591,AL(R),3
1099911913,1788685103,AL(R),2
1099911913,1794055377,AL(R),2
1099911913,1825440160,AL(R),1
1099911913,1849683877,LH(R),1
1099911913,1850024931,LH(R),1
1099911913,1850706912,AL(R),1
1099911913,1851061177,AL(R),1
1099911913,1858171399,AL(R),3
1099911913,1881751117,AL(R),2
1099911913,1886132855,LH(R),1
1099911913,1889253785,AL(R),2
1099911913,1889883818,LH(R),1
1099911913,1912789965,AL(R),3
1099911913,1944507292,AL(R),8
1099911913,1944507292,LH(R),3
1099911913,1975878958,LH(R),1
1099911913,2166133204,LH(R),1
1099911913,2166133204,AL(R),1
1099911913,5812983053,AL(R),1
1099911913,5813039471,AL(R),2
1099911913,5813055025,AL(R),1
1099911913,5813055162,AL(R),2
1099911913,5813055184,AL(R),1
1099911913,5813069089,AL(R),8
1099911913,5901222731,LH(R),70
1099911913,5901222731,AL(R),22
1099911913,5901222731,PLP(R),13
1099911913,5901222731,AVLP(R),2
1102334088,729608317,VES(R),1
1102334088,850708902,LH(R),1
1102334088,1609542060,AL(R),1
1102334088,1640568102,AL(R),1
1102334088,1671608112,AL(R),1
1102334088,1789013008,PLP(R),1
1102334088,1789013008,LH(R),1
1102334088,1793403571,VES(R),1
1225100939,819993149,AL(R),1
1225100939,850708783,AL(R),6
1225100939,850708783,VES(R),2
1225100939,947513805,AL(R),2
1225100939,1037293275,AL(R),10
1225100939,1039237469,AL(R),4
1225100939,1070613107,AL(R),1
1225100939,1630734360,VES(R),1
1225100939,1661769627,AL(R),9
1225100939,1661769627,VES(R),2
1225100939,1733677514,AL(R),6
1225100939,1733677514,SAD,1
1225100939,1755556277,AL(R),10
1225100939,1788676257,AL(R),1
1225100939,1788680591,AL(R),23
1225100939,1788680591,VES(R),2
1225100939,1788680591,NotPrimary,1
1225100939,1788685103,AL(R),5
1225100939,1788685103,WED(R),1
1225100939,1788685103,PLP(R),1
1225100939,1789013008,AL(R),2
1225100939,1789013008,PLP(R),1
1225100939,1794055377,AL(R),1
1225100939,1825440160,AL(R),1
1225100939,1858901026,AL(R),21
1225100939,1858901026,VES(R),1
1225100939,1881059780,AL(R),1
1225100939,1883443112,WED(R),1
1225100939,1883443112,AL(R),1
1225100939,1888178718,AL(R),5
1225100939,1912777226,AL(R),7
1225100939,1912777226,SAD,1
1225100939,1917866877,NotPrimary,1
1225100939,1975187554,AL(R),1
1225100939,1975878958,AL(R),8
1225100939,2100010400,AL(R),1
1225100939,5813024692,AL(R),3
1225100939,5813069447,AL(R),3
1316245799,329599710,AL(R),1
1316245799,417199910,AL(R),1
1316245799,542634818,AL(R),1
1316245799,542652506,AL(R),1
1316245799,577542489,AL(R),7
1316245799,609924156,AL(R),2
1316245799,634707780,AL(R),5
1316245799,635062078,AL(R),65
1316245799,636418270,AL(R),8
1316245799,636789080,AL(R),1
1316245799,639276164,AL(R),2
1316245799,662776660,AL(R),1
1316245799,666818300,AL(R),3
1316245799,666818300,VES(R),2
1316245799,667823920,AL(R),1
1316245799,697848868,AL(R),1
1316245799,724816115,AL(R),5
1316245799,729608317,AL(R),1
1316245799,730252777,AL(R),9
1316245799,760250272,AL(R),1
1316245799,763730414,AL(R),1
1316245799,823037476,LH(R),2
1316245799,851684181,AL(R),1
1316245799,856071065,AL(R),1
1316245799,886812643,AL(R),1
1316245799,1037293275,AL(R),1
1316245799,1069929827,AL(R),1
1316245799,1070613107,LH(R),1
1316245799,1102334088,AL(R),27
1316245799,1102334088,VES(R),4
1316245799,1102334088,SAD,1
1316245799,1411784734,AL(R),11
1316245799,1411784734,SMP(R),1
1316245799,1411784734,NotPrimary,1
1316245799,1415829574,LH(R),5
1316245799,1630051981,AL(R),2
1316245799,1639234609,AL(R),1
1316245799,1661769627,AL(R),1
1316245799,1671638278,AL(R),12
1316245799,1671638278,SCL(R),1
1316245799,1671952694,AL(R),9
1316245799,1700307582,AL(R),2
1316245799,1700307582,VES(R),1
1316245799,1701299822,AL(R),1
1316245799,1727979406,AL(R),1
1316245799,1732313117,AL(R),1
1316245799,1734350788,AL(R),1
1316245799,1755556277,AL(R),3
1316245799,1765415970,AL(R),5
1316245799,1788685103,AL(R),2
1316245799,1789013008,AL(R),4
1316245799,1789013008,VES(R),3
1316245799,1789013008,LH(R),1
1316245799,1793403571,AL(R),9
1316245799,1795410644,AL(R),2
1316245799,1849683877,AL(R),1
1316245799,1857825571,AL(R),2
1316245799,1888178718,AL(R),27
1316245799,1888178718,SAD,1
1316245799,1974846717,AL(R),1
1316245799,1977579449,AL(R),3
1316245799,2383731281,SLP(R),1
1316245799,5812982656,AL(R),1
1316245799,5813014622,AL(R),2
1316245799,5813024799,AL(R),1
1316245799,5813038793,AL(R),1
1316245799,5813039315,AL(R),1
1316245799,5813055025,AL(R),2
1316245799,5813077788,SAD,1
1316245799,5813079228,AL(R),5
1316245799,5813083723,AL(R),1
1316245799,5901222731,AL(R),1
1322012611,722817260,AL(R),1
1322012611,754534424,AL(R),1
1322012611,754538881,AL(R),2
1322012611,757556799,LH(R),4
1322012611,788945049,LH(R),1
1322012611,1099911913,LH(R),1
1322012611,1609883245,AL(R),2
1322012611,1661769627,AL(R),6
1322012611,1700946301,AL(R),1
1322012611,1701299822,LH(R),1
1322012611,1727979406,LH(R),15
1322012611,1727979406,PLP(R),4
1322012611,1727979406,AL(R),3
1322012611,1755556277,AL(R),4
1322012611,1765040289,AL(R),2
1322012611,1788685103,AL(R),2
1322012611,1818307672,AL(R),1
1322012611,1851061177,AL(R),1
1322012611,1857143769,PLP(R),1
1322012611,1881751117,AL(R),3
1322012611,1889253785,AL(R),3
1322012611,1912789965,LH(R),1
1322012611,1912789965,AL(R),1
1322012611,1944507292,AL(R),13
1322012611,1944507292,LH(R),3
1322012611,2383731281,AL(R),1
1322012611,5813039315,AL(R),5
1322012611,5813041247,LH(R),1
1322012611,5813054697,AL(R),1
1322012611,5813055025,AL(R),5
1322012611,5813069089,AL(R),12
1322012611,5901222731,LH(R),66
1322012611,5901222731,AL(R),23
1322012611,5901222731,PLP(R),12
1322012611,5901222731,AVLP(R),3
1322353714,610274029,AL(R),1
1322353714,610274046,LH(R),2
1322353714,636418270,SAD,1
1322353714,759922408,SAD,1
1322353714,976830572,SCL(R),1
1322353714,1102334088,AL(R),1
1322353714,1322353824,LH(R),1
1322353714,1701299822,LH(R),12
1322353824,667823920,NotPrimary,1
1322353824,726207450,LH(R),9
1322353824,727855437,LH(R),1
1322353824,791298858,NotPrimary,1
1322353824,1322353841,LH(R),2
1322353824,1788300760,LH(R),1
1322353824,1881751117,LH(R),4
1322353824,5813069089,LH(R),1
1322353824,5813071369,LH(R),1
1322353841,544021095,LH(R),1
1322353841,637462647,LH(R),3
1322353841,666818300,LH(R),1
1322353841,726207450,LH(R),3
1322353841,727855437,LH(R),1
1322353841,729219639,SAD,1
1322353841,1322353824,LH(R),1
1322353841,1447205712,LH(R),2
1322353841,1693827279,LH(R),4
1322353841,1734420152,LH(R),2
1322353841,1881751117,LH(R),1
1322353841,5813024601,LH(R),1
1322353841,5813055025,AL(R),1
1411784734,577542489,SMP(R),2
1411784734,577542489,SIP(R),1
1411784734,610274029,SIP(R),1
1411784734,610274046,SMP(R),1
1411784734,639276164,SIP(R),2
1411784734,1670973150,AL(R),1
1411784734,1670973150,SMP(R),1
1411784734,1671952694,SMP(R),2
1411784734,1692817033,AL(R),1
1411784734,1730656082,SMP(R),2
1415825344,544021095,AL(R),4
1415825344,574037266,AL(R),1
1415825344,729544359,AL(R),1
1415825344,730252777,AL(R),1
1415825344,788940872,AL(R),1
1415825344,850375847,AL(R),4
1415825344,886812643,LH(R),1
1415825344,887105351,AL(R),1
1415825344,1037293275,AL(R),2
1415825344,1102334088,AL(R),10
1415825344,1442819296,LH(R),1
1415825344,1630051981,AL(R),3
1415825344,1640594274,AL(R),2
1415825344,1661769627,AL(R),11
1415825344,1661769627,PLP(R),1
1415825344,1692817033,AL(R),2
1415825344,1701299822,LH(R),2
1415825344,1727979406,LH(R),14
1415825344,1727979406,AL(R),5
1415825344,1727979406,PLP(R),2
1415825344,1732313117,AL(R),1
1415825344,1755556277,AL(R),5
1415825344,1794055377,AL(R),4
1415825344,1795410644,AL(R),1
1415825344,1827473315,AL(R),1
1415825344,1850706912,AL(R),1
1415825344,1851061177,AL(R),3
1415825344,1857825571,AL(R),12
1415825344,1858171399,AL(R),11
1415825344,1881751117,AL(R),1
1415825344,1886132855,LH(R),1
1415825344,1888178718,AL(R),16
1415825344,2166133204,AL(R),1
1415825344,5813038889,AL(R),1
1415825344,5813039471,AL(R),8
1415825344,5813041247,AL(R),1
1415825344,5813055025,AL(R),2
1415825344,5813055162,AL(R),2
1415825344,5813055184,AL(R),2
1415825344,5813069089,AL(R),2
1415825344,5813071369,AL(R),2
1415825344,5813083723,LH(R),2
1415825344,5813090752,AL(R),1
1415825344,5901222731,LH(R),2
1415825344,5901222731,AL(R),1
1415829574,634759240,AL(R),3
1415829574,856071065,PLP(R),1
1415829574,1727979406,SCL(R),1
1415829574,5812983053,LH(R),1
1415829574,5813069447,LH(R),2
1442819296,542665377,LH(R),1
1442819296,603785283,AL(R),1
1442819296,610274029,AL(R),6
1442819296,610274046,AL(R),2
1442819296,636789080,AL(R),4
1442819296,639276164,NotPrimary,1
1442819296,662776660,AL(R),8
1442819296,663787020,LH(R),2
1442819296,663787020,CA(R),1
1442819296,693125078,AL(R),1
1442819296,762982753,AL(R),1
1442819296,788940872,AL(R),1
1442819296,788945049,LH(R),1
1442819296,1037293275,AL(R),5
1442819296,1322353841,LH(R),1
1442819296,1447201088,AL(R),1
1442819296,1661769627,AL(R),18
1442819296,1670934213,LH(R),1
1442819296,1670969304,NotPrimary,1
1442819296,1671608112,AL(R),2
1442819296,1671952694,NotPrimary,1
1442819296,1701299822,AL(R),1
1442819296,1702306047,AL(R),1
1442819296,1755556277,AL(R),11
1442819296,1759999022,AL(R),1
1442819296,1818307672,AL(R),5
1442819296,1818307672,SLP(R),1
1442819296,1825085656,AL(R),1
1442819296,1850024931,LH(R),1
1442819296,1857143769,LH(R),1
1442819296,1888213190,AL(R),2
1442819296,1917188956,AL(R),1
1442819296,1974846717,AL(R),1
1442819296,1975878958,LH(R),1
1442819296,5812995328,NotPrimary,2
1442819296,5813024692,AL(R),8
1442819296,5813069532,NotPrimary,1
1447201088,604726283,LH(R),1
1447201088,605050789,LH(R),2
1447201088,606090268,LH(R),1
1447201088,637462647,LH(R),1
1447201088,697848868,LH(R),1
1447201088,729544359,LH(R),1
1447201088,760250272,LH(R),1
1447201088,1889253763,LH(R),1
1447201088,5813014622,LH(R),1
1447205602,573669915,LH(R),1
1447205602,729544359,LH(R),2
1447205602,760250272,LH(R),2
1447205602,1447205712,LH(R),1
1447205602,1701325725,LH(R),2
1447205602,1793014716,LH(R),1
1447205602,1856833015,SLP(R),1
1447205602,5813090752,LH(R),2
1447205712,544021095,LH(R),4
1447205712,572663539,NotPrimary,1
1447205712,635062078,LH(R),1
1447205712,636789080,LH(R),2
1447205712,637462647,LH(R),2
1447205712,726207450,LH(R),1
1447205712,761938645,LH(R),2
1447205712,818983130,LH(R),1
1447205712,1322353841,LH(R),3
1447205712,1447201088,LH(R),2
1447205712,1447201088,NotPrimary,1
1447205712,1570685033,LH(R),3
1447205712,1640594274,LH(R),4
1447205712,1670934213,LH(R),1
1447205712,1692817033,LH(R),1
1447205712,1693827279,LH(R),1
1447205712,1828206773,LH(R),1
1447205712,1850711304,LH(R),1
1447205712,1914823414,LH(R),1
1447205712,5812983053,AVLP(R),1
1447205712,5812995098,LH(R),2
1447205712,5813038889,LH(R),2
1447205712,5813071409,AVLP(R),1
1504889437,294792184,LH(R),3
1504889437,480927537,LH(R),9
1504889437,509626405,SLP(R),1
1504889437,541632990,LH(R),4
1504889437,632751823,LH(R),1
1504889437,1570685033,LH(R),2
1504889437,1570685033,SLP(R),2
1504889437,1670934213,LH(R),1
1504889437,1694850602,LH(R),1
1504889437,1759999022,AL(R),1
1504889437,1881059780,AL(R),1
1504889437,5812992942,SLP(R),2
1504889437,5812995298,SLP(R),1
1504889437,5813045696,LH(R),1
1504889437,5901194250,SLP(R),1
1536947502,574032862,LH(R),1
1536947502,574037266,AL(R),8
1536947502,574374051,LH(R),1
1536947502,610274029,AL(R),9
1536947502,610274046,AL(R),18
1536947502,663787020,LH(R),1
1536947502,693483018,LH(R),1
1536947502,693483018,CA(R),1
1536947502,697145036,AL(R),1
1536947502,726207450,LH(R),1
1536947502,761938645,LH(R),1
1536947502,762982753,NotPrimary,2
1536947502,850703925,AL(R),1
1536947502,1037293275,AL(R),2
1536947502,1322353824,AL(R),3
1536947502,1322353841,AL(R),8
1536947502,1415825344,AL(R),2
1536947502,1415829574,AL(R),6
1536947502,1539978151,AL(R),1
1536947502,1570685132,AL(R),10
1536947502,1570685257,AL(R),1
1536947502,1609542060,NotPrimary,1
1536947502,1671608112,AL(R),5
1536947502,1671638278,AL(R),2
1536947502,1671952694,AL(R),6
1536947502,1693486219,AL(R),1
1536947502,1700307582,AL(R),12
1536947502,1700937093,AL(R),1
1536947502,1701299822,AL(R),3
1536947502,1702306047,AL(R),4
1536947502,1733370882,AL(R),2
1536947502,1733677514,AL(R),18
1536947502,1765415970,AL(R),2
1536947502,1827861966,AL(R),1
1536947502,1828206773,LH(R),4
1536947502,1849683877,LH(R),1
1536947502,1851061177,NotPrimary,1
1536947502,1856833015,AL(R),1
1536947502,1887872301,NotPrimary,1
1536947502,1889253785,NotPrimary,1
1536947502,1912435859,AL(R),1
1536947502,5812983069,AL(R),8
1536947502,5812992940,LH(R),1
1536947502,5812995298,AL(R),1
1536947502,5812996003,AL(R),1
1536947502,5813000276,NotPrimary,1
1536947502,5813008771,AL(R),1
1536947502,5813024692,AL(R),1
1536947502,5813038889,AL(R),17
1536947502,5813038889,LH(R),9
1536947502,5813039235,AL(R),1
1536947502,5813050729,LH(R),1
1536947502,5813055025,NotPrimary,1
1536947502,5813055048,NotPrimary,2
1536947502,5813055184,AL(R),13
1536947502,5813055184,LH(R),8
1536947502,5813071369,AL(R),7
1536947502,5813071409,AL(R),1
1539978151,542665377,LH(R),3
1539978151,609924156,LH(R),4
1539978151,637462647,LH(R),1
1539978151,697844568,LH(R),4
1539978151,730252777,LH(R),1
1539978151,882353566,AL(R),1
1539978151,1447201088,LH(R),1
1539978151,2010992546,LH(R),1
1539978151,5813039465,LH(R),1
1570684665,603785283,PLP(R),1
1570684665,726207450,SLP(R),1
1570684665,1037518512,LH(R),1
1570684665,1570685033,LH(R),1
1570684665,1570685224,LH(R),1
1570684665,1640594274,LH(R),1
1570685033,1828206773,AL(R),1
1570685132,542665377,LH(R),1
1570685132,572663539,LH(R),1
1570685132,605050789,LH(R),1
1570685132,609924156,LH(R),1
1570685132,610274029,NotPrimary,1
1570685132,634759240,LH(R),5
1570685132,635048729,NotPrimary,1
1570685132,635407942,NotPrimary,1
1570685132,666818300,LH(R),2
1570685132,697844568,LH(R),3
1570685132,697848868,LH(R),1
1570685132,729544359,LH(R),1
1570685132,730252777,LH(R),4
1570685132,759922408,LH(R),1
1570685132,1415825344,NotPrimary,3
1570685132,1442819296,LH(R),2
1570685132,1732313117,LH(R),5
1570685132,1795410644,LH(R),9
1570685132,1881751117,LH(R),1
1570685132,1888524453,NotPrimary,3
1570685132,5813014622,LH(R),1
1570685257,610274046,NotPrimary,1
1570685257,635048729,AL(R),1
1570685257,1727979406,SCL(R),1
1570685257,2166133204,SCL(R),1
1570685283,697132371,LH(R),2
1570685283,727472481,LH(R),2
1570685283,755518957,LH(R),1
1570685283,1851389175,LH(R),4
1570685283,1977916288,LH(R),3
1571025824,542634818,LH(R),1
1571025824,788648194,LH(R),2
1571025824,1504889437,LH(R),1
1571025824,1630051981,LH(R),1
1571025824,1756579280,LH(R),1
1571025824,1793014716,LH(R),2
1571025824,1851389175,LH(R),5
1571025824,1977916288,LH(R),4
1571025824,5813024710,LH(R),2
1571025824,5813038793,LH(R),1
1571025824,5813039465,LH(R),1
1609542060,577542489,AL(R),8
1609542060,610274029,AL(R),7
1609542060,610274046,AL(R),13
1609542060,722817260,LH(R),2
1609542060,722817260,CA(R),2
1609542060,727855437,SCL(R),3
1609542060,727855437,NotPrimary,3
1609542060,754534424,SCL(R),4
1609542060,754534424,LH(R),2
1609542060,754534424,NotPrimary,1
1609542060,754538881,NotPrimary,2
1609542060,754538881,LH(R),1
1609542060,886812643,AL(R),30
1609542060,886812643,LH(R),1
1609542060,1536947502,NotPrimary,2
1609542060,1609883245,AL(R),21
1609542060,1609883245,LH(R),12
1609542060,1609883245,NotPrimary,3
1609542060,1640568102,AL(R),31
1609542060,1640568102,LH(R),8
1609542060,1640568102,NotPrimary,1
1609542060,1671608112,AL(R),5
1609542060,1671952694,AL(R),10
1609542060,1672293837,AL(R),7
1609542060,1700937093,NotPrimary,1
1609542060,1700946301,NotPrimary,4
1609542060,1702306047,AL(R),7
1609542060,1733677514,AL(R),11
1609542060,1734350788,AL(R),10
1609542060,1734350788,LH(R),3
1609542060,1734350788,NotPrimary,2
1609542060,1734350908,LH(R),2
1609542060,1765040289,NotPrimary,1
1609542060,1851061177,NotPrimary,1
1609542060,1857148391,NotPrimary,1
1609542060,1881751117,LH(R),1
1609542060,1889253785,NotPrimary,5
1609542060,5813039315,LH(R),2
1609542060,5813055025,CA(R),5
1609542060,5813055025,LH(R),1
1609542060,5813055162,CA(R),2
1609883245,480927537,LH(R),1
1609883245,577542489,AL(R),9
1609883245,610274029,AL(R),17
1609883245,610274046,AL(R),22
1609883245,727855437,NotPrimary,1
1609883245,733316908,AL(R),4
1609883245,754538881,LH(R),1
1609883245,886812643,AL(R),13
1609883245,1102334088,AL(R),5
1609883245,1504889437,LH(R),1
1609883245,1570685033,LH(R),1
1609883245,1609542060,AL(R),18
1609883245,1609542060,LH(R),8
1609883245,1609542060,NotPrimary,2
1609883245,1640568102,AL(R),5
1609883245,1640568102,LH(R),3
1609883245,1671608112,AL(R),4
1609883245,1671952694,AL(R),7
1609883245,1672293837,AL(R),2
1609883245,1702306047,AL(R),21
1609883245,1727979406,AL(R),1
1609883245,1733370882,AL(R),6
1609883245,1733677514,AL(R),3
1609883245,1734350788,AL(R),1
1609883245,1796817841,NotPrimary,1
1609883245,5813039471,LH(R),1
1609883245,5813045696,LH(R),1
1609883245,5813055048,NotPrimary,2
1630051981,573333835,LH(R),2
1630051981,573669915,LH(R),1
1630051981,577542489,NotPrimary,1
1630051981,605050789,AL(R),3
1630051981,609924156,AL(R),1
1630051981,610274029,AL(R),74
1630051981,610274046,AL(R),75
1630051981,630714299,NotPrimary,1
1630051981,730252777,AL(R),3
1630051981,760250272,AL(R),1
1630051981,788940872,AL(R),5
1630051981,788945049,AL(R),4
1630051981,792024028,AL(R),2
1630051981,977866721,AL(R),21
1630051981,1322353841,AL(R),1
1630051981,1411784734,AL(R),2
1630051981,1415825344,AL(R),5
1630051981,1447205602,LH(R),2
1630051981,1504889437,AL(R),1
1630051981,1571025824,LH(R),7
1630051981,1661769627,AL(R),9
1630051981,1670969304,AL(R),17
1630051981,1670973150,AL(R),28
1630051981,1672293837,AL(R),4
1630051981,1693827279,AL(R),7
1630051981,1700307582,AL(R),34
1630051981,1701299822,AL(R),35
1630051981,1732313117,AL(R),1
1630051981,1755556277,AL(R),6
1630051981,1793403571,AL(R),4
1630051981,1796818119,NotPrimary,1
1630051981,1819326555,LH(R),1
1630051981,1825440160,AL(R),6
1630051981,1850706912,LH(R),1
1630051981,1889253785,AL(R),1
1630051981,1916528384,AL(R),2
1630051981,1943811511,AL(R),13
1630051981,1977579449,LH(R),1
1630051981,2383731281,AL(R),11
1630051981,5813045696,LH(R),8
1630051981,5813055025,AL(R),2
1630051981,5813056596,NotPrimary,1
1630734360,574032862,AL(R),1
1630734360,574037281,AL(R),1
1630734360,663787020,AL(R),1
1630734360,763730414,PLP(R),19
1630734360,763730414,SCL(R),5
1630734360,763730414,NotPrimary,2
1630734360,819993149,NotPrimary,3
1630734360,819993149,PLP(R),1
1630734360,819993149,SCL(R),1
1630734360,850703925,NotPrimary,5
1630734360,850703925,AL(R),4
1630734360,850703925,PLP(R),2
1630734360,850703925,SCL(R),2
1630734360,850703925,SLP(R),1
1630734360,850708783,AL(R),1
1630734360,850708902,AL(R),7
1630734360,850708902,SLP(R),1
1630734360,850708902,NotPrimary,1
1630734360,850717220,AL(R),1
1630734360,887105351,AL(R),1
1630734360,1639243580,AL(R),1
1630734360,1671608112,AL(R),1
1630734360,1693486219,PLP(R),2
1630734360,1693486219,NotPrimary,1
1630734360,1727979406,AL(R),4
1630734360,1733370882,AL(R),2
1630734360,1755556097,AL(R),1
1630734360,1755556097,NotPrimary,1
1630734360,1794055377,SLP(R),1
1630734360,1794055377,AL(R),1
1630734360,1827861966,NotPrimary,1
1630734360,1856833015,NotPrimary,4
1630734360,1858901026,AL(R),6
1630734360,1912435859,AL(R),1
1630734360,1912789965,NotPrimary,3
1630734360,1944502935,NotPrimary,1
1630734360,1975187554,AL(R),1
1630734360,1975878958,AL(R),4
1630734360,2064165421,AL(R),1
1630734360,2166133204,NotPrimary,1
1630734360,5812982656,AL(R),1
1630734360,5813040515,AL(R),7
1630734360,5813040515,NotPrimary,3
1630734360,5813044177,AL(R),2
1630734360,5813044177,SLP(R),1
1630734360,5813044177,PLP(R),1
1630734360,5813044177,WED(R),1
1630734360,5813044177,SCL(R),1
1630734360,5813044177,NotPrimary,1
1630734360,5901194556,AL(R),1
1630734360,5901222731,AL(R),8
1639234609,574037266,LH(R),1
1639234609,663787020,LH(R),1
1639234609,664814903,AL(R),1
1639234609,757556799,SCL(R),1
1639234609,850708902,AL(R),1
1639234609,947513805,AL(R),20
1639234609,976830572,AL(R),1
1639234609,1037293275,AL(R),95
1639234609,1039237469,AL(R),70
1639234609,1070613107,AL(R),37
1639234609,1630734360,AL(R),3
1639234609,1639243580,AL(R),128
1639234609,1639243580,PLP(R),3
1639234609,1639243580,SCL(R),1
1639234609,1671608112,AL(R),21
1639234609,1702306047,AL(R),2
1639234609,1727979406,AL(R),5
1639234609,1733370882,AL(R),1
1639234609,1733677514,AL(R),39
1639234609,1733677514,LH(R),1
1639234609,1733677514,CA(R),1
1639234609,1788680591,AL(R),32
1639234609,1789013008,AL(R),4
1639234609,1794055377,AL(R),49
1639234609,1825085656,AL(R),1
1639234609,1912789965,PLP(R),1
1639234609,1944507292,AL(R),1
1639234609,1974846717,SCL(R),1
1639234609,1975187554,SCL(R),1
1639234609,2100010400,AL(R),6
1639234609,2166133204,LH(R),3
1639234609,2166133204,SCL(R),1
1639234609,5812982656,AL(R),2
1639234609,5812982656,SLP(R),1
1639234609,5813069447,PLP(R),1
1639243580,635062078,CA(R),2
1639243580,663787020,SCL(R),1
1639243580,664814903,AL(R),2
1639243580,698508565,AL(R),1
1639243580,698508565,CA(R),1
1639243580,757556799,PLP(R),1
1639243580,762982753,CA(R),1
1639243580,763730414,SCL(R),1
1639243580,850708902,AL(R),1
1639243580,947513805,AL(R),13
1639243580,1037293275,AL(R),101
1639243580,1039237469,AL(R),65
1639243580,1070613107,AL(R),51
1639243580,1102334088,AL(R),2
1639243580,1316245799,AL(R),1
1639243580,1630734360,AL(R),4
1639243580,1639234609,AL(R),127
1639243580,1639234609,LH(R),2
1639243580,1639234609,PLP(R),2
1639243580,1639234609,SCL(R),1
1639243580,1639234609,NotPrimary,1
1639243580,1671608112,AL(R),10
1639243580,1702306047,AL(R),1
1639243580,1727979406,AL(R),11
1639243580,1733677514,AL(R),36
1639243580,1755556277,AL(R),1
1639243580,1788680591,AL(R),45
1639243580,1789013008,AL(R),1
1639243580,1794055377,AL(R),30
1639243580,1887163927,AL(R),4
1639243580,1888178718,AL(R),1
1639243580,1912789965,PLP(R),2
1639243580,1912789965,SCL(R),1
1639243580,1917866877,AL(R),9
1639243580,1943812176,AL(R),1
1639243580,1975187554,SCL(R),2
1639243580,2100010400,AL(R),5
1639243580,2166133204,PLP(R),4
1639243580,2166133204,LH(R),2
1639243580,5812982656,AL(R),1
1639243580,5812983053,AL(R),1
1639243580,5813040515,CA(R),1
1639243580,5813056072,AL(R),1
1639243580,5813069447,PLP(R),1
1640568102,480927537,LH(R),1
1640568102,541632990,LH(R),1
1640568102,574037266,LH(R),1
1640568102,610274029,AL(R),9
1640568102,610274046,AL(R),16
1640568102,722817260,NotPrimary,1
1640568102,733316908,AL(R),1
1640568102,886812643,AL(R),8
1640568102,1102334088,AL(R),3
1640568102,1504889437,LH(R),2
1640568102,1536947502,NotPrimary,1
1640568102,1609542060,AL(R),47
1640568102,1609542060,NotPrimary,1
1640568102,1609883245,AL(R),24
1640568102,1609883245,LH(R),4
1640568102,1670934213,AL(R),1
1640568102,1671608112,AL(R),6
1640568102,1671952694,AL(R),3
1640568102,1672293837,AL(R),1
1640568102,1702306047,AL(R),13
1640568102,1733370882,AL(R),6
1640568102,1733677514,AL(R),1
1640568102,1734350788,LH(R),1
1640568102,1734420152,LH(R),1
1640594274,294792184,LH(R),2
1640594274,480927537,LH(R),8
1640594274,480927537,AL(R),1
1640594274,509626405,AL(R),1
1640594274,541632990,LH(R),8
1640594274,541632990,AL(R),1
1640594274,542665377,LH(R),1
1640594274,572663539,LH(R),1
1640594274,574037266,AL(R),8
1640594274,574037266,LH(R),1
1640594274,577542489,AL(R),11
1640594274,604726283,LH(R),1
1640594274,605050789,LH(R),8
1640594274,610274029,AL(R),78
1640594274,610274046,AL(R),108
1640594274,635062078,CA(R),1
1640594274,637462647,AL(R),2
1640594274,639276164,AL(R),5
1640594274,666818300,LH(R),2
1640594274,697132371,CA(R),1
1640594274,697848868,AL(R),1
1640594274,698526273,LH(R),16
1640594274,791298858,LH(R),38
1640594274,818983130,AL(R),1
1640594274,823037476,AL(R),8
1640594274,1037293275,AL(R),1
1640594274,1447201088,LH(R),1
1640594274,1570684665,AL(R),1
1640594274,1570685257,AL(R),5
1640594274,1640568102,LH(R),1
1640594274,1671608112,AL(R),22
1640594274,1671638278,AL(R),1
1640594274,1671952694,AL(R),6
1640594274,1700307582,AL(R),16
1640594274,1700937093,LH(R),1
1640594274,1701299822,AL(R),99
1640594274,1701325725,AL(R),1
1640594274,1702306047,AL(R),22
1640594274,1723506321,AL(R),1
1640594274,1727979406,CA(R),1
1640594274,1730656082,AL(R),5
1640594274,1733370882,AL(R),2
1640594274,1733677514,AL(R),7
1640594274,1825085656,AL(R),1
1640594274,1827861966,AL(R),2
1640594274,1828206773,LH(R),1
1640594274,1851393805,LH(R),1
1640594274,1857825571,NotPrimary,1
1640594274,1858171399,CA(R),1
1640594274,1889253763,LH(R),1
1640594274,5812983069,AL(R),1
1640594274,5812996003,AL(R),10
1640594274,5813008771,AL(R),1
1640594274,5813024692,AL(R),78
1640594274,5813038889,AL(R),1
1640594274,5813039471,NotPrimary,1
1640594274,5813045696,LH(R),8
1640594274,5813055025,LH(R),1
1640594274,5813055162,NotPrimary,1
1640594274,5813056072,LH(R),1
1640594274,5813071409,AL(R),1
1640594274,5901222910,LH(R),1
1661769627,636789080,AL(R),6
1661769627,662776660,AL(R),1
1661769627,666818300,AL(R),1
1661769627,694834412,AL(R),8
1661769627,726207450,AL(R),6
1661769627,788945049,AL(R),1
1661769627,850708783,AL(R),1
1661769627,850717220,AL(R),2
1661769627,1037293275,AL(R),20
1661769627,1037293275,VES(R),2
1661769627,1099911913,AL(R),1
1661769627,1102334088,AL(R),1
1661769627,1316245799,AL(R),1
1661769627,1322012611,AL(R),2
1661769627,1442819296,AL(R),5
1661769627,1733677514,AL(R),11
1661769627,1755556277,PLP(R),9
1661769627,1755556277,AL(R),2
1661769627,1755556277,WED(R),2
1661769627,1755556277,NotPrimary,2
1661769627,1762674761,AL(R),1
1661769627,1788300760,AL(R),1
1661769627,1788676257,AL(R),1
1661769627,1788680591,AL(R),12
1661769627,1788680591,WED(R),1
1661769627,1794055377,AL(R),1
1661769627,1818307672,AL(R),3
1661769627,1825440160,SAD,1
1661769627,1850024931,AL(R),6
1661769627,1850711304,AL(R),6
1661769627,1857143769,AL(R),1
1661769627,1858901026,AL(R),2
1661769627,1881401277,AL(R),2
1661769627,1883443112,AL(R),2
1661769627,1887872301,AL(R),1
1661769627,1888178718,AL(R),4
1661769627,1912777226,VES(R),1
1661769627,1917188956,AL(R),2
1661769627,1917866877,AL(R),1
1661769627,1944507292,AL(R),1
1661769627,1975878958,AL(R),6
1661769627,2038617453,AL(R),1
1661769627,2065197353,PLP(R),3
1661769627,2065197353,AL(R),2
1661769627,2065197353,WED(R),1
1661769627,2065197353,VES(R),1
1661769627,2065197353,LH(R),1
1661769627,2069644133,LH(R),1
1661769627,2100010400,PLP(R),1
1661769627,5813024692,AL(R),2
1661769627,5813054697,AL(R),1
1661769627,5813063239,AL(R),1
1661769627,5813069447,AL(R),2
1661769627,5813077788,AL(R),1
1661769627,5813083723,AL(R),1
1661769627,5901222731,AL(R),9
1670597454,417199910,SLP(R),1
1670597454,730252777,NotPrimary,1
1670597454,1671608112,AL(R),1
1670597454,1727979406,AL(R),5
1670597454,1733677514,AL(R),1
1670597454,1756579280,AL(R),1
1670597454,1794055377,AL(R),4
1670597454,1825085656,AL(R),1
1670597454,2289223313,SLP(R),2
1670597454,5812995298,SLP(R),1
1670597454,5812995298,PLP(R),1
1670597454,5901194250,AL(R),2
1670597454,5901222731,AL(R),1
1670934213,542665377,LH(R),1
1670934213,574037266,LH(R),1
1670934213,577542489,AL(R),5
1670934213,610274029,AL(R),27
1670934213,610274046,AL(R),22
1670934213,632751823,LH(R),1
1670934213,694834412,NotPrimary,1
1670934213,726207450,LH(R),1
1670934213,818983130,LH(R),1
1670934213,1102334088,AL(R),1
1670934213,1504889437,LH(R),1
1670934213,1570685132,AL(R),26
1670934213,1640568102,AL(R),11
1670934213,1640568102,LH(R),1
1670934213,1640594274,AL(R),2
1670934213,1670597454,AL(R),29
1670934213,1671608112,AL(R),33
1670934213,1671952694,AL(R),2
1670934213,1700946301,AL(R),1
1670934213,1700946301,CA(R),1
1670934213,1701299822,AL(R),2
1670934213,1702306047,AL(R),46
1670934213,1723506321,AL(R),1
1670934213,1796818119,LH(R),1
1670934213,1797505019,LH(R),1
1670934213,1825085656,AL(R),1
1670934213,1827516355,LH(R),1
1670934213,1828206773,LH(R),1
1670934213,1888524453,LH(R),2
1670934213,1917866877,AL(R),3
1670934213,1977579449,CA(R),2
1670934213,2010992546,NotPrimary,1
1670934213,5812992942,AL(R),1
1670934213,5812995298,AL(R),22
1670934213,5813069089,NotPrimary,1
1670934213,5901194250,AL(R),7
1670934213,5901194556,AL(R),7
1670969304,329599710,ATL(R),1
1670969304,542634818,AL(R),1
1670969304,573333835,AL(R),4
1670969304,577542489,AL(R),1
1670969304,610274046,AL(R),1
1670969304,630714299,AL(R),1
1670969304,635062078,AL(R),5
1670969304,639276164,AL(R),1
1670969304,662776660,NotPrimary,1
1670969304,697145036,LH(R),1
1670969304,724816115,AL(R),2
1670969304,730252777,NotPrimary,1
1670969304,755518957,AL(R),1
1670969304,788306724,AL(R),1
1670969304,1411784734,AL(R),3
1670969304,1570685257,AL(R),1
1670969304,1570685283,AL(R),2
1670969304,1630051981,AL(R),7
1670969304,1671952694,AL(R),2
1670969304,1672293837,SLP(R),1
1670969304,1693827279,AL(R),1
1670969304,1701325725,AL(R),1
1670969304,1730656082,AL(R),2
1670969304,1733370882,AL(R),2
1670969304,1734420152,AL(R),1
1670969304,1764091241,AL(R),1
1670969304,1827473315,NotPrimary,1
1670969304,5812992942,AL(R),1
1670969304,5813039465,AL(R),2
1670969304,5813055025,AL(R),1
1670973150,542634818,AL(R),18
1670973150,609924156,AL(R),1
1670973150,610274029,AL(R),1
1670973150,639276164,AL(R),1
1670973150,662776660,NotPrimary,1
1670973150,693125078,AL(R),1
1670973150,755518957,AL(R),7
1670973150,1411784734,AL(R),8
1670973150,1630051981,AL(R),12
1670973150,1701325725,AL(R),1
1670973150,1730656082,AL(R),6
1670973150,1733370882,AL(R),1
1670973150,1764091241,AL(R),1
1670973150,1828206773,NotPrimary,1
1670973150,1851389175,AL(R),1
1670973150,1977579449,AL(R),1
1670973150,1977916288,AL(R),2
1670973150,5812995328,AL(R),2
1670973150,5813069532,AL(R),1
1670973150,5901194250,NotPrimary,1
1670973150,5901222910,AL(R),1
1671608112,294792184,AL(R),1
1671608112,542634818,AL(R),4
1671608112,543010474,SLP(R),1
1671608112,574037266,AL(R),2
1671608112,574037266,NotPrimary,1
1671608112,610274029,AL(R),17
1671608112,610274046,AL(R),20
1671608112,635062078,AL(R),1
1671608112,636789080,AL(R),6
1671608112,637462647,AL(R),1
1671608112,698508565,AL(R),2
1671608112,1640594274,AL(R),1
1671608112,1670934213,AL(R),2
1671608112,1671952694,AL(R),2
1671608112,1701299822,AL(R),1
1671608112,1702306047,AL(R),4
1671608112,1702306047,SLP(R),2
1671608112,1702306047,PLP(R),2
1671608112,1702306047,NotPrimary,1
1671608112,1723506321,SLP(R),1
1671608112,1727979406,LH(R),1
1671608112,1727979406,AL(R),1
1671608112,1733370882,AL(R),6
1671608112,1733677514,AL(R),2
1671608112,1759999022,AL(R),1
1671608112,1793403571,AL(R),2
1671608112,1825440160,AL(R),2
1671608112,1850706912,AL(R),1
1671608112,1850711304,AL(R),2
1671608112,1881751117,AL(R),2
1671608112,1882083076,AL(R),3
1671608112,1888178718,AL(R),2
1671608112,1889253763,AL(R),1
1671608112,1917188956,AL(R),1
1671608112,1917866877,AL(R),5
1671608112,1974846717,SLP(R),1
1671608112,2069648663,PLP(R),1
1671608112,5812982656,PLP(R),1
1671608112,5812983069,AL(R),1
1671608112,5812996748,AL(R),1
1671608112,5813024799,AL(R),1
1671608112,5813040515,AL(R),2
1671608112,5813040515,ICL(R),1
1671608112,5813050727,AL(R),1
1671608112,5813055048,AL(R),1
1671608112,5813056072,AL(R),7
1671608112,5813079228,AL(R),1
1671638278,329599710,AL(R),1
1671638278,542634818,AL(R),2
1671638278,573333835,AL(R),2
1671638278,577542489,AL(R),18
1671638278,604031203,AL(R),1
1671638278,609924156,AL(R),4
1671638278,610274046,AL(R),1
1671638278,634707780,AL(R),1
1671638278,635062078,AL(R),6
1671638278,636418270,AL(R),1
1671638278,636789080,AL(R),1
1671638278,639276164,AL(R),3
1671638278,662776660,AL(R),1
1671638278,664814903,AL(R),1
1671638278,666818300,AL(R),4
1671638278,667823920,AL(R),2
1671638278,698569832,AL(R),1
1671638278,722817260,AL(R),2
1671638278,724816115,AL(R),2
1671638278,724816115,LAL(R),1
1671638278,729544359,AL(R),5
1671638278,754534424,AL(R),1
1671638278,754538881,AL(R),1
1671638278,757591093,LH(R),1
1671638278,788940872,AL(R),8
1671638278,788945049,AL(R),1
1671638278,792023887,AL(R),1
1671638278,792024028,AL(R),1
1671638278,823037476,SCL(R),5
1671638278,823037476,AL(R),1
1671638278,823314446,AL(R),3
1671638278,850708902,AL(R),1
1671638278,886812643,AL(R),4
1671638278,977866721,PLP(R),3
1671638278,977866721,AL(R),2
1671638278,977866721,LH(R),2
1671638278,1037293275,AL(R),2
1671638278,1069929827,AL(R),8
1671638278,1099911913,AL(R),1
1671638278,1316245799,AL(R),278
1671638278,1316245799,WED(R),8
1671638278,1316245799,VES(R),6
1671638278,1316245799,SAD,4
1671638278,1316245799,SMP(R),1
1671638278,1316245799,SIP(R),1
1671638278,1316245799,SCL(R),1
1671638278,1316245799,NotPrimary,1
1671638278,1322012611,AL(R),6
1671638278,1411784734,AL(R),1
1671638278,1415825344,AL(R),7
1671638278,1415825344,LH(R),2
1671638278,1415825344,PLP(R),1
1671638278,1415829574,LH(R),3
1671638278,1639243580,AL(R),4
1671638278,1661769627,AL(R),1
1671638278,1671952694,AL(R),17
1671638278,1693486219,AL(R),1
1671638278,1693827279,AL(R),2
1671638278,1700307582,AL(R),5
1671638278,1700937093,AL(R),4
1671638278,1700946301,AL(R),9
1671638278,1733370882,AL(R),2
1671638278,1733677514,AL(R),4
1671638278,1755556277,AL(R),2
1671638278,1762674761,AL(R),8
1671638278,1764091241,AL(R),1
1671638278,1788685103,AL(R),3
1671638278,1788685103,WED(R),1
1671638278,1789013008,AL(R),3
1671638278,1793403571,AL(R),28
1671638278,1793403571,PLP(R),4
1671638278,1793403571,SCL(R),2
1671638278,1793403571,LH(R),1
1671638278,1794055377,AL(R),1
1671638278,1825085656,AL(R),1
1671638278,1825440160,AL(R),2
1671638278,1849683877,AL(R),3
1671638278,1857143769,AL(R),1
1671638278,1881059780,AL(R),3
1671638278,1881401277,AL(R),3
1671638278,1883443112,AL(R),1
1671638278,1886132855,AL(R),3
1671638278,1887163927,AL(R),2
1671638278,1887872301,AL(R),2
1671638278,1888178718,AL(R),24
1671638278,1943812176,AL(R),10
1671638278,1944507292,AL(R),3
1671638278,1975187675,AL(R),2
1671638278,2064165421,AL(R),1
1671638278,2065197353,WED(R),1
1671638278,2069648663,AL(R),1
1671638278,2100010400,AL(R),1
1671638278,2383731281,SLP(R),5
1671638278,2383731281,AL(R),3
1671638278,2383731281,SCL(R),2
1671638278,2383731281,SIP(R),1
1671638278,2383731281,PLP(R),1
1671638278,5812983053,AL(R),1
1671638278,5813000276,AL(R),1
1671638278,5813014622,AL(R),1
1671638278,5813024692,AL(R),6
1671638278,5813034571,AL(R),1
1671638278,5813039465,AL(R),2
1671638278,5813056072,AL(R),2
1671638278,5813069089,AL(R),1
1671638278,5813069532,AL(R),2
1671638278,5813071409,AL(R),1
1671638278,5901194250,AL(R),1
1671952694,577542489,SIP(R),2
1671952694,610274029,SIP(R),3
1671952694,610274046,LH(R),3
1671952694,610274046,SIP(R),1
1671952694,610274046,SMP(R),1
1671952694,639276164,SMP(R),1
1671952694,733316908,LH(R),1
1671952694,788940872,AL(R),1
1671952694,977866721,LH(R),1
1671952694,1316245799,CRE(R),1
1671952694,1411784734,SMP(R),1
1671952694,1700307582,SCL(R),1
1671952694,1755556277,AL(R),3
1671952694,1793403571,AL(R),3
1671952694,1827473315,NotPrimary,1
1671952694,1850024931,NotPrimary,1
1671952694,2383731281,SLP(R),4
1671952694,5812996748,AL(R),1
1671952694,5812996748,NotPrimary,1
1671952694,5813056596,AL(R),1
1672293837,1727979406,AL(R),1
1672293837,1734350788,AL(R),1
1672293837,1943811511,LH(R),1
1672293837,1943811511,SIP(R),1
1692817033,542652506,LH(R),1
1692817033,573333835,NotPrimary,1
1692817033,574032862,LH(R),1
1692817033,606090268,AL(R),1
1692817033,609924156,AL(R),5
1692817033,610274029,AL(R),17
1692817033,610274046,AL(R),26
1692817033,635048729,LH(R),1
1692817033,636789080,LH(R),1
1692817033,697485362,CA(R),1
1692817033,697844568,AL(R),72
1692817033,724816115,LH(R),1
1692817033,729544359,AL(R),2
1692817033,730252777,AL(R),2
1692817033,757556799,AL(R),1
1692817033,762982753,AL(R),5
1692817033,792024028,AL(R),30
1692817033,823314446,LH(R),1
1692817033,851684181,AL(R),15
1692817033,882353566,AL(R),2
1692817033,977866721,AL(R),21
1692817033,1037293275,AL(R),6
1692817033,1102334088,AL(R),15
1692817033,1442819296,LH(R),1
1692817033,1504889437,LH(R),1
1692817033,1539978151,AL(R),14
1692817033,1570685283,LH(R),1
1692817033,1661769627,AL(R),9
1692817033,1671952694,AL(R),1
1692817033,1693486219,AL(R),3
1692817033,1693827279,AL(R),3
1692817033,1700307582,AL(R),2
1692817033,1701299822,AL(R),73
1692817033,1702306047,AL(R),1
1692817033,1727979406,AL(R),3
1692817033,1732313117,AL(R),37
1692817033,1733370882,AL(R),1
1692817033,1733677514,AL(R),5
1692817033,1734420152,LH(R),1
1692817033,1755556277,AL(R),20
1692817033,1756579280,LH(R),1
1692817033,1788300760,AL(R),1
1692817033,1795410644,AL(R),3
1692817033,1797505019,LH(R),1
1692817033,1825440160,AL(R),2
1692817033,1827516355,LH(R),1
1692817033,1849683877,AL(R),1
1692817033,1850706912,AL(R),1
1692817033,1850711304,CA(R),1
1692817033,1856833015,AL(R),8
1692817033,1857143769,AL(R),1
1692817033,1882083076,AL(R),2
1692817033,1916528384,AL(R),7
1692817033,2040344064,AL(R),2
1692817033,2383731281,AL(R),11
1692817033,5812982656,AL(R),2
1692817033,5812983069,AL(R),12
1692817033,5813024601,LH(R),1
1692817033,5813024710,LH(R),2
1692817033,5813024799,AL(R),23
1692817033,5813041247,AL(R),4
1692817033,5813050729,AL(R),2
1692817033,5813050729,CA(R),1
1692817033,5813050729,LH(R),1
1692817033,5813055162,AL(R),1
1692817033,5813055180,AL(R),3
1692817033,5813055180,LH(R),1
1692817033,5813063239,NotPrimary,1
1692817033,5813083723,AL(R),1
1693486219,574374051,AL(R),1
1693486219,606090268,LH(R),2
1693486219,634759240,AL(R),1
1693486219,727855437,LH(R),1
1693486219,762982753,NotPrimary,1
1693486219,763730414,SCL(R),21
1693486219,763730414,PLP(R),10
1693486219,763730414,SMP(R),4
1693486219,763730414,NotPrimary,1
1693486219,819993149,NotPrimary,1
1693486219,850708902,AL(R),4
1693486219,850708902,SCL(R),1
1693486219,850717220,AL(R),1
1693486219,887105351,AL(R),1
1693486219,1099911913,AL(R),3
1693486219,1322012611,AL(R),3
1693486219,1630734360,NotPrimary,1
1693486219,1670934213,AL(R),1
1693486219,1692817033,AL(R),1
1693486219,1701325725,SLP(R),1
1693486219,1723506321,SMP(R),1
1693486219,1765040289,NotPrimary,2
1693486219,1794055377,AL(R),1
1693486219,1827861966,NotPrimary,2
1693486219,1827861966,SCL(R),1
1693486219,1856833015,SMP(R),2
1693486219,1856833015,AL(R),2
1693486219,1856833015,NotPrimary,2
1693486219,1858901026,SCL(R),1
1693486219,1858901026,PLP(R),1
1693486219,1858901026,SLP(R),1
1693486219,1912789965,AL(R),1
1693486219,1916528384,AL(R),1
1693486219,1916528384,NotPrimary,1
1693486219,1943811736,SCL(R),2
1693486219,1975187675,PLP(R),3
1693486219,1975187675,SLP(R),2
1693486219,1975187675,SMP(R),1
1693486219,2166133204,AL(R),2
1693486219,5812982656,PLP(R),31
1693486219,5812982656,SCL(R),15
1693486219,5812982656,SLP(R),9
1693486219,5812982656,LH(R),1
1693486219,5812983053,AL(R),1
1693486219,5812983069,NotPrimary,4
1693486219,5812983069,SCL(R),2
1693486219,5812983069,AL(R),1
1693486219,5812983069,SMP(R),1
1693486219,5813024799,AL(R),1
1693486219,5813040515,AL(R),1
1693486219,5813041247,AL(R),2
1693486219,5813044177,AL(R),2
1693486219,5813056596,AL(R),3
1693486219,5901222731,AL(R),2
1693827279,329599710,AL(R),3
1693827279,577542489,AL(R),2
1693827279,605050789,AL(R),2
1693827279,609924156,AL(R),1
1693827279,610274029,AL(R),2
1693827279,610274046,AL(R),1
1693827279,760250272,AL(R),2
1693827279,788648194,AL(R),1
1693827279,788945049,AL(R),5
1693827279,788945049,LH(R),1
1693827279,791298858,AL(R),1
1693827279,823037476,AL(R),4
1693827279,823314446,AL(R),2
1693827279,976830572,AL(R),1
1693827279,977866721,AL(R),3
1693827279,1570685257,SCL(R),3
1693827279,1640594274,LH(R),1
1693827279,1670969304,AL(R),4
1693827279,1671952694,AL(R),7
1693827279,1700307582,AL(R),2
1693827279,1701299822,AL(R),1
1693827279,1734420152,LH(R),1
1693827279,1734420152,AL(R),1
1693827279,1762674761,AL(R),3
1693827279,1762674761,NotPrimary,1
1693827279,1888178718,AL(R),2
1693827279,2383731281,AL(R),13
1693827279,5813039465,AL(R),2
1693827279,5813041247,AL(R),1
1693827279,5813079228,AL(R),9
1694850602,481268653,LH(R),1
1694850602,542665377,LH(R),3
1694850602,605050789,NotPrimary,1
1694850602,636418270,NotPrimary,1
1694850602,760250511,LH(R),1
1694850602,1570685224,LH(R),1
1694850602,1640594274,LH(R),2
1700307582,542634818,AL(R),1
1700307582,577542489,AL(R),1
1700307582,609924156,AL(R),1
1700307582,610274029,AL(R),24
1700307582,610274029,LH(R),1
1700307582,610274029,SCL(R),1
1700307582,610274046,AL(R),32
1700307582,634379734,AL(R),1
1700307582,635048729,AL(R),1
1700307582,635062078,AL(R),4
1700307582,666818300,AL(R),22
1700307582,666818300,SCL(R),4
1700307582,666818300,LH(R),1
1700307582,693483018,AL(R),1
1700307582,730213826,AL(R),2
1700307582,733316908,PLP(R),1
1700307582,733316908,LH(R),1
1700307582,733316908,SCL(R),1
1700307582,755518957,AL(R),1
1700307582,823037476,SCL(R),1
1700307582,823037476,AL(R),1
1700307582,850708902,AL(R),2
1700307582,886812643,LH(R),2
1700307582,886812643,SCL(R),1
1700307582,1037293275,AL(R),1
1700307582,1102334088,AL(R),7
1700307582,1316245799,AL(R),70
1700307582,1411784734,AL(R),9
1700307582,1415825344,AL(R),2
1700307582,1415829574,AL(R),1
1700307582,1536947502,AL(R),1
1700307582,1630051981,AL(R),1
1700307582,1639243580,AL(R),1
1700307582,1661769627,AL(R),2
1700307582,1671608112,AL(R),1
1700307582,1671638278,AL(R),3
1700307582,1671638278,AVLP(R),1
1700307582,1672293837,AL(R),2
1700307582,1723506321,AL(R),1
1700307582,1733370882,AL(R),8
1700307582,1755556277,AL(R),1
1700307582,1789013008,SAD,1
1700307582,1793403571,AL(R),15
1700307582,1793403571,LH(R),3
1700307582,1793403571,SAD,2
1700307582,1825085656,AL(R),1
1700307582,1856833015,AL(R),1
1700307582,1858901026,SAD,1
1700307582,1888178718,AL(R),27
1700307582,1888178718,SAD,1
1700307582,1912777226,AL(R),1
1700307582,1917866877,NotPrimary,1
1700307582,1977579449,AL(R),25
1700307582,5812995328,AL(R),2
1700307582,5812996003,LH(R),1
1700307582,5813024692,AL(R),1
1700307582,5813056072,AL(R),3
1700307582,5813079228,AL(R),5
1700937093,294792184,AL(R),3
1700937093,542665377,LH(R),1
1700937093,574032862,NotPrimary,1
1700937093,574037281,LH(R),1
1700937093,610274029,AL(R),27
1700937093,610274046,AL(R),32
1700937093,666135689,NotPrimary,1
1700937093,1069929827,LH(R),1
1700937093,1322012611,AL(R),5
1700937093,1322353824,AL(R),4
1700937093,1322353824,LH(R),1
1700937093,1536947502,LH(R),2
1700937093,1570685132,AL(R),2
1700937093,1670597454,AL(R),1
1700937093,1670934213,AL(R),1
1700937093,1671608112,AL(R),7
1700937093,1671638278,AL(R),2
1700937093,1671952694,AL(R),2
1700937093,1700946301,AL(R),20
1700937093,1700946301,LH(R),3
1700937093,1700946301,NotPrimary,1
1700937093,1701299822,AL(R),34
1700937093,1701325725,LH(R),1
1700937093,1702306047,AL(R),4
1700937093,1703683361,NotPrimary,1
1700937093,1732313117,AL(R),27
1700937093,1733677514,AL(R),5
1700937093,1764091241,CA(R),1
1700937093,1850711304,CA(R),1
1700937093,1857143769,AL(R),1
1700937093,1858901026,NotPrimary,1
1700937093,1881751117,CA(R),1
1700937093,1888178718,AL(R),6
1700937093,5812995298,AL(R),4
1700937093,5812996748,AL(R),3
1700937093,5813024692,AL(R),97
1700937093,5813045696,LH(R),2
1700937093,5813071369,LH(R),1
1700937093,5813071409,AL(R),5
1700937093,5901194250,AL(R),7
1700946301,294792184,AL(R),2
1700946301,542665377,LH(R),2
1700946301,574032862,NotPrimary,1
1700946301,574374051,LH(R),1
1700946301,610274029,AL(R),33
1700946301,610274046,AL(R),48
1700946301,636789080,NotPrimary,1
1700946301,666135689,NotPrimary,1
1700946301,1322353841,AL(R),3
1700946301,1415829574,AL(R),1
1700946301,1447201088,LH(R),1
1700946301,1570685132,AL(R),4
1700946301,1640568102,LH(R),1
1700946301,1640594274,CA(R),1
1700946301,1670934213,AL(R),2
1700946301,1671608112,AL(R),10
1700946301,1671952694,AL(R),10
1700946301,1700937093,AL(R),15
1700946301,1700937093,NotPrimary,3
1700946301,1700937093,LH(R),2
1700946301,1701299822,AL(R),40
1700946301,1701325725,LH(R),1
1700946301,1702306047,AL(R),5
1700946301,1703683361,NotPrimary,1
1700946301,1732313117,AL(R),29
1700946301,1733677514,AL(R),7
1700946301,1795410644,AL(R),1
1700946301,1825085656,AL(R),1
1700946301,1856833015,AL(R),1
1700946301,1857143769,AL(R),1
1700946301,1888178718,AL(R),3
1700946301,1917188956,AL(R),1
1700946301,5812983069,AL(R),1
1700946301,5812995298,AL(R),3
1700946301,5812996748,AL(R),5
1700946301,5813024692,AL(R),108
1700946301,5813024710,AL(R),1
1701299822,577542489,AL(R),3
1701299822,610274029,LH(R),16
1701299822,610274029,PLP(R),5
1701299822,610274029,AL(R),5
1701299822,610274029,SCL(R),1
1701299822,610274046,LH(R),17
1701299822,610274046,AL(R),6
1701299822,635062078,AL(R),2
1701299822,639276164,AL(R),1
1701299822,664814903,LH(R),2
1701299822,693483018,AL(R),2
1701299822,730213826,AL(R),1
1701299822,757556799,PLP(R),3
1701299822,757556799,LH(R),2
1701299822,788940872,AL(R),1
1701299822,792616185,AL(R),2
1701299822,850708783,AL(R),1
1701299822,851684181,AL(R),1
1701299822,947513805,LH(R),10
1701299822,947513805,AL(R),6
1701299822,947513805,PLP(R),1
1701299822,1037293275,AL(R),24
1701299822,1070613107,LH(R),4
1701299822,1070613107,AL(R),3
1701299822,1102334088,AL(R),1
1701299822,1316245799,AL(R),4
1701299822,1322353714,LH(R),26
1701299822,1322353714,AL(R),18
1701299822,1415829574,LH(R),1
1701299822,1630734360,AL(R),1
1701299822,1640594274,AL(R),2
1701299822,1671608112,AL(R),16
1701299822,1671638278,AL(R),1
1701299822,1671952694,AL(R),3
1701299822,1700307582,AL(R),10
1701299822,1700307582,LH(R),1
1701299822,1702306047,AL(R),15
1701299822,1702306047,PLP(R),1
1701299822,1733370882,AL(R),2
1701299822,1733677514,AL(R),18
1701299822,1755556277,AL(R),1
1701299822,1756579280,AL(R),1
1701299822,1765415970,AL(R),1
1701299822,1788300760,AL(R),1
1701299822,1788680591,AL(R),1
1701299822,1794055377,AL(R),2
1701299822,1794055377,SCL(R),1
1701299822,1825440160,AL(R),1
1701299822,1850706912,AL(R),1
1701299822,1858901026,AL(R),1
1701299822,1881751117,AL(R),1
1701299822,1912789965,PLP(R),1
1701299822,1917188956,AL(R),1
1701299822,1917866877,AL(R),3
1701299822,1944502935,AL(R),1
1701299822,1944502935,PLP(R),1
1701299822,1975187675,SCL(R),1
1701299822,2069648663,AL(R),1
1701299822,2289223313,AL(R),1
1701299822,5812996748,AL(R),1
1701299822,5813024692,AL(R),2
1701299822,5813034081,AL(R),1
1701299822,5813054911,AL(R),2
1701299822,5813056072,AL(R),1
1701299822,5813071409,LH(R),17
1701299822,5813071409,AL(R),13
1701299822,5813083723,AL(R),1
1701325725,693125078,LH(R),1
1701325725,724816115,LH(R),1
1701325725,1889253785,LH(R),1
1701325725,5813054697,LH(R),1
1701325725,5813055025,LH(R),1
1702306047,574037266,AL(R),1
1702306047,606090268,AL(R),1
1702306047,610274029,AL(R),2
1702306047,693483018,AL(R),2
1702306047,698508565,AL(R),1
1702306047,759922408,AL(R),3
1702306047,886812643,SLP(R),1
1702306047,1609542060,AL(R),1
1702306047,1639243580,AL(R),1
1702306047,1640568102,AL(R),2
1702306047,1640594274,AL(R),2
1702306047,1670934213,AL(R),5
1702306047,1671608112,AL(R),1
1702306047,1671608112,SLP(R),1
1702306047,1671608112,NotPrimary,1
1702306047,1700937093,AL(R),1
1702306047,1701299822,AL(R),1
1702306047,1723506321,AL(R),1
1702306047,1727979406,AL(R),3
1702306047,1733677514,AL(R),1
1702306047,1796818119,AL(R),1
1702306047,1850711304,AL(R),1
1702306047,1881751117,AL(R),1
1702306047,1917866877,AL(R),1
1702306047,1917866877,PLP(R),1
1702306047,2064165421,AL(R),1
1702306047,5813024692,AL(R),1
1702306047,5813044177,PLP(R),1
1703683361,610274029,AL(R),7
1703683361,610274046,AL(R),8
1703683361,636789080,NotPrimary,3
1703683361,664814903,LH(R),1
1703683361,666135689,LH(R),7
1703683361,666135689,SLP(R),5
1703683361,666135689,NotPrimary,5
1703683361,666135689,AL(R),1
1703683361,666135689,PLP(R),1
1703683361,886812643,AL(R),1
1703683361,1609883245,LH(R),1
1703683361,1630051981,NotPrimary,2
1703683361,1693486219,AL(R),1
1703683361,1700307582,AL(R),1
1703683361,1700937093,LH(R),1
1703683361,1700937093,NotPrimary,1
1703683361,1700946301,NotPrimary,1
1703683361,1727979406,CA(R),1
1703683361,1727979406,NotPrimary,1
1703683361,1733370882,AL(R),1
1703683361,1858171399,NotPrimary,1
1703683361,1882083076,NotPrimary,1
1703683361,1943812176,NotPrimary,1
1703683361,5813055180,NotPrimary,1
1703683361,5813055184,AL(R),1
1703683361,5813083723,PLP(R),1
1723506321,542634818,AL(R),1
1723506321,698508565,AL(R),1
1723506321,975457916,AL(R),1
1723506321,1037293275,AL(R),1
1723506321,1102334088,AL(R),2
1723506321,1447205602,AL(R),1
1723506321,1639234609,SCL(R),1
1723506321,1671952694,AL(R),1
1723506321,1733677514,AL(R),2
1723506321,1858901026,AL(R),1
1723506321,1888178718,AL(R),2
1723506321,1917866877,AL(R),19
1723506321,1917866877,SAD,2
1723506321,1975878958,AL(R),5
1723506321,2064165421,AL(R),1
1723506321,5812982656,SCL(R),2
1723506321,5813024692,AL(R),1
1723506321,5813050727,AL(R),1
1723506321,5813056072,AL(R),1
1723506321,5813056596,AL(R),1
1723506321,5813083723,SAD,1
1727979406,417199910,AL(R),1
1727979406,577542489,AL(R),3
1727979406,610274029,AL(R),3
1727979406,610274029,NotPrimary,1
1727979406,634759240,AL(R),1
1727979406,635062078,CA(R),1
1727979406,664814903,PLP(R),1
1727979406,664814903,SCL(R),1
1727979406,666818300,AL(R),1
1727979406,724816115,AL(R),1
1727979406,729544359,AL(R),1
1727979406,733316908,AL(R),1
1727979406,757556799,LH(R),4
1727979406,757556799,PLP(R),3
1727979406,757556799,AL(R),1
1727979406,759922408,AL(R),2
1727979406,788940872,AL(R),4
1727979406,792023887,SCL(R),1
1727979406,819993149,AL(R),1
1727979406,824353701,LH(R),1
1727979406,887105351,AL(R),1
1727979406,948834414,LH(R),1
1727979406,948834414,PLP(R),1
1727979406,975457916,LH(R),1
1727979406,975457916,AL(R),1
1727979406,976830572,AL(R),8
1727979406,977866721,LH(R),3
1727979406,1037293275,AL(R),21
1727979406,1070613107,LH(R),1
1727979406,1070613107,AL(R),1
1727979406,1099911913,LH(R),2
1727979406,1099911913,AL(R),1
1727979406,1102334088,AL(R),4
1727979406,1322012611,LH(R),1
1727979406,1322353714,AL(R),1
1727979406,1411784734,AL(R),1
1727979406,1415825344,AL(R),2
1727979406,1415825344,PLP(R),1
1727979406,1447201088,AL(R),1
1727979406,1536947502,NotPrimary,2
1727979406,1630734360,AL(R),1
1727979406,1639234609,AL(R),1
1727979406,1639243580,LH(R),1
1727979406,1671608112,AL(R),5
1727979406,1671952694,AL(R),1
1727979406,1692817033,AL(R),1
1727979406,1701299822,AL(R),1
1727979406,1701299822,LH(R),1
1727979406,1702306047,AL(R),4
1727979406,1703683361,AL(R),1
1727979406,1703683361,NotPrimary,1
1727979406,1723506321,AL(R),1
1727979406,1733370882,AL(R),2
1727979406,1733677514,AL(R),29
1727979406,1733677514,NotPrimary,1
1727979406,1755556277,AL(R),3
1727979406,1788680591,AL(R),1
1727979406,1794055377,AL(R),7
1727979406,1794055377,SCL(R),1
1727979406,1795410644,AL(R),1
1727979406,1825085656,AL(R),2
1727979406,1825085656,SCL(R),1
1727979406,1825440160,AL(R),6
1727979406,1827861966,AL(R),4
1727979406,1856833015,AL(R),2
1727979406,1857148391,AL(R),1
1727979406,1881401277,AL(R),1
1727979406,1886132855,AL(R),2
1727979406,1887163927,NotPrimary,1
1727979406,1888178718,AL(R),1
1727979406,1912435859,LH(R),1
1727979406,1912789965,AL(R),1
1727979406,1917188956,AL(R),2
1727979406,1917866877,AL(R),26
1727979406,1943812176,LH(R),1
1727979406,1943812176,SLP(R),1
1727979406,2289223313,AL(R),1
1727979406,5812982656,SCL(R),1
1727979406,5812982656,LH(R),1
1727979406,5812983053,AL(R),5
1727979406,5812983069,SCL(R),1
1727979406,5813014622,AL(R),1
1727979406,5813024601,AL(R),1
1727979406,5813024692,AL(R),4
1727979406,5813040515,CA(R),1
1727979406,5813041247,LH(R),1
1727979406,5813041247,AL(R),1
1727979406,5813054911,AL(R),1
1727979406,5813056596,CA(R),1
1727979406,5813071369,AL(R),1
1727979406,5813083723,AL(R),1
1727979406,5901222731,AL(R),5
1730656082,573669915,AL(R),1
1730656082,610274029,SMP(R),1
1730656082,1672293837,SIP(R),1
1730656082,1977579449,AL(R),2
1730656082,5812995328,CRE(R),2
1732313117,577542489,AL(R),1
1732313117,577542489,NotPrimary,1
1732313117,609924156,AL(R),2
1732313117,792023887,AL(R),1
1732313117,882353566,AL(R),2
1732313117,1316245799,AL(R),1
1732313117,1411784734,NotPrimary,1
1732313117,1539978151,AL(R),1
1732313117,1630051981,AL(R),2
1732313117,1692817033,AL(R),27
1732313117,1693827279,AL(R),1
1732313117,1700937093,AL(R),10
1732313117,1700946301,AL(R),11
1732313117,1733370882,AL(R),9
1732313117,1733677514,AL(R),3
1732313117,1762674761,AL(R),1
1732313117,1765415970,LH(R),1
1732313117,1795410644,SCL(R),1
1732313117,1825440160,AL(R),4
1732313117,1828206773,AL(R),1
1732313117,1850706912,AL(R),1
1732313117,1856833015,AL(R),1
1732313117,1882083076,AL(R),2
1732313117,1889253785,AL(R),1
1732313117,2383731281,AL(R),1
1732313117,5813024692,AL(R),3
1732313117,5813024710,AL(R),1
1732313117,5813039471,AL(R),1
1732313117,5813050729,AL(R),2
1732313117,5813055048,AL(R),1
1732313117,5813055162,AL(R),1
1732313117,5813055180,AL(R),3
1732313117,5813056072,LH(R),1
1733370882,542634818,AL(R),1
1733370882,573333835,AL(R),1
1733370882,573669915,AL(R),1
1733370882,606090268,AL(R),2
1733370882,610274029,AL(R),1
1733370882,635062078,AL(R),14
1733370882,636789080,AL(R),3
1733370882,637462647,AL(R),1
1733370882,663787020,AL(R),1
1733370882,698508565,AL(R),2
1733370882,727855437,AL(R),1
1733370882,788940872,AL(R),1
1733370882,792024028,AL(R),1
1733370882,850708902,AL(R),2
1733370882,886812643,AL(R),1
1733370882,1037293275,AL(R),4
1733370882,1102334088,AL(R),11
1733370882,1102334088,VES(R),1
1733370882,1316245799,AL(R),1
1733370882,1415829574,AL(R),1
1733370882,1609883245,AL(R),1
1733370882,1630051981,AL(R),2
1733370882,1630734360,AL(R),1
1733370882,1640568102,AL(R),1
1733370882,1640594274,AL(R),1
1733370882,1671608112,AL(R),4
1733370882,1671952694,AL(R),1
1733370882,1692817033,AL(R),1
1733370882,1693486219,AL(R),1
1733370882,1700307582,AL(R),1
1733370882,1723506321,AL(R),1
1733370882,1727979406,AL(R),6
1733370882,1733677514,AL(R),2
1733370882,1734420152,AL(R),1
1733370882,1755556277,AL(R),1
1733370882,1827861966,AL(R),2
1733370882,1828206773,AL(R),4
1733370882,1850706912,AL(R),2
1733370882,1851393805,AL(R),1
1733370882,1857148391,AL(R),1
1733370882,1882083076,AL(R),2
1733370882,1888178718,AL(R),1
1733370882,1889253785,AL(R),1
1733370882,1914823337,AL(R),1
1733370882,1917866877,AL(R),2
1733370882,1975878958,AL(R),1
1733370882,1977579449,AL(R),4
1733370882,2064165421,AL(R),4
1733370882,5812982656,AL(R),1
1733370882,5813024692,AL(R),2
1733370882,5813038889,AL(R),1
1733370882,5813054911,AL(R),1
1733370882,5813055048,AL(R),3
1733370882,5813056072,AL(R),1
1733370882,5813071409,AL(R),1
1733370882,5901222731,AL(R),8
1733677514,574032862,AL(R),1
1733677514,574037266,AL(R),2
1733677514,574037281,AL(R),1
1733677514,577542489,AL(R),5
1733677514,603785283,AL(R),5
1733677514,603785283,SMP(R),3
1733677514,603785283,SCL(R),2
1733677514,603785283,VES(R),1
1733677514,606090268,AL(R),3
1733677514,610274029,AL(R),3
1733677514,610274046,AL(R),2
1733677514,634759240,AL(R),5
1733677514,663432544,AL(R),6
1733677514,663787020,CA(R),3
1733677514,663787020,SCL(R),1
1733677514,693483018,AL(R),3
1733677514,757258507,AL(R),1
1733677514,757591093,AL(R),2
1733677514,763730414,PLP(R),1
1733677514,763730414,SCL(R),1
1733677514,788940872,AL(R),2
1733677514,850717220,SMP(R),6
1733677514,850717220,SCL(R),2
1733677514,850717220,AL(R),1
1733677514,886812643,AL(R),1
1733677514,887105351,AL(R),1
1733677514,977866721,AL(R),1
1733677514,1037293275,PLP(R),3
1733677514,1037293275,AL(R),1
1733677514,1037293275,SLP(R),1
1733677514,1070613107,AL(R),1
1733677514,1102334088,AL(R),5
1733677514,1316245799,AL(R),3
1733677514,1322012611,AL(R),1
1733677514,1411784734,AL(R),1
1733677514,1415825344,AL(R),1
1733677514,1609542060,AL(R),2
1733677514,1609883245,AL(R),2
1733677514,1630734360,AL(R),2
1733677514,1639234609,AL(R),6
1733677514,1639243580,AL(R),4
1733677514,1639243580,PLP(R),1
1733677514,1639243580,SCL(R),1
1733677514,1640568102,AL(R),2
1733677514,1661769627,AL(R),1
1733677514,1670934213,AL(R),1
1733677514,1671608112,AL(R),2
1733677514,1671952694,AL(R),4
1733677514,1700307582,AL(R),5
1733677514,1700937093,AL(R),2
1733677514,1700946301,AL(R),4
1733677514,1701299822,PLP(R),12
1733677514,1701299822,LH(R),5
1733677514,1701299822,AL(R),1
1733677514,1702306047,SLP(R),1
1733677514,1727979406,AL(R),2
1733677514,1727979406,CA(R),1
1733677514,1733370882,AL(R),3
1733677514,1734350908,AL(R),1
1733677514,1755556097,CA(R),5
1733677514,1755556097,SCL(R),1
1733677514,1755556097,AL(R),1
1733677514,1755556277,AL(R),1
1733677514,1764091241,AL(R),1
1733677514,1788300760,AL(R),12
1733677514,1788685103,AL(R),1
1733677514,1793403571,PLP(R),3
1733677514,1794055377,AL(R),14
1733677514,1825440160,AL(R),84
1733677514,1825440160,VES(R),3
1733677514,1850711304,AL(R),1
1733677514,1851061177,AL(R),2
1733677514,1857143769,AL(R),1
1733677514,1858171399,AL(R),1
1733677514,1858901026,NotPrimary,1
1733677514,1881401277,AL(R),1
1733677514,1881751117,AL(R),1
1733677514,1883443112,AL(R),3
1733677514,1883443112,VES(R),2
1733677514,1883443112,PLP(R),1
1733677514,1888178718,AL(R),29
1733677514,1889883818,AL(R),1
1733677514,1912435859,PLP(R),1
1733677514,1912777226,SCL(R),1
1733677514,1912777226,AL(R),1
1733677514,1912789965,AL(R),3
1733677514,1944507292,AL(R),2
1733677514,1974846717,AL(R),1
1733677514,1975187554,PLP(R),1
1733677514,1975187675,AL(R),1
1733677514,2069648663,SCL(R),1
1733677514,2166133204,AL(R),3
1733677514,5812992942,AL(R),1
1733677514,5813000276,AL(R),1
1733677514,5813024601,AL(R),7
1733677514,5813038889,AL(R),1
1733677514,5813039471,AL(R),1
1733677514,5813040515,CA(R),3
1733677514,5813040515,AL(R),1
1733677514,5813040515,SCL(R),1
1733677514,5813044177,AL(R),1
1733677514,5813054697,AL(R),9
1733677514,5813055180,AL(R),1
1733677514,5813055184,AL(R),2
1733677514,5813063239,AL(R),2
1733677514,5813069089,AL(R),1
1733677514,5813069447,AL(R),1
1733677514,5813070872,AL(R),1
1733677514,5813071369,AL(R),3
1733677514,5813077788,AL(R),4
1733677514,5813083723,AL(R),2
1733677514,5901194250,AL(R),1
1733677514,5901194556,AL(R),1
1733677514,5901222731,AL(R),5
1734350788,574032862,LH(R),1
1734350788,610274029,AL(R),5
1734350788,610274046,AL(R),3
1734350788,722817260,AL(R),4
1734350788,722817260,NotPrimary,1
1734350788,729544359,AL(R),2
1734350788,733316908,LH(R),40
1734350788,733316908,AL(R),21
1734350788,754534424,AL(R),6
1734350788,754538881,AL(R),3
1734350788,757258507,AL(R),1
1734350788,757591093,AL(R),2
1734350788,792024028,AL(R),2
1734350788,851684181,AL(R),8
1734350788,856071065,LH(R),8
1734350788,886812643,AL(R),12
1734350788,887105351,LH(R),7
1734350788,1536947502,NotPrimary,1
1734350788,1609542060,LH(R),4
1734350788,1609542060,AL(R),4
1734350788,1609542060,NotPrimary,1
1734350788,1609883245,AL(R),3
1734350788,1609883245,LH(R),1
1734350788,1640568102,AL(R),1
1734350788,1672293837,AL(R),9
1734350788,1702306047,AL(R),1
1734350788,1734350908,AL(R),1
1734350788,1765040289,AL(R),6
1734350788,1765415970,AL(R),1
1734350788,1827473315,AL(R),3
1734350788,1857143769,AL(R),1
1734350788,1888178718,AL(R),2
1734350788,1943811511,AL(R),2
1734350788,5813014622,AL(R),1
1734350788,5813039315,AL(R),3
1734350788,5813039315,LH(R),1
1734350788,5813039315,NotPrimary,1
1734350788,5813055048,NotPrimary,1
1734350788,5813069089,CA(R),1
1734350908,577542489,AL(R),1
1734350908,610274029,AL(R),2
1734350908,610274046,AL(R),2
1734350908,722817260,LH(R),2
1734350908,729544359,AL(R),2
1734350908,733316908,LH(R),37
1734350908,733316908,AL(R),24
1734350908,754534424,LH(R),3
1734350908,754534424,AL(R),1
1734350908,754538881,LH(R),4
1734350908,792023887,AL(R),2
1734350908,792024028,AL(R),5
1734350908,851684181,AL(R),9
1734350908,856071065,LH(R),3
1734350908,886812643,AL(R),30
1734350908,887105351,LH(R),7
1734350908,1037293275,AL(R),1
1734350908,1102334088,AL(R),1
1734350908,1415825344,AL(R),1
1734350908,1609542060,LH(R),1
1734350908,1609883245,LH(R),3
1734350908,1671952694,AL(R),1
1734350908,1672293837,AL(R),8
1734350908,1733677514,AL(R),2
1734350908,1734350788,LH(R),2
1734350908,1734350788,AL(R),2
1734350908,1765040289,AL(R),1
1734350908,1943811511,AL(R),2
1734350908,1977579449,CA(R),1
1734350908,5813039315,AL(R),2
1734420152,573333835,LH(R),1
1734420152,577542489,AL(R),1
1734420152,605050789,AL(R),1
1734420152,610274029,AL(R),14
1734420152,610274046,AL(R),7
1734420152,724816115,AL(R),4
1734420152,760250272,AL(R),2
1734420152,788648194,AL(R),1
1734420152,788648194,LH(R),1
1734420152,788945049,AL(R),15
1734420152,788945049,NotPrimary,1
1734420152,823037476,AL(R),2
1734420152,977866721,AL(R),1
1734420152,1670969304,AL(R),1
1734420152,1671952694,AL(R),1
1734420152,1693827279,AL(R),13
1734420152,1700307582,AL(R),1
1734420152,1701299822,AL(R),3
1734420152,1733677514,AL(R),1
1734420152,1762674761,AL(R),1
1734420152,1762674761,NotPrimary,1
1734420152,1886132855,AL(R),1
1734420152,2383731281,AL(R),13
1734420152,5813038793,AL(R),13
1734420152,5813039465,AL(R),8
1734420152,5813039465,LH(R),1
1734420152,5813039465,NotPrimary,1
1734420152,5813079228,AL(R),5
1755556097,417199910,AL(R),3
1755556097,509626405,AL(R),3
1755556097,543010474,AL(R),1
1755556097,543010474,SCL(R),1
1755556097,603785283,AL(R),4
1755556097,610274029,AL(R),1
1755556097,663432544,AL(R),63
1755556097,663787020,LH(R),14
1755556097,663787020,PLP(R),11
1755556097,663787020,CA(R),9
1755556097,663787020,SCL(R),5
1755556097,663787020,SLP(R),1
1755556097,664814903,SCL(R),14
1755556097,664814903,CA(R),10
1755556097,664814903,LH(R),9
1755556097,664814903,PLP(R),5
1755556097,664814903,SLP(R),1
1755556097,698508565,SCL(R),1
1755556097,757556799,LH(R),2
1755556097,819993149,AL(R),2
1755556097,850375847,NotPrimary,1
1755556097,850703925,AL(R),3
1755556097,850708902,AL(R),1
1755556097,850708902,CA(R),1
1755556097,850717220,AL(R),2
1755556097,850717220,SMP(R),1
1755556097,850717220,NotPrimary,1
1755556097,1037293275,AL(R),38
1755556097,1322353714,AL(R),1
1755556097,1630734360,AL(R),2
1755556097,1661769627,AL(R),3
1755556097,1671608112,AL(R),12
1755556097,1701299822,AL(R),22
1755556097,1702306047,AL(R),11
1755556097,1733677514,AL(R),25
1755556097,1755556277,AL(R),1
1755556097,1788676257,AL(R),1
1755556097,1788680591,AL(R),6
1755556097,1788685103,AL(R),1
1755556097,1825085656,CA(R),1
1755556097,1825085656,NotPrimary,1
1755556097,1881401277,AL(R),1
1755556097,1883443112,AL(R),6
1755556097,1943811736,SCL(R),3
1755556097,1943811736,LH(R),2
1755556097,1943811736,PLP(R),1
1755556097,1975187675,SCL(R),1
1755556097,1975187675,LH(R),1
1755556097,1975187675,AL(R),1
1755556097,2065197353,AL(R),1
1755556097,2069644133,AL(R),2
1755556097,2100010400,AL(R),1
1755556097,2166133204,NotPrimary,1
1755556097,5812982656,SCL(R),2
1755556097,5812982656,AL(R),1
1755556097,5812982656,NotPrimary,1
1755556097,5812996748,AL(R),1
1755556097,5813024692,AL(R),1
1755556097,5813024692,SCL(R),1
1755556097,5813040515,AL(R),1
1755556097,5813040515,LH(R),1
1755556097,5813044177,AL(R),1
1755556097,5813050727,NotPrimary,1
1755556097,5813077788,LH(R),2
1755556097,5813083723,AL(R),8
1755556097,5813083723,SCL(R),1
1755556277,603785283,AL(R),1
1755556277,610274046,AL(R),1
1755556277,634759240,AL(R),1
1755556277,694834412,AL(R),4
1755556277,726207450,AL(R),3
1755556277,788940872,AL(R),2
1755556277,850708783,AL(R),2
1755556277,975457916,AL(R),1
1755556277,977866721,AL(R),1
1755556277,1037293275,AL(R),7
1755556277,1225100939,AL(R),1
1755556277,1661769627,PLP(R),8
1755556277,1661769627,WED(R),4
1755556277,1661769627,SAD,1
1755556277,1733677514,AL(R),5
1755556277,1733677514,VES(R),1
1755556277,1788680591,AL(R),14
1755556277,1788685103,AL(R),1
1755556277,1789013008,AL(R),2
1755556277,1825440160,WED(R),6
1755556277,1850706912,AL(R),1
1755556277,1857143769,AL(R),2
1755556277,1881401277,AL(R),1
1755556277,1887872301,AL(R),1
1755556277,1888178718,AL(R),1
1755556277,1888178718,VES(R),1
1755556277,1943812176,AL(R),1
1755556277,1975187554,AL(R),1
1755556277,1975878958,AL(R),2
1755556277,2038617453,AL(R),1
1755556277,2065197353,PLP(R),3
1755556277,2065197353,AL(R),2
1755556277,2065197353,LH(R),1
1755556277,2069644133,AL(R),1
1755556277,2069644133,PLP(R),1
1755556277,5813024601,AL(R),1
1755556277,5813063239,AL(R),1
1755556277,5901222731,AL(R),5
1756579280,577542489,AL(R),4
1756579280,610274046,AL(R),12
1756579280,636418270,LH(R),1
1756579280,724816115,LH(R),1
1756579280,724816115,AL(R),1
1756579280,788648194,AL(R),4
1756579280,788945049,AL(R),3
1756579280,792616185,AL(R),4
1756579280,823314446,AL(R),16
1756579280,977866721,AL(R),10
1756579280,1069929827,AL(R),3
1756579280,1411784734,AL(R),1
1756579280,1671952694,AL(R),3
1756579280,1700307582,AL(R),5
1756579280,1701299822,AL(R),10
1756579280,1762674761,AL(R),1
1756579280,1793014716,AL(R),5
1756579280,1793351401,AL(R),10
1756579280,1793351401,LH(R),6
1756579280,5813024710,AL(R),10
1756579280,5813038793,AL(R),1
1756579280,5813079228,AL(R),1
1759999022,542634818,AL(R),9
1759999022,573333835,AL(R),2
1759999022,635062078,AL(R),8
1759999022,724816115,AL(R),1
1759999022,823037476,AL(R),1
1759999022,1069929827,AL(R),1
1759999022,1411784734,AL(R),1
1759999022,1694850602,AL(R),1
1759999022,5812995328,AL(R),1
1759999022,5813069532,SIP(R),1
1759999022,5813079228,AL(R),1
1762674761,577542489,AL(R),1
1762674761,788945049,AL(R),4
1762674761,788945049,LH(R),2
1762674761,977866721,LH(R),5
1762674761,977866721,AL(R),2
1762674761,1415829574,SCL(R),1
1762674761,1570685257,LH(R),1
1762674761,1661769627,AL(R),3
1762674761,1671638278,AL(R),1
1762674761,1755556277,AL(R),3
1762674761,1849684319,LH(R),1
1762674761,1857143769,AL(R),1
1762674761,1886132855,AL(R),2
1762674761,1889883818,LH(R),2
1762674761,1944507292,AL(R),1
1762674761,2383731281,AL(R),4
1762674761,2383731281,LH(R),2
1762674761,5812996003,LH(R),1
1762674761,5813041247,LH(R),2
1762674761,5813069089,AL(R),2
1762674761,5813077788,SCL(R),1
1764091241,294792184,AL(R),1
1764091241,541632990,AL(R),1
1764091241,542665377,LH(R),4
1764091241,604726283,LH(R),1
1764091241,610274029,AL(R),15
1764091241,610274046,AL(R),14
1764091241,635062078,LH(R),2
1764091241,666818300,LH(R),1
1764091241,693125078,NotPrimary,1
1764091241,694834412,NotPrimary,1
1764091241,697132371,NotPrimary,2
1764091241,697132371,LH(R),1
1764091241,727472481,NotPrimary,1
1764091241,788306624,AL(R),6
1764091241,788306624,LH(R),3
1764091241,1447205602,AL(R),8
1764091241,1570685257,AL(R),1
1764091241,1670969304,AL(R),1
1764091241,1701299822,AL(R),1
1764091241,1701325725,AL(R),2
1764091241,1733370882,AL(R),1
1764091241,1733677514,AL(R),1
1764091241,1851393805,NotPrimary,2
1764091241,1889253785,CA(R),1
1764091241,1914823337,LH(R),1
1764091241,5813039235,LH(R),2
1764091241,5813039235,AL(R),1
1764091241,5813039235,NotPrimary,1
1764091241,5813050727,CA(R),1
1764091241,5813054697,NotPrimary,1
1764091241,5813055025,LH(R),1
1764091241,5813055147,NotPrimary,1
1764091241,5813070872,AL(R),3
1764091241,5813070872,NotPrimary,1
1764091241,5813071409,AL(R),1
1764091241,5901222910,AL(R),2
1764091241,5901222910,LH(R),1
1764091241,5901222910,CA(R),1
1765040289,577542489,AL(R),1
1765040289,610274029,AL(R),13
1765040289,610274046,AL(R),4
1765040289,636789080,CA(R),1
1765040289,722817260,AL(R),1
1765040289,729544359,AL(R),1
1765040289,733316908,AL(R),27
1765040289,733316908,LH(R),2
1765040289,754534424,AL(R),5
1765040289,754538881,NotPrimary,2
1765040289,757258507,AL(R),2
1765040289,757591093,AL(R),1
1765040289,757591093,LH(R),1
1765040289,788940872,AL(R),1
1765040289,792024028,AL(R),2
1765040289,851684181,AL(R),9
1765040289,886812643,AL(R),40
1765040289,1102334088,AL(R),2
1765040289,1322012611,AL(R),2
1765040289,1411784734,AL(R),1
1765040289,1447201088,LH(R),1
1765040289,1609542060,LH(R),1
1765040289,1609883245,LH(R),1
1765040289,1640594274,LH(R),2
1765040289,1672293837,AL(R),9
1765040289,1733677514,AL(R),2
1765040289,1734350788,AL(R),8
1765040289,1734350908,AL(R),1
1765040289,1755556277,AL(R),2
1765040289,1794055377,AL(R),1
1765040289,1825440160,AL(R),1
1765040289,1827473315,AL(R),8
1765040289,1943811511,AL(R),4
1765040289,5812983069,NotPrimary,1
1765040289,5813024799,AL(R),8
1765040289,5813024799,NotPrimary,3
1765040289,5813050729,NotPrimary,7
1765040289,5813079228,AL(R),10
1765040289,5813090752,AL(R),2
1765415970,610274029,AL(R),2
1765415970,697145036,AL(R),1
1765415970,697844568,AL(R),1
1765415970,727855437,AL(R),4
1765415970,730252777,AL(R),1
1765415970,788306724,AL(R),1
1765415970,788648194,NotPrimary,1
1765415970,851684181,AL(R),1
1765415970,1316245799,AL(R),1
1765415970,1536947502,AL(R),1
1765415970,1570685283,AL(R),1
1765415970,1671952694,AL(R),2
1765415970,1692817033,AL(R),1
1765415970,1701325725,AL(R),3
1765415970,1732313117,NotPrimary,1
1765415970,1733370882,AL(R),9
1765415970,1733677514,AL(R),4
1765415970,1755556277,AL(R),1
1765415970,1795410644,AL(R),2
1765415970,1825440160,AL(R),3
1765415970,1827473315,LH(R),1
1765415970,1851389175,AL(R),1
1765415970,1856833015,AL(R),1
1765415970,1857825571,AL(R),1
1765415970,1858171399,AL(R),1
1765415970,1889883818,AL(R),1
1765415970,5813024692,AL(R),2
1765415970,5813038889,AL(R),1
1765415970,5813055025,AL(R),1
1765415970,5813055184,AL(R),1
1765415970,5813056596,AL(R),1
1788300760,577542489,AL(R),1
1788300760,610274029,AL(R),4
1788300760,698526273,AL(R),1
1788300760,727472481,NotPrimary,1
1788300760,729544359,AL(R),1
1788300760,733316908,AL(R),2
1788300760,788306724,NotPrimary,2
1788300760,792024028,AL(R),2
1788300760,850375847,LH(R),1
1788300760,851684181,AL(R),1
1788300760,856071065,AL(R),27
1788300760,882353566,AL(R),4
1788300760,886812643,AL(R),4
1788300760,887105351,AL(R),30
1788300760,948834414,AL(R),1
1788300760,977866721,AL(R),5
1788300760,1037293275,AL(R),21
1788300760,1099911913,AL(R),1
1788300760,1102334088,AL(R),9
1788300760,1322012611,AL(R),2
1788300760,1411784734,AL(R),1
1788300760,1539978151,AL(R),1
1788300760,1570685033,AL(R),1
1788300760,1661769627,AL(R),7
1788300760,1671952694,AL(R),3
1788300760,1700307582,AL(R),1
1788300760,1727979406,AL(R),2
1788300760,1733677514,AL(R),40
1788300760,1755556277,AL(R),6
1788300760,1762674761,AL(R),2
1788300760,1765040289,AL(R),1
1788300760,1794055377,AL(R),1
1788300760,1825440160,AL(R),1
1788300760,1827473315,AL(R),3
1788300760,1849684319,LH(R),1
1788300760,1851393805,NotPrimary,1
1788300760,1856833015,AL(R),1
1788300760,1886132855,AL(R),2
1788300760,1887872301,NotPrimary,3
1788300760,1888178718,AL(R),9
1788300760,1914140664,NotPrimary,2
1788300760,1914140664,LH(R),1
1788300760,1914823337,LH(R),1
1788300760,1914823414,LH(R),2
1788300760,1944507292,LH(R),1
1788300760,2010992546,NotPrimary,1
1788300760,5812983069,AL(R),1
1788300760,5813014622,AL(R),1
1788300760,5813024601,AL(R),39
1788300760,5813024601,LH(R),5
1788300760,5813024692,AL(R),2
1788300760,5813024799,AL(R),4
1788300760,5813041247,LH(R),3
1788300760,5813054697,LH(R),7
1788300760,5813054697,AL(R),2
1788300760,5813054697,NotPrimary,1
1788300760,5813055048,AL(R),1
1788300760,5813070872,NotPrimary,1
1788300760,5813090752,AL(R),1
1788676257,603785283,AL(R),7
1788676257,663432544,AL(R),9
1788676257,663787020,AL(R),1
1788676257,850717220,AL(R),5
1788676257,1037293275,AL(R),4
1788676257,1225100939,WED(R),1
1788676257,1661769627,AL(R),3
1788676257,1755556097,AL(R),19
1788676257,1755556277,AL(R),4
1788676257,1788680591,AL(R),15
1788676257,1788680591,VES(R),3
1788676257,1788680591,WED(R),1
1788676257,1788680591,PLP(R),1
1788676257,1788680591,NotPrimary,1
1788676257,1788685103,AL(R),6
1788676257,1789013008,AL(R),36
1788676257,1825440160,AL(R),14
1788676257,1883443112,AL(R),6
1788676257,1883443112,WED(R),1
1788676257,1888178718,AL(R),13
1788676257,1975878958,AL(R),1
1788676257,2065197353,AL(R),6
1788676257,2100010400,AL(R),1
1788676257,5813040515,AL(R),28
1788676257,5813040515,VES(R),1
1788676257,5813063239,AL(R),2
1788676257,5901222731,AL(R),1
1788680591,1733677514,PLP(R),1
1788680591,1755556097,AL(R),1
1788680591,1788676257,WED(R),3
1788680591,1788685103,PLP(R),1
1788680591,1883443112,PLP(R),1
1788680591,2065197353,NotPrimary,1
1788680591,2069644133,WED(R),1
1788685103,763730414,AL(R),1
1788685103,1037293275,AL(R),4
1788685103,1070613107,AL(R),1
1788685103,1102334088,AL(R),4
1788685103,1225100939,AL(R),2
1788685103,1316245799,AL(R),1
1788685103,1639234609,AL(R),2
1788685103,1639243580,AL(R),5
1788685103,1671638278,PLP(R),1
1788685103,1723506321,AL(R),3
1788685103,1733677514,AL(R),6
1788685103,1755556277,AL(R),1
1788685103,1788680591,AL(R),13
1788685103,1788680591,PLP(R),1
1788685103,1788680591,WED(R),1
1788685103,1788680591,NotPrimary,1
1788685103,1789013008,AL(R),13
1788685103,1789013008,SAD,1
1788685103,1825440160,AL(R),6
1788685103,1856820042,AL(R),1
1788685103,1888178718,AL(R),44
1788685103,1888178718,SAD,3
1788685103,1912777226,AL(R),1
1788685103,1943811736,AL(R),1
1788685103,1944502935,AL(R),1
1788685103,1975878958,AL(R),6
1788685103,2038617453,AL(R),1
1788685103,2100010400,AL(R),3
1788685103,5813024692,AL(R),1
1788685103,5813056072,AL(R),1
1788685103,5813083723,AL(R),1
1789013008,603785283,AL(R),1
1789013008,634759240,AL(R),2
1789013008,733316908,LH(R),2
1789013008,763730414,AL(R),1
1789013008,763730414,PLP(R),1
1789013008,850708783,AL(R),1
1789013008,1037293275,AL(R),3
1789013008,1070613107,AL(R),1
1789013008,1225100939,AL(R),6
1789013008,1316245799,WED(R),4
1789013008,1316245799,AL(R),2
1789013008,1630734360,AL(R),1
1789013008,1671608112,PLP(R),1
1789013008,1671638278,AL(R),2
1789013008,1693486219,AL(R),1
1789013008,1723506321,AL(R),1
1789013008,1727979406,AL(R),2
1789013008,1733677514,AL(R),1
1789013008,1788676257,AL(R),1
1789013008,1788680591,WED(R),1
1789013008,1788685103,AL(R),2
1789013008,1793403571,PLP(R),2
1789013008,1793403571,AL(R),1
1789013008,1856820042,PLP(R),1
1789013008,1858901026,AL(R),3
1789013008,1858901026,SAD,1
1789013008,1881059780,AL(R),1
1789013008,1883443112,AL(R),2
1789013008,1912789965,AL(R),4
1789013008,1944502935,AL(R),1
1789013008,1975878958,AL(R),15
1789013008,2100010400,AL(R),2
1789013008,2166133204,AL(R),4
1789013008,5812982656,NotPrimary,2
1789013008,5812983053,AL(R),1
1789013008,5813024692,AL(R),8
1789013008,5813044177,AL(R),1
1789013008,5813056072,AL(R),1
1789013008,5813069447,AL(R),2
1789013008,5813083723,AL(R),6
1789013008,5813083723,PLP(R),1
1789013008,5901222731,AL(R),3
1793014716,329599710,AL(R),1
1793014716,577542489,AL(R),1
1793014716,610274029,AL(R),4
1793014716,610274046,AL(R),28
1793014716,635062078,LH(R),1
1793014716,697485362,LH(R),1
1793014716,724816115,AL(R),2
1793014716,788648194,AL(R),6
1793014716,788648194,LH(R),1
1793014716,788945049,AL(R),12
1793014716,792616185,AL(R),9
1793014716,823314446,AL(R),11
1793014716,977866721,AL(R),7
1793014716,1671952694,AL(R),2
1793014716,1692817033,LH(R),1
1793014716,1700307582,AL(R),10
1793014716,1701299822,AL(R),8
1793014716,1734420152,LH(R),1
1793014716,1756579280,AL(R),6
1793014716,1756579280,LH(R),1
1793014716,1762674761,AL(R),4
1793014716,1793351401,AL(R),9
1793014716,1793351401,NotPrimary,1
1793014716,1889253785,LH(R),1
1793014716,1975187554,NotPrimary,1
1793014716,2383731281,AL(R),1
1793014716,5813024710,AL(R),17
1793014716,5813024710,LH(R),1
1793014716,5813024710,NotPrimary,1
1793014716,5813038793,LH(R),3
1793014716,5813038793,AL(R),1
1793014716,5813039465,LH(R),1
1793014716,5813055180,LH(R),1
1793351401,577542489,AL(R),3
1793351401,610274029,AL(R),2
1793351401,610274046,AL(R),9
1793351401,724816115,AL(R),5
1793351401,788648194,AL(R),2
1793351401,788648194,CA(R),1
1793351401,788945049,AL(R),2
1793351401,792616185,AL(R),6
1793351401,823314446,AL(R),11
1793351401,977866721,AL(R),5
1793351401,1069929827,AL(R),6
1793351401,1316245799,AL(R),1
1793351401,1671952694,AL(R),7
1793351401,1700307582,AL(R),4
1793351401,1701299822,AL(R),8
1793351401,1734420152,LH(R),1
1793351401,1756579280,AL(R),7
1793351401,1756579280,LH(R),1
1793351401,1756579280,NotPrimary,1
1793351401,1762674761,AL(R),3
1793351401,1793014716,AL(R),16
1793351401,1793014716,NotPrimary,1
1793351401,1828206773,CA(R),1
1793351401,1850711304,LH(R),1
1793351401,1888213190,NotPrimary,1
1793351401,1914140664,NotPrimary,1
1793351401,5813024710,AL(R),8
1793351401,5813024710,LH(R),2
1793351401,5813024710,NotPrimary,1
1793351401,5813069089,AL(R),1
1793403571,577542489,AL(R),1
1793403571,666818300,SCL(R),5
1793403571,666818300,AVLP(R),4
1793403571,666818300,SLP(R),3
1793403571,666818300,LH(R),2
1793403571,666818300,PLP(R),1
1793403571,757556799,LH(R),1
1793403571,1102334088,PLP(R),1
1793403571,1671638278,AVLP(R),1
1793403571,1671638278,PLP(R),1
1793403571,1700307582,SCL(R),2
1793403571,1700307582,LH(R),2
1793403571,1700307582,SLP(R),1
1793403571,1700307582,AVLP(R),1
1793403571,1912435859,SCL(R),1
1793403571,5901222731,LH(R),1
1794055377,544021095,AL(R),2
1794055377,573333835,AL(R),10
1794055377,574032862,AL(R),9
1794055377,574037281,AL(R),9
1794055377,603785283,AL(R),2
1794055377,630714299,AL(R),1
1794055377,635062078,AL(R),19
1794055377,636789080,AL(R),2
1794055377,663787020,AL(R),1
1794055377,664814903,AL(R),1
1794055377,666818300,NotPrimary,2
1794055377,667823920,AL(R),1
1794055377,693483018,AL(R),6
1794055377,694834412,AL(R),1
1794055377,698508565,LH(R),1
1794055377,724816115,AL(R),33
1794055377,730252777,AL(R),1
1794055377,733316908,AL(R),1
1794055377,759922408,AL(R),1
1794055377,824353701,AL(R),4
1794055377,850375847,AL(R),1
1794055377,850708902,SCL(R),1
1794055377,850717220,AL(R),1
1794055377,856071065,AL(R),3
1794055377,887105351,AL(R),19
1794055377,947513805,AL(R),4
1794055377,948834414,AL(R),4
1794055377,976830572,AL(R),14
1794055377,1037293275,AL(R),1
1794055377,1037293275,NotPrimary,1
1794055377,1039237469,AL(R),13
1794055377,1070613107,AL(R),4
1794055377,1099911913,AL(R),2
1794055377,1102334088,AL(R),26
1794055377,1316245799,AL(R),2
1794055377,1442819296,AL(R),3
1794055377,1630051981,AL(R),16
1794055377,1639234609,AL(R),29
1794055377,1639243580,AL(R),32
1794055377,1640594274,AL(R),1
1794055377,1661769627,AL(R),4
1794055377,1671608112,AL(R),3
1794055377,1692817033,AL(R),9
1794055377,1693486219,AL(R),2
1794055377,1700937093,AL(R),5
1794055377,1700946301,AL(R),5
1794055377,1727979406,AL(R),62
1794055377,1727979406,SCL(R),1
1794055377,1727979406,LH(R),1
1794055377,1733677514,AL(R),6
1794055377,1733677514,NotPrimary,2
1794055377,1755556097,AL(R),15
1794055377,1765040289,AL(R),3
1794055377,1788300760,AL(R),6
1794055377,1793403571,SCL(R),1
1794055377,1793403571,LH(R),1
1794055377,1818307672,AL(R),1
1794055377,1825440160,AL(R),36
1794055377,1827861966,AL(R),1
1794055377,1850706912,AL(R),1
1794055377,1851061177,AL(R),7
1794055377,1858171399,AL(R),1
1794055377,1881401277,AL(R),1
1794055377,1886132855,AL(R),1
1794055377,1887163927,AL(R),2
1794055377,1887872301,AL(R),1
1794055377,1888178718,AL(R),2
1794055377,1889253785,AL(R),1
1794055377,1889883818,AL(R),2
1794055377,1912435859,LH(R),1
1794055377,1912435859,SCL(R),1
1794055377,1912789965,AL(R),5
1794055377,1912789965,PLP(R),1
1794055377,1917188956,AL(R),2
1794055377,1917188956,LH(R),1
1794055377,1917866877,AL(R),23
1794055377,1943811736,AL(R),1
1794055377,1944502935,SLP(R),1
1794055377,1944507292,AL(R),62
1794055377,1975187675,LH(R),1
1794055377,1975878958,AL(R),2
1794055377,2166133204,LH(R),1
1794055377,2166133204,AL(R),1
1794055377,5812982656,AL(R),1
1794055377,5812983053,AL(R),19
1794055377,5812992942,AL(R),1
1794055377,5812995298,AL(R),1
1794055377,5813000276,AL(R),1
1794055377,5813024601,AL(R),5
1794055377,5813024692,AL(R),1
1794055377,5813039465,AL(R),1
1794055377,5813040515,AL(R),11
1794055377,5813041247,AL(R),1
1794055377,5813044177,PLP(R),1
1794055377,5813050727,AL(R),3
1794055377,5813054697,AL(R),2
1794055377,5813054911,AL(R),1
1794055377,5813055025,AL(R),1
1794055377,5813055162,AL(R),4
1794055377,5813063239,AL(R),2
1794055377,5813069089,AL(R),22
1794055377,5813077810,AL(R),5
1794055377,5813083723,SCL(R),14
1794055377,5813083723,AL(R),11
1794055377,5813083723,LH(R),10
1794055377,5813083723,PLP(R),6
1794055377,5901194250,AL(R),2
1794055377,5901194556,AL(R),2
1794055377,5901222731,AL(R),49
1795410644,574032862,AL(R),1
1795410644,574037281,AL(R),2
1795410644,574374051,AL(R),2
1795410644,609924156,AL(R),1
1795410644,610274029,AL(R),1
1795410644,693479072,SCL(R),1
1795410644,729544359,AL(R),1
1795410644,730252777,AVLP(R),1
1795410644,730252777,AL(R),1
1795410644,792023887,AL(R),1
1795410644,792024028,AL(R),1
1795410644,882353566,AL(R),1
1795410644,1539978151,AL(R),2
1795410644,1630051981,AL(R),1
1795410644,1671952694,AL(R),1
1795410644,1692817033,AL(R),9
1795410644,1723506321,AL(R),2
1795410644,1727979406,AL(R),2
1795410644,1733370882,AL(R),7
1795410644,1733677514,AL(R),6
1795410644,1794055377,AL(R),1
1795410644,1825440160,AL(R),4
1795410644,1887872301,AL(R),1
1795410644,1889253785,AL(R),1
1795410644,5813014622,AL(R),1
1795410644,5813024692,AL(R),6
1795410644,5813024799,AL(R),1
1795410644,5813054697,AL(R),1
1795410644,5813055162,AL(R),2
1795410644,5813079228,LH(R),1
1796817841,541632990,AL(R),2
1796817841,542665377,LH(R),3
1796817841,610274029,AL(R),6
1796817841,610274046,AL(R),1
1796817841,635416407,CA(R),1
1796817841,637462647,AL(R),1
1796817841,663787020,LH(R),1
1796817841,729219639,AL(R),1
1796817841,754538881,CA(R),1
1796817841,759922408,AL(R),6
1796817841,760250511,AL(R),1
1796817841,818983130,LH(R),5
1796817841,818983130,AL(R),2
1796817841,1570685224,AL(R),1
1796817841,1670934213,LH(R),6
1796817841,1670934213,SLP(R),3
1796817841,1671608112,AL(R),11
1796817841,1692817033,LH(R),1
1796817841,1702306047,AL(R),5
1796817841,1723506321,AL(R),2
1796817841,1793014716,NotPrimary,1
1796817841,1796818119,LH(R),1
1796817841,1797505019,LH(R),6
1796817841,1797505019,SLP(R),1
1796817841,1827516355,LH(R),4
1796817841,1827516355,AL(R),2
1796817841,1856833015,AL(R),1
1796817841,1856833015,NotPrimary,1
1796817841,1917866877,AL(R),4
1796817841,5813008771,AL(R),5
1796817841,5813024692,AL(R),2
1796817841,5813024710,NotPrimary,1
1796817841,5813024799,NotPrimary,2
1796817841,5813050729,CA(R),1
1796817841,5813054911,AL(R),10
1796817841,5813056072,LH(R),1
1796817841,5901222910,CA(R),1
1796818119,294792184,AL(R),6
1796818119,480927537,AL(R),13
1796818119,541632990,AL(R),6
1796818119,542665377,LH(R),11
1796818119,542665377,AL(R),4
1796818119,574037266,AL(R),4
1796818119,577542489,AL(R),1
1796818119,606090268,LH(R),2
1796818119,610274029,AL(R),2
1796818119,610274046,AL(R),7
1796818119,634759240,CA(R),1
1796818119,666135689,NotPrimary,1
1796818119,697485362,AL(R),1
1796818119,727855437,AL(R),1
1796818119,759922408,AL(R),6
1796818119,760264077,AL(R),2
1796818119,760264077,NotPrimary,1
1796818119,761938645,LH(R),1
1796818119,818983130,LH(R),4
1796818119,818983130,AL(R),3
1796818119,851684181,AL(R),1
1796818119,975457916,AL(R),2
1796818119,1322353841,LH(R),1
1796818119,1570685033,AL(R),1
1796818119,1570685224,AL(R),3
1796818119,1670934213,LH(R),9
1796818119,1671608112,AL(R),18
1796818119,1671952694,AL(R),2
1796818119,1702306047,AL(R),14
1796818119,1796817841,LH(R),3
1796818119,1797505019,LH(R),7
1796818119,1797505019,AL(R),3
1796818119,1827516355,LH(R),3
1796818119,1827516355,NotPrimary,2
1796818119,1827516355,AL(R),1
1796818119,1828206773,LH(R),1
1796818119,1850711304,NotPrimary,1
1796818119,1856833015,AL(R),1
1796818119,1858171399,AL(R),1
1796818119,1888524453,LH(R),1
1796818119,1917866877,AL(R),12
1796818119,5812983069,AL(R),2
1796818119,5812995298,AL(R),1
1796818119,5813008771,AL(R),5
1796818119,5813024692,AL(R),14
1796818119,5813039315,AL(R),1
1796818119,5813045696,AL(R),2
1796818119,5813050729,CA(R),1
1796818119,5813054911,AL(R),6
1797505019,294792184,AL(R),3
1797505019,541632990,AL(R),1
1797505019,542665377,LH(R),4
1797505019,574032862,CA(R),1
1797505019,574037266,AL(R),1
1797505019,610274029,AL(R),1
1797505019,610274046,AL(R),1
1797505019,636789080,LH(R),1
1797505019,637462647,LH(R),1
1797505019,729219639,AL(R),1
1797505019,759922408,AL(R),6
1797505019,761938645,LH(R),5
1797505019,792023887,NotPrimary,1
1797505019,818983130,LH(R),5
1797505019,818983130,AL(R),1
1797505019,975457916,AL(R),2
1797505019,1442819296,LH(R),1
1797505019,1670934213,LH(R),2
1797505019,1670934213,SLP(R),2
1797505019,1671608112,AL(R),9
1797505019,1702306047,AL(R),6
1797505019,1727979406,CA(R),1
1797505019,1796817841,LH(R),4
1797505019,1796817841,AL(R),2
1797505019,1796818119,AL(R),6
1797505019,1796818119,LH(R),5
1797505019,1827516355,LH(R),4
1797505019,1850711304,CA(R),1
1797505019,1856833015,AL(R),2
1797505019,5812983069,AL(R),2
1797505019,5813008771,AL(R),1
1797505019,5813024692,AL(R),3
1797505019,5813024799,AL(R),1
1797505019,5813039315,NotPrimary,1
1797505019,5813054911,AL(R),1
1797505019,5813055180,CA(R),1
1818307672,542652506,LH(R),1
1818307672,577542489,NotPrimary,1
1818307672,610274029,AL(R),4
1818307672,610274046,AL(R),2
1818307672,636789080,AL(R),4
1818307672,637462647,LH(R),1
1818307672,662776660,AL(R),2
1818307672,662776660,NotPrimary,1
1818307672,694834412,AL(R),2
1818307672,726207450,AL(R),1
1818307672,762982753,AL(R),4
1818307672,1037293275,AL(R),4
1818307672,1322353841,LH(R),1
1818307672,1442819296,AL(R),5
1818307672,1442819296,LH(R),1
1818307672,1447201088,AL(R),1
1818307672,1630051981,AL(R),2
1818307672,1661769627,AL(R),19
1818307672,1670973150,AL(R),1
1818307672,1671608112,AL(R),3
1818307672,1702306047,AL(R),1
1818307672,1755556277,AL(R),10
1818307672,1850024931,AL(R),1
1818307672,1850711304,AL(R),2
1818307672,1887872301,AL(R),5
1818307672,1888178718,AL(R),2
1818307672,1914823337,AL(R),1
1818307672,1917188956,AL(R),4
1818307672,2010992546,CA(R),1
1818307672,2040344064,AL(R),1
1818307672,5812982656,AL(R),1
1818307672,5812995098,LH(R),1
1818307672,5813024692,AL(R),2
1818307672,5813038793,CA(R),1
1818307672,5813039465,CA(R),1
1818307672,5813056072,LH(R),1
1819326555,605050789,LH(R),3
1819326555,609924156,LH(R),3
1819326555,635407942,NotPrimary,1
1819326555,636418270,NotPrimary,1
1819326555,729544359,LH(R),2
1819326555,760250272,LH(R),3
1819326555,948834414,NotPrimary,1
1819326555,1570685033,NotPrimary,1
1819326555,1570685257,NotPrimary,1
1819326555,5813014622,LH(R),3
1819326555,5813071369,NotPrimary,1
1819326555,5813090752,LH(R),1
1825085656,544021095,AL(R),2
1825085656,610274029,AL(R),2
1825085656,610274046,AL(R),3
1825085656,636789080,AL(R),2
1825085656,636789080,CA(R),1
1825085656,694834412,AL(R),2
1825085656,724816115,AL(R),1
1825085656,788306724,AL(R),2
1825085656,792024028,AL(R),1
1825085656,823037476,AL(R),1
1825085656,850703925,NotPrimary,1
1825085656,850708902,NotPrimary,3
1825085656,1037293275,NotPrimary,1
1825085656,1442819296,AL(R),3
1825085656,1570685257,AL(R),1
1825085656,1630734360,NotPrimary,1
1825085656,1639243580,AL(R),1
1825085656,1640594274,AL(R),4
1825085656,1670934213,AL(R),9
1825085656,1670973150,AL(R),1
1825085656,1671608112,AL(R),3
1825085656,1693486219,NotPrimary,2
1825085656,1701299822,AL(R),2
1825085656,1702306047,AL(R),1
1825085656,1727979406,AL(R),67
1825085656,1733370882,AL(R),1
1825085656,1788685103,AL(R),1
1825085656,1793403571,AL(R),1
1825085656,1794055377,AL(R),1
1825085656,1796818119,AL(R),1
1825085656,1818307672,AL(R),1
1825085656,1827861966,NotPrimary,4
1825085656,1827861966,AL(R),2
1825085656,1827861966,SCL(R),2
1825085656,1827861966,CA(R),1
1825085656,1828206773,AL(R),2
1825085656,1857143769,AL(R),1
1825085656,1857148391,NotPrimary,6
1825085656,1857148391,AL(R),5
1825085656,1858901026,AL(R),1
1825085656,1881751117,AL(R),2
1825085656,1887163927,NotPrimary,7
1825085656,1887163927,AL(R),3
1825085656,1887163927,CA(R),3
1825085656,1887163927,SCL(R),1
1825085656,1888178718,AL(R),1
1825085656,1914823337,AL(R),3
1825085656,1916528384,AL(R),2
1825085656,1917188956,SCL(R),7
1825085656,1917188956,NotPrimary,6
1825085656,1917188956,AL(R),4
1825085656,1917188956,CA(R),3
1825085656,1917866877,AL(R),21
1825085656,2010992546,AL(R),1
1825085656,2040344064,AL(R),1
1825085656,5812995298,AL(R),1
1825085656,5813000276,AL(R),1
1825085656,5813008771,AL(R),1
1825085656,5813024692,AL(R),6
1825085656,5813024799,AL(R),4
1825085656,5813038793,AL(R),1
1825085656,5813038889,AL(R),1
1825085656,5813055048,AL(R),6
1825085656,5813056072,AL(R),26
1825085656,5813071369,AL(R),1
1825085656,5813083723,AL(R),2
1825085656,5901222731,AL(R),1
1825440160,574032862,AL(R),1
1825440160,574037281,AL(R),1
1825440160,603785283,AL(R),1
1825440160,606090268,AL(R),1
1825440160,636789080,AL(R),1
1825440160,663787020,AL(R),1
1825440160,729544359,AL(R),1
1825440160,850708783,AL(R),1
1825440160,856071065,AL(R),5
1825440160,887105351,AL(R),3
1825440160,1037293275,AL(R),1
1825440160,1099911913,AL(R),2
1825440160,1225100939,AL(R),1
1825440160,1415825344,AL(R),1
1825440160,1661769627,SAD,3
1825440160,1661769627,AL(R),3
1825440160,1661769627,WED(R),2
1825440160,1692817033,AL(R),3
1825440160,1700937093,AL(R),1
1825440160,1700946301,AL(R),1
1825440160,1701299822,AL(R),1
1825440160,1727979406,AL(R),2
1825440160,1733677514,AL(R),12
1825440160,1733677514,VES(R),1
1825440160,1755556097,AL(R),3
1825440160,1755556097,VES(R),1
1825440160,1755556277,WED(R),6
1825440160,1755556277,AL(R),3
1825440160,1755556277,SAD,1
1825440160,1788685103,AL(R),1
1825440160,1794055377,AL(R),2
1825440160,1850706912,AL(R),1
1825440160,1856833015,AL(R),1
1825440160,1857143769,AL(R),1
1825440160,1857825571,AL(R),1
1825440160,1858901026,VES(R),1
1825440160,1858901026,AL(R),1
1825440160,1881751117,AL(R),1
1825440160,1883443112,AL(R),1
1825440160,1888178718,AL(R),3
1825440160,1888178718,VES(R),1
1825440160,1943811736,AL(R),1
1825440160,1943812176,AL(R),1
1825440160,1944502935,AL(R),1
1825440160,1975878958,AL(R),5
1825440160,2010992546,AL(R),1
1825440160,2065197353,AL(R),4
1825440160,2069648663,AL(R),1
1825440160,2100010400,AL(R),1
1825440160,5812982656,AL(R),1
1825440160,5813024601,AL(R),3
1825440160,5813039315,AL(R),1
1825440160,5813039471,AL(R),3
1825440160,5813054697,AL(R),3
1825440160,5813055162,AL(R),1
1825440160,5813056072,NotPrimary,1
1825440160,5813069089,AL(R),3
1825440160,5813083723,AL(R),8
1825440160,5813083723,VES(R),3
1825440160,5901222731,AL(R),7
1827473315,573669915,AL(R),1
1827473315,577542489,AL(R),3
1827473315,606090268,AL(R),1
1827473315,609924156,LH(R),1
1827473315,610274029,AL(R),1
1827473315,693479072,AL(R),1
1827473315,697145036,AL(R),1
1827473315,697844568,NotPrimary,1
1827473315,722817260,AL(R),1
1827473315,727472481,AL(R),1
1827473315,727855437,AL(R),8
1827473315,730252777,SLP(R),1
1827473315,754854077,AL(R),2
1827473315,757569579,NotPrimary,1
1827473315,788306724,AL(R),3
1827473315,792024028,AL(R),2
1827473315,792024028,NotPrimary,1
1827473315,882353566,AL(R),1
1827473315,886812643,AL(R),1
1827473315,1006258344,AL(R),1
1827473315,1316245799,AL(R),2
1827473315,1415825344,AL(R),1
1827473315,1670969304,NotPrimary,1
1827473315,1671952694,AL(R),1
1827473315,1701325725,AL(R),2
1827473315,1733370882,AL(R),1
1827473315,1734350908,AL(R),1
1827473315,1788300760,AL(R),1
1827473315,1828206773,AL(R),1
1827473315,1850706912,AL(R),2
1827473315,1856833015,AL(R),1
1827473315,1882083076,AL(R),1
1827473315,1888213190,AL(R),1
1827473315,1889253763,AL(R),1
1827473315,1889253785,AL(R),2
1827473315,1974846717,VES(R),1
1827473315,1977579449,AL(R),3
1827473315,5813024692,AL(R),2
1827473315,5813024799,AL(R),2
1827473315,5813045696,AL(R),1
1827473315,5813050729,AL(R),1
1827473315,5813055048,AL(R),1
1827473315,5813055147,AL(R),3
1827473315,5813056596,AL(R),1
1827516355,480927537,AL(R),1
1827516355,542665377,LH(R),6
1827516355,574037266,AL(R),3
1827516355,574374051,NotPrimary,1
1827516355,577542489,AL(R),2
1827516355,610274029,AL(R),4
1827516355,635416407,AL(R),1
1827516355,729219639,AL(R),1
1827516355,759922408,AL(R),1
1827516355,761938645,LH(R),2
1827516355,818983130,LH(R),2
1827516355,818983130,AL(R),1
1827516355,850703925,AL(R),1
1827516355,975457916,AL(R),2
1827516355,1570685224,AL(R),1
1827516355,1640594274,AL(R),1
1827516355,1670934213,LH(R),8
1827516355,1670934213,SLP(R),1
1827516355,1671608112,AL(R),13
1827516355,1701325725,LH(R),1
1827516355,1702306047,AL(R),9
1827516355,1796817841,AL(R),2
1827516355,1796817841,SLP(R),1
1827516355,1796818119,LH(R),4
1827516355,1796818119,AL(R),1
1827516355,1797505019,NotPrimary,1
1827516355,1827861966,AL(R),1
1827516355,1857148391,AL(R),1
1827516355,1887163927,AL(R),1
1827516355,1888178718,AL(R),1
1827516355,1889253763,CA(R),1
1827516355,1917188956,AL(R),1
1827516355,1917866877,AL(R),3
1827516355,5812983069,AL(R),2
1827516355,5813008771,AL(R),1
1827516355,5813024692,AL(R),6
1827516355,5813054911,AL(R),5
1827516355,5813055048,CA(R),1
1827516355,5813055048,LH(R),1
1827516355,5813056072,LH(R),1
1827516355,5813056072,NotPrimary,1
1827861966,544021095,AL(R),1
1827861966,574037266,AL(R),1
1827861966,610274029,AL(R),3
1827861966,610274046,AL(R),13
1827861966,666135689,AL(R),2
1827861966,694834412,AL(R),1
1827861966,729219639,AL(R),1
1827861966,762982753,AL(R),1
1827861966,763730414,SCL(R),1
1827861966,850703925,AL(R),2
1827861966,947513805,AL(R),2
1827861966,1037518512,AL(R),1
1827861966,1570685033,AL(R),1
1827861966,1630734360,NotPrimary,1
1827861966,1640568102,AL(R),1
1827861966,1640594274,AL(R),3
1827861966,1670597454,AL(R),1
1827861966,1671608112,AL(R),1
1827861966,1671952694,AL(R),1
1827861966,1700307582,AL(R),1
1827861966,1723506321,AL(R),4
1827861966,1727979406,AL(R),18
1827861966,1733677514,AL(R),2
1827861966,1765415970,AL(R),1
1827861966,1793403571,AL(R),1
1827861966,1796818119,NotPrimary,1
1827861966,1825085656,AL(R),3
1827861966,1856833015,AL(R),1
1827861966,1857148391,AL(R),4
1827861966,1857148391,NotPrimary,2
1827861966,1887163927,AL(R),2
1827861966,1887163927,NotPrimary,1
1827861966,1916528384,AL(R),1
1827861966,1917188956,AL(R),3
1827861966,1917866877,AL(R),42
1827861966,1975187675,SLP(R),1
1827861966,2069644133,NotPrimary,1
1827861966,5812982656,AL(R),5
1827861966,5812983069,AL(R),1
1827861966,5813024692,AL(R),10
1828206773,542311358,AL(R),1
1828206773,542665377,AL(R),5
1828206773,542665377,LH(R),1
1828206773,577542489,AL(R),4
1828206773,577542489,NotPrimary,1
1828206773,606090268,AL(R),1
1828206773,610274029,AL(R),17
1828206773,610274046,AL(R),21
1828206773,637462647,AL(R),15
1828206773,637462647,LH(R),1
1828206773,693125078,LH(R),1
1828206773,693483018,LH(R),1
1828206773,697145036,AL(R),2
1828206773,697844568,AL(R),11
1828206773,697844568,LH(R),1
1828206773,697848868,AL(R),3
1828206773,727855437,AL(R),1
1828206773,729219639,AL(R),1
1828206773,761938645,AL(R),9
1828206773,761938645,LH(R),2
1828206773,791298858,AL(R),2
1828206773,792024028,AL(R),1
1828206773,818983130,AL(R),1
1828206773,1037293275,AL(R),1
1828206773,1037518512,AL(R),4
1828206773,1411784734,AL(R),1
1828206773,1415829574,AL(R),1
1828206773,1447201088,AL(R),1
1828206773,1447205712,LH(R),2
1828206773,1536947502,LH(R),3
1828206773,1539978151,AL(R),4
1828206773,1570684665,AL(R),2
1828206773,1570685033,AL(R),1
1828206773,1570685257,AL(R),1
1828206773,1671608112,AL(R),21
1828206773,1671952694,AL(R),3
1828206773,1700946301,LH(R),1
1828206773,1701299822,AL(R),14
1828206773,1702306047,AL(R),7
1828206773,1703683361,NotPrimary,1
1828206773,1723506321,AL(R),2
1828206773,1732313117,AL(R),2
1828206773,1733677514,AL(R),6
1828206773,1788300760,AL(R),1
1828206773,1825085656,AL(R),1
1828206773,1851393805,CA(R),1
1828206773,1881751117,AL(R),1
1828206773,1889253763,LH(R),1
1828206773,1917188956,AL(R),2
1828206773,1917866877,AL(R),1
1828206773,1977916288,NotPrimary,1
1828206773,5812982656,AL(R),1
1828206773,5812996003,AL(R),1
1828206773,5813008771,LH(R),1
1828206773,5813024692,AL(R),35
1828206773,5813024799,AL(R),1
1828206773,5813038889,LH(R),1
1828206773,5813050727,LH(R),1
1828206773,5813050727,NotPrimary,1
1828206773,5813055048,AL(R),9
1828206773,5813055048,LH(R),1
1828206773,5813055147,CA(R),1
1828206773,5813071369,AL(R),2
1828206773,5813071409,AL(R),1
1849683877,667823920,AL(R),1
1849683877,757556799,LH(R),1
1849683877,1099911913,LH(R),1
1849683877,1727979406,LH(R),1
1849683877,1849684319,LH(R),1
1849683877,1974846717,SLP(R),1
1849683877,5812992940,LH(R),1
1849683877,5812992940,SLP(R),1
1849683877,5812996003,LH(R),2
1849683877,5813071409,LH(R),1
1849684319,634759240,SLP(R),1
1849684319,757556799,LH(R),31
1849684319,977866721,LH(R),4
1849684319,1755556097,PLP(R),1
1849684319,1851061177,SCL(R),1
1849684319,1914140664,LH(R),1
1849684319,5812992940,LH(R),1
1849684319,5813034081,LH(R),1
1849684319,5813039471,LH(R),1
1850024931,610274029,AL(R),4
1850024931,610274046,AL(R),2
1850024931,662776660,AL(R),1
1850024931,663787020,LH(R),14
1850024931,664814903,LH(R),12
1850024931,694834412,AL(R),2
1850024931,726207450,LH(R),15
1850024931,726207450,SLP(R),3
1850024931,757556799,LH(R),11
1850024931,1322353841,LH(R),1
1850024931,1661769627,AL(R),2
1850024931,1788685103,AL(R),1
1850024931,1794055377,AL(R),1
1850024931,1849683877,NotPrimary,1
1850024931,1888178718,AL(R),1
1850024931,1914823337,AL(R),1
1850024931,2166133204,LH(R),3
1850024931,5812992940,LH(R),1
1850706912,294792184,AL(R),1
1850706912,294792184,LH(R),1
1850706912,480927537,LH(R),1
1850706912,541632990,AL(R),1
1850706912,542665377,LH(R),1
1850706912,574037281,NotPrimary,1
1850706912,577542489,AL(R),6
1850706912,606090268,AL(R),2
1850706912,606090268,LH(R),1
1850706912,606090268,NotPrimary,1
1850706912,610274029,AL(R),65
1850706912,610274046,AL(R),47
1850706912,630714299,NotPrimary,1
1850706912,635416407,LH(R),1
1850706912,727855437,SLP(R),2
1850706912,760250511,AL(R),30
1850706912,761938645,AL(R),21
1850706912,882353566,LH(R),1
1850706912,977866721,AL(R),1
1850706912,1037293275,AL(R),20
1850706912,1037518512,AL(R),4
1850706912,1102334088,AL(R),1
1850706912,1322353824,AL(R),4
1850706912,1415825344,AL(R),7
1850706912,1640594274,LH(R),2
1850706912,1671608112,AL(R),18
1850706912,1692817033,AL(R),1
1850706912,1700307582,AL(R),15
1850706912,1701299822,AL(R),88
1850706912,1701325725,LH(R),1
1850706912,1702306047,AL(R),51
1850706912,1723506321,AL(R),2
1850706912,1733677514,AL(R),23
1850706912,1755556277,AL(R),11
1850706912,1825440160,AL(R),21
1850706912,1850711304,LH(R),1
1850706912,1850711304,NotPrimary,1
1850706912,1887872301,AL(R),1
1850706912,1888524453,LH(R),1
1850706912,1917866877,AL(R),18
1850706912,5812982656,AL(R),1
1850706912,5813013823,AL(R),1
1850706912,5813024799,AL(R),20
1850706912,5813045696,LH(R),2
1850706912,5813050729,AL(R),1
1850706912,5813050729,LH(R),1
1850706912,5813055180,AL(R),1
1850706912,5813071409,AL(R),6
1850711304,574032862,NotPrimary,1
1850711304,574037281,NotPrimary,3
1850711304,574374051,CA(R),1
1850711304,577542489,AL(R),1
1850711304,610274029,AL(R),21
1850711304,610274046,AL(R),20
1850711304,632751823,AL(R),1
1850711304,636789080,NotPrimary,1
1850711304,662776660,AL(R),1
1850711304,664814903,LH(R),5
1850711304,694834412,AL(R),1
1850711304,697485362,CA(R),2
1850711304,788648194,LH(R),1
1850711304,1037293275,AL(R),36
1850711304,1442819296,AL(R),1
1850711304,1661769627,AL(R),30
1850711304,1671608112,AL(R),10
1850711304,1692817033,LH(R),1
1850711304,1692817033,CA(R),1
1850711304,1700307582,AL(R),2
1850711304,1700937093,NotPrimary,2
1850711304,1700937093,CA(R),1
1850711304,1701299822,AL(R),12
1850711304,1702306047,AL(R),19
1850711304,1703683361,NotPrimary,1
1850711304,1733677514,AL(R),3
1850711304,1755556277,AL(R),24
1850711304,1793351401,LH(R),1
1850711304,1797505019,NotPrimary,1
1850711304,1818307672,AL(R),1
1850711304,1850706912,LH(R),2
1850711304,1858901026,AL(R),1
1850711304,1882083076,NotPrimary,1
1850711304,1887163927,AL(R),1
1850711304,1917188956,AL(R),3
1850711304,1917866877,AL(R),5
1850711304,5812983069,NotPrimary,1
1850711304,5813039315,NotPrimary,1
1850711304,5813050729,NotPrimary,2
1850711304,5813055180,LH(R),2
1850711304,5813055180,NotPrimary,2
1850711304,5813055180,CA(R),1
1851061177,577542489,AL(R),3
1851061177,610274029,AL(R),15
1851061177,610274046,AL(R),39
1851061177,635416407,LH(R),1
1851061177,697844568,AL(R),7
1851061177,729544359,AL(R),4
1851061177,730252777,AL(R),4
1851061177,850375847,AL(R),5
1851061177,850375847,LH(R),3
1851061177,850375847,NotPrimary,1
1851061177,856071065,AL(R),1
1851061177,882353566,AL(R),14
1851061177,882353566,LH(R),1
1851061177,1037293275,AL(R),15
1851061177,1099911913,AL(R),6
1851061177,1322012611,AL(R),2
1851061177,1415825344,AL(R),49
1851061177,1536947502,NotPrimary,1
1851061177,1609542060,NotPrimary,1
1851061177,1661769627,AL(R),1
1851061177,1671952694,AL(R),17
1851061177,1700307582,AL(R),1
1851061177,1732313117,AL(R),5
1851061177,1733677514,AL(R),18
1851061177,1788300760,AL(R),1
1851061177,1788300760,LH(R),1
1851061177,1794055377,AL(R),3
1851061177,1795410644,AL(R),11
1851061177,1825440160,AL(R),18
1851061177,1857143769,AL(R),42
1851061177,1857825571,AL(R),1
1851061177,1857825571,NotPrimary,1
1851061177,1858171399,NotPrimary,2
1851061177,1888524453,AL(R),48
1851061177,1977579449,CA(R),1
1851061177,5813014622,AL(R),4
1851061177,5813024601,AL(R),7
1851061177,5813034571,LH(R),1
1851061177,5813038889,NotPrimary,1
1851061177,5813041247,AL(R),1
1851061177,5813054697,NotPrimary,1
1851061177,5813055025,LH(R),1
1851061177,5813055162,AL(R),15
1851061177,5813055162,NotPrimary,2
1851061177,5813055162,LH(R),1
1851061177,5813069089,CA(R),1
1851061177,5813069089,LH(R),1
1851389175,329599710,AL(R),3
1851389175,542634818,LH(R),3
1851389175,577542489,AL(R),1
1851389175,603349484,LH(R),11
1851389175,603349484,AL(R),4
1851389175,609924156,AL(R),1
1851389175,610274029,AL(R),6
1851389175,610274046,AL(R),15
1851389175,634379734,AL(R),6
1851389175,634379734,LH(R),2
1851389175,635048729,LH(R),1
1851389175,635407942,LH(R),13
1851389175,635407942,AL(R),4
1851389175,693125078,NotPrimary,1
1851389175,697132371,LH(R),1
1851389175,729544359,AL(R),2
1851389175,760250272,AL(R),3
1851389175,788306724,AL(R),1
1851389175,823037476,AL(R),3
1851389175,851684181,AL(R),2
1851389175,1570685283,LH(R),15
1851389175,1670969304,AL(R),1
1851389175,1672293837,AL(R),2
1851389175,1694850602,AL(R),9
1851389175,1730656082,AL(R),1
1851389175,1765415970,AL(R),1
1851389175,1793403571,AL(R),1
1851389175,1856820042,NotPrimary,1
1851389175,1887163927,CA(R),1
1851389175,1943811511,AL(R),1
1851389175,1977916288,AL(R),3
1851389175,5813014622,LH(R),1
1851389175,5813038889,NotPrimary,1
1851389175,5813039471,NotPrimary,1
1851389175,5813056596,NotPrimary,1
1851389175,5813069532,AL(R),1
1851389175,5813079228,AL(R),8
1851393805,542311358,AL(R),1
1851393805,542652506,AL(R),6
1851393805,542665377,AL(R),3
1851393805,572663539,AL(R),18
1851393805,572663539,LH(R),1
1851393805,573333835,AL(R),1
1851393805,573669915,AL(R),15
1851393805,577542489,AL(R),5
1851393805,606090268,LH(R),1
1851393805,610274029,AL(R),23
1851393805,610274046,AL(R),15
1851393805,630714299,AL(R),1
1851393805,635062078,LH(R),1
1851393805,663787020,LH(R),1
1851393805,666818300,LH(R),1
1851393805,693125078,NotPrimary,1
1851393805,697132371,NotPrimary,1
1851393805,729219639,LH(R),1
1851393805,755518957,NotPrimary,1
1851393805,762982753,NotPrimary,1
1851393805,788648194,NotPrimary,1
1851393805,1006258344,LH(R),1
1851393805,1415829574,AL(R),8
1851393805,1447201088,AL(R),1
1851393805,1447205602,AL(R),21
1851393805,1570685257,AL(R),6
1851393805,1640594274,NotPrimary,1
1851393805,1671952694,AL(R),2
1851393805,1692817033,LH(R),1
1851393805,1701299822,AL(R),1
1851393805,1701325725,AL(R),4
1851393805,1727979406,CA(R),4
1851393805,1727979406,NotPrimary,2
1851393805,1755556277,AL(R),6
1851393805,1793403571,AL(R),1
1851393805,1827473315,AL(R),1
1851393805,1828206773,CA(R),1
1851393805,1888213190,AL(R),1
1851393805,1889253763,LH(R),1
1851393805,1914140664,NotPrimary,1
1851393805,1914823337,LH(R),1
1851393805,1914823414,LH(R),1
1851393805,1916528384,AL(R),2
1851393805,1917866877,AL(R),15
1851393805,2010992546,LH(R),2
1851393805,2010992546,NotPrimary,2
1851393805,5812996003,AL(R),4
1851393805,5813013823,AL(R),9
1851393805,5813024601,NotPrimary,1
1851393805,5813024692,AL(R),64
1851393805,5813024712,LH(R),1
1851393805,5813038889,CA(R),1
1851393805,5813038889,NotPrimary,1
1851393805,5813050727,AL(R),11
1851393805,5813050727,LH(R),1
1851393805,5813055025,NotPrimary,2
1851393805,5813055048,CA(R),2
1851393805,5813055162,NotPrimary,1
1851393805,5901222910,AL(R),4
1856820042,480927537,AL(R),4
1856820042,541632990,AL(R),1
1856820042,572663539,AL(R),1
1856820042,574037281,AL(R),1
1856820042,726207450,AL(R),1
1856820042,757591093,AL(R),1
1856820042,850708783,SMP(R),2
1856820042,1225100939,AL(R),1
1856820042,1322353714,AL(R),2
1856820042,1322353824,AL(R),4
1856820042,1733677514,AL(R),1
1856820042,1825440160,AL(R),2
1856820042,1856833015,AL(R),1
1856820042,1857825571,AL(R),1
1856820042,1881059780,AL(R),1
1856820042,1912435859,PLP(R),1
1856820042,1917866877,AL(R),1
1856820042,1943812176,AL(R),1
1856820042,1974846717,AL(R),1
1856820042,1975187675,AL(R),1
1856820042,2069644133,AL(R),1
1856820042,5813013823,AL(R),1
1856820042,5813071409,AL(R),1
1856833015,509626405,AL(R),1
1856833015,543010474,AL(R),2
1856833015,574037266,AL(R),1
1856833015,610274046,AL(R),1
1856833015,666818300,AL(R),1
1856833015,693483018,AL(R),1
1856833015,763730414,SLP(R),2
1856833015,763730414,SCL(R),1
1856833015,819993149,NotPrimary,1
1856833015,850703925,SCL(R),2
1856833015,850708902,AL(R),2
1856833015,850708902,SCL(R),1
1856833015,1099911913,AL(R),2
1856833015,1322353714,AL(R),1
1856833015,1640594274,AL(R),4
1856833015,1671952694,AL(R),2
1856833015,1692817033,AL(R),4
1856833015,1693486219,AL(R),1
1856833015,1693486219,NotPrimary,1
1856833015,1727979406,AL(R),2
1856833015,1788300760,AL(R),1
1856833015,1825085656,AL(R),1
1856833015,1825440160,AL(R),2
1856833015,1827861966,AL(R),3
1856833015,1828206773,AL(R),2
1856833015,1881751117,AL(R),1
1856833015,1882083076,AL(R),1
1856833015,1888213190,AL(R),3
1856833015,1917188956,AL(R),1
1856833015,2064165421,AL(R),1
1856833015,5812982656,SCL(R),15
1856833015,5812982656,PLP(R),13
1856833015,5812982656,SLP(R),9
1856833015,5812982656,AL(R),5
1856833015,5812983069,AL(R),1
1856833015,5813024601,AL(R),1
1856833015,5813024692,AL(R),1
1856833015,5813024799,SLP(R),1
1856833015,5813024799,SCL(R),1
1856833015,5813044177,SLP(R),1
1856833015,5813050729,AL(R),1
1856833015,5813054697,AL(R),2
1856833015,5813055184,AL(R),1
1856833015,5813069089,AL(R),3
1856833015,5901222731,AL(R),2
1857143769,544021095,AL(R),6
1857143769,577542489,AL(R),1
1857143769,610274029,LH(R),1
1857143769,610274029,AL(R),1
1857143769,733316908,AL(R),1
1857143769,850375847,AL(R),4
1857143769,886812643,PLP(R),2
1857143769,1037293275,AL(R),1
1857143769,1099911913,AL(R),1
1857143769,1415825344,AL(R),1
1857143769,1630051981,AL(R),2
1857143769,1640594274,AL(R),1
1857143769,1661769627,AL(R),11
1857143769,1671638278,AL(R),2
1857143769,1692817033,AL(R),2
1857143769,1700946301,AL(R),1
1857143769,1701299822,PLP(R),1
1857143769,1701299822,LH(R),1
1857143769,1727979406,LH(R),21
1857143769,1727979406,AL(R),14
1857143769,1727979406,PLP(R),7
1857143769,1733677514,AL(R),1
1857143769,1734350908,AL(R),1
1857143769,1755556277,AL(R),11
1857143769,1762674761,LH(R),2
1857143769,1788680591,AL(R),3
1857143769,1794055377,AL(R),2
1857143769,1794055377,LH(R),1
1857143769,1851061177,AL(R),7
1857143769,1857825571,AL(R),7
1857143769,1858171399,AL(R),8
1857143769,1881751117,AL(R),4
1857143769,1882083076,AL(R),1
1857143769,1883443112,AL(R),3
1857143769,1888178718,AL(R),8
1857143769,1889883818,LH(R),1
1857143769,1912789965,AL(R),1
1857143769,1944507292,LH(R),2
1857143769,2065197353,PLP(R),1
1857143769,2166133204,LH(R),1
1857143769,5813024601,AL(R),4
1857143769,5813039471,AL(R),8
1857143769,5813041247,LH(R),1
1857143769,5813041247,AL(R),1
1857143769,5813054697,AL(R),1
1857143769,5813055025,AL(R),1
1857143769,5813055162,AL(R),2
1857143769,5813069089,AL(R),9
1857143769,5813077810,AL(R),1
1857143769,5901222731,LH(R),18
1857143769,5901222731,AL(R),9
1857143769,5901222731,PLP(R),1
1857148391,573669915,AL(R),1
1857148391,610274029,AL(R),5
1857148391,610274046,AL(R),7
1857148391,693125078,CA(R),1
1857148391,697145036,AL(R),1
1857148391,722817260,NotPrimary,2
1857148391,729219639,AL(R),1
1857148391,760250511,AL(R),1
1857148391,762982753,AL(R),1
1857148391,788940872,AL(R),1
1857148391,823037476,AL(R),1
1857148391,850708902,AL(R),5
1857148391,976830572,AL(R),2
1857148391,1322353714,AL(R),2
1857148391,1322353841,AL(R),1
1857148391,1411784734,AL(R),1
1857148391,1447201088,AL(R),1
1857148391,1571025824,AL(R),1
1857148391,1640594274,AL(R),3
1857148391,1670934213,NotPrimary,1
1857148391,1671608112,AL(R),4
1857148391,1702306047,AL(R),2
1857148391,1723506321,AL(R),2
1857148391,1727979406,AL(R),22
1857148391,1733370882,AL(R),1
1857148391,1733677514,AL(R),1
1857148391,1788685103,AL(R),1
1857148391,1794055377,AL(R),3
1857148391,1825085656,AL(R),7
1857148391,1825085656,NotPrimary,1
1857148391,1827516355,NotPrimary,4
1857148391,1827861966,AL(R),10
1857148391,1827861966,NotPrimary,1
1857148391,1828206773,AL(R),1
1857148391,1881751117,AL(R),4
1857148391,1882083076,AL(R),2
1857148391,1887163927,AL(R),16
1857148391,1887163927,CA(R),3
1857148391,1887163927,NotPrimary,1
1857148391,1916528384,AL(R),1
1857148391,1917188956,AL(R),6
1857148391,1917188956,NotPrimary,1
1857148391,1917866877,AL(R),59
1857148391,1917866877,NotPrimary,2
1857148391,2010992546,AL(R),2
1857148391,5812982656,AL(R),4
1857148391,5812995298,AL(R),1
1857148391,5813000276,AL(R),1
1857148391,5813024692,AL(R),19
1857148391,5813024799,AL(R),3
1857148391,5813045696,AL(R),1
1857148391,5813055147,NotPrimary,1
1857148391,5813056072,AL(R),7
1857148391,5901194250,AL(R),1
1857825571,577542489,AL(R),10
1857825571,610274029,AL(R),9
1857825571,610274046,AL(R),10
1857825571,727855437,AL(R),2
1857825571,729544359,AL(R),1
1857825571,730252777,AL(R),3
1857825571,733316908,LH(R),7
1857825571,761938645,AL(R),3
1857825571,850375847,LH(R),1
1857825571,882353566,AL(R),6
1857825571,1037293275,AL(R),2
1857825571,1316245799,AL(R),2
1857825571,1415825344,AL(R),41
1857825571,1671952694,AL(R),4
1857825571,1701299822,AL(R),1
1857825571,1732313117,AL(R),1
1857825571,1755556277,AL(R),2
1857825571,1765415970,AL(R),8
1857825571,1795410644,AL(R),7
1857825571,1825440160,AL(R),2
1857825571,1827473315,AL(R),2
1857825571,1851389175,NotPrimary,1
1857825571,1851393805,NotPrimary,1
1857825571,1857143769,AL(R),6
1857825571,1858171399,AL(R),2
1857825571,1858171399,LH(R),1
1857825571,1888178718,AL(R),1
1857825571,5813014622,AL(R),1
1857825571,5813024601,AL(R),2
1857825571,5813055162,AL(R),1
1857825571,5813055162,NotPrimary,1
1858171399,577542489,AL(R),4
1858171399,610274029,AL(R),10
1858171399,610274046,AL(R),21
1858171399,666135689,NotPrimary,1
1858171399,697848868,LH(R),1
1858171399,727855437,AL(R),2
1858171399,729544359,AL(R),1
1858171399,730252777,AL(R),3
1858171399,761938645,AL(R),1
1858171399,850375847,AL(R),2
1858171399,850375847,LH(R),1
1858171399,850375847,CA(R),1
1858171399,850375847,NotPrimary,1
1858171399,882353566,AL(R),2
1858171399,977866721,AL(R),2
1858171399,1037293275,AL(R),5
1858171399,1099911913,AL(R),1
1858171399,1415825344,AL(R),46
1858171399,1670934213,CA(R),1
1858171399,1671952694,AL(R),3
1858171399,1700307582,AL(R),3
1858171399,1701299822,AL(R),1
1858171399,1732313117,AL(R),1
1858171399,1733370882,AL(R),1
1858171399,1733677514,AL(R),4
1858171399,1755556277,AL(R),4
1858171399,1765415970,AL(R),9
1858171399,1795410644,AL(R),6
1858171399,1825440160,AL(R),1
1858171399,1857143769,AL(R),12
1858171399,1857825571,AL(R),5
1858171399,2010992546,NotPrimary,1
1858171399,5813014622,AL(R),3
1858171399,5813024799,AL(R),1
1858171399,5813039471,AL(R),6
1858171399,5813041247,AL(R),1
1858171399,5813055162,AL(R),1
1858171399,5813071369,AL(R),1
1858901026,574032862,NotPrimary,1
1858901026,574037281,NotPrimary,1
1858901026,574374051,CA(R),1
1858901026,603785283,PLP(R),1
1858901026,663432544,SLP(R),1
1858901026,663787020,CA(R),1
1858901026,664814903,SLP(R),1
1858901026,698565676,AL(R),1
1858901026,724816115,NotPrimary,2
1858901026,1415825344,AL(R),1
1858901026,1661769627,AL(R),8
1858901026,1693486219,SCL(R),1
1858901026,1700307582,AL(R),1
1858901026,1700937093,NotPrimary,1
1858901026,1755556277,AL(R),5
1858901026,1788685103,AL(R),1
1858901026,1793403571,AL(R),1
1858901026,1825440160,AL(R),2
1858901026,1881401277,SLP(R),1
1858901026,1975187675,SLP(R),1
1858901026,1975878958,AL(R),2
1858901026,1975878958,SLP(R),1
1858901026,5812982656,AL(R),2
1881059780,664814903,SLP(R),2
1881059780,698508565,AL(R),1
1881059780,757569579,SLP(R),2
1881059780,757569579,AL(R),1
1881059780,1037293275,AL(R),11
1881059780,1102334088,AL(R),2
1881059780,1661769627,AL(R),9
1881059780,1733677514,AL(R),8
1881059780,1755556277,AL(R),15
1881059780,1789013008,AL(R),4
1881059780,1793403571,AL(R),2
1881059780,1794055377,AL(R),1
1881059780,1858901026,AL(R),1
1881059780,1881401277,AL(R),6
1881059780,1881401277,PLP(R),1
1881059780,1883443112,AL(R),1
1881059780,1888178718,AL(R),15
1881059780,1917866877,PLP(R),2
1881059780,1943811736,AL(R),2
1881059780,1943812176,PLP(R),1
1881059780,1943812176,SLP(R),1
1881059780,1944502935,AL(R),4
1881059780,1974846717,AL(R),1
1881059780,1975187554,AL(R),1
1881059780,1975187675,AL(R),2
1881059780,1975878958,AL(R),22
1881059780,2069644133,AL(R),1
1881059780,2069648663,AL(R),2
1881059780,2100010400,AL(R),1
1881059780,5813024692,AL(R),7
1881059780,5813063239,SLP(R),2
1881059780,5813063239,AL(R),1
1881059780,5813069447,AL(R),4
1881401277,663787020,SLP(R),1
1881401277,666818300,AL(R),2
1881401277,697844568,NotPrimary,1
1881401277,729608317,AL(R),1
1881401277,1037293275,AL(R),17
1881401277,1037293275,VES(R),1
1881401277,1039237469,AL(R),1
1881401277,1102334088,AL(R),3
1881401277,1316245799,AL(R),1
1881401277,1661769627,AL(R),27
1881401277,1733677514,AL(R),9
1881401277,1733677514,VES(R),1
1881401277,1733677514,SCL(R),1
1881401277,1733677514,SAD,1
1881401277,1755556277,AL(R),27
1881401277,1755556277,SAD,1
1881401277,1788680591,AL(R),1
1881401277,1788685103,AL(R),1
1881401277,1789013008,AL(R),5
1881401277,1793403571,AL(R),4
1881401277,1793403571,SAD,1
1881401277,1858901026,AL(R),8
1881401277,1881059780,AL(R),6
1881401277,1881059780,NotPrimary,1
1881401277,1887872301,AL(R),1
1881401277,1888178718,AL(R),26
1881401277,1943811736,PLP(R),1
1881401277,1943811736,AL(R),1
1881401277,1943812176,AL(R),3
1881401277,1943812176,PLP(R),1
1881401277,1944502935,AL(R),2
1881401277,1974846717,LH(R),1
1881401277,1974846717,AL(R),1
1881401277,1974846717,SAD,1
1881401277,1975187554,AL(R),3
1881401277,1975187675,AL(R),1
1881401277,1975187675,VES(R),1
1881401277,1975878958,AL(R),11
1881401277,1975878958,LH(R),1
1881401277,2069644133,AL(R),1
1881401277,5812982656,AL(R),2
1881401277,5813024692,AL(R),10
1881401277,5813063239,AL(R),1
1881401277,5813069447,AL(R),3
1881401277,5813077788,AL(R),2
1881401277,5813077788,NotPrimary,1
1881751117,480927537,LH(R),3
1881751117,542634818,NotPrimary,2
1881751117,542665377,LH(R),1
1881751117,544021095,LH(R),1
1881751117,572663539,LH(R),1
1881751117,574032862,LH(R),2
1881751117,574037266,LH(R),1
1881751117,574374051,LH(R),1
1881751117,577542489,AL(R),21
1881751117,610274029,AL(R),39
1881751117,610274046,AL(R),27
1881751117,635062078,CA(R),2
1881751117,637462647,AL(R),17
1881751117,637462647,LH(R),1
1881751117,666135689,LH(R),1
1881751117,693483018,CA(R),1
1881751117,697132371,CA(R),1
1881751117,727855437,LH(R),1
1881751117,754534424,CA(R),1
1881751117,761938645,AL(R),12
1881751117,761938645,LH(R),1
1881751117,851684181,AL(R),5
1881751117,882353566,AL(R),9
1881751117,886812643,AL(R),6
1881751117,1037293275,AL(R),10
1881751117,1037518512,AL(R),6
1881751117,1102334088,AL(R),1
1881751117,1322353714,AL(R),4
1881751117,1322353824,LH(R),1
1881751117,1415825344,AL(R),24
1881751117,1447205712,LH(R),1
1881751117,1536947502,CA(R),1
1881751117,1539978151,AL(R),20
1881751117,1570685132,AL(R),7
1881751117,1609542060,LH(R),1
1881751117,1640594274,LH(R),1
1881751117,1670934213,CA(R),1
1881751117,1671608112,AL(R),8
1881751117,1700937093,CA(R),1
1881751117,1700937093,LH(R),1
1881751117,1700946301,LH(R),1
1881751117,1701299822,AL(R),2
1881751117,1701325725,LH(R),1
1881751117,1702306047,AL(R),23
1881751117,1723506321,AL(R),2
1881751117,1733370882,AL(R),1
1881751117,1733677514,AL(R),29
1881751117,1755556277,AL(R),3
1881751117,1793351401,CA(R),1
1881751117,1794055377,AL(R),1
1881751117,1825440160,AL(R),1
1881751117,1827473315,AL(R),3
1881751117,1828206773,CA(R),1
1881751117,1856833015,AL(R),1
1881751117,1857143769,AL(R),2
1881751117,1917188956,AL(R),1
1881751117,1977579449,CA(R),1
1881751117,2010992546,AL(R),1
1881751117,5812982656,AL(R),1
1881751117,5812995298,AL(R),4
1881751117,5813024692,AL(R),13
1881751117,5813038889,LH(R),3
1881751117,5813039235,CA(R),1
1881751117,5813050729,LH(R),2
1881751117,5813054697,AL(R),1
1881751117,5813055048,LH(R),2
1881751117,5813056072,LH(R),2
1881751117,5813056596,LH(R),1
1881751117,5813063239,NotPrimary,2
1881751117,5813071369,AL(R),51
1881751117,5813071409,AL(R),1
1881751117,5813083723,NotPrimary,1
1881751117,5813090752,AL(R),1
1881751117,5901222910,NotPrimary,1
1882083076,610274029,AL(R),14
1882083076,610274046,AL(R),19
1882083076,697844568,AL(R),10
1882083076,698526273,AL(R),8
1882083076,730252777,AL(R),1
1882083076,760264077,AL(R),4
1882083076,856071065,AL(R),1
1882083076,1037293275,AL(R),11
1882083076,1539978151,AL(R),2
1882083076,1640594274,LH(R),6
1882083076,1671608112,AL(R),4
1882083076,1671952694,AL(R),3
1882083076,1700307582,AL(R),3
1882083076,1701299822,AL(R),19
1882083076,1703683361,NotPrimary,1
1882083076,1732313117,AL(R),10
1882083076,1733677514,AL(R),13
1882083076,1795410644,AL(R),1
1882083076,1797505019,NotPrimary,1
1882083076,1827516355,NotPrimary,1
1882083076,1850706912,AL(R),1
1882083076,1850711304,NotPrimary,1
1882083076,1881751117,CA(R),2
1882083076,5813024712,CA(R),1
1882083076,5813039315,NotPrimary,1
1882083076,5813050729,AL(R),6
1882083076,5813050729,NotPrimary,4
1882083076,5813050729,CA(R),1
1882083076,5813055180,AL(R),10
1882083076,5813055180,NotPrimary,2
1882083076,5813055180,CA(R),1
1882083076,5813056596,LH(R),1
1882083076,5813069089,LH(R),1
1882083076,5813071409,AL(R),4
1883443112,603785283,AL(R),29
1883443112,663432544,AL(R),36
1883443112,663787020,AL(R),1
1883443112,819993149,AL(R),7
1883443112,850708783,AL(R),2
1883443112,850708783,VES(R),1
1883443112,850717220,AL(R),31
1883443112,850717220,VES(R),3
1883443112,1037293275,AL(R),10
1883443112,1099911913,AL(R),2
1883443112,1630734360,AL(R),7
1883443112,1639234609,AL(R),2
1883443112,1661769627,AL(R),19
1883443112,1661769627,LAL(R),2
1883443112,1661769627,VES(R),1
1883443112,1700307582,AL(R),1
1883443112,1701299822,AL(R),1
1883443112,1733677514,AL(R),7
1883443112,1755556097,AL(R),59
1883443112,1755556097,VES(R),3
1883443112,1755556277,AL(R),20
1883443112,1788676257,AL(R),9
1883443112,1788676257,WED(R),1
1883443112,1788676257,LAL(R),1
1883443112,1788680591,AL(R),58
1883443112,1788680591,VES(R),2
1883443112,1788680591,PLP(R),1
1883443112,1788680591,AL(L),1
1883443112,1788685103,AL(R),2
1883443112,1789013008,AL(R),4
1883443112,1794055377,AL(R),1
1883443112,1825440160,AL(R),71
1883443112,1825440160,VES(R),8
1883443112,1857143769,AL(R),3
1883443112,1858901026,VES(R),1
1883443112,1888178718,AL(R),2
1883443112,1912435859,VES(R),1
1883443112,1944502935,AL(R),1
1883443112,1975187554,PLP(R),1
1883443112,1975187675,AL(R),1
1883443112,1975878958,AL(R),5
1883443112,2065197353,AL(R),5
1883443112,2065197353,PLP(R),1
1883443112,2065197353,WED(R),1
1883443112,2069644133,WED(R),1
1883443112,2100010400,AL(R),1
1883443112,5813040515,AL(R),66
1883443112,5813040515,VES(R),1
1883443112,5813063239,AL(R),12
1883443112,5813063239,VES(R),2
1883443112,5813063239,LAL(R),1
1883443112,5901222731,AL(R),2
1886132855,724816115,AL(R),3
1886132855,757556799,LH(R),1
1886132855,762982753,AL(R),2
1886132855,788945049,AL(R),1
1886132855,823037476,AL(R),2
1886132855,824353701,LH(R),1
1886132855,948834414,AL(R),2
1886132855,976830572,LH(R),1
1886132855,977866721,AL(R),3
1886132855,977866721,LH(R),1
1886132855,1037293275,AL(R),3
1886132855,1039237469,LH(R),1
1886132855,1225100939,AL(R),1
1886132855,1322012611,AL(R),2
1886132855,1570685257,SCL(R),3
1886132855,1661769627,AL(R),8
1886132855,1671638278,AL(R),4
1886132855,1671638278,VES(R),1
1886132855,1671952694,AL(R),1
1886132855,1727979406,LH(R),1
1886132855,1727979406,AL(R),1
1886132855,1733677514,VES(R),4
1886132855,1733677514,AL(R),2
1886132855,1755556277,AL(R),14
1886132855,1762674761,LH(R),2
1886132855,1762674761,AL(R),1
1886132855,1788300760,NotPrimary,1
1886132855,1793351401,NotPrimary,1
1886132855,1856833015,AL(R),1
1886132855,1857143769,AL(R),1
1886132855,1858901026,AL(R),5
1886132855,1858901026,VES(R),1
1886132855,1881401277,AL(R),4
1886132855,1881401277,SCL(R),3
1886132855,1888213190,NotPrimary,1
1886132855,1888524453,LH(R),1
1886132855,1889883818,AL(R),1
1886132855,1944507292,AL(R),3
1886132855,2383731281,AL(R),2
1886132855,2383731281,LH(R),1
1886132855,5812996003,LH(R),4
1886132855,5812996003,SCL(R),1
1886132855,5813041247,AL(R),2
1886132855,5813041247,LH(R),2
1886132855,5813069089,AL(R),7
1886132855,5813069447,AL(R),1
1886132855,5813077788,SCL(R),1
1886132855,5813077788,VES(R),1
1887163927,542634818,AL(R),1
1887163927,573333835,AL(R),1
1887163927,603349484,AL(R),1
1887163927,606090268,AL(R),4
1887163927,610274029,AL(R),8
1887163927,610274046,AL(R),4
1887163927,630714299,AL(R),3
1887163927,635062078,AL(R),1
1887163927,636789080,AL(R),7
1887163927,662776660,AL(R),2
1887163927,693479072,AL(R),3
1887163927,694834412,AL(R),2
1887163927,757556799,LH(R),1
1887163927,763730414,NotPrimary,2
1887163927,824353701,AL(R),1
1887163927,850703925,SLP(R),1
1887163927,850703925,NotPrimary,1
1887163927,850708902,NotPrimary,1
1887163927,1570684665,AL(R),1
1887163927,1630734360,NotPrimary,1
1887163927,1639243580,AL(R),1
1887163927,1640568102,AL(R),1
1887163927,1640594274,AL(R),2
1887163927,1661769627,AL(R),1
1887163927,1670934213,AL(R),1
1887163927,1671608112,AL(R),7
1887163927,1693486219,NotPrimary,1
1887163927,1701299822,AL(R),3
1887163927,1702306047,AL(R),3
1887163927,1723506321,AL(R),3
1887163927,1727979406,AL(R),62
1887163927,1788300760,AL(R),1
1887163927,1788680591,AL(R),1
1887163927,1793403571,AL(R),1
1887163927,1794055377,SCL(R),1
1887163927,1794055377,AL(R),1
1887163927,1796817841,NotPrimary,1
1887163927,1825085656,NotPrimary,5
1887163927,1825085656,AL(R),3
1887163927,1825085656,SCL(R),1
1887163927,1825440160,AL(R),1
1887163927,1827861966,NotPrimary,10
1887163927,1827861966,AL(R),7
1887163927,1827861966,SCL(R),1
1887163927,1828206773,AL(R),3
1887163927,1850706912,AL(R),1
1887163927,1850711304,AL(R),1
1887163927,1851393805,AL(R),3
1887163927,1857148391,NotPrimary,5
1887163927,1857148391,AL(R),4
1887163927,1857148391,CA(R),1
1887163927,1882083076,AL(R),1
1887163927,1887872301,AL(R),2
1887163927,1888213190,AL(R),1
1887163927,1889253763,AL(R),2
1887163927,1889253785,AL(R),2
1887163927,1889883818,AL(R),1
1887163927,1912789965,NotPrimary,1
1887163927,1917188956,NotPrimary,8
1887163927,1917188956,SCL(R),4
1887163927,1917188956,SLP(R),1
1887163927,1917188956,AL(R),1
1887163927,1917866877,AL(R),5
1887163927,1944507292,NotPrimary,2
1887163927,2010992546,AL(R),4
1887163927,2064165421,AL(R),2
1887163927,2166133204,LH(R),1
1887163927,5812995298,AL(R),1
1887163927,5813000276,AL(R),2
1887163927,5813000276,CA(R),2
1887163927,5813024601,AL(R),1
1887163927,5813024692,AL(R),4
1887163927,5813034571,AL(R),2
1887163927,5813034571,NotPrimary,1
1887163927,5813038793,AL(R),1
1887163927,5813050727,AL(R),2
1887163927,5813054697,AL(R),1
1887163927,5813055025,AL(R),1
1887163927,5813055048,AL(R),1
1887163927,5813055147,CA(R),1
1887163927,5813056072,AL(R),13
1887163927,5813069089,AL(R),4
1887163927,5813071369,AL(R),1
1887163927,5813083723,PLP(R),1
1887163927,5901222731,AL(R),4
1887872301,542665377,LH(R),1
1887872301,574032862,LH(R),1
1887872301,609924156,LH(R),1
1887872301,610274029,AL(R),1
1887872301,635416407,CA(R),1
1887872301,662776660,AL(R),3
1887872301,666818300,AL(R),1
1887872301,730252777,AL(R),2
1887872301,762982753,LH(R),1
1887872301,762982753,AL(R),1
1887872301,788940872,AL(R),2
1887872301,823037476,AL(R),1
1887872301,1037293275,AL(R),1
1887872301,1099911913,AL(R),1
1887872301,1316245799,AL(R),2
1887872301,1411784734,AL(R),2
1887872301,1630051981,AL(R),1
1887872301,1661769627,AL(R),4
1887872301,1671638278,AL(R),1
1887872301,1671952694,AL(R),2
1887872301,1693486219,AL(R),1
1887872301,1700307582,AL(R),3
1887872301,1723506321,AL(R),1
1887872301,1727979406,AL(R),3
1887872301,1733677514,AL(R),1
1887872301,1755556277,AL(R),9
1887872301,1793403571,AL(R),4
1887872301,1825440160,AL(R),1
1887872301,1856833015,AL(R),1
1887872301,1858901026,AL(R),1
1887872301,1888213190,AL(R),1
1887872301,1916528384,AL(R),3
1887872301,1917188956,AL(R),2
1887872301,2010992546,NotPrimary,1
1887872301,2383731281,AL(R),2
1887872301,5812983069,AL(R),3
1887872301,5812996003,AL(R),1
1887872301,5813000276,AL(R),1
1887872301,5813024692,AL(R),1
1887872301,5813024799,AL(R),2
1887872301,5813055162,NotPrimary,1
1888178718,819993149,PLP(R),6
1888178718,1102334088,LAL(R),1
1888178718,1630734360,PLP(R),3
1888178718,5813044177,PLP(R),3
1888178718,5813044177,WED(R),1
1888213190,577542489,AL(R),2
1888213190,662776660,AL(R),2
1888213190,762982753,LH(R),2
1888213190,762982753,CA(R),1
1888213190,762982753,AL(R),1
1888213190,788940872,AL(R),1
1888213190,823037476,AL(R),3
1888213190,1316245799,AL(R),1
1888213190,1411784734,AL(R),1
1888213190,1442819296,AL(R),1
1888213190,1661769627,AL(R),3
1888213190,1700307582,AL(R),1
1888213190,1701325725,AL(R),1
1888213190,1733370882,AL(R),1
1888213190,1755556277,AL(R),4
1888213190,1793403571,AL(R),3
1888213190,1849683877,AL(R),1
1888213190,1856833015,AL(R),3
1888213190,1886132855,NotPrimary,1
1888213190,1916528384,AL(R),2
1888213190,2040344064,AL(R),2
1888213190,2383731281,AL(R),1
1888213190,5813000276,AL(R),1
1888213190,5813024692,AL(R),5
1888213190,5813024799,AL(R),1
1888213190,5813034571,NotPrimary,1
1888213190,5813056072,LH(R),1
1888524453,541632990,PLP(R),1
1888524453,544021095,LH(R),1
1888524453,574037266,LH(R),8
1888524453,636789080,LH(R),1
1888524453,666818300,LH(R),2
1888524453,818983130,LH(R),2
1888524453,850375847,AL(R),1
1888524453,1099911913,LH(R),2
1888524453,1415825344,LH(R),4
1888524453,1415825344,PLP(R),1
1888524453,1788300760,LH(R),1
1888524453,1796817841,LH(R),1
1888524453,1796818119,LH(R),3
1888524453,1827516355,LH(R),1
1888524453,1850706912,LH(R),1
1888524453,1857143769,LH(R),6
1888524453,1857143769,AL(R),2
1888524453,1857143769,PLP(R),1
1888524453,5812982656,LH(R),1
1888524453,5813024601,LH(R),1
1888524453,5813024799,AL(R),1
1888524453,5813050729,LH(R),1
1888524453,5813055162,AL(R),1
1888572074,573669915,AL(R),5
1888572074,577542489,AL(R),2
1888572074,610274029,AL(R),9
1888572074,610274046,AL(R),13
1888572074,635416407,AL(R),1
1888572074,697132371,NotPrimary,1
1888572074,697145036,AL(R),5
1888572074,727855437,AL(R),3
1888572074,762982753,AL(R),1
1888572074,788306624,NotPrimary,1
1888572074,1006258344,AL(R),7
1888572074,1415829574,AL(R),6
1888572074,1447205602,AL(R),1
1888572074,1671952694,AL(R),4
1888572074,1701299822,AL(R),2
1888572074,1701325725,AL(R),3
1888572074,1827473315,AL(R),17
1888572074,1888213190,AL(R),1
1888572074,1914140664,LH(R),1
1888572074,1914140664,AL(R),1
1888572074,1914140664,NotPrimary,1
1888572074,1914823337,LH(R),1
1888572074,1914823414,AL(R),4
1888572074,5812995098,CA(R),1
1888572074,5812996003,AL(R),3
1888572074,5813013823,AL(R),8
1888572074,5813024692,AL(R),2
1888572074,5813024712,AL(R),1
1888572074,5813039235,NotPrimary,1
1888572074,5813054697,NotPrimary,1
1889253763,294792184,AL(R),2
1889253763,541632990,AL(R),4
1889253763,542311358,AL(R),4
1889253763,542652506,AL(R),1
1889253763,542665377,AL(R),15
1889253763,542665377,LH(R),7
1889253763,573333835,LH(R),2
1889253763,573333835,AL(R),1
1889253763,573669915,AL(R),1
1889253763,577542489,AL(R),2
1889253763,609924156,LH(R),2
1889253763,610274029,AL(R),9
1889253763,610274046,AL(R),10
1889253763,630714299,LH(R),1
1889253763,666818300,LH(R),1
1889253763,693125078,NotPrimary,1
1889253763,693479072,AL(R),9
1889253763,693479072,LH(R),2
1889253763,693479072,NotPrimary,1
1889253763,697145036,AL(R),1
1889253763,697848868,LH(R),4
1889253763,698526273,AL(R),5
1889253763,729219639,LH(R),2
1889253763,729219639,AL(R),1
1889253763,759922408,LH(R),9
1889253763,760264077,AL(R),6
1889253763,760264077,LH(R),1
1889253763,762982753,LH(R),1
1889253763,823037476,AL(R),2
1889253763,851684181,AL(R),1
1889253763,1006258344,LH(R),1
1889253763,1006258344,NotPrimary,1
1889253763,1447201088,LH(R),5
1889253763,1570685224,AL(R),1
1889253763,1640594274,CA(R),1
1889253763,1671608112,AL(R),5
1889253763,1671952694,AL(R),3
1889253763,1700946301,LH(R),1
1889253763,1701299822,AL(R),1
1889253763,1702306047,AL(R),3
1889253763,1734350908,NotPrimary,1
1889253763,1827473315,AL(R),5
1889253763,1857148391,AL(R),1
1889253763,1887872301,AL(R),1
1889253763,1887872301,NotPrimary,1
1889253763,1888213190,AL(R),2
1889253763,1888213190,LH(R),1
1889253763,1914823414,AL(R),1
1889253763,1917188956,AL(R),1
1889253763,1917866877,AL(R),6
1889253763,2040344064,AL(R),1
1889253763,5812996748,AL(R),1
1889253763,5813024692,AL(R),21
1889253763,5813024712,AL(R),1
1889253763,5813024799,NotPrimary,1
1889253763,5813050727,AL(R),2
1889253763,5813054911,LH(R),5
1889253763,5813054911,AL(R),3
1889253763,5813054911,SLP(R),1
1889253763,5813055048,CA(R),1
1889253763,5813055147,AL(R),1
1889253763,5813090752,AL(R),3
1889253785,577542489,AL(R),3
1889253785,605050789,AL(R),2
1889253785,610274029,AL(R),32
1889253785,610274046,AL(R),21
1889253785,697844568,AL(R),2
1889253785,727855437,LH(R),1
1889253785,729544359,AL(R),5
1889253785,730252777,AL(R),27
1889253785,760250272,AL(R),3
1889253785,760250511,AL(R),7
1889253785,788306624,NotPrimary,1
1889253785,788306724,AL(R),1
1889253785,791298858,AL(R),9
1889253785,792024028,AL(R),2
1889253785,851684181,AL(R),4
1889253785,977866721,AL(R),10
1889253785,1037293275,AL(R),4
1889253785,1316245799,AL(R),1
1889253785,1322012611,AL(R),3
1889253785,1322353714,AL(R),2
1889253785,1322353824,AL(R),9
1889253785,1322353841,AL(R),10
1889253785,1415825344,AL(R),4
1889253785,1536947502,NotPrimary,1
1889253785,1630051981,AL(R),5
1889253785,1661769627,AL(R),3
1889253785,1670969304,AL(R),1
1889253785,1671608112,AL(R),2
1889253785,1671952694,AL(R),7
1889253785,1700307582,AL(R),25
1889253785,1701299822,AL(R),19
1889253785,1701325725,LH(R),15
1889253785,1727979406,AL(R),1
1889253785,1732313117,AL(R),4
1889253785,1733370882,AL(R),1
1889253785,1733677514,AL(R),6
1889253785,1755556277,AL(R),18
1889253785,1762674761,AL(R),5
1889253785,1765415970,AL(R),10
1889253785,1788300760,LH(R),1
1889253785,1795410644,AL(R),13
1889253785,1825440160,AL(R),2
1889253785,1827473315,AL(R),2
1889253785,1857143769,AL(R),1
1889253785,1888572074,NotPrimary,1
1889253785,1943811511,AL(R),16
1889253785,2040344064,AL(R),3
1889253785,2383731281,AL(R),20
1889253785,5813024601,NotPrimary,1
1889253785,5813038889,NotPrimary,1
1889253785,5813039315,NotPrimary,2
1889253785,5813055025,AL(R),26
1889253785,5813055048,NotPrimary,1
1889253785,5813055147,NotPrimary,1
1889253785,5813069089,LH(R),1
1889883818,574037266,LH(R),1
1889883818,636418270,NotPrimary,1
1889883818,636789080,LH(R),1
1889883818,697848868,NotPrimary,1
1889883818,948834414,AL(R),3
1889883818,1037518512,LH(R),1
1889883818,1415825344,LH(R),3
1889883818,1671638278,AL(R),1
1889883818,1694850602,NotPrimary,1
1889883818,1762674761,LH(R),3
1889883818,1819326555,NotPrimary,1
1889883818,1857143769,LH(R),3
1889883818,1886132855,AL(R),1
1889883818,1912789965,LH(R),1
1889883818,5812983053,LH(R),2
1889883818,5813069089,AL(R),7
1889883818,5813071409,LH(R),1
1889883818,5813077788,LH(R),2
1889883818,5813077810,AL(R),1
1889883818,5813077810,NotPrimary,1
1912435859,541632990,AL(R),1
1912435859,697844568,NotPrimary,1
1912435859,763730414,AL(R),1
1912435859,792023887,SCL(R),1
1912435859,850708783,PLP(R),1
1912435859,850708783,NotPrimary,1
1912435859,1322353824,AL(R),4
1912435859,1411784734,AL(R),1
1912435859,1415825344,AL(R),1
1912435859,1570685257,AL(R),2
1912435859,1672293837,NotPrimary,1
1912435859,1755556277,AL(R),1
1912435859,1825440160,AL(R),2
1912435859,1825440160,VES(R),1
1912435859,1856820042,AL(R),1
1912435859,1857825571,AL(R),1
1912435859,1912777226,PLP(R),1
1912435859,1943811736,NotPrimary,1
1912435859,1975187554,PLP(R),1
1912435859,1975187675,SMP(R),1
1912435859,1975187675,AL(R),1
1912435859,5813024799,AL(R),1
1912435859,5813038889,AL(R),1
1912435859,5813071409,AL(R),1
1912777226,663787020,AL(R),1
1912777226,666818300,AL(R),1
1912777226,850708783,PLP(R),1
1912777226,1037293275,AL(R),1
1912777226,1099911913,AL(R),2
1912777226,1225100939,AL(R),1
1912777226,1322353824,AL(R),1
1912777226,1447205712,AL(R),1
1912777226,1733677514,AL(R),1
1912777226,1825440160,AL(R),4
1912777226,1856820042,PLP(R),3
1912777226,1858901026,AL(R),1
1912777226,1881401277,PLP(R),1
1912777226,1881401277,AL(R),1
1912777226,1883443112,PLP(R),2
1912777226,1888178718,AL(R),1
1912777226,1912435859,SCL(R),1
1912777226,1975187554,PLP(R),3
1912777226,1975187675,AL(R),2
1912777226,1975878958,AL(R),3
1912777226,2065197353,SCL(R),1
1912777226,2065197353,VES(R),1
1912777226,2069644133,VES(R),1
1912777226,2069648663,AL(R),2
1912777226,2100010400,AL(R),1
1912777226,5812982656,AL(R),1
1912777226,5813024692,AL(R),1
1912777226,5813069447,AL(R),1
1912789965,574032862,AL(R),1
1912789965,610274029,AL(R),1
1912789965,634759240,AL(R),2
1912789965,733316908,AL(R),1
1912789965,757556799,AL(R),72
1912789965,757556799,LH(R),46
1912789965,757556799,PLP(R),34
1912789965,757556799,SCL(R),8
1912789965,763730414,LH(R),2
1912789965,788940872,AL(R),1
1912789965,819993149,AL(R),1
1912789965,850703925,PLP(R),4
1912789965,850703925,AL(R),1
1912789965,850708902,PLP(R),2
1912789965,850708902,SCL(R),1
1912789965,850708902,AL(R),1
1912789965,850708902,CA(R),1
1912789965,850708902,LH(R),1
1912789965,856071065,AL(R),4
1912789965,887105351,AL(R),1
1912789965,948834414,LH(R),1
1912789965,976830572,AL(R),1
1912789965,977866721,LH(R),5
1912789965,977866721,AL(R),3
1912789965,1037293275,AL(R),11
1912789965,1070613107,PLP(R),1
1912789965,1322012611,LH(R),6
1912789965,1630734360,AL(R),5
1912789965,1639234609,LH(R),1
1912789965,1661769627,AL(R),1
1912789965,1671608112,AL(R),2
1912789965,1671638278,AL(R),1
1912789965,1693486219,AL(R),9
1912789965,1723506321,AL(R),2
1912789965,1727979406,AL(R),2
1912789965,1727979406,CA(R),1
1912789965,1733677514,AL(R),6
1912789965,1789013008,AL(R),7
1912789965,1794055377,AL(R),1
1912789965,1825440160,AL(R),3
1912789965,1856833015,AL(R),9
1912789965,1887163927,LH(R),1
1912789965,1889883818,LH(R),1
1912789965,1917188956,PLP(R),4
1912789965,1917188956,AL(R),1
1912789965,1917188956,LH(R),1
1912789965,1917866877,AL(R),3
1912789965,1943812176,PLP(R),1
1912789965,1944507292,CA(R),1
1912789965,2040344064,AL(R),2
1912789965,2166133204,AL(R),1
1912789965,2166133204,SCL(R),1
1912789965,2166133204,NotPrimary,1
1912789965,2383731281,AL(R),1
1912789965,2383731281,LH(R),1
1912789965,5812982656,PLP(R),6
1912789965,5812982656,SCL(R),3
1912789965,5812982656,LH(R),2
1912789965,5812982656,NotPrimary,1
1912789965,5812983069,AL(R),4
1912789965,5812996003,LH(R),3
1912789965,5813041247,LH(R),7
1912789965,5813041247,AL(R),5
1912789965,5813041247,PLP(R),1
1912789965,5813044177,AL(R),9
1912789965,5901194250,AL(R),1
1914140664,577542489,AL(R),1
1914140664,605050789,LH(R),1
1914140664,610274029,AL(R),10
1914140664,610274046,AL(R),22
1914140664,693479072,NotPrimary,1
1914140664,697145036,AL(R),7
1914140664,762982753,AL(R),4
1914140664,788306724,AL(R),2
1914140664,850375847,LH(R),1
1914140664,851684181,AL(R),5
1914140664,1006258344,AL(R),2
1914140664,1447205602,AL(R),3
1914140664,1570685257,AL(R),1
1914140664,1671952694,AL(R),1
1914140664,1701299822,AL(R),4
1914140664,1701325725,AL(R),1
1914140664,1827473315,AL(R),17
1914140664,1851393805,NotPrimary,2
1914140664,1888572074,CA(R),1
1914140664,1888572074,LH(R),1
1914140664,1914823337,CA(R),1
1914140664,1914823414,AL(R),4
1914140664,2010992546,NotPrimary,4
1914140664,2010992546,LH(R),2
1914140664,5812996003,AL(R),4
1914140664,5813000276,NotPrimary,1
1914140664,5813013823,AL(R),5
1914140664,5813024692,AL(R),5
1914140664,5813034571,CA(R),1
1914140664,5813039471,NotPrimary,1
1914823337,542665377,AL(R),4
1914823337,572663539,AL(R),8
1914823337,604726283,AL(R),15
1914823337,606090268,AL(R),3
1914823337,610274029,AL(R),14
1914823337,610274046,AL(R),12
1914823337,662776660,AL(R),1
1914823337,693125078,AL(R),7
1914823337,693125078,LH(R),1
1914823337,698526273,AL(R),1
1914823337,726207450,AL(R),3
1914823337,730252777,AL(R),1
1914823337,754854077,NotPrimary,1
1914823337,1006258344,LH(R),2
1914823337,1037293275,AL(R),6
1914823337,1316245799,AL(R),2
1914823337,1322353841,AL(R),1
1914823337,1447205602,AL(R),1
1914823337,1447205712,AL(R),5
1914823337,1640594274,CA(R),1
1914823337,1671638278,AL(R),1
1914823337,1700307582,AL(R),1
1914823337,1701299822,AL(R),12
1914823337,1764091241,LH(R),1
1914823337,1793403571,AL(R),1
1914823337,1850024931,AL(R),1
1914823337,1888213190,AL(R),1
1914823337,1888572074,NotPrimary,1
1914823337,1889253785,CA(R),1
1914823337,1914140664,AL(R),1
1914823337,1916528384,AL(R),1
1914823337,1917188956,AL(R),3
1914823337,2010992546,AL(R),2
1914823337,5813000276,AL(R),1
1914823337,5813000276,NotPrimary,1
1914823337,5813013823,AL(R),10
1914823337,5813024692,AL(R),30
1914823337,5813034571,AL(R),3
1914823337,5813034571,LH(R),1
1914823337,5813039235,AL(R),1
1914823337,5813050727,NotPrimary,1
1914823337,5813055048,CA(R),1
1914823337,5813055180,AL(R),1
1914823337,5813071409,AL(R),5
1914823337,5901222910,LH(R),1
1914823414,572663539,AL(R),3
1914823414,604726283,AL(R),3
1914823414,610274029,AL(R),9
1914823414,610274046,AL(R),6
1914823414,634379734,AL(R),1
1914823414,635416407,LH(R),1
1914823414,693479072,AL(R),1
1914823414,697145036,AL(R),5
1914823414,754854077,NotPrimary,3
1914823414,762982753,AL(R),1
1914823414,788306624,CA(R),1
1914823414,788306624,LH(R),1
1914823414,1006258344,AL(R),12
1914823414,1006258344,NotPrimary,2
1914823414,1415829574,AL(R),2
1914823414,1447201088,AL(R),1
1914823414,1447205602,AL(R),2
1914823414,1570684665,AL(R),1
1914823414,1570685257,AL(R),2
1914823414,1701299822,AL(R),11
1914823414,1788300760,NotPrimary,1
1914823414,1827473315,AL(R),8
1914823414,1828206773,AL(R),1
1914823414,1887872301,NotPrimary,1
1914823414,1888213190,AL(R),1
1914823414,1888572074,AL(R),7
1914823414,1914140664,AL(R),8
1914823414,5812996003,AL(R),1
1914823414,5813013823,AL(R),16
1914823414,5813024692,AL(R),2
1914823414,5813024712,AL(R),4
1914823414,5813024712,NotPrimary,1
1914823414,5813034571,NotPrimary,2
1914823414,5813039465,NotPrimary,1
1914823414,5813055048,AL(R),9
1914823414,5813055048,NotPrimary,2
1914823414,5813069089,LH(R),1
1914823414,5813070872,NotPrimary,1
1916528384,577542489,AL(R),6
1916528384,636789080,LH(R),1
1916528384,639276164,AL(R),2
1916528384,697848868,AL(R),4
1916528384,698569832,SAD,1
1916528384,729608317,SAD,1
1916528384,762982753,AL(R),1
1916528384,823037476,AL(R),1
1916528384,824353701,LH(R),1
1916528384,1037293275,AL(R),1
1916528384,1099911913,LH(R),3
1916528384,1316245799,AL(R),1
1916528384,1322012611,AL(R),2
1916528384,1411784734,AL(R),1
1916528384,1415825344,AL(R),4
1916528384,1447201088,AL(R),2
1916528384,1661769627,AL(R),8
1916528384,1671638278,AL(R),7
1916528384,1671638278,SAD,1
1916528384,1671952694,AL(R),4
1916528384,1700307582,AL(R),1
1916528384,1723506321,AL(R),1
1916528384,1755556277,AL(R),8
1916528384,1793403571,AL(R),1
1916528384,1818307672,AL(R),1
1916528384,1857143769,AL(R),3
1916528384,1881401277,AL(R),4
1916528384,1881401277,SAD,1
1916528384,1886132855,AL(R),1
1916528384,1888178718,AL(R),5
1916528384,1888178718,SAD,1
1916528384,1888213190,AL(R),1
1916528384,1889883818,LH(R),2
1916528384,1974846717,SAD,3
1916528384,1974846717,AL(R),1
1916528384,2040344064,AL(R),7
1916528384,2040344064,LH(R),1
1916528384,2383731281,AL(R),1
1916528384,5812992940,LH(R),2
1916528384,5813077788,SAD,2
1916528384,5813077788,AL(R),1
1916528384,5813077788,SCL(R),1
1916528384,5813077810,LH(R),2
1916528384,5901222731,LH(R),1
1917188956,542665377,AL(R),1
1917188956,577542489,AL(R),1
1917188956,606090268,AL(R),3
1917188956,610274029,AL(R),6
1917188956,610274046,AL(R),7
1917188956,635062078,AL(R),2
1917188956,636789080,AL(R),4
1917188956,662776660,AL(R),3
1917188956,693479072,AL(R),4
1917188956,698508565,AL(R),7
1917188956,757556799,SCL(R),1
1917188956,762982753,AL(R),3
1917188956,763730414,SCL(R),6
1917188956,763730414,PLP(R),4
1917188956,763730414,NotPrimary,4
1917188956,763730414,SLP(R),1
1917188956,763730414,LH(R),1
1917188956,819993149,NotPrimary,1
1917188956,850708902,NotPrimary,2
1917188956,850708902,PLP(R),1
1917188956,850708902,SCL(R),1
1917188956,975457916,AL(R),1
1917188956,1442819296,AL(R),8
1917188956,1639243580,SCL(R),1
1917188956,1639243580,AL(R),1
1917188956,1640594274,AL(R),3
1917188956,1671608112,AL(R),8
1917188956,1693486219,AL(R),1
1917188956,1700307582,AL(R),3
1917188956,1701299822,AL(R),2
1917188956,1701299822,LH(R),1
1917188956,1702306047,AL(R),6
1917188956,1723506321,AL(R),1
1917188956,1727979406,AL(R),37
1917188956,1727979406,LH(R),1
1917188956,1755556097,NotPrimary,1
1917188956,1755556277,AL(R),2
1917188956,1788680591,AL(R),1
1917188956,1793403571,AL(R),1
1917188956,1796818119,NotPrimary,2
1917188956,1818307672,AL(R),1
1917188956,1825085656,NotPrimary,9
1917188956,1825085656,SCL(R),2
1917188956,1825085656,CA(R),1
1917188956,1827861966,NotPrimary,13
1917188956,1827861966,SCL(R),3
1917188956,1827861966,CA(R),2
1917188956,1827861966,SLP(R),2
1917188956,1827861966,AL(R),1
1917188956,1828206773,AL(R),16
1917188956,1850706912,AL(R),1
1917188956,1850706912,SCL(R),1
1917188956,1850711304,AL(R),2
1917188956,1851393805,AL(R),2
1917188956,1856833015,NotPrimary,3
1917188956,1857148391,NotPrimary,8
1917188956,1857148391,AL(R),3
1917188956,1881751117,AL(R),7
1917188956,1882083076,AL(R),1
1917188956,1887163927,NotPrimary,17
1917188956,1887163927,SCL(R),2
1917188956,1888213190,AL(R),1
1917188956,1889253763,AL(R),3
1917188956,1912789965,PLP(R),2
1917188956,1912789965,LH(R),1
1917188956,1914140664,AL(R),1
1917188956,1914823337,AL(R),3
1917188956,1917866877,AL(R),3
1917188956,1975187675,AL(R),1
1917188956,2010992546,AL(R),1
1917188956,2040344064,AL(R),1
1917188956,2064165421,AL(R),5
1917188956,2064165421,CA(R),1
1917188956,2166133204,SCL(R),3
1917188956,2166133204,LH(R),1
1917188956,2166133204,PLP(R),1
1917188956,5812996003,AL(R),1
1917188956,5813000276,AL(R),1
1917188956,5813024692,AL(R),10
1917188956,5813024799,NotPrimary,2
1917188956,5813034571,AL(R),2
1917188956,5813040515,AL(R),6
1917188956,5813040515,SCL(R),1
1917188956,5813050727,AL(R),4
1917188956,5813055048,AL(R),8
1917188956,5813055048,NotPrimary,2
1917188956,5813055147,AL(R),1
1917188956,5813055180,AL(R),1
1917188956,5813056072,AL(R),5
1917188956,5813071369,AL(R),1
1917188956,5813083723,SCL(R),4
1917188956,5813083723,PLP(R),1
1917188956,5813083723,NotPrimary,1
1917188956,5901222731,AL(R),4
1917188956,5901222910,AL(R),2
1917866877,603785283,AL(R),5
1917866877,637462647,AL(R),6
1917866877,663432544,AL(R),1
1917866877,666818300,AL(R),9
1917866877,697132371,AL(R),1
1917866877,729219639,NotPrimary,1
1917866877,759922408,AL(R),14
1917866877,760264077,AL(R),3
1917866877,788940872,AL(R),2
1917866877,850717220,AL(R),2
1917866877,947513805,AL(R),29
1917866877,975457916,AL(R),7
1917866877,976830572,AL(R),11
1917866877,1037293275,AL(R),9
1917866877,1039237469,AL(R),3
1917866877,1070613107,AL(R),23
1917866877,1102334088,AL(R),3
1917866877,1225100939,PLP(R),1
1917866877,1225100939,NotPrimary,1
1917866877,1322353714,AL(R),1
1917866877,1447201088,AL(R),5
1917866877,1571025824,AL(R),1
1917866877,1630051981,AL(R),1
1917866877,1639234609,AL(R),1
1917866877,1639243580,AL(R),1
1917866877,1640594274,AL(R),1
1917866877,1670969304,AL(R),1
1917866877,1671608112,AL(R),22
1917866877,1671608112,LH(R),1
1917866877,1671952694,AL(R),1
1917866877,1693486219,AL(R),1
1917866877,1700307582,AL(R),7
1917866877,1700307582,NotPrimary,1
1917866877,1701299822,AL(R),1
1917866877,1702306047,AL(R),4
1917866877,1723506321,AL(R),12
1917866877,1727979406,AL(R),1
1917866877,1733677514,AL(R),11
1917866877,1755556097,AL(R),4
1917866877,1793403571,AL(R),1
1917866877,1793403571,AVLP(R),1
1917866877,1793403571,LH(R),1
1917866877,1794055377,AL(R),32
1917866877,1825440160,AL(R),10
1917866877,1827861966,AL(R),1
1917866877,1850706912,AL(R),1
1917866877,1881059780,AL(R),1
1917866877,1944502935,AL(R),1
1917866877,2064165421,AL(R),1
1917866877,2289223313,AL(R),3
1917866877,5812983053,AL(R),4
1917866877,5812996748,AL(R),28
1917866877,5813024692,AL(R),55
1917866877,5813024799,AL(R),1
1917866877,5813050727,AL(R),1
1917866877,5813054911,AL(R),9
1917866877,5813056072,AL(R),8
1917866877,5813063239,AL(R),1
1917866877,5813069447,PLP(R),1
1943811511,329599710,SLP(R),1
1943811511,577542489,AL(R),1
1943811511,609924156,AL(R),3
1943811511,609924156,NotPrimary,1
1943811511,722817260,AL(R),1
1943811511,733316908,LH(R),2
1943811511,886812643,AL(R),1
1943811511,1102334088,AL(R),2
1943811511,1411784734,AL(R),2
1943811511,1411784734,SIP(R),1
1943811511,1630051981,AL(R),1
1943811511,1670969304,AL(R),1
1943811511,1671638278,AL(R),1
1943811511,1671952694,AL(R),1
1943811511,1672293837,LH(R),1
1943811511,1730656082,NotPrimary,1
1943811511,1732313117,AL(R),2
1943811511,1765040289,AL(R),1
1943811511,1851389175,AL(R),1
1943811511,1977916288,AL(R),1
1943811511,2383731281,AL(R),1
1943811511,5813024799,AL(R),1
1943811511,5813079228,NotPrimary,2
1943811511,5813079228,LH(R),1
1943811736,663787020,SLP(R),17
1943811736,663787020,SCL(R),14
1943811736,663787020,PLP(R),13
1943811736,663787020,AL(R),10
1943811736,663787020,LH(R),3
1943811736,664814903,SLP(R),19
1943811736,664814903,PLP(R),12
1943811736,664814903,SCL(R),11
1943811736,664814903,AL(R),9
1943811736,664814903,LH(R),3
1943811736,698508565,AL(R),1
1943811736,763730414,AL(R),2
1943811736,1037293275,AL(R),2
1943811736,1630734360,AL(R),1
1943811736,1661769627,AL(R),2
1943811736,1733677514,AL(R),1
1943811736,1788680591,AL(R),2
1943811736,1789013008,AL(R),4
1943811736,1881059780,PLP(R),2
1943811736,1881059780,AL(R),1
1943811736,1881059780,SCL(R),1
1943811736,1881401277,SLP(R),1
1943811736,1888178718,AL(R),7
1943811736,1943812176,PLP(R),4
1943811736,1943812176,SCL(R),2
1943811736,1943812176,AL(R),1
1943811736,1944502935,AL(R),29
1943811736,1975878958,AL(R),11
1943811736,1975878958,LH(R),2
1943811736,1975878958,PLP(R),1
1943811736,1975878958,SCL(R),1
1943811736,1975878958,SLP(R),1
1943811736,2038617453,AL(R),1
1943811736,2069648663,AL(R),10
1943811736,2100010400,AL(R),6
1943811736,5812982656,AL(R),4
1943811736,5813024692,AL(R),1
1943811736,5813056072,AL(R),3
1943811736,5813069447,AL(R),6
1943811736,5813083723,AL(R),1
1943812176,577542489,NotPrimary,1
1943812176,663787020,AL(R),4
1943812176,663787020,SLP(R),2
1943812176,664814903,SLP(R),5
1943812176,664814903,AL(R),2
1943812176,664814903,LH(R),1
1943812176,664814903,PLP(R),1
1943812176,666818300,AL(R),1
1943812176,698508565,AL(R),1
1943812176,698565676,NotPrimary,1
1943812176,850703925,AL(R),1
1943812176,1037293275,AL(R),5
1943812176,1102334088,AL(R),2
1943812176,1225100939,AL(R),3
1943812176,1316245799,AL(R),1
1943812176,1661769627,AL(R),2
1943812176,1700307582,AL(R),1
1943812176,1702306047,SLP(R),1
1943812176,1723506321,AL(R),2
1943812176,1733370882,AL(R),3
1943812176,1733677514,AL(R),5
1943812176,1755556277,AL(R),3
1943812176,1789013008,AL(R),2
1943812176,1793403571,AL(R),2
1943812176,1858901026,AL(R),2
1943812176,1881059780,PLP(R),1
1943812176,1881059780,SCL(R),1
1943812176,1881059780,AL(R),1
1943812176,1881401277,AL(R),2
1943812176,1881401277,SLP(R),1
1943812176,1888178718,AL(R),13
1943812176,1912777226,AL(R),1
1943812176,1917866877,AL(R),1
1943812176,1943811736,AL(R),6
1943812176,1943811736,NotPrimary,1
1943812176,1944502935,AL(R),28
1943812176,1974846717,PLP(R),3
1943812176,1974846717,AL(R),1
1943812176,1974846717,NotPrimary,1
1943812176,1975187554,AL(R),3
1943812176,1975187675,AL(R),3
1943812176,1975878958,AL(R),29
1943812176,2064165421,AL(R),1
1943812176,2069648663,AL(R),13
1943812176,2100010400,AL(R),2
1943812176,5812982656,AL(R),2
1943812176,5813024692,AL(R),4
1943812176,5813069447,AL(R),8
1944502935,544021095,NotPrimary,1
1944502935,634759240,CA(R),1
1944502935,635062078,NotPrimary,1
1944502935,663787020,AL(R),45
1944502935,663787020,PLP(R),7
1944502935,663787020,SLP(R),6
1944502935,663787020,LH(R),6
1944502935,663787020,CA(R),6
1944502935,663787020,SCL(R),5
1944502935,664814903,AL(R),48
1944502935,664814903,SLP(R),9
1944502935,664814903,CA(R),5
1944502935,664814903,LH(R),5
1944502935,664814903,SCL(R),3
1944502935,850703925,AL(R),1
1944502935,850708783,AL(R),3
1944502935,947513805,AL(R),16
1944502935,1037293275,AL(R),6
1944502935,1039237469,AL(R),2
1944502935,1070613107,AL(R),12
1944502935,1639243580,AL(R),1
1944502935,1702306047,AL(R),1
1944502935,1723506321,AL(R),19
1944502935,1733677514,AL(R),9
1944502935,1788680591,AL(R),1
1944502935,1789013008,AL(R),2
1944502935,1825440160,AL(R),5
1944502935,1881059780,LH(R),1
1944502935,1888178718,AL(R),1
1944502935,1917866877,AL(R),1
1944502935,1943811736,AL(R),2
1944502935,1975187554,AL(R),1
1944502935,1975187675,AL(R),3
1944502935,2038617453,AL(R),2
1944502935,2065197353,AL(R),1
1944502935,2069648663,SCL(R),2
1944502935,2069648663,SLP(R),1
1944502935,2069648663,CA(R),1
1944502935,2100010400,AL(R),6
1944502935,2166133204,NotPrimary,1
1944502935,5812982656,PLP(R),4
1944502935,5812982656,LH(R),1
1944502935,5812982656,AL(R),1
1944502935,5813024692,NotPrimary,1
1944502935,5813056072,AL(R),98
1944502935,5813063239,AL(R),15
1944502935,5813083723,AL(R),1
1944507292,573333835,CA(R),1
1944507292,610274029,AL(R),9
1944507292,610274046,AL(R),26
1944507292,635062078,NotPrimary,2
1944507292,636789080,SLP(R),1
1944507292,637462647,LH(R),6
1944507292,667823920,AL(R),6
1944507292,697848868,LH(R),1
1944507292,757556799,LH(R),1
1944507292,761938645,LH(R),1
1944507292,788940872,AL(R),8
1944507292,824353701,AL(R),93
1944507292,977866721,AL(R),42
1944507292,977866721,LH(R),2
1944507292,1037293275,AL(R),62
1944507292,1037518512,LH(R),5
1944507292,1099911913,AL(R),2
1944507292,1099911913,LH(R),2
1944507292,1316245799,AL(R),3
1944507292,1322012611,AL(R),2
1944507292,1411784734,AL(R),4
1944507292,1415825344,LH(R),1
1944507292,1661769627,AL(R),14
1944507292,1671638278,AL(R),3
1944507292,1700307582,AL(R),2
1944507292,1701299822,AL(R),6
1944507292,1733677514,AL(R),21
1944507292,1755556277,AL(R),3
1944507292,1762674761,AL(R),1
1944507292,1788300760,LH(R),1
1944507292,1794055377,AL(R),2
1944507292,1849683877,AL(R),1
1944507292,1850024931,LH(R),1
1944507292,1856833015,AL(R),4
1944507292,1857143769,LH(R),1
1944507292,1886132855,AL(R),14
1944507292,1887872301,CA(R),1
1944507292,1977579449,CA(R),1
1944507292,2166133204,AL(R),1
1944507292,2383731281,AL(R),5
1944507292,5813024601,LH(R),1
1944507292,5813038793,CA(R),1
1944507292,5813040515,LH(R),1
1944507292,5813041247,AL(R),27
1944507292,5813041247,LH(R),1
1944507292,5813044177,AL(R),3
1944507292,5813077810,AL(R),28
1944507292,5901222731,AL(R),1
1974846717,603785283,SLP(R),1
1974846717,603785283,SCL(R),1
1974846717,636789080,AL(R),1
1974846717,663787020,SCL(R),1
1974846717,663787020,AL(R),1
1974846717,698569832,AL(R),1
1974846717,698569832,NotPrimary,1
1974846717,792024028,NotPrimary,1
1974846717,850708783,AL(R),1
1974846717,1037293275,AL(R),7
1974846717,1102334088,AL(R),1
1974846717,1661769627,AL(R),17
1974846717,1661769627,VES(R),2
1974846717,1671608112,SLP(R),1
1974846717,1733370882,AL(R),1
1974846717,1733677514,AL(R),5
1974846717,1733677514,SCL(R),1
1974846717,1755556277,AL(R),20
1974846717,1755556277,SAD,3
1974846717,1793403571,AL(R),4
1974846717,1794055377,AL(R),1
1974846717,1858901026,AL(R),12
1974846717,1858901026,SLP(R),1
1974846717,1858901026,VES(R),1
1974846717,1881059780,LH(R),1
1974846717,1881401277,AL(R),3
1974846717,1881401277,SLP(R),2
1974846717,1888178718,AL(R),17
1974846717,1912435859,AL(R),1
1974846717,1912777226,AL(R),1
1974846717,1917188956,AL(R),1
1974846717,1943811736,AL(R),1
1974846717,1943812176,AL(R),1
1974846717,1975187554,AL(R),1
1974846717,1975187675,AL(R),3
1974846717,1975187675,SCL(R),1
1974846717,1975878958,AL(R),18
1974846717,2040344064,AL(R),1
1974846717,5813024692,AL(R),1
1974846717,5813063239,AL(R),3
1974846717,5813069447,AL(R),3
1974846717,5813069532,AL(R),1
1974846717,5813077788,AL(R),2
1974846717,5813077788,NotPrimary,1
1974846717,5813083723,AL(R),1
1975187554,663787020,AL(R),1
1975187554,850708783,PLP(R),1
1975187554,850708783,AL(R),1
1975187554,850708902,AL(R),1
1975187554,1225100939,AL(R),4
1975187554,1225100939,SAD,1
1975187554,1856820042,PLP(R),2
1975187554,1881059780,AL(R),2
1975187554,1912777226,PLP(R),2
1975187554,1943811736,AL(R),2
1975187554,1944502935,AL(R),8
1975187554,1974846717,SCL(R),1
1975187554,1975187675,AL(R),1
1975187554,1975187675,SCL(R),1
1975187554,1975878958,AL(R),6
1975187554,2038617453,AL(R),2
1975187554,2065197353,AL(R),2
1975187554,2069644133,AL(R),1
1975187554,2069648663,AL(R),8
1975187554,5813056072,AL(R),1
1975187554,5813069447,AL(R),3
1975187675,603785283,SCL(R),1
1975187675,663432544,SLP(R),1
1975187675,663787020,SLP(R),6
1975187675,663787020,AL(R),4
1975187675,663787020,SCL(R),2
1975187675,663787020,PLP(R),2
1975187675,663787020,LH(R),1
1975187675,664814903,AL(R),9
1975187675,664814903,SLP(R),8
1975187675,664814903,PLP(R),2
1975187675,664814903,SCL(R),1
1975187675,664814903,LH(R),1
1975187675,666818300,AL(R),1
1975187675,698508565,AL(R),2
1975187675,819993149,AL(R),1
1975187675,1037293275,AL(R),5
1975187675,1225100939,AL(R),1
1975187675,1322353714,AL(R),1
1975187675,1733677514,AL(R),4
1975187675,1755556097,AL(R),1
1975187675,1755556277,AL(R),1
1975187675,1789013008,AL(R),1
1975187675,1793403571,AL(R),2
1975187675,1881059780,AL(R),1
1975187675,1881059780,SCL(R),1
1975187675,1881401277,SCL(R),1
1975187675,1888178718,AL(R),5
1975187675,1943811736,PLP(R),1
1975187675,1943811736,AL(R),1
1975187675,1943812176,LH(R),1
1975187675,1943812176,PLP(R),1
1975187675,1943812176,SLP(R),1
1975187675,1943812176,AL(R),1
1975187675,1944502935,AL(R),31
1975187675,1974846717,PLP(R),1
1975187675,1975187554,AL(R),2
1975187675,1975878958,AL(R),13
1975187675,1975878958,SLP(R),1
1975187675,2038617453,AL(R),5
1975187675,2064165421,AL(R),1
1975187675,2069644133,AL(R),7
1975187675,2069648663,AL(R),17
1975187675,2100010400,AL(R),1
1975187675,5812982656,AL(R),1
1975187675,5813024692,AL(R),2
1975187675,5813040515,AL(R),1
1975187675,5813056072,AL(R),1
1975187675,5813069447,AL(R),3
1975878958,574037266,CA(R),1
1975878958,603785283,AL(R),1
1975878958,634759240,AL(R),2
1975878958,636789080,SLP(R),3
1975878958,663432544,SLP(R),4
1975878958,663787020,AL(R),1
1975878958,663787020,CA(R),1
1975878958,663787020,SLP(R),1
1975878958,666818300,AL(R),9
1975878958,698569832,AL(R),1
1975878958,762982753,AL(R),1
1975878958,763730414,AL(R),1
1975878958,819993149,AL(R),6
1975878958,850703925,AL(R),2
1975878958,850708783,AL(R),11
1975878958,948834414,LH(R),1
1975878958,976830572,AL(R),2
1975878958,1037293275,AL(R),47
1975878958,1037518512,LH(R),8
1975878958,1039237469,LH(R),8
1975878958,1225100939,AL(R),2
1975878958,1570685257,SLP(R),1
1975878958,1630734360,AL(R),2
1975878958,1639234609,CA(R),3
1975878958,1661769627,AL(R),31
1975878958,1671638278,AL(R),2
1975878958,1700307582,AL(R),1
1975878958,1701299822,AL(R),1
1975878958,1723506321,AL(R),7
1975878958,1727979406,LH(R),1
1975878958,1733677514,AL(R),14
1975878958,1755556277,AL(R),48
1975878958,1788680591,AL(R),35
1975878958,1788685103,AL(R),1
1975878958,1789013008,AL(R),11
1975878958,1793403571,AL(R),3
1975878958,1825440160,AL(R),4
1975878958,1858901026,CA(R),7
1975878958,1858901026,AL(R),5
1975878958,1858901026,SLP(R),5
1975878958,1881059780,LH(R),6
1975878958,1881059780,PLP(R),5
1975878958,1881059780,SLP(R),5
1975878958,1881059780,AL(R),4
1975878958,1881059780,SCL(R),2
1975878958,1881401277,AL(R),7
1975878958,1881401277,LH(R),3
1975878958,1881401277,SLP(R),2
1975878958,1883443112,AL(R),2
1975878958,1888178718,AL(R),31
1975878958,1889883818,LH(R),6
1975878958,1912777226,AL(R),1
1975878958,1917866877,AL(R),22
1975878958,1943811736,SCL(R),5
1975878958,1943811736,SLP(R),4
1975878958,1943811736,AL(R),3
1975878958,1943811736,PLP(R),3
1975878958,1943811736,LH(R),2
1975878958,1943812176,SLP(R),12
1975878958,1943812176,LH(R),11
1975878958,1943812176,AL(R),7
1975878958,1943812176,SCL(R),6
1975878958,1943812176,CA(R),2
1975878958,1943812176,PLP(R),2
1975878958,1944502935,CA(R),1
1975878958,1975187675,SLP(R),22
1975878958,1975187675,LH(R),4
1975878958,1975187675,PLP(R),2
1975878958,1975187675,AL(R),1
1975878958,1975187675,CA(R),1
1975878958,2038617453,AL(R),1
1975878958,2065197353,AL(R),1
1975878958,2069644133,LH(R),1
1975878958,2069644133,AL(R),1
1975878958,2069648663,AL(R),1
1975878958,2100010400,AL(R),28
1975878958,5812982656,LH(R),18
1975878958,5812982656,SLP(R),8
1975878958,5812982656,PLP(R),6
1975878958,5812982656,SCL(R),5
1975878958,5812982656,AL(R),4
1975878958,5812983053,LH(R),12
1975878958,5813024692,AL(R),23
1975878958,5813024692,NotPrimary,1
1975878958,5813044177,AL(R),2
1975878958,5813069447,AL(R),18
1975878958,5813077788,AL(R),2
1975878958,5813083723,AL(R),1
1977579449,329599710,AL(R),1
1977579449,542634818,LH(R),3
1977579449,542652506,LH(R),1
1977579449,573333835,NotPrimary,2
1977579449,573333835,LH(R),1
1977579449,577542489,AL(R),6
1977579449,603349484,AL(R),6
1977579449,604031203,LH(R),1
1977579449,605050789,AL(R),3
1977579449,609924156,AL(R),1
1977579449,610274029,AL(R),46
1977579449,610274046,AL(R),88
1977579449,634379734,AL(R),5
1977579449,635062078,LH(R),3
1977579449,635407942,AL(R),8
1977579449,639276164,AL(R),4
1977579449,724816115,LH(R),3
1977579449,755518957,LH(R),1
1977579449,760250272,AL(R),2
1977579449,760250511,LH(R),1
1977579449,823037476,AL(R),3
1977579449,977866721,AL(R),1
1977579449,1316245799,AL(R),3
1977579449,1411784734,AL(R),1
1977579449,1630051981,LH(R),1
1977579449,1671952694,AL(R),9
1977579449,1672293837,AL(R),25
1977579449,1692817033,NotPrimary,2
1977579449,1700307582,AL(R),162
1977579449,1730656082,AL(R),7
1977579449,1733370882,AL(R),2
1977579449,1734350908,CA(R),1
1977579449,1793014716,LH(R),1
1977579449,1818307672,NotPrimary,1
1977579449,1857148391,NotPrimary,1
1977579449,1881751117,CA(R),1
1977579449,1889253785,AL(R),1
1977579449,1944507292,CA(R),1
1977579449,2383731281,AL(R),24
1977579449,5812995328,AL(R),9
1977579449,5813014622,LH(R),1
1977579449,5813034571,AL(R),1
1977579449,5813038793,LH(R),1
1977579449,5813055048,CA(R),1
1977579449,5813063239,NotPrimary,1
1977579449,5813069532,AL(R),4
1977579449,5813079228,AL(R),40
1977579449,5901222910,LH(R),1
1977916288,542634818,LH(R),1
1977916288,542634818,CA(R),1
1977916288,573333835,LH(R),1
1977916288,573333835,NotPrimary,1
1977916288,577542489,AL(R),4
1977916288,603349484,LH(R),16
1977916288,603349484,AL(R),7
1977916288,610274029,AL(R),9
1977916288,610274046,AL(R),12
1977916288,634379734,LH(R),3
1977916288,634379734,AL(R),3
1977916288,635407942,LH(R),11
1977916288,635407942,AL(R),10
1977916288,729544359,AL(R),1
1977916288,755518957,LH(R),1
1977916288,760250272,AL(R),2
1977916288,823037476,AL(R),4
1977916288,1570685283,LH(R),6
1977916288,1570685283,AL(R),1
1977916288,1571025824,LH(R),8
1977916288,1670969304,AL(R),1
1977916288,1670973150,AL(R),3
1977916288,1671952694,AL(R),4
1977916288,1672293837,AL(R),1
1977916288,1694850602,AL(R),6
1977916288,1700946301,NotPrimary,1
1977916288,1828206773,NotPrimary,1
1977916288,1851389175,AL(R),5
1977916288,1851389175,LH(R),1
1977916288,1977579449,AL(R),1
1977916288,5813055025,AL(R),1
1977916288,5813069532,AL(R),8
1977916288,5813079228,AL(R),5
2010992546,542652506,AL(R),1
2010992546,542665377,AL(R),19
2010992546,604726283,AL(R),13
2010992546,606090268,LH(R),1
2010992546,610274029,AL(R),14
2010992546,610274046,AL(R),16
2010992546,693483018,CA(R),2
2010992546,693483018,NotPrimary,1
2010992546,788306724,NotPrimary,3
2010992546,792024028,AL(R),1
2010992546,1006258344,AL(R),1
2010992546,1006258344,LH(R),1
2010992546,1037293275,AL(R),3
2010992546,1447205712,AL(R),4
2010992546,1670934213,CA(R),1
2010992546,1700937093,CA(R),1
2010992546,1700946301,CA(R),1
2010992546,1701299822,AL(R),15
2010992546,1765415970,NotPrimary,1
2010992546,1882083076,CA(R),1
2010992546,1887163927,AL(R),3
2010992546,1889253763,AL(R),1
2010992546,1914823337,LH(R),2
2010992546,1914823414,LH(R),2
2010992546,1914823414,AL(R),1
2010992546,5813000276,CA(R),1
2010992546,5813013823,AL(R),3
2010992546,5813024601,AL(R),1
2010992546,5813024692,AL(R),7
2010992546,5813024710,NotPrimary,1
2010992546,5813024712,CA(R),1
2010992546,5813034571,AL(R),10
2010992546,5813063239,CA(R),1
2038617453,574037266,AL(R),1
2038617453,663787020,AL(R),4
2038617453,666818300,AL(R),10
2038617453,698508565,AL(R),1
2038617453,850708783,AL(R),24
2038617453,1037293275,AL(R),8
2038617453,1225100939,AL(R),1
2038617453,1630734360,AL(R),1
2038617453,1661769627,AL(R),1
2038617453,1671638278,AL(R),13
2038617453,1723506321,AL(R),13
2038617453,1733677514,AL(R),1
2038617453,1733677514,PLP(R),1
2038617453,1755556277,AL(R),2
2038617453,1788680591,AL(R),25
2038617453,1788685103,AL(R),4
2038617453,1789013008,AL(R),52
2038617453,1793403571,AL(R),12
2038617453,1825440160,AL(R),3
2038617453,1881059780,AL(R),9
2038617453,1881401277,AL(R),5
2038617453,1888178718,AL(R),20
2038617453,1912777226,AL(R),3
2038617453,1943811736,AL(R),11
2038617453,1943812176,AL(R),10
2038617453,1944502935,AL(R),40
2038617453,1974846717,AL(R),5
2038617453,1975187554,AL(R),14
2038617453,1975187675,AL(R),8
2038617453,1975878958,AL(R),58
2038617453,2065197353,AL(R),9
2038617453,2069644133,AL(R),19
2038617453,2069648663,AL(R),29
2038617453,2100010400,AL(R),7
2038617453,5812982656,AL(R),2
2038617453,5813024692,AL(R),39
2038617453,5813056072,AL(R),2
2040344064,574374051,AL(R),1
2040344064,577542489,AL(R),1
2040344064,606090268,AL(R),1
2040344064,662776660,AL(R),1
2040344064,697848868,AL(R),2
2040344064,698565676,AL(R),1
2040344064,698569832,AL(R),5
2040344064,729608317,SAD,1
2040344064,755518957,AL(R),1
2040344064,762982753,AL(R),2
2040344064,823037476,AL(R),3
2040344064,850708783,AL(R),1
2040344064,1322012611,AL(R),1
2040344064,1411784734,AL(R),1
2040344064,1415829574,AL(R),2
2040344064,1447201088,AL(R),1
2040344064,1630051981,AL(R),1
2040344064,1661769627,AL(R),6
2040344064,1671638278,AL(R),7
2040344064,1671638278,SAD,2
2040344064,1671952694,AL(R),2
2040344064,1700307582,AL(R),1
2040344064,1727979406,AL(R),1
2040344064,1755556277,AL(R),10
2040344064,1793403571,AL(R),2
2040344064,1818307672,AL(R),4
2040344064,1857143769,AL(R),4
2040344064,1858901026,AL(R),2
2040344064,1881059780,AL(R),2
2040344064,1881059780,SAD,1
2040344064,1881401277,AL(R),2
2040344064,1887872301,AL(R),2
2040344064,1888178718,SAD,3
2040344064,1888178718,AL(R),2
2040344064,1888213190,AL(R),4
2040344064,1916528384,AL(R),5
2040344064,1974846717,SAD,1
2040344064,1977916288,AL(R),1
2040344064,5812996003,LH(R),1
2040344064,5813024692,AL(R),3
2040344064,5813024799,AL(R),2
2040344064,5813077788,AL(R),1
2064165421,542665377,LH(R),1
2064165421,577542489,AL(R),4
2064165421,610274029,AL(R),13
2064165421,610274046,AL(R),6
2064165421,666818300,AL(R),102
2064165421,666818300,LH(R),48
2064165421,666818300,SLP(R),5
2064165421,666818300,SCL(R),4
2064165421,666818300,PLP(R),1
2064165421,693479072,LH(R),1
2064165421,698508565,CA(R),3
2064165421,760264077,LH(R),2
2064165421,824353701,LH(R),3
2064165421,850703925,AL(R),2
2064165421,850708902,AL(R),1
2064165421,948834414,LH(R),1
2064165421,1037293275,AL(R),1
2064165421,1415829574,SCL(R),2
2064165421,1415829574,LH(R),2
2064165421,1415829574,PLP(R),1
2064165421,1609883245,SLP(R),1
2064165421,1671608112,AL(R),8
2064165421,1671638278,LH(R),1
2064165421,1671952694,AL(R),1
2064165421,1692817033,CA(R),1
2064165421,1700307582,AL(R),12
2064165421,1701299822,AL(R),2
2064165421,1702306047,AL(R),27
2064165421,1723506321,AL(R),4
2064165421,1727979406,CA(R),1
2064165421,1732313117,LH(R),1
2064165421,1733370882,AL(R),21
2064165421,1733677514,AL(R),1
2064165421,1793403571,AL(R),21
2064165421,1827861966,SLP(R),1
2064165421,1858901026,AL(R),2
2064165421,1888524453,LH(R),2
2064165421,1917866877,AL(R),72
2064165421,1917866877,SCL(R),2
2064165421,1917866877,SLP(R),1
2064165421,1975187675,AL(R),1
2064165421,1975187675,LH(R),1
2064165421,1975878958,CA(R),5
2064165421,1975878958,SCL(R),2
2064165421,2166133204,AL(R),1
2064165421,5812982656,LH(R),5
2064165421,5812982656,AL(R),3
2064165421,5812982656,SCL(R),1
2064165421,5812996003,LH(R),1
2064165421,5812996748,AL(R),1
2064165421,5813024692,AL(R),45
2064165421,5813024799,SLP(R),2
2064165421,5813056072,AL(R),1
2064165421,5813077810,LH(R),7
2064165421,5901222731,AVLP(R),1
2065197353,603785283,AL(R),1
2065197353,663787020,AL(R),6
2065197353,664814903,AL(R),3
2065197353,666818300,AL(R),1
2065197353,757556799,PLP(R),2
2065197353,850708783,AL(R),4
2065197353,1037293275,AL(R),31
2065197353,1099911913,AL(R),1
2065197353,1102334088,AL(R),1
2065197353,1316245799,WED(R),1
2065197353,1316245799,AL(R),1
2065197353,1630734360,AL(R),1
2065197353,1639234609,PLP(R),1
2065197353,1661769627,AL(R),21
2065197353,1661769627,VES(R),3
2065197353,1661769627,PLP(R),2
2065197353,1671608112,AL(R),1
2065197353,1671638278,AL(R),12
2065197353,1671638278,WED(R),1
2065197353,1733677514,AL(R),37
2065197353,1733677514,PLP(R),1
2065197353,1755556097,AL(R),28
2065197353,1755556277,AL(R),30
2065197353,1755556277,PLP(R),1
2065197353,1788676257,WED(R),1
2065197353,1788680591,AL(R),50
2065197353,1788680591,VES(R),2
2065197353,1788685103,AL(R),4
2065197353,1789013008,AL(R),1
2065197353,1794055377,AL(R),4
2065197353,1825440160,AL(R),83
2065197353,1856820042,AL(R),1
2065197353,1857143769,AL(R),8
2065197353,1881059780,AL(R),1
2065197353,1881401277,AL(R),1
2065197353,1883443112,AL(R),5
2065197353,1883443112,PLP(R),1
2065197353,1888178718,AL(R),7
2065197353,1888178718,VES(R),2
2065197353,1912777226,VES(R),1
2065197353,1912777226,AL(R),1
2065197353,1912789965,AL(R),1
2065197353,1943811736,AL(R),9
2065197353,1943811736,PLP(R),2
2065197353,1943812176,AL(R),1
2065197353,1944502935,AL(R),91
2065197353,1944502935,VES(R),4
2065197353,1975187554,AL(R),2
2065197353,1975187675,AL(R),2
2065197353,1975878958,AL(R),4
2065197353,1975878958,LH(R),1
2065197353,1975878958,PLP(R),1
2065197353,2038617453,AL(R),4
2065197353,2069644133,AL(R),11
2065197353,2069644133,VES(R),1
2065197353,2069644133,LH(R),1
2065197353,2069648663,AL(R),46
2065197353,2100010400,AL(R),2
2065197353,5813024692,AL(R),2
2065197353,5813024692,PLP(R),1
2065197353,5813040515,AL(R),20
2065197353,5813063239,AL(R),41
2065197353,5813083723,AL(R),2
2069644133,663787020,AL(R),10
2069644133,664814903,AL(R),6
2069644133,666818300,AL(R),4
2069644133,757556799,PLP(R),1
2069644133,850708783,AL(R),1
2069644133,947513805,AL(R),1
2069644133,1037293275,AL(R),18
2069644133,1609883245,NotPrimary,1
2069644133,1661769627,AL(R),5
2069644133,1671638278,AL(R),15
2069644133,1671952694,AL(R),1
2069644133,1700307582,AL(R),1
2069644133,1723506321,AL(R),2
2069644133,1733677514,AL(R),10
2069644133,1755556277,AL(R),12
2069644133,1755556277,LH(R),1
2069644133,1788680591,AL(R),28
2069644133,1788685103,AL(R),2
2069644133,1789013008,AL(R),24
2069644133,1789013008,PLP(R),1
2069644133,1793403571,AL(R),4
2069644133,1825440160,AL(R),15
2069644133,1825440160,NotPrimary,1
2069644133,1881401277,AL(R),2
2069644133,1883443112,AL(R),2
2069644133,1883443112,WED(R),1
2069644133,1888178718,AL(R),14
2069644133,1912777226,AL(R),2
2069644133,1943811736,AL(R),23
2069644133,1943811736,VES(R),1
2069644133,1943812176,AL(R),1
2069644133,1944502935,AL(R),86
2069644133,1944502935,VES(R),1
2069644133,1975187554,AL(R),14
2069644133,1975187675,AL(R),2
2069644133,1975878958,AL(R),10
2069644133,1975878958,AVLP(R),1
2069644133,1975878958,PLP(R),1
2069644133,2038617453,AL(R),19
2069644133,2038617453,WED(R),1
2069644133,2038617453,LH(R),1
2069644133,2065197353,AL(R),9
2069644133,2065197353,PLP(R),3
2069644133,2065197353,LH(R),2
2069644133,2069648663,AL(R),63
2069644133,2100010400,PLP(R),1
2069644133,2100010400,WED(R),1
2069644133,2100010400,AL(R),1
2069644133,5813024692,AL(R),2
2069644133,5813040515,AL(R),2
2069644133,5813056072,AL(R),3
2069644133,5813063239,AL(R),21
2069644133,5813083723,AL(R),1
2069648663,663787020,AL(R),32
2069648663,663787020,LH(R),8
2069648663,663787020,CA(R),8
2069648663,663787020,PLP(R),7
2069648663,663787020,SLP(R),5
2069648663,663787020,SCL(R),2
2069648663,664814903,AL(R),30
2069648663,664814903,SLP(R),5
2069648663,664814903,CA(R),4
2069648663,664814903,LH(R),4
2069648663,664814903,PLP(R),3
2069648663,664814903,SCL(R),2
2069648663,666818300,AL(R),2
2069648663,850708783,AL(R),1
2069648663,947513805,AL(R),7
2069648663,1037293275,AL(R),4
2069648663,1070613107,AL(R),9
2069648663,1322353714,AL(R),1
2069648663,1671608112,AL(R),1
2069648663,1723506321,AL(R),8
2069648663,1733677514,AL(R),3
2069648663,1755556097,AL(R),1
2069648663,1825440160,AL(R),1
2069648663,1881059780,AL(R),1
2069648663,1881059780,PLP(R),1
2069648663,1943811736,AL(R),2
2069648663,1943811736,PLP(R),1
2069648663,1943811736,SCL(R),1
2069648663,1943812176,AL(R),1
2069648663,1944502935,AL(R),1
2069648663,2069644133,AL(R),1
2069648663,2100010400,AL(R),9
2069648663,2166133204,NotPrimary,1
2069648663,5812982656,PLP(R),2
2069648663,5812982656,SCL(R),1
2069648663,5812982656,SLP(R),1
2069648663,5812982656,LH(R),1
2069648663,5813024692,AL(R),1
2069648663,5813040515,CA(R),1
2069648663,5813056072,AL(R),70
2069648663,5813063239,AL(R),4
2100010400,663787020,VES(R),1
2100010400,666818300,AL(R),16
2100010400,698508565,AL(R),1
2100010400,850708783,AL(R),9
2100010400,850708783,VES(R),1
2100010400,1037293275,AL(R),1
2100010400,1102334088,AL(R),1
2100010400,1639243580,AL(R),1
2100010400,1661769627,AL(R),1
2100010400,1671638278,AL(R),1
2100010400,1671952694,AL(R),1
2100010400,1723506321,AL(R),11
2100010400,1733677514,AL(R),2
2100010400,1755556277,PLP(R),1
2100010400,1788676257,WED(R),1
2100010400,1788680591,AL(R),21
2100010400,1788685103,AL(R),3
2100010400,1789013008,AL(R),27
2100010400,1789013008,VES(R),1
2100010400,1793403571,AL(R),7
2100010400,1793403571,PLP(R),1
2100010400,1825440160,AL(R),4
2100010400,1856820042,AL(R),1
2100010400,1858901026,AL(R),2
2100010400,1881059780,AL(R),2
2100010400,1881401277,AL(R),13
2100010400,1888178718,AL(R),50
2100010400,1888178718,VES(R),2
2100010400,1943811736,AL(R),4
2100010400,1943812176,AL(R),3
2100010400,1944502935,AL(R),8
2100010400,1944507292,AL(R),1
2100010400,1974846717,AL(R),5
2100010400,1975187554,AL(R),14
2100010400,1975187675,AL(R),4
2100010400,1975878958,AL(R),46
2100010400,2038617453,AL(R),4
2100010400,2038617453,PVLP(R),1
2100010400,2038617453,PLP(R),1
2100010400,2064165421,AL(R),1
2100010400,2065197353,AL(R),2
2100010400,2069644133,AL(R),4
2100010400,2069648663,AL(R),11
2100010400,5813024692,AL(R),28
2100010400,5813063239,AL(R),1
2100010400,5813077788,AL(R),2
2100010400,5813083723,AL(R),2
2166133204,574037266,PLP(R),1
2166133204,610274029,AL(R),5
2166133204,610274046,LH(R),2
2166133204,634759240,AL(R),3
2166133204,635062078,CA(R),2
2166133204,635062078,NotPrimary,1
2166133204,636789080,LH(R),1
2166133204,733316908,AL(R),4
2166133204,757556799,LH(R),58
2166133204,757556799,AL(R),51
2166133204,757556799,PLP(R),17
2166133204,757556799,SCL(R),8
2166133204,788940872,AL(R),3
2166133204,819993149,AL(R),1
2166133204,850703925,SCL(R),1
2166133204,850703925,PLP(R),1
2166133204,850708902,LH(R),4
2166133204,850708902,SCL(R),1
2166133204,850708902,PLP(R),1
2166133204,850708902,AL(R),1
2166133204,856071065,AL(R),6
2166133204,948834414,LH(R),1
2166133204,977866721,LH(R),3
2166133204,977866721,PLP(R),1
2166133204,977866721,AL(R),1
2166133204,1037293275,AL(R),5
2166133204,1070613107,LH(R),1
2166133204,1099911913,AL(R),1
2166133204,1322012611,LH(R),2
2166133204,1570685257,SCL(R),3
2166133204,1570685257,PLP(R),1
2166133204,1630734360,AL(R),1
2166133204,1671608112,AL(R),3
2166133204,1693486219,AL(R),5
2166133204,1700307582,AL(R),1
2166133204,1733677514,AL(R),4
2166133204,1755556097,CA(R),1
2166133204,1789013008,AL(R),5
2166133204,1793403571,AL(R),1
2166133204,1849683877,LH(R),1
2166133204,1856833015,AL(R),7
2166133204,1887163927,PLP(R),3
2166133204,1912789965,AL(R),3
2166133204,1912789965,LH(R),1
2166133204,1916528384,AL(R),1
2166133204,1917188956,AL(R),5
2166133204,1917188956,LH(R),2
2166133204,1917188956,SCL(R),1
2166133204,1917866877,AL(R),2
2166133204,1944507292,LH(R),1
2166133204,2040344064,AL(R),2
2166133204,2069648663,NotPrimary,1
2166133204,2383731281,LH(R),5
2166133204,5812982656,PLP(R),12
2166133204,5812982656,LH(R),7
2166133204,5812982656,SCL(R),5
2166133204,5812983069,AL(R),9
2166133204,5812996003,LH(R),4
2166133204,5813041247,LH(R),3
2166133204,5813041247,AL(R),3
2166133204,5813044177,AL(R),3
2166133204,5813054697,LH(R),1
2166133204,5901194250,AL(R),1
2166133204,5901194556,AL(R),1
2166133204,5901222731,AL(R),1
2289223313,417199910,SMP(R),1
2289223313,509626405,SLP(R),1
2289223313,850703925,AL(R),1
2289223313,1727979406,AL(R),1
2289223313,1794055377,AL(R),2
2289223313,5812996748,SMP(R),1
2289223313,5901222731,AL(R),5
2383731281,610274029,SCL(R),1
2383731281,610274046,AL(R),1
2383731281,724816115,AL(R),2
2383731281,788648194,AL(R),1
2383731281,823037476,SCL(R),1
2383731281,856071065,AL(R),1
2383731281,1630051981,AL(R),4
2383731281,1692817033,AL(R),1
2383731281,1727979406,LH(R),6
2383731281,1734420152,AL(R),1
2383731281,1793014716,AL(R),1
2383731281,1794055377,AL(R),1
2383731281,1889253785,AL(R),3
2383731281,1944507292,AL(R),1
2383731281,5813038793,AL(R),1
2383731281,5813039465,AL(R),1
2383731281,5813055025,AL(R),2
2383731281,5813069089,AL(R),1
2383731281,5901222731,AL(R),2
5812982656,729219639,LH(R),1
5812982656,757556799,SCL(R),1
5812982656,760264077,LH(R),1
5812982656,791298858,AL(R),1
5812982656,947513805,AL(R),1
5812982656,1672293837,SCL(R),1
5812982656,1692817033,SLP(R),1
5812982656,1702306047,PLP(R),1
5812982656,1723506321,SCL(R),56
5812982656,1723506321,PLP(R),26
5812982656,1723506321,SLP(R),11
5812982656,1723506321,LH(R),4
5812982656,1727979406,SCL(R),3
5812982656,1727979406,SLP(R),1
5812982656,1827861966,AL(R),2
5812982656,1850024931,SLP(R),2
5812982656,1912789965,PLP(R),4
5812982656,1917188956,LH(R),1
5812982656,1917866877,PLP(R),1
5812982656,1944502935,LH(R),1
5812982656,1944502935,SCL(R),1
5812982656,1944502935,SLP(R),1
5812982656,1975878958,SLP(R),1
5812982656,1975878958,SCL(R),1
5812982656,2069648663,SLP(R),1
5812982656,5813024692,ICL(R),1
5812982656,5813056072,AL(R),1
5812983053,574037266,LH(R),1
5812983053,636789080,LH(R),1
5812983053,1102334088,AL(R),1
5812983053,1322012611,AL(R),1
5812983053,1630734360,AL(R),1
5812983053,1661769627,AL(R),5
5812983053,1671952694,AL(R),1
5812983053,1733370882,AL(R),1
5812983053,1733677514,AL(R),1
5812983053,1755556277,AL(R),7
5812983053,1794055377,AL(R),1
5812983053,1975878958,AL(R),1
5812983053,5813040515,AL(R),1
5812983053,5901222731,AL(R),7
5812983069,574032862,AL(R),2
5812983069,574037266,AL(R),2
5812983069,574037266,SCL(R),1
5812983069,574037281,AL(R),1
5812983069,574374051,AL(R),3
5812983069,666818300,AL(R),1
5812983069,727855437,LH(R),1
5812983069,760250511,LH(R),1
5812983069,763730414,SCL(R),33
5812983069,763730414,SMP(R),5
5812983069,763730414,PLP(R),3
5812983069,763730414,ATL(R),1
5812983069,763730414,NotPrimary,1
5812983069,818983130,AL(R),1
5812983069,819993149,NotPrimary,1
5812983069,947513805,AL(R),2
5812983069,1322012611,AL(R),2
5812983069,1411784734,AL(R),1
5812983069,1415829574,AL(R),1
5812983069,1536947502,AL(R),1
5812983069,1570685257,SLP(R),2
5812983069,1570685257,SCL(R),1
5812983069,1630051981,AL(R),1
5812983069,1630734360,NotPrimary,1
5812983069,1640594274,AL(R),5
5812983069,1692817033,AL(R),1
5812983069,1693486219,NotPrimary,2
5812983069,1693486219,AL(R),1
5812983069,1693486219,SCL(R),1
5812983069,1693486219,SMP(R),1
5812983069,1700307582,AL(R),1
5812983069,1701299822,AL(R),1
5812983069,1733370882,AL(R),1
5812983069,1856833015,AL(R),3
5812983069,1856833015,NotPrimary,3
5812983069,1856833015,SMP(R),1
5812983069,1881751117,AL(R),1
5812983069,1882083076,NotPrimary,2
5812983069,1912789965,AL(R),1
5812983069,5812982656,SCL(R),30
5812983069,5812982656,PLP(R),13
5812983069,5812982656,SLP(R),5
5812983069,5812982656,LH(R),1
5812983069,5813024692,AL(R),1
5812983069,5813041247,AL(R),1
5812983069,5813044177,ATL(R),1
5812983069,5813044177,SCL(R),1
5812983069,5813055180,NotPrimary,1
5812983069,5813055184,AL(R),1
5812983069,5813063239,NotPrimary,1
5812992940,609924156,NotPrimary,1
5812992940,757556799,LH(R),23
5812992940,757556799,SLP(R),1
5812992940,757569579,LH(R),1
5812992940,977866721,LH(R),1
5812992940,1099911913,LH(R),1
5812992940,1322353714,LH(R),1
5812992940,1442819296,LH(R),1
5812992940,1702306047,SLP(R),1
5812992940,1849683877,LH(R),2
5812992940,1857143769,LH(R),1
5812992942,1570685033,SLP(R),1
5812992942,5812995298,SLP(R),1
5812992942,5813008771,SLP(R),1
5812992942,5901194250,SLP(R),2
5812992942,5901194250,LH(R),1
5812992942,5901194556,SLP(R),2
5812995098,480927537,LH(R),1
5812995098,1670934213,LH(R),1
5812995098,1692817033,LH(R),3
5812995098,1849684319,LH(R),1
5812995098,5813055180,LH(R),1
5812995298,509626405,SLP(R),2
5812995298,693483018,AL(R),1
5812995298,850703925,AL(R),1
5812995298,850708902,AL(R),1
5812995298,1037293275,AL(R),2
5812995298,1670597454,AL(R),1
5812995298,1670597454,SMP(R),1
5812995298,1670934213,AL(R),1
5812995298,1671608112,AL(R),2
5812995298,1727979406,AL(R),6
5812995298,1733677514,AL(R),2
5812995298,1794055377,AL(R),6
5812995298,5901194250,AL(R),3
5812995298,5901222731,AL(R),5
5812995328,610274029,SIP(R),1
5812995328,639276164,SIP(R),2
5812995328,755518957,AL(R),1
5812995328,1411784734,SIP(R),1
5812995328,1670973150,NotPrimary,1
5812995328,1672293837,SIP(R),1
5812995328,1700307582,LH(R),1
5812995328,1730656082,SIP(R),3
5812995328,1730656082,CRE(R),1
5812995328,1943811511,SIP(R),1
5812996003,727855437,LH(R),1
5812996003,730213826,LH(R),1
5812996003,733316908,LH(R),2
5812996003,788945049,SLP(R),2
5812996003,1570685283,AL(R),1
5812996003,1640594274,AL(R),1
5812996003,1693827279,LH(R),1
5812996003,1762674761,LH(R),1
5812996003,1886132855,LH(R),3
5812996003,5813056596,AL(R),1
5812996748,509626405,AL(R),1
5812996748,574032862,AL(R),1
5812996748,577542489,AL(R),1
5812996748,609924156,AL(R),1
5812996748,635062078,AL(R),1
5812996748,724816115,AL(R),1
5812996748,792024028,AL(R),1
5812996748,851684181,AL(R),1
5812996748,1700937093,AL(R),2
5812996748,1727979406,AL(R),2
5812996748,1794055377,AL(R),1
5812996748,1850711304,AL(R),2
5812996748,1882083076,AL(R),1
5812996748,1917188956,AL(R),1
5812996748,1975187675,AL(R),1
5812996748,2289223313,NotPrimary,1
5812996748,5812992942,AL(R),2
5812996748,5813050729,AL(R),1
5812996748,5813055180,AL(R),1
5812996748,5901222731,AL(R),5
5813000276,572663539,AL(R),11
5813000276,573669915,AL(R),1
5813000276,577542489,AL(R),4
5813000276,604726283,AL(R),3
5813000276,610274029,AL(R),8
5813000276,610274046,AL(R),8
5813000276,636789080,AL(R),1
5813000276,636789080,LH(R),1
5813000276,662776660,AL(R),2
5813000276,693125078,AL(R),5
5813000276,693479072,LH(R),2
5813000276,697145036,AL(R),2
5813000276,697848868,AL(R),1
5813000276,762982753,AL(R),3
5813000276,788306724,NotPrimary,1
5813000276,791298858,AL(R),1
5813000276,823037476,AL(R),1
5813000276,1316245799,AL(R),1
5813000276,1442819296,AL(R),2
5813000276,1447205602,AL(R),14
5813000276,1536947502,NotPrimary,1
5813000276,1570685257,AL(R),1
5813000276,1670973150,AL(R),1
5813000276,1700307582,AL(R),4
5813000276,1701299822,AL(R),15
5813000276,1701325725,AL(R),3
5813000276,1733677514,AL(R),1
5813000276,1734420152,LH(R),1
5813000276,1755556277,AL(R),1
5813000276,1793403571,AL(R),2
5813000276,1818307672,AL(R),2
5813000276,1851389175,AL(R),1
5813000276,1851393805,AL(R),1
5813000276,1857148391,AL(R),1
5813000276,1886132855,LH(R),1
5813000276,1887872301,AL(R),2
5813000276,1888213190,AL(R),3
5813000276,1889253785,NotPrimary,2
5813000276,1914823337,AL(R),3
5813000276,1914823337,NotPrimary,1
5813000276,1917188956,AL(R),1
5813000276,1943811511,AL(R),1
5813000276,2383731281,AL(R),7
5813000276,5813013823,AL(R),9
5813000276,5813024692,AL(R),29
5813000276,5813039471,NotPrimary,1
5813000276,5813056596,LH(R),1
5813000276,5813090752,AL(R),1
5813008771,294792184,SLP(R),1
5813008771,480927537,NotPrimary,1
5813008771,541632990,SLP(R),1
5813008771,541632990,NotPrimary,1
5813008771,733316908,NotPrimary,1
5813013823,635407942,LH(R),1
5813013823,698526273,NotPrimary,1
5813013823,727855437,LH(R),2
5813013823,760250272,LH(R),1
5813013823,788648194,LH(R),2
5813013823,1447205602,NotPrimary,1
5813013823,1447205712,NotPrimary,1
5813013823,1570684665,LH(R),1
5813013823,1672293837,SLP(R),1
5813013823,1701325725,LH(R),4
5813013823,1793014716,LH(R),1
5813013823,5813014622,LH(R),1
5813013823,5813024710,LH(R),1
5813013823,5813054697,LH(R),1
5813013823,5813054911,NotPrimary,1
5813013823,5813055147,LH(R),1
5813013823,5813056072,LH(R),1
5813014622,697848868,LH(R),1
5813014622,1916528384,AL(R),1
5813014622,5813055162,AL(R),1
5813014622,5813090752,LH(R),1
5813024601,610274029,AL(R),4
5813024601,610274046,AL(R),3
5813024601,635048729,LH(R),1
5813024601,733316908,LH(R),3
5813024601,792024028,AL(R),6
5813024601,850375847,LH(R),2
5813024601,851684181,AL(R),3
5813024601,856071065,AL(R),46
5813024601,882353566,AL(R),10
5813024601,886812643,AL(R),5
5813024601,887105351,AL(R),32
5813024601,977866721,AL(R),5
5813024601,1006258344,NotPrimary,1
5813024601,1037293275,AL(R),34
5813024601,1099911913,AL(R),4
5813024601,1102334088,AL(R),7
5813024601,1322012611,AL(R),1
5813024601,1411784734,AL(R),1
5813024601,1415825344,AL(R),2
5813024601,1539978151,AL(R),1
5813024601,1661769627,AL(R),1
5813024601,1671608112,AL(R),2
5813024601,1671952694,AL(R),2
5813024601,1692817033,AL(R),2
5813024601,1693486219,AL(R),2
5813024601,1700307582,AL(R),1
5813024601,1733677514,AL(R),39
5813024601,1755556277,AL(R),6
5813024601,1764091241,NotPrimary,1
5813024601,1765040289,AL(R),1
5813024601,1788300760,AL(R),14
5813024601,1788300760,LH(R),4
5813024601,1794055377,AL(R),3
5813024601,1795410644,AL(R),4
5813024601,1825085656,AL(R),1
5813024601,1825440160,AL(R),12
5813024601,1851061177,AL(R),1
5813024601,1857143769,AL(R),2
5813024601,1857825571,AL(R),2
5813024601,1886132855,AL(R),3
5813024601,1888178718,AL(R),4
5813024601,1888213190,CA(R),2
5813024601,1914140664,LH(R),1
5813024601,1914823414,LH(R),4
5813024601,5813014622,AL(R),3
5813024601,5813024799,AL(R),4
5813024601,5813024799,NotPrimary,1
5813024601,5813038889,NotPrimary,1
5813024601,5813041247,LH(R),2
5813024601,5813050727,NotPrimary,1
5813024601,5813054697,AL(R),18
5813024601,5813054697,LH(R),1
5813024601,5813055162,AL(R),5
5813024601,5813069089,AL(R),1
5813024692,509626405,AL(R),1
5813024692,542311358,AL(R),1
5813024692,543010474,SCL(R),2
5813024692,543010474,AL(R),2
5813024692,574037266,AL(R),2
5813024692,577542489,AL(R),11
5813024692,606090268,NotPrimary,1
5813024692,637462647,AL(R),1
5813024692,639276164,AL(R),3
5813024692,663787020,AL(R),3
5813024692,664814903,AL(R),4
5813024692,666818300,AL(R),5
5813024692,693479072,AL(R),3
5813024692,693483018,AL(R),1
5813024692,697844568,AL(R),1
5813024692,698508565,AL(R),5
5813024692,698569832,VES(R),3
5813024692,698569832,AL(R),1
5813024692,729608317,AL(R),1
5813024692,730252777,AL(R),1
5813024692,788940872,AL(R),2
5813024692,792024028,AL(R),3
5813024692,850708902,AL(R),1
5813024692,851684181,AL(R),8
5813024692,1102334088,AL(R),5
5813024692,1570685257,AL(R),2
5813024692,1571025824,AL(R),2
5813024692,1640594274,AL(R),7
5813024692,1670934213,AL(R),1
5813024692,1671608112,AL(R),2
5813024692,1671952694,AL(R),16
5813024692,1700307582,AL(R),1
5813024692,1700937093,AL(R),1
5813024692,1700946301,AL(R),4
5813024692,1701325725,AL(R),1
5813024692,1723506321,AL(R),2
5813024692,1733370882,AL(R),3
5813024692,1733677514,AL(R),1
5813024692,1759999022,AL(R),1
5813024692,1765415970,AL(R),4
5813024692,1789013008,AL(R),1
5813024692,1793403571,AL(R),12
5813024692,1825440160,VES(R),1
5813024692,1827473315,AL(R),7
5813024692,1827516355,AL(R),1
5813024692,1827861966,AL(R),1
5813024692,1828206773,AL(R),1
5813024692,1851393805,AL(R),1
5813024692,1856833015,AL(R),1
5813024692,1857825571,AL(R),1
5813024692,1881401277,AL(R),3
5813024692,1881751117,AL(R),1
5813024692,1888178718,AL(R),66
5813024692,1888178718,VES(R),1
5813024692,1889253763,AL(R),1
5813024692,1917866877,AL(R),1
5813024692,1943812176,AL(R),2
5813024692,1974846717,AL(R),8
5813024692,1974846717,SAD,1
5813024692,2064165421,AL(R),2
5813024692,2100010400,AL(R),1
5813024692,5812982656,IB,1
5813024692,5812982656,AL(R),1
5813024692,5812983069,AL(R),1
5813024692,5812995328,AL(R),1
5813024692,5813024799,AL(R),1
5813024692,5813044177,AL(R),1
5813024692,5813045696,AL(R),2
5813024692,5813056072,AL(R),2
5813024692,5813056596,AL(R),1
5813024692,5813063239,AL(R),2
5813024692,5813077788,AL(R),5
5813024692,5813077788,VES(R),3
5813024692,5813077788,SAD,2
5813024692,5901222910,AL(R),1
5813024710,572663539,LH(R),1
5813024710,577542489,AL(R),4
5813024710,610274029,AL(R),7
5813024710,610274046,AL(R),12
5813024710,693479072,NotPrimary,1
5813024710,694834412,NotPrimary,1
5813024710,788648194,AL(R),10
5813024710,788648194,LH(R),1
5813024710,788945049,AL(R),3
5813024710,792616185,AL(R),1
5813024710,823314446,AL(R),22
5813024710,977866721,AL(R),5
5813024710,1006258344,NotPrimary,1
5813024710,1069929827,AL(R),8
5813024710,1671952694,AL(R),12
5813024710,1692817033,LH(R),3
5813024710,1700307582,AL(R),7
5813024710,1701299822,AL(R),6
5813024710,1756579280,AL(R),10
5813024710,1756579280,NotPrimary,4
5813024710,1756579280,LH(R),2
5813024710,1762674761,AL(R),6
5813024710,1793014716,AL(R),20
5813024710,1793014716,LH(R),2
5813024710,1793351401,AL(R),8
5813024710,1793351401,NotPrimary,3
5813024710,1793351401,LH(R),1
5813024710,1819326555,LH(R),1
5813024710,5813039465,LH(R),4
5813024710,5813039465,AL(R),1
5813024710,5901194250,AL(R),1
5813024712,573669915,AL(R),1
5813024712,577542489,AL(R),2
5813024712,610274029,AL(R),9
5813024712,610274046,AL(R),11
5813024712,697145036,AL(R),1
5813024712,727472481,AL(R),1
5813024712,727855437,AL(R),2
5813024712,762982753,AL(R),1
5813024712,823037476,AL(R),1
5813024712,851684181,AL(R),2
5813024712,1006258344,AL(R),2
5813024712,1415829574,AL(R),2
5813024712,1447205602,AL(R),5
5813024712,1570684665,AL(R),2
5813024712,1570685257,AL(R),2
5813024712,1694850602,AL(R),1
5813024712,1700937093,CA(R),1
5813024712,1701299822,AL(R),2
5813024712,1701325725,AL(R),1
5813024712,1827473315,AL(R),10
5813024712,1887872301,NotPrimary,1
5813024712,1888213190,AL(R),1
5813024712,1888572074,LH(R),1
5813024712,1888572074,AL(R),1
5813024712,1914140664,AL(R),6
5813024712,1914823414,AL(R),3
5813024712,5813034571,NotPrimary,1
5813024712,5813055162,LH(R),1
5813024799,574037281,AL(R),1
5813024799,577542489,AL(R),2
5813024799,577542489,SCL(R),1
5813024799,606090268,AL(R),1
5813024799,610274046,AL(R),1
5813024799,635416407,AL(R),1
5813024799,763730414,SCL(R),9
5813024799,763730414,SLP(R),5
5813024799,792024028,AL(R),1
5813024799,850703925,AL(R),1
5813024799,850708902,AL(R),1
5813024799,977866721,AL(R),1
5813024799,1099911913,AL(R),1
5813024799,1316245799,AL(R),1
5813024799,1322353714,AL(R),3
5813024799,1609883245,AL(R),1
5813024799,1630051981,AL(R),1
5813024799,1661769627,AL(R),1
5813024799,1671608112,AL(R),4
5813024799,1692817033,AL(R),3
5813024799,1693486219,AL(R),1
5813024799,1702306047,AL(R),2
5813024799,1723506321,AL(R),1
5813024799,1727979406,AL(R),2
5813024799,1733677514,SCL(R),1
5813024799,1733677514,AL(R),1
5813024799,1755556277,AL(R),4
5813024799,1765040289,NotPrimary,1
5813024799,1788300760,AL(R),1
5813024799,1797505019,AL(R),1
5813024799,1825085656,AL(R),2
5813024799,1825440160,AL(R),1
5813024799,1827516355,AL(R),2
5813024799,1827516355,NotPrimary,1
5813024799,1828206773,AL(R),1
5813024799,1850706912,AL(R),2
5813024799,1856833015,AL(R),2
5813024799,1856833015,SCL(R),1
5813024799,1858901026,SMP(R),1
5813024799,1881751117,AL(R),5
5813024799,1882083076,AL(R),2
5813024799,1887163927,AL(R),2
5813024799,1889253763,NotPrimary,1
5813024799,1917188956,AL(R),1
5813024799,1917866877,AL(R),1
5813024799,5812982656,SCL(R),19
5813024799,5812982656,SLP(R),4
5813024799,5812982656,PLP(R),3
5813024799,5812982656,AL(R),1
5813024799,5812982656,SIP(R),1
5813024799,5813014622,AL(R),1
5813024799,5813024601,AL(R),2
5813024799,5813044177,NotPrimary,1
5813024799,5813054697,AL(R),3
5813024799,5813055025,AL(R),1
5813024799,5813055048,AL(R),2
5813024799,5813056596,AL(R),1
5813024799,5813069089,AL(R),2
5813024799,5813071409,AL(R),3
5813024799,5813083723,SMP(R),1
5813034081,542634818,LH(R),2
5813034081,573669915,LH(R),6
5813034081,693483018,LH(R),1
5813034081,697145036,LH(R),7
5813034081,791298858,LH(R),1
5813034081,1447205602,LH(R),1
5813034081,1630051981,LH(R),1
5813034081,1851389175,LH(R),2
5813034081,1887872301,LH(R),1
5813034081,1977916288,LH(R),2
5813034081,5813000276,LH(R),1
5813034571,542634818,NotPrimary,1
5813034571,542665377,AL(R),7
5813034571,604726283,AL(R),17
5813034571,610274029,AL(R),15
5813034571,610274046,AL(R),10
5813034571,693125078,CA(R),1
5813034571,791298858,AL(R),3
5813034571,1006258344,LH(R),1
5813034571,1037293275,AL(R),6
5813034571,1069929827,LH(R),1
5813034571,1447205712,AL(R),10
5813034571,1447205712,LH(R),1
5813034571,1671638278,AL(R),2
5813034571,1692817033,CA(R),2
5813034571,1701299822,AL(R),16
5813034571,1793403571,AL(R),2
5813034571,1851393805,LH(R),1
5813034571,1857148391,AL(R),1
5813034571,1888213190,NotPrimary,1
5813034571,1914823337,LH(R),4
5813034571,1914823337,AL(R),2
5813034571,1914823414,NotPrimary,1
5813034571,1977579449,AL(R),1
5813034571,2010992546,AL(R),15
5813034571,2010992546,LH(R),1
5813034571,5813013823,AL(R),1
5813034571,5813024692,AL(R),4
5813034571,5813024712,NotPrimary,1
5813034571,5813054697,NotPrimary,1
5813034571,5813055048,NotPrimary,1
5813034571,5813063239,CA(R),1
5813034571,5813071409,AL(R),2
5813038793,542634818,CA(R),1
5813038793,604031203,LH(R),1
5813038793,605050789,AL(R),1
5813038793,610274029,AL(R),21
5813038793,610274046,AL(R),13
5813038793,694834412,SLP(R),1
5813038793,697485362,LH(R),1
5813038793,788648194,LH(R),2
5813038793,788648194,AL(R),2
5813038793,788945049,AL(R),2
5813038793,823314446,AL(R),1
5813038793,1411784734,AL(R),1
5813038793,1670969304,AL(R),2
5813038793,1693827279,AL(R),13
5813038793,1700307582,AL(R),2
5813038793,1701299822,AL(R),1
5813038793,1734420152,AL(R),9
5813038793,1756579280,CA(R),1
5813038793,1793014716,LH(R),3
5813038793,1818307672,CA(R),1
5813038793,1825085656,AL(R),1
5813038793,1977579449,SLP(R),1
5813038793,2383731281,AL(R),7
5813038793,5813024710,LH(R),2
5813038793,5813039465,AL(R),11
5813038793,5813039465,LH(R),1
5813038793,5813079228,AL(R),2
5813038889,574032862,LH(R),1
5813038889,574037266,AL(R),3
5813038889,577542489,AL(R),1
5813038889,610274029,AL(R),10
5813038889,610274046,AL(R),12
5813038889,637462647,LH(R),1
5813038889,727472481,NotPrimary,1
5813038889,762982753,AL(R),1
5813038889,823037476,AL(R),1
5813038889,1037293275,AL(R),1
5813038889,1322353824,AL(R),4
5813038889,1322353841,AL(R),8
5813038889,1415825344,AL(R),2
5813038889,1415829574,AL(R),3
5813038889,1536947502,AL(R),14
5813038889,1536947502,LH(R),9
5813038889,1536947502,NotPrimary,2
5813038889,1539978151,AL(R),1
5813038889,1570685132,AL(R),19
5813038889,1570685257,AL(R),2
5813038889,1640594274,AL(R),1
5813038889,1671608112,AL(R),10
5813038889,1671638278,AL(R),1
5813038889,1671952694,AL(R),3
5813038889,1693486219,AL(R),2
5813038889,1700307582,AL(R),8
5813038889,1700937093,LH(R),1
5813038889,1700946301,LH(R),2
5813038889,1700946301,AL(R),1
5813038889,1700946301,NotPrimary,1
5813038889,1701299822,AL(R),4
5813038889,1702306047,AL(R),4
5813038889,1733370882,AL(R),2
5813038889,1733677514,AL(R),10
5813038889,1765415970,AL(R),3
5813038889,1794055377,AL(R),1
5813038889,1828206773,NotPrimary,1
5813038889,1850711304,LH(R),1
5813038889,1851061177,NotPrimary,2
5813038889,1856820042,AL(R),3
5813038889,1858171399,NotPrimary,2
5813038889,1912435859,AL(R),3
5813038889,5812983069,AL(R),8
5813038889,5812996003,AL(R),2
5813038889,5813055025,NotPrimary,1
5813038889,5813055048,CA(R),1
5813038889,5813055184,AL(R),10
5813038889,5813055184,LH(R),7
5813038889,5813055184,NotPrimary,3
5813038889,5813071369,AL(R),5
5813039235,542665377,LH(R),1
5813039235,610274029,AL(R),16
5813039235,610274046,AL(R),12
5813039235,755518957,AL(R),1
5813039235,788306624,NotPrimary,2
5813039235,788306624,AL(R),1
5813039235,788306624,LH(R),1
5813039235,850375847,NotPrimary,1
5813039235,1447205602,AL(R),1
5813039235,1670969304,AL(R),3
5813039235,1671952694,AL(R),1
5813039235,1733370882,AL(R),2
5813039235,1764091241,AL(R),7
5813039235,1764091241,LH(R),1
5813039235,1793014716,NotPrimary,1
5813039235,1828206773,CA(R),1
5813039235,1888572074,NotPrimary,1
5813039235,1889253785,NotPrimary,1
5813039235,1914823414,NotPrimary,1
5813039235,5813024601,NotPrimary,1
5813039235,5813070872,AL(R),2
5813039235,5813070872,NotPrimary,2
5813039235,5813070872,LH(R),1
5813039315,610274029,AL(R),5
5813039315,610274046,AL(R),4
5813039315,722817260,LH(R),2
5813039315,722817260,SCL(R),1
5813039315,729544359,AL(R),1
5813039315,733316908,LH(R),33
5813039315,733316908,AL(R),12
5813039315,754534424,LH(R),1
5813039315,754534424,NotPrimary,1
5813039315,754538881,LH(R),4
5813039315,754538881,AL(R),1
5813039315,757569579,AL(R),1
5813039315,792023887,AL(R),1
5813039315,792024028,AL(R),4
5813039315,851684181,AL(R),5
5813039315,856071065,LH(R),10
5813039315,886812643,AL(R),20
5813039315,887105351,LH(R),4
5813039315,1102334088,AL(R),1
5813039315,1609542060,LH(R),2
5813039315,1640568102,LH(R),1
5813039315,1672293837,AL(R),3
5813039315,1734350788,AL(R),4
5813039315,1734350788,LH(R),2
5813039315,1734350788,NotPrimary,1
5813039315,1734350908,LH(R),2
5813039315,1734350908,AL(R),2
5813039315,1765040289,LH(R),2
5813039315,1827473315,AL(R),7
5813039315,1857148391,NotPrimary,1
5813039315,1889253785,NotPrimary,1
5813039315,1943811511,AL(R),1
5813039315,5813014622,AL(R),3
5813039315,5813024601,LH(R),2
5813039315,5813055048,NotPrimary,1
5813039465,610274029,AL(R),30
5813039465,610274046,AL(R),24
5813039465,760250272,AL(R),2
5813039465,788306724,LH(R),1
5813039465,788648194,NotPrimary,1
5813039465,788945049,AL(R),3
5813039465,791298858,AL(R),1
5813039465,792616185,AL(R),3
5813039465,823037476,AL(R),3
5813039465,977866721,AL(R),1
5813039465,1037293275,AL(R),2
5813039465,1670969304,AL(R),8
5813039465,1692817033,LH(R),2
5813039465,1693827279,AL(R),26
5813039465,1700307582,AL(R),9
5813039465,1733677514,AL(R),1
5813039465,1734420152,AL(R),6
5813039465,1734420152,LH(R),1
5813039465,1793014716,LH(R),1
5813039465,2383731281,AL(R),13
5813039465,5813024710,LH(R),2
5813039465,5813038793,AL(R),8
5813039465,5813038793,LH(R),1
5813039471,577542489,AL(R),10
5813039471,610274029,AL(R),5
5813039471,610274046,AL(R),14
5813039471,729544359,AL(R),1
5813039471,730252777,AL(R),9
5813039471,733316908,LH(R),7
5813039471,733316908,AL(R),1
5813039471,761938645,AL(R),5
5813039471,792616185,LH(R),1
5813039471,882353566,AL(R),7
5813039471,882353566,LH(R),1
5813039471,977866721,AL(R),1
5813039471,1037293275,AL(R),2
5813039471,1415825344,AL(R),30
5813039471,1609542060,NotPrimary,1
5813039471,1671952694,AL(R),5
5813039471,1700307582,AL(R),2
5813039471,1733370882,AL(R),1
5813039471,1733677514,AL(R),5
5813039471,1755556277,AL(R),3
5813039471,1765415970,AL(R),12
5813039471,1795410644,AL(R),3
5813039471,1825440160,AL(R),4
5813039471,1827473315,AL(R),1
5813039471,1857143769,AL(R),6
5813039471,1857825571,AL(R),7
5813039471,1858171399,AL(R),3
5813039471,1858171399,CA(R),1
5813039471,1881751117,AL(R),1
5813039471,1883443112,NotPrimary,1
5813039471,1888178718,AL(R),3
5813039471,5813014622,AL(R),2
5813039471,5813038793,AL(R),1
5813039471,5813055025,CA(R),1
5813039471,5813055162,AL(R),1
5813040515,417199910,AL(R),1
5813040515,543010474,SCL(R),1
5813040515,574037266,LH(R),1
5813040515,603785283,AL(R),7
5813040515,610274029,AL(R),2
5813040515,610274046,AL(R),1
5813040515,662776660,LH(R),1
5813040515,663432544,AL(R),80
5813040515,663787020,LH(R),14
5813040515,663787020,SCL(R),10
5813040515,663787020,CA(R),9
5813040515,663787020,PLP(R),3
5813040515,663787020,NotPrimary,1
5813040515,664814903,LH(R),14
5813040515,664814903,SCL(R),9
5813040515,664814903,CA(R),7
5813040515,664814903,PLP(R),3
5813040515,664814903,SLP(R),1
5813040515,819993149,AL(R),1
5813040515,850703925,AL(R),1
5813040515,850708902,SCL(R),3
5813040515,850708902,CA(R),2
5813040515,850708902,AL(R),1
5813040515,850717220,AL(R),4
5813040515,947513805,AL(R),1
5813040515,1037293275,AL(R),47
5813040515,1037293275,VES(R),1
5813040515,1039237469,AL(R),1
5813040515,1322353714,AL(R),8
5813040515,1661769627,AL(R),1
5813040515,1671608112,AL(R),16
5813040515,1700307582,AL(R),1
5813040515,1701299822,AL(R),18
5813040515,1702306047,AL(R),14
5813040515,1733370882,AL(R),1
5813040515,1733677514,AL(R),36
5813040515,1755556097,SCL(R),4
5813040515,1755556097,AL(R),3
5813040515,1755556277,AL(R),1
5813040515,1788676257,AL(R),1
5813040515,1788680591,AL(R),3
5813040515,1794055377,AL(R),1
5813040515,1794055377,ICL(R),1
5813040515,1794055377,NotPrimary,1
5813040515,1825440160,AL(R),2
5813040515,1827861966,NotPrimary,2
5813040515,1883443112,AL(R),3
5813040515,1887163927,NotPrimary,1
5813040515,1943811736,SCL(R),5
5813040515,1943811736,LH(R),1
5813040515,1943811736,AL(R),1
5813040515,1975187675,SCL(R),1
5813040515,1975187675,AL(R),1
5813040515,2065197353,AL(R),1
5813040515,2069644133,AL(R),2
5813040515,2069648663,ICL(R),2
5813040515,2069648663,SLP(R),1
5813040515,2069648663,AL(R),1
5813040515,2069648663,NotPrimary,1
5813040515,2166133204,NotPrimary,2
5813040515,2289223313,AL(R),1
5813040515,5812982656,SCL(R),1
5813040515,5813024692,AL(R),2
5813040515,5813056072,AL(R),1
5813040515,5813063239,NotPrimary,1
5813040515,5813083723,AL(R),2
5813040515,5813083723,SCL(R),1
5813041247,610274046,LH(R),1
5813041247,724816115,AL(R),5
5813041247,724816115,LH(R),2
5813041247,757556799,LH(R),2
5813041247,788940872,LH(R),2
5813041247,788945049,LH(R),2
5813041247,824353701,AL(R),1
5813041247,977866721,AL(R),2
5813041247,1661769627,AL(R),2
5813041247,1727979406,LH(R),13
5813041247,1727979406,PLP(R),10
5813041247,1727979406,AL(R),3
5813041247,1755556277,AL(R),3
5813041247,1762674761,LH(R),2
5813041247,1857143769,AL(R),1
5813041247,1886132855,LH(R),3
5813041247,1889253785,AL(R),1
5813041247,1912789965,AL(R),1
5813041247,1944507292,AL(R),10
5813041247,2383731281,AL(R),1
5813041247,5813054697,LH(R),1
5813041247,5813055025,AL(R),2
5813041247,5813069089,AL(R),4
5813041247,5813069089,LH(R),1
5813041247,5901222731,LH(R),51
5813041247,5901222731,AL(R),19
5813041247,5901222731,PLP(R),14
5813041247,5901222731,AVLP(R),5
5813044177,417199910,AL(R),1
5813044177,574032862,AL(R),1
5813044177,574037266,SCL(R),1
5813044177,603785283,AL(R),1
5813044177,698508565,AL(R),1
5813044177,698508565,PLP(R),1
5813044177,763730414,PLP(R),21
5813044177,763730414,SCL(R),12
5813044177,763730414,SMP(R),1
5813044177,819993149,NotPrimary,2
5813044177,850703925,SCL(R),2
5813044177,850703925,PLP(R),2
5813044177,850703925,AL(R),1
5813044177,850703925,NotPrimary,1
5813044177,850708902,AL(R),4
5813044177,850708902,NotPrimary,4
5813044177,850708902,PLP(R),1
5813044177,850708902,SCL(R),1
5813044177,1322012611,AL(R),2
5813044177,1630734360,NotPrimary,3
5813044177,1630734360,PLP(R),1
5813044177,1630734360,SCL(R),1
5813044177,1639243580,PLP(R),1
5813044177,1671638278,AL(R),1
5813044177,1693486219,AL(R),1
5813044177,1693486219,PLP(R),1
5813044177,1733677514,SCL(R),1
5813044177,1789013008,AL(R),1
5813044177,1794055377,AL(R),1
5813044177,1796817841,NotPrimary,1
5813044177,1827861966,NotPrimary,2
5813044177,1856833015,NotPrimary,4
5813044177,1856833015,SLP(R),2
5813044177,1856833015,SCL(R),1
5813044177,1858901026,AL(R),3
5813044177,1881401277,SLP(R),1
5813044177,1917188956,NotPrimary,2
5813044177,1975187675,SLP(R),4
5813044177,1975878958,AL(R),4
5813044177,2166133204,SCL(R),1
5813044177,5812982656,PLP(R),1
5813044177,5812982656,SCL(R),1
5813044177,5812983069,SCL(R),4
5813044177,5812983069,NotPrimary,3
5813044177,5812983069,SMP(R),1
5813044177,5813024799,NotPrimary,7
5813044177,5901222731,AL(R),6
5813045696,542311358,LH(R),1
5813045696,542665377,LH(R),1
5813045696,606090268,LH(R),1
5813045696,632751823,LH(R),1
5813045696,694834412,LH(R),1
5813045696,755518957,LH(R),1
5813045696,1504889437,LH(R),2
5813045696,1570685033,LH(R),1
5813045696,1670934213,LH(R),1
5813045696,1793014716,LH(R),1
5813050727,542311358,AL(R),2
5813050727,542652506,AL(R),2
5813050727,542665377,AL(R),4
5813050727,572663539,AL(R),23
5813050727,573333835,LH(R),1
5813050727,573669915,AL(R),10
5813050727,577542489,AL(R),6
5813050727,605050789,LH(R),3
5813050727,610274029,AL(R),12
5813050727,610274046,AL(R),10
5813050727,630714299,LH(R),1
5813050727,664814903,LH(R),1
5813050727,693125078,NotPrimary,1
5813050727,693479072,AL(R),1
5813050727,693479072,LH(R),1
5813050727,693483018,CA(R),1
5813050727,697132371,CA(R),1
5813050727,697132371,NotPrimary,1
5813050727,697848868,AL(R),1
5813050727,727472481,NotPrimary,4
5813050727,754854077,LH(R),2
5813050727,754854077,NotPrimary,1
5813050727,760264077,LH(R),1
5813050727,762982753,AL(R),2
5813050727,791298858,LH(R),1
5813050727,1006258344,LH(R),1
5813050727,1006258344,NotPrimary,1
5813050727,1415829574,AL(R),12
5813050727,1447205602,AL(R),24
5813050727,1570685257,AL(R),6
5813050727,1609542060,NotPrimary,1
5813050727,1640594274,LH(R),4
5813050727,1640594274,CA(R),1
5813050727,1671952694,AL(R),6
5813050727,1701299822,AL(R),12
5813050727,1701325725,AL(R),3
5813050727,1723506321,AL(R),2
5813050727,1727979406,CA(R),11
5813050727,1755556277,AL(R),2
5813050727,1793403571,AL(R),1
5813050727,1827473315,AL(R),1
5813050727,1851393805,AL(R),16
5813050727,1851393805,CA(R),1
5813050727,1887872301,NotPrimary,2
5813050727,1887872301,AL(R),1
5813050727,1888213190,NotPrimary,5
5813050727,1888213190,AL(R),4
5813050727,1888213190,CA(R),2
5813050727,1889253763,AL(R),5
5813050727,1889253785,NotPrimary,4
5813050727,1914140664,LH(R),1
5813050727,1914823337,NotPrimary,1
5813050727,1914823414,NotPrimary,2
5813050727,1916528384,NotPrimary,1
5813050727,1917866877,AL(R),21
5813050727,5812982656,LH(R),5
5813050727,5812982656,AL(R),1
5813050727,5812996003,AL(R),9
5813050727,5813000276,CA(R),1
5813050727,5813000276,LH(R),1
5813050727,5813013823,AL(R),8
5813050727,5813024692,AL(R),55
5813050727,5813024799,NotPrimary,1
5813050727,5813034571,NotPrimary,3
5813050727,5813038889,NotPrimary,1
5813050727,5813055025,LH(R),1
5813050727,5813055048,CA(R),1
5813050727,5813055184,NotPrimary,5
5813050727,5813055184,CA(R),1
5813050727,5813056596,LH(R),1
5813050727,5813071369,LH(R),1
5813050727,5901222910,AL(R),5
5813050729,574032862,NotPrimary,1
5813050729,574037281,LH(R),1
5813050729,577542489,AL(R),7
5813050729,610274029,AL(R),10
5813050729,610274046,AL(R),19
5813050729,666135689,NotPrimary,2
5813050729,697844568,AL(R),9
5813050729,698526273,AL(R),3
5813050729,760250511,AL(R),1
5813050729,760264077,AL(R),3
5813050729,1037293275,AL(R),2
5813050729,1322353824,AL(R),1
5813050729,1536947502,CA(R),1
5813050729,1539978151,AL(R),3
5813050729,1640594274,LH(R),5
5813050729,1671608112,AL(R),4
5813050729,1671952694,AL(R),2
5813050729,1692817033,AL(R),1
5813050729,1700307582,AL(R),10
5813050729,1701299822,AL(R),19
5813050729,1702306047,AL(R),1
5813050729,1732313117,AL(R),15
5813050729,1793351401,LH(R),2
5813050729,1850706912,AL(R),1
5813050729,1850706912,NotPrimary,1
5813050729,1850711304,NotPrimary,2
5813050729,1857148391,NotPrimary,1
5813050729,1882083076,NotPrimary,3
5813050729,1882083076,AL(R),2
5813050729,1889253785,LH(R),1
5813050729,5813055180,AL(R),12
5813054697,610274029,AL(R),2
5813054697,610274046,AL(R),4
5813054697,726207450,LH(R),1
5813054697,757556799,LH(R),1
5813054697,757569579,AL(R),1
5813054697,792024028,AL(R),4
5813054697,851684181,AL(R),1
5813054697,856071065,AL(R),22
5813054697,882353566,AL(R),4
5813054697,886812643,AL(R),1
5813054697,887105351,AL(R),47
5813054697,977866721,AL(R),2
5813054697,1006258344,LH(R),1
5813054697,1037293275,AL(R),25
5813054697,1099911913,AL(R),1
5813054697,1102334088,AL(R),8
5813054697,1415825344,AL(R),2
5813054697,1661769627,AL(R),6
5813054697,1671952694,AL(R),4
5813054697,1692817033,AL(R),1
5813054697,1693486219,AL(R),1
5813054697,1700946301,LH(R),2
5813054697,1733677514,AL(R),34
5813054697,1755556277,AL(R),16
5813054697,1788300760,AL(R),8
5813054697,1788300760,LH(R),7
5813054697,1794055377,AL(R),8
5813054697,1825085656,AL(R),1
5813054697,1825440160,AL(R),21
5813054697,1827473315,AL(R),2
5813054697,1856833015,AL(R),1
5813054697,1886132855,AL(R),1
5813054697,1886132855,NotPrimary,1
5813054697,1887872301,AL(R),1
5813054697,1888178718,AL(R),5
5813054697,1888572074,LH(R),3
5813054697,1912789965,AL(R),1
5813054697,1914140664,LH(R),2
5813054697,1914823337,LH(R),2
5813054697,1914823337,NotPrimary,1
5813054697,5813014622,AL(R),3
5813054697,5813024601,AL(R),37
5813054697,5813024601,LH(R),3
5813054697,5813024692,AL(R),2
5813054697,5813024799,AL(R),2
5813054697,5813034571,LH(R),5
5813054697,5813041247,AL(R),2
5813054697,5813041247,LH(R),2
5813054697,5813055048,NotPrimary,1
5813054697,5813055147,NotPrimary,3
5813054697,5813069089,LH(R),1
5813054911,606090268,AL(R),2
5813054911,610274046,AL(R),1
5813054911,698508565,LH(R),1
5813054911,818983130,AL(R),2
5813054911,1671608112,AL(R),3
5813054911,1701299822,AL(R),1
5813054911,1702306047,AL(R),3
5813054911,1727979406,AL(R),2
5813054911,1796817841,AL(R),1
5813054911,1827516355,AL(R),1
5813054911,1889253763,LH(R),1
5813054911,1917866877,AL(R),3
5813054911,5812982656,AL(R),3
5813054911,5813024692,AL(R),7
5813054911,5813090752,AL(R),1
5813055025,480927537,AL(R),1
5813055025,574032862,LH(R),1
5813055025,577542489,AL(R),8
5813055025,605050789,AL(R),11
5813055025,609924156,LH(R),1
5813055025,610274029,AL(R),33
5813055025,610274046,AL(R),23
5813055025,697844568,AL(R),3
5813055025,727855437,LH(R),5
5813055025,729544359,LH(R),1
5813055025,730252777,AL(R),19
5813055025,754534424,CA(R),1
5813055025,760250272,AL(R),1
5813055025,760250511,AL(R),18
5813055025,762982753,AL(R),1
5813055025,791298858,AL(R),11
5813055025,792024028,AL(R),4
5813055025,823314446,LH(R),1
5813055025,851684181,AL(R),1
5813055025,882353566,LH(R),2
5813055025,977866721,AL(R),2
5813055025,1037293275,AL(R),2
5813055025,1316245799,AL(R),2
5813055025,1322012611,AL(R),3
5813055025,1322353824,AL(R),11
5813055025,1322353841,AL(R),7
5813055025,1415825344,AL(R),7
5813055025,1630051981,AL(R),3
5813055025,1661769627,AL(R),2
5813055025,1670969304,AL(R),2
5813055025,1671608112,AL(R),2
5813055025,1671952694,AL(R),8
5813055025,1693827279,AL(R),1
5813055025,1700307582,AL(R),27
5813055025,1701299822,AL(R),26
5813055025,1701325725,LH(R),9
5813055025,1723506321,AL(R),1
5813055025,1732313117,AL(R),2
5813055025,1733677514,AL(R),9
5813055025,1755556277,AL(R),5
5813055025,1762674761,AL(R),10
5813055025,1764091241,NotPrimary,1
5813055025,1765415970,AL(R),7
5813055025,1795410644,AL(R),10
5813055025,1827473315,AL(R),5
5813055025,1827861966,AL(R),1
5813055025,1888213190,AL(R),3
5813055025,1889253785,AL(R),17
5813055025,1889253785,LH(R),1
5813055025,1916528384,AL(R),1
5813055025,1943811511,AL(R),10
5813055025,1977916288,AL(R),1
5813055025,2040344064,AL(R),4
5813055025,2383731281,AL(R),14
5813055025,5813014622,AL(R),4
5813055025,5813039465,LH(R),1
5813055025,5813039471,CA(R),1
5813055025,5813041247,AL(R),1
5813055025,5813055162,LH(R),1
5813055025,5813055162,NotPrimary,1
5813055025,5813055184,CA(R),1
5813055025,5813055184,AL(R),1
5813055025,5813055184,NotPrimary,1
5813055025,5813071409,AL(R),2
5813055048,542665377,AL(R),1
5813055048,577542489,AL(R),1
5813055048,606090268,AL(R),1
5813055048,610274029,AL(R),24
5813055048,610274046,AL(R),6
5813055048,630714299,NotPrimary,1
5813055048,635416407,CA(R),1
5813055048,637462647,AL(R),10
5813055048,693483018,LH(R),2
5813055048,697145036,AL(R),6
5813055048,697485362,NotPrimary,1
5813055048,697844568,AL(R),12
5813055048,697844568,LH(R),3
5813055048,697848868,AL(R),1
5813055048,698526273,AL(R),5
5813055048,727855437,AL(R),1
5813055048,754854077,NotPrimary,1
5813055048,791298858,AL(R),2
5813055048,1006258344,AL(R),1
5813055048,1037293275,AL(R),9
5813055048,1037518512,AL(R),8
5813055048,1447205712,LH(R),1
5813055048,1447205712,AL(R),1
5813055048,1539978151,AL(R),8
5813055048,1570684665,AL(R),5
5813055048,1570685033,AL(R),1
5813055048,1630051981,CA(R),1
5813055048,1670934213,LH(R),1
5813055048,1671608112,AL(R),12
5813055048,1671952694,AL(R),1
5813055048,1701299822,AL(R),20
5813055048,1702306047,AL(R),6
5813055048,1723506321,AL(R),8
5813055048,1727979406,CA(R),1
5813055048,1732313117,AL(R),3
5813055048,1733370882,AL(R),1
5813055048,1733677514,AL(R),3
5813055048,1825085656,AL(R),2
5813055048,1828206773,AL(R),10
5813055048,1828206773,CA(R),1
5813055048,1851393805,CA(R),1
5813055048,1914823414,AL(R),3
5813055048,5812996003,AL(R),1
5813055048,5812996748,AL(R),1
5813055048,5813000276,NotPrimary,1
5813055048,5813008771,AL(R),1
5813055048,5813024601,LH(R),1
5813055048,5813024692,AL(R),34
5813055048,5813024710,CA(R),1
5813055048,5813024712,AL(R),1
5813055048,5813034571,LH(R),1
5813055048,5813039315,NotPrimary,1
5813055048,5813050727,CA(R),1
5813055048,5813055184,LH(R),3
5813055048,5813069089,AL(R),1
5813055147,542311358,AL(R),4
5813055147,542652506,AL(R),5
5813055147,577542489,AL(R),2
5813055147,605050789,AL(R),1
5813055147,605050789,LH(R),1
5813055147,610274029,AL(R),9
5813055147,610274046,AL(R),5
5813055147,634379734,AL(R),1
5813055147,663787020,LH(R),1
5813055147,664814903,LH(R),1
5813055147,697848868,LH(R),4
5813055147,727472481,AL(R),1
5813055147,729544359,LH(R),5
5813055147,730252777,AL(R),2
5813055147,754854077,AL(R),8
5813055147,755518957,LH(R),1
5813055147,760250272,LH(R),4
5813055147,760250272,AL(R),1
5813055147,788306724,AL(R),31
5813055147,791298858,AL(R),4
5813055147,791298858,LH(R),1
5813055147,823037476,AL(R),3
5813055147,851684181,AL(R),5
5813055147,1570684665,AL(R),2
5813055147,1670969304,AL(R),2
5813055147,1671952694,AL(R),3
5813055147,1672293837,AL(R),3
5813055147,1692817033,LH(R),1
5813055147,1694850602,AL(R),2
5813055147,1765415970,AL(R),3
5813055147,1827473315,AL(R),9
5813055147,1977916288,AL(R),1
5813055147,5812982656,LH(R),1
5813055147,5812995328,AL(R),1
5813055147,5813013823,LH(R),1
5813055162,573333835,NotPrimary,1
5813055162,577542489,AL(R),7
5813055162,610274029,AL(R),20
5813055162,610274046,AL(R),22
5813055162,697844568,AL(R),3
5813055162,729544359,AL(R),4
5813055162,730252777,AL(R),3
5813055162,823314446,LH(R),1
5813055162,850375847,AL(R),8
5813055162,850375847,LH(R),2
5813055162,850375847,NotPrimary,2
5813055162,882353566,AL(R),26
5813055162,882353566,LH(R),2
5813055162,1037293275,AL(R),14
5813055162,1316245799,AL(R),1
5813055162,1322012611,AL(R),1
5813055162,1415825344,AL(R),57
5813055162,1570685132,AL(R),1
5813055162,1640594274,NotPrimary,1
5813055162,1671952694,AL(R),4
5813055162,1700307582,AL(R),1
5813055162,1732313117,AL(R),10
5813055162,1733677514,AL(R),16
5813055162,1795410644,AL(R),9
5813055162,1825440160,AL(R),20
5813055162,1851061177,AL(R),3
5813055162,1851061177,LH(R),2
5813055162,1851061177,NotPrimary,1
5813055162,1857143769,AL(R),28
5813055162,1857825571,AL(R),1
5813055162,1857825571,NotPrimary,1
5813055162,1858171399,CA(R),1
5813055162,1882083076,CA(R),1
5813055162,1888178718,AL(R),2
5813055162,1888524453,AL(R),36
5813055162,5813014622,AL(R),4
5813055162,5813024601,AL(R),8
5813055162,5813024601,LH(R),1
5813055162,5813034571,NotPrimary,1
5813055162,5813039315,CA(R),1
5813055162,5813039471,NotPrimary,1
5813055162,5813054697,AL(R),1
5813055162,5813055025,LH(R),1
5813055162,5813055025,NotPrimary,1
5813055162,5813056072,CA(R),1
5813055180,542634818,NotPrimary,1
5813055180,542665377,AL(R),3
5813055180,572663539,LH(R),2
5813055180,574037281,NotPrimary,2
5813055180,577542489,AL(R),1
5813055180,609924156,LH(R),1
5813055180,610274029,AL(R),16
5813055180,610274046,AL(R),14
5813055180,697844568,AL(R),8
5813055180,698526273,AL(R),9
5813055180,760250511,AL(R),2
5813055180,760264077,AL(R),2
5813055180,818983130,CA(R),1
5813055180,1037293275,AL(R),10
5813055180,1322353824,AL(R),1
5813055180,1322353824,LH(R),1
5813055180,1322353841,LH(R),1
5813055180,1539978151,AL(R),6
5813055180,1570685033,AL(R),1
5813055180,1571025824,LH(R),1
5813055180,1640594274,LH(R),1
5813055180,1671608112,AL(R),4
5813055180,1671952694,AL(R),3
5813055180,1692817033,AL(R),1
5813055180,1700937093,LH(R),1
5813055180,1701299822,AL(R),14
5813055180,1702306047,AL(R),2
5813055180,1732313117,AL(R),4
5813055180,1733677514,AL(R),5
5813055180,1795410644,AL(R),1
5813055180,1850706912,AL(R),1
5813055180,1850711304,CA(R),1
5813055180,1850711304,LH(R),1
5813055180,1850711304,NotPrimary,1
5813055180,1851389175,CA(R),1
5813055180,1882083076,AL(R),2
5813055180,1882083076,LH(R),1
5813055180,1882083076,NotPrimary,1
5813055180,5813013823,LH(R),1
5813055180,5813039315,NotPrimary,1
5813055180,5813040515,NotPrimary,1
5813055180,5813050729,AL(R),11
5813055180,5813071409,AL(R),2
5813055180,5813079228,AL(R),1
5813055184,574032862,LH(R),2
5813055184,574037266,AL(R),4
5813055184,574374051,LH(R),2
5813055184,577542489,AL(R),8
5813055184,610274029,AL(R),18
5813055184,610274046,AL(R),12
5813055184,636789080,LH(R),1
5813055184,639276164,AL(R),1
5813055184,697485362,NotPrimary,2
5813055184,788306724,NotPrimary,1
5813055184,792023887,NotPrimary,6
5813055184,823037476,AL(R),4
5813055184,851684181,NotPrimary,1
5813055184,1322353824,AL(R),2
5813055184,1322353841,AL(R),7
5813055184,1415825344,AL(R),4
5813055184,1415829574,AL(R),7
5813055184,1536947502,LH(R),6
5813055184,1536947502,AL(R),2
5813055184,1570685132,AL(R),25
5813055184,1671608112,AL(R),6
5813055184,1671952694,AL(R),1
5813055184,1700307582,AL(R),10
5813055184,1700937093,LH(R),1
5813055184,1700946301,LH(R),1
5813055184,1701299822,AL(R),2
5813055184,1702306047,AL(R),1
5813055184,1703683361,AL(R),1
5813055184,1733677514,AL(R),7
5813055184,1765415970,AL(R),4
5813055184,1827861966,AL(R),1
5813055184,1828206773,LH(R),2
5813055184,1856820042,AL(R),1
5813055184,1856833015,AL(R),2
5813055184,1858171399,NotPrimary,1
5813055184,1912435859,AL(R),2
5813055184,5812983069,AL(R),2
5813055184,5812996003,AL(R),4
5813055184,5813024692,AL(R),1
5813055184,5813038889,AL(R),8
5813055184,5813038889,LH(R),1
5813055184,5813038889,NotPrimary,1
5813055184,5813055025,CA(R),2
5813055184,5813055048,LH(R),1
5813055184,5813071369,AL(R),9
5813056072,481268653,LH(R),1
5813056072,543010474,SCL(R),1
5813056072,574037266,LH(R),1
5813056072,577542489,AL(R),1
5813056072,606090268,SLP(R),1
5813056072,610274029,AL(R),26
5813056072,610274046,AL(R),17
5813056072,663432544,SLP(R),1
5813056072,663787020,AL(R),4
5813056072,663787020,LH(R),1
5813056072,666818300,AL(R),3
5813056072,698508565,AL(R),2
5813056072,698526273,LH(R),2
5813056072,727855437,LH(R),1
5813056072,757556799,LH(R),3
5813056072,757556799,SLP(R),1
5813056072,759922408,AL(R),7
5813056072,850703925,AL(R),2
5813056072,850708783,AL(R),1
5813056072,850708902,AL(R),2
5813056072,947513805,AL(R),13
5813056072,975457916,LH(R),1
5813056072,976830572,AL(R),1
5813056072,1037293275,AL(R),44
5813056072,1070613107,AL(R),13
5813056072,1322353714,AL(R),16
5813056072,1539978151,LH(R),1
5813056072,1630734360,AL(R),1
5813056072,1661769627,AL(R),3
5813056072,1671608112,AL(R),29
5813056072,1671608112,CA(R),2
5813056072,1671952694,AL(R),2
5813056072,1692817033,LH(R),1
5813056072,1700307582,AL(R),12
5813056072,1700307582,LH(R),1
5813056072,1701299822,AL(R),23
5813056072,1702306047,AL(R),1
5813056072,1703683361,LH(R),1
5813056072,1723506321,AL(R),6
5813056072,1733370882,AL(R),4
5813056072,1733677514,AL(R),31
5813056072,1734420152,NotPrimary,1
5813056072,1755556277,AL(R),2
5813056072,1788680591,AL(R),1
5813056072,1793403571,AL(R),5
5813056072,1794055377,AL(R),1
5813056072,1797505019,LH(R),1
5813056072,1827861966,CA(R),1
5813056072,1857148391,NotPrimary,3
5813056072,1858901026,AL(R),1
5813056072,1881059780,AL(R),1
5813056072,1881401277,AL(R),1
5813056072,1887163927,AL(R),1
5813056072,1917188956,AL(R),5
5813056072,1917866877,AL(R),197
5813056072,1917866877,SCL(R),1
5813056072,1943811736,AL(R),2
5813056072,1944502935,AL(R),8
5813056072,1974846717,AL(R),1
5813056072,1975187675,AL(R),2
5813056072,1975878958,AL(R),1
5813056072,2069648663,AL(R),3
5813056072,5812982656,LH(R),11
5813056072,5812982656,AL(R),6
5813056072,5812982656,SLP(R),2
5813056072,5812982656,SCL(R),1
5813056072,5812982656,PLP(R),1
5813056072,5812983053,AL(R),1
5813056072,5812983069,AL(R),1
5813056072,5812992942,AL(R),1
5813056072,5813013823,LH(R),1
5813056072,5813024692,AL(R),34
5813056072,5813040515,LH(R),1
5813056072,5813044177,AL(R),1
5813056072,5813054911,AL(R),8
5813056072,5813055184,CA(R),1
5813056072,5813063239,AL(R),1
5813056072,5813069447,AL(R),1
5813056072,5813083723,SCL(R),1
5813056596,480927537,LH(R),4
5813056596,541632990,LH(R),7
5813056596,542634818,AL(R),8
5813056596,542634818,NotPrimary,2
5813056596,542665377,LH(R),43
5813056596,542665377,AL(R),6
5813056596,574037281,LH(R),1
5813056596,574374051,LH(R),1
5813056596,574374051,NotPrimary,1
5813056596,577542489,AL(R),3
5813056596,605050789,LH(R),3
5813056596,610274029,AL(R),11
5813056596,610274046,AL(R),7
5813056596,630714299,AL(R),20
5813056596,635062078,AL(R),1
5813056596,637462647,AL(R),33
5813056596,637462647,LH(R),5
5813056596,693125078,LH(R),1
5813056596,693479072,AL(R),1
5813056596,697848868,AL(R),20
5813056596,698526273,AL(R),23
5813056596,698526273,LH(R),1
5813056596,729219639,AL(R),1
5813056596,729544359,LH(R),1
5813056596,730252777,AL(R),31
5813056596,755518957,AL(R),3
5813056596,759922408,LH(R),1
5813056596,760264077,AL(R),4
5813056596,760264077,LH(R),1
5813056596,762982753,AL(R),3
5813056596,791298858,LH(R),4
5813056596,818983130,NotPrimary,1
5813056596,823037476,AL(R),1
5813056596,850708902,AL(R),2
5813056596,851684181,AL(R),4
5813056596,1411784734,AL(R),1
5813056596,1415829574,AL(R),30
5813056596,1447201088,AL(R),24
5813056596,1447201088,LH(R),10
5813056596,1447205602,AL(R),1
5813056596,1570685224,AL(R),1
5813056596,1570685257,AL(R),5
5813056596,1671952694,AL(R),10
5813056596,1693827279,AL(R),4
5813056596,1700307582,AL(R),3
5813056596,1700946301,CA(R),1
5813056596,1702306047,AL(R),2
5813056596,1733370882,AL(R),5
5813056596,1733370882,NotPrimary,2
5813056596,1733677514,AL(R),7
5813056596,1755556277,AL(R),3
5813056596,1756579280,AL(R),1
5813056596,1765415970,AL(R),33
5813056596,1793351401,AL(R),1
5813056596,1793403571,AL(R),3
5813056596,1795410644,AL(R),8
5813056596,1797505019,NotPrimary,1
5813056596,1827473315,AL(R),3
5813056596,1827861966,AL(R),2
5813056596,1850711304,LH(R),2
5813056596,1851393805,AL(R),3
5813056596,1856820042,AL(R),1
5813056596,1856833015,AL(R),2
5813056596,1888524453,LH(R),1
5813056596,1889253763,AL(R),3
5813056596,1912435859,AL(R),3
5813056596,1917866877,AL(R),1
5813056596,5812982656,LH(R),1
5813056596,5812996003,LH(R),18
5813056596,5812996003,AL(R),14
5813056596,5812996003,SLP(R),1
5813056596,5813008771,AL(R),2
5813056596,5813013823,AL(R),1
5813056596,5813014622,LH(R),3
5813056596,5813024692,AL(R),45
5813056596,5813034571,LH(R),1
5813056596,5813045696,AL(R),6
5813056596,5813045696,LH(R),3
5813056596,5813050727,AL(R),1
5813056596,5813055048,LH(R),1
5813056596,5813070872,LH(R),1
5813056596,5813090752,AL(R),6
5813056596,5901222910,AL(R),12
5813056596,5901222910,NotPrimary,2
5813063239,634759240,AVLP(R),1
5813063239,635416407,NotPrimary,1
5813063239,637462647,AL(R),1
5813063239,663787020,SLP(R),20
5813063239,663787020,PLP(R),5
5813063239,663787020,SCL(R),5
5813063239,663787020,LH(R),2
5813063239,663787020,AL(R),2
5813063239,664814903,SLP(R),21
5813063239,664814903,SCL(R),9
5813063239,664814903,PLP(R),3
5813063239,664814903,LH(R),2
5813063239,664814903,GNG,1
5813063239,693483018,NotPrimary,1
5813063239,763730414,SCL(R),3
5813063239,792364888,GNG,2
5813063239,823037476,AL(R),1
5813063239,886812643,LH(R),1
5813063239,1442819296,SCL(R),1
5813063239,1640594274,NotPrimary,1
5813063239,1702306047,AL(R),2
5813063239,1702306047,SLP(R),1
5813063239,1755556097,AL(R),1
5813063239,1794055377,LH(R),1
5813063239,1851389175,NotPrimary,1
5813063239,1881059780,SLP(R),1
5813063239,1881401277,AL(R),1
5813063239,1944502935,AL(R),1
5813063239,2010992546,CA(R),1
5813063239,2065197353,AL(R),2
5813063239,5813024692,AL(R),2
5813063239,5813024692,SCL(R),1
5813063239,5813024692,SLP(R),1
5813063239,5813040515,LH(R),1
5813063239,5813040515,NotPrimary,1
5813063239,5813055025,NotPrimary,1
5813063239,5813055162,NotPrimary,1
5813063239,5813056596,AL(R),1
5813063239,5813056596,NotPrimary,1
5813063239,5813077788,SLP(R),1
5813063239,5813083723,AL(R),11
5813063239,5813083723,GNG,1
5813069089,544021095,NotPrimary,1
5813069089,610274029,AL(R),25
5813069089,610274046,AL(R),30
5813069089,693483018,LH(R),1
5813069089,694834412,NotPrimary,1
5813069089,760250272,AL(R),1
5813069089,788306724,NotPrimary,1
5813069089,788648194,LH(R),1
5813069089,788648194,AL(R),1
5813069089,788940872,AL(R),9
5813069089,788945049,AL(R),9
5813069089,824353701,AL(R),1
5813069089,887105351,AL(R),2
5813069089,948834414,AL(R),45
5813069089,977866721,AL(R),22
5813069089,1037293275,AL(R),41
5813069089,1099911913,LH(R),1
5813069089,1099911913,AL(R),1
5813069089,1322012611,AL(R),2
5813069089,1322012611,LH(R),2
5813069089,1322353824,AL(R),2
5813069089,1322353824,LH(R),1
5813069089,1411784734,AL(R),1
5813069089,1415825344,AL(R),6
5813069089,1442819296,LH(R),1
5813069089,1539978151,AL(R),7
5813069089,1609542060,LH(R),1
5813069089,1640568102,LH(R),1
5813069089,1640594274,NotPrimary,1
5813069089,1661769627,AL(R),7
5813069089,1671638278,AL(R),5
5813069089,1700937093,CA(R),1
5813069089,1727979406,AL(R),1
5813069089,1733677514,AL(R),33
5813069089,1734350788,CA(R),1
5813069089,1755556277,AL(R),12
5813069089,1762674761,AL(R),12
5813069089,1788300760,LH(R),2
5813069089,1825440160,AL(R),1
5813069089,1850706912,NotPrimary,1
5813069089,1851061177,LH(R),1
5813069089,1857143769,AL(R),1
5813069089,1886132855,AL(R),31
5813069089,1887163927,AL(R),36
5813069089,1889883818,AL(R),67
5813069089,1977579449,SLP(R),1
5813069089,2383731281,AL(R),1
5813069089,5812992940,LH(R),1
5813069089,5813000276,NotPrimary,1
5813069089,5813024601,LH(R),2
5813069089,5813024601,AL(R),1
5813069089,5813039465,LH(R),1
5813069089,5813039471,LH(R),1
5813069089,5813041247,AL(R),22
5813069089,5813041247,LH(R),4
5813069089,5813055025,NotPrimary,1
5813069089,5813055162,LH(R),1
5813069089,5813055180,AL(R),1
5813069089,5813077810,AL(R),19
5813069447,634759240,AL(R),8
5813069447,663787020,VES(R),1
5813069447,763730414,SCL(R),1
5813069447,763730414,AL(R),1
5813069447,819993149,AL(R),5
5813069447,850708783,PLP(R),10
5813069447,850708783,AL(R),7
5813069447,850708783,SCL(R),1
5813069447,1037293275,AL(R),45
5813069447,1037293275,VES(R),1
5813069447,1037293275,FLA(R),1
5813069447,1037293275,NotPrimary,1
5813069447,1225100939,AL(R),4
5813069447,1225100939,NotPrimary,1
5813069447,1630734360,AL(R),5
5813069447,1630734360,VES(R),1
5813069447,1661769627,AL(R),29
5813069447,1661769627,VES(R),2
5813069447,1733677514,AL(R),27
5813069447,1733677514,VES(R),1
5813069447,1755556277,AL(R),36
5813069447,1788680591,AL(R),47
5813069447,1788685103,AL(R),2
5813069447,1789013008,AL(R),21
5813069447,1793403571,AL(R),5
5813069447,1794055377,AL(R),2
5813069447,1825440160,AL(R),1
5813069447,1856820042,PLP(R),23
5813069447,1856820042,SCL(R),1
5813069447,1858901026,AL(R),9
5813069447,1858901026,VES(R),1
5813069447,1881059780,AL(R),3
5813069447,1881059780,PLP(R),1
5813069447,1881401277,AL(R),2
5813069447,1881401277,PLP(R),2
5813069447,1883443112,AL(R),1
5813069447,1888178718,AL(R),23
5813069447,1888178718,VES(R),2
5813069447,1912435859,PLP(R),17
5813069447,1912435859,SCL(R),3
5813069447,1912777226,PLP(R),9
5813069447,1912777226,AL(R),5
5813069447,1912777226,VES(R),2
5813069447,1912777226,SCL(R),1
5813069447,1917866877,PLP(R),1
5813069447,1917866877,NotPrimary,1
5813069447,1943811736,AL(R),3
5813069447,1943811736,PLP(R),1
5813069447,1943811736,SCL(R),1
5813069447,1975187554,AL(R),4
5813069447,1975187554,PLP(R),2
5813069447,1975187554,SCL(R),1
5813069447,1975878958,AL(R),147
5813069447,2065197353,AL(R),1
5813069447,5812982656,SCL(R),2
5813069447,5812982656,PLP(R),1
5813069447,5813024692,AL(R),28
5813069447,5813044177,AL(R),2
5813069447,5813083723,AL(R),1
5813069532,542634818,AL(R),24
5813069532,573333835,AL(R),5
5813069532,635407942,AL(R),1
5813069532,1670973150,SLP(R),1
5813069532,1730656082,AL(R),1
5813069532,1759999022,SLP(R),1
5813069532,1759999022,SIP(R),1
5813069532,1851389175,AL(R),3
5813069532,1977916288,AL(R),2
5813069532,5812995328,AL(R),1
5813070872,610274029,AL(R),23
5813070872,610274046,AL(R),3
5813070872,693479072,LH(R),1
5813070872,727472481,NotPrimary,1
5813070872,727855437,AL(R),2
5813070872,754534424,CA(R),1
5813070872,755518957,AL(R),1
5813070872,757569579,AL(R),1
5813070872,788306624,AL(R),4
5813070872,788306624,LH(R),1
5813070872,850375847,NotPrimary,1
5813070872,1411784734,AL(R),1
5813070872,1447205602,AL(R),1
5813070872,1536947502,AL(R),1
5813070872,1670969304,AL(R),1
5813070872,1671952694,AL(R),3
5813070872,1701299822,AL(R),3
5813070872,1701325725,AL(R),1
5813070872,1733677514,AL(R),4
5813070872,1764091241,AL(R),15
5813070872,1764091241,LH(R),1
5813070872,1764091241,NotPrimary,1
5813070872,1914140664,NotPrimary,1
5813070872,1914823414,NotPrimary,1
5813070872,5812996003,AL(R),1
5813070872,5813024712,NotPrimary,1
5813070872,5813039235,LH(R),2
5813070872,5813039235,NotPrimary,2
5813071369,542665377,LH(R),7
5813071369,544021095,AL(R),4
5813071369,634759240,LH(R),2
5813071369,666818300,LH(R),5
5813071369,697844568,LH(R),6
5813071369,975457916,LH(R),1
5813071369,1570684665,LH(R),2
5813071369,1570685132,LH(R),3
5813071369,1732313117,LH(R),3
5813071369,1795410644,LH(R),7
5813071369,5813050727,LH(R),1
5813071369,5813055184,LH(R),1
5813071409,574037281,AL(R),1
5813071409,662776660,LH(R),1
5813071409,733316908,LH(R),1
5813071409,976830572,AVLP(R),1
5813071409,1037518512,AL(R),1
5813071409,1102334088,AL(R),2
5813071409,1322353824,LH(R),1
5813071409,1701299822,LH(R),4
5813071409,1888178718,AL(R),4
5813071409,5812983053,AVLP(R),1
5813077788,698569832,NotPrimary,1
5813077788,729608317,AL(R),2
5813077788,850708783,AL(R),1
5813077788,1037293275,AL(R),8
5813077788,1102334088,AL(R),1
5813077788,1661769627,AL(R),4
5813077788,1723506321,AL(R),1
5813077788,1733370882,SAD,1
5813077788,1733370882,AL(R),1
5813077788,1755556277,AL(R),1
5813077788,1818307672,LH(R),1
5813077788,1858901026,AL(R),8
5813077788,1858901026,VES(R),1
5813077788,1881059780,VES(R),1
5813077788,1881401277,LH(R),1
5813077788,1881401277,AL(R),1
5813077788,1889883818,LH(R),1
5813077788,1943811736,AL(R),1
5813077788,1943812176,AL(R),1
5813077788,1974846717,AL(R),2
5813077788,1974846717,LH(R),1
5813077788,1974846717,SLP(R),1
5813077788,1975187675,AL(R),6
5813077788,1975878958,AL(R),7
5813077788,2038617453,AL(R),1
5813077788,2064165421,SAD,2
5813077788,5812982656,AL(R),2
5813077788,5813024692,AL(R),1
5813077810,636789080,LH(R),1
5813077810,729608317,LH(R),1
5813077810,762982753,LH(R),1
5813077810,887105351,LH(R),1
5813077810,1070613107,LH(R),1
5813077810,1415825344,LH(R),2
5813077810,1727979406,LH(R),1
5813077810,1793403571,LH(R),1
5813077810,1881059780,LH(R),2
5813077810,1888524453,LH(R),2
5813077810,1889883818,LH(R),1
5813077810,5812982656,LH(R),2
5813079228,722817260,AL(R),1
5813079228,724816115,AL(R),6
5813079228,1630051981,AL(R),1
5813079228,1670969304,SLP(R),1
5813079228,1672293837,SIP(R),2
5813079228,1727979406,AL(R),1
5813079228,1756579280,AL(R),1
5813079228,1851389175,AL(R),1
5813079228,1882083076,AL(R),4
5813079228,1977579449,AL(R),8
5813079228,5813050729,AL(R),1
5813083723,574032862,AL(R),1
5813083723,603785283,AL(R),4
5813083723,634759240,AL(R),2
5813083723,664814903,SCL(R),1
5813083723,666818300,AL(R),1
5813083723,697844568,VES(R),1
5813083723,698508565,AL(R),1
5813083723,698565676,VES(R),1
5813083723,763730414,AL(R),3
5813083723,763730414,VES(R),3
5813083723,763730414,SAD,1
5813083723,819993149,VES(R),2
5813083723,819993149,AL(R),2
5813083723,850703925,AL(R),1
5813083723,850708902,AL(R),3
5813083723,850717220,VES(R),1
5813083723,976830572,AL(R),1
5813083723,1037293275,AL(R),12
5813083723,1037293275,VES(R),1
5813083723,1039237469,AL(R),1
5813083723,1070613107,AL(R),1
5813083723,1099911913,AL(R),3
5813083723,1102334088,AL(R),5
5813083723,1225100939,AL(R),3
5813083723,1316245799,AL(R),1
5813083723,1322012611,AL(R),3
5813083723,1630734360,AL(R),11
5813083723,1630734360,NotPrimary,2
5813083723,1630734360,VES(R),1
5813083723,1639234609,SCL(R),1
5813083723,1639234609,AL(R),1
5813083723,1661769627,AL(R),2
5813083723,1661769627,VES(R),1
5813083723,1671608112,SCL(R),1
5813083723,1693486219,PLP(R),1
5813083723,1723506321,AL(R),5
5813083723,1727979406,AL(R),2
5813083723,1733677514,AL(R),20
5813083723,1733677514,SAD,2
5813083723,1733677514,VES(R),1
5813083723,1755556097,AL(R),14
5813083723,1789013008,AL(R),3
5813083723,1789013008,VES(R),1
5813083723,1793403571,AL(R),1
5813083723,1793403571,LH(R),1
5813083723,1794055377,AL(R),6
5813083723,1794055377,LH(R),1
5813083723,1825440160,AL(R),4
5813083723,1825440160,VES(R),1
5813083723,1849683877,AL(R),1
5813083723,1850706912,NotPrimary,1
5813083723,1858901026,AL(R),57
5813083723,1858901026,VES(R),6
5813083723,1858901026,SAD,4
5813083723,1858901026,NotPrimary,2
5813083723,1883443112,AL(R),1
5813083723,1888178718,AL(R),2
5813083723,1888178718,VES(R),1
5813083723,1912777226,AL(R),3
5813083723,1912789965,AL(R),1
5813083723,1917188956,AL(R),2
5813083723,1943811736,AL(R),6
5813083723,1943811736,SAD,2
5813083723,1943811736,NotPrimary,1
5813083723,1943812176,AL(R),3
5813083723,1944502935,AL(R),1
5813083723,1974846717,AL(R),1
5813083723,1975187554,AL(R),2
5813083723,1975187554,VES(R),1
5813083723,1975187675,AL(R),3
5813083723,1975878958,AL(R),2
5813083723,2064165421,AL(R),3
5813083723,2065197353,AL(R),1
5813083723,2069644133,AL(R),1
5813083723,5812982656,AL(R),42
5813083723,5812982656,SAD,5
5813083723,5812982656,VES(R),4
5813083723,5812982656,GNG,1
5813083723,5813040515,AL(R),10
5813083723,5813040515,VES(R),1
5813083723,5813044177,AL(R),5
5813083723,5813056072,AL(R),12
5813083723,5813063239,AL(R),16
5813083723,5813063239,GNG,1
5813083723,5813069447,AL(R),1
5813083723,5901222731,AL(R),8
5813090752,605050789,LH(R),1
5813090752,697848868,LH(R),1
5813090752,729544359,LH(R),1
5813090752,791298858,LH(R),1
5813090752,1447201088,LH(R),1
5901194250,509626405,SLP(R),1
5901194250,1037293275,AL(R),1
5901194250,1727979406,AL(R),9
5901194250,1794055377,AL(R),2
5901194250,5812992942,SLP(R),4
5901194250,5812992942,AL(R),1
5901194250,5813071409,AL(R),2
5901194250,5901222731,AL(R),8
5901194556,509626405,AL(R),1
5901194556,509626405,NotPrimary,1
5901194556,788648194,AL(R),1
5901194556,788940872,AL(R),1
5901194556,1316245799,AL(R),1
5901194556,1793014716,AL(R),1
5901194556,5812992942,PLP(R),1
5901194556,5812992942,NotPrimary,1
5901194556,5901194250,SLP(R),2
5901194556,5901222731,AL(R),5
5901222731,543010474,AL(R),9
5901222731,577542489,AL(R),1
5901222731,605050789,AL(R),1
5901222731,634759240,AL(R),29
5901222731,663787020,AL(R),1
5901222731,666818300,AL(R),1
5901222731,697848868,AL(R),1
5901222731,724816115,AL(R),1
5901222731,733316908,AL(R),1
5901222731,757556799,LH(R),2
5901222731,759922408,AL(R),16
5901222731,824353701,AL(R),2
5901222731,948834414,LH(R),1
5901222731,975457916,AL(R),10
5901222731,976830572,AL(R),17
5901222731,977866721,LH(R),4
5901222731,977866721,PLP(R),1
5901222731,977866721,AL(R),1
5901222731,1037293275,AL(R),45
5901222731,1037518512,LH(R),1
5901222731,1099911913,PLP(R),3
5901222731,1099911913,LH(R),1
5901222731,1099911913,AVLP(R),1
5901222731,1099911913,AL(R),1
5901222731,1102334088,AL(R),58
5901222731,1225100939,PVLP(R),2
5901222731,1225100939,AVLP(R),1
5901222731,1322012611,AL(R),3
5901222731,1322012611,LH(R),2
5901222731,1415825344,AL(R),2
5901222731,1447201088,AL(R),1
5901222731,1630734360,AL(R),2
5901222731,1661769627,AL(R),46
5901222731,1670597454,AL(R),9
5901222731,1671608112,AL(R),1
5901222731,1693486219,AL(R),2
5901222731,1700307582,PVLP(R),3
5901222731,1701299822,AL(R),8
5901222731,1702306047,AL(R),2
5901222731,1727979406,AL(R),36
5901222731,1733370882,AL(R),2
5901222731,1733677514,AL(R),41
5901222731,1755556277,AL(R),26
5901222731,1788680591,AL(R),12
5901222731,1793403571,LH(R),2
5901222731,1794055377,AL(R),15
5901222731,1825440160,AL(R),11
5901222731,1849683877,AL(R),1
5901222731,1856833015,AL(R),2
5901222731,1857143769,AL(R),2
5901222731,1857143769,LH(R),1
5901222731,1888178718,AL(R),39
5901222731,1889883818,LH(R),1
5901222731,1916528384,LH(R),1
5901222731,1917866877,AL(R),54
5901222731,1944507292,AL(R),3
5901222731,2289223313,AL(R),1
5901222731,2383731281,AL(R),1
5901222731,5812982656,AL(R),1
5901222731,5812983053,AL(R),22
5901222731,5812983069,AL(R),4
5901222731,5812995298,AL(R),10
5901222731,5813014622,AL(R),1
5901222731,5813024692,AL(R),2
5901222731,5813041247,LH(R),5
5901222731,5813041247,AL(R),5
5901222731,5813044177,AL(R),1
5901222731,5813054911,AL(R),9
5901222731,5813056072,LH(R),1
5901222731,5813083723,AL(R),2
5901222731,5813090752,AL(R),2
5901222731,5901194250,AL(R),8
5901222910,542634818,AL(R),2
5901222910,572663539,AL(R),2
5901222910,573669915,AL(R),14
5901222910,574374051,AL(R),1
5901222910,577542489,AL(R),4
5901222910,604031203,AL(R),2
5901222910,610274029,AL(R),35
5901222910,610274046,AL(R),40
5901222910,630714299,AL(R),21
5901222910,630714299,LH(R),3
5901222910,635048729,LH(R),1
5901222910,635062078,CA(R),2
5901222910,635062078,LH(R),1
5901222910,697485362,CA(R),1
5901222910,760250272,LH(R),1
5901222910,975457916,AL(R),1
5901222910,1670969304,AL(R),5
5901222910,1670973150,AL(R),2
5901222910,1671952694,AL(R),3
5901222910,1730656082,AL(R),7
5901222910,1793403571,AL(R),2
5901222910,1827473315,AL(R),3
5901222910,1851389175,CA(R),1
5901222910,1851393805,LH(R),2
5901222910,1851393805,AL(R),1
5901222910,1917866877,AL(R),7
5901222910,1977916288,CA(R),1
5901222910,5812995328,AL(R),2
5901222910,5813013823,AL(R),1
5901222910,5813024692,AL(R),32
5901222910,5813054697,LH(R),1
5901222910,5813056596,NotPrimary,1
5901222910,5813070872,LH(R),1
5901222910,5813070872,AL(R),1
