bodyId,instance,type,pre,post,downstream,upstream,mito,size,status,cropped,statusLabel,cellBodyFiber,somaRadius,somaLocation,roiInfo,notes,inputRois,outputRois
294792184,M_vPNml53_R,M_vPNml53,92,348,730,348,97,424947333,Traced,False,Roughly traced,AVM04,336.5,"[18923, 34319, 35424]","{'SNP(R)': {'pre': 70, 'post': 155, 'downstream': 558, 'upstream': 155, 'mito': 37, 'dark': 11, 'light': 11, 'medium': 15}, 'SLP(R)': {'pre': 66, 'post': 153, 'downstream': 525, 'upstream': 153, 'mito': 35, 'dark': 11, 'light': 11, 'medium': 13}, 'SIP(R)': {'pre': 4, 'post': 2, 'downstream': 33, 'upstream': 2, 'mito': 2, 'medium': 2}, 'LH(R)': {'pre': 20, 'post': 29, 'downstream': 166, 'upstream': 29, 'mito': 11, 'dark': 4, 'light': 1, 'medium': 6}, 'VLNP(R)': {'pre': 1, 'downstream': 3}, 'PLP(R)': {'pre': 1, 'downstream': 3}, 'AL(R)': {'pre': 1, 'post': 162, 'downstream': 3, 'upstream': 162, 'mito': 31, 'dark': 19, 'light': 6, 'medium': 6}, 'AL-DL1(R)': {'post': 5, 'upstream': 5, 'mito': 2, 'medium': 2}, 'AL-D(R)': {'post': 4, 'upstream': 4}, 'AL-DA4m(R)': {'post': 11, 'upstream': 11, 'mito': 3, 'light': 3}, 'AL-DC1(R)': {'pre': 1, 'post': 49, 'downstream': 3, 'upstream': 49, 'mito': 8, 'dark': 5, 'light': 2, 'medium': 1}, 'AL-DA2(R)': {'post': 11, 'upstream': 11, 'mito': 3, 'dark': 1, 'medium': 2}, 'AL-DC4(R)': {'post': 19, 'upstream': 19, 'mito': 8, 'dark': 7, 'medium': 1}, 'AL-VP4(R)': {'post': 35, 'upstream': 35, 'mito': 3, 'dark': 2, 'light': 1}, 'AL-DC2(R)': {'post': 8, 'upstream': 8, 'mito': 3, 'dark': 3}, 'AL-VA6(R)': {'post': 2, 'upstream': 2}, 'AL-VM7d(R)': {'post': 1, 'upstream': 1}, 'AL-VM7v(R)': {'post': 3, 'upstream': 3, 'mito': 1, 'dark': 1}, 'AL-VP1l(R)': {'post': 10, 'upstream': 10}}",,"['AL(R)', 'AL-D(R)', 'AL-DA2(R)', 'AL-DA4m(R)', 'AL-DC1(R)', 'AL-DC2(R)', 'AL-DC4(R)', 'AL-DL1(R)', 'AL-VA6(R)', 'AL-VM7d(R)', 'AL-VM7v(R)', 'AL-VP1l(R)', 'AL-VP4(R)', 'LH(R)', 'SIP(R)', 'SLP(R)', 'SNP(R)']","['AL(R)', 'AL-DC1(R)', 'LH(R)', 'PLP(R)', 'SIP(R)', 'SLP(R)', 'SNP(R)', 'VLNP(R)']"
329599710,M_lvPNm32_R,M_lvPNm32,247,285,2051,285,132,344079818,Traced,False,Roughly traced,AVM06,,,"{'SNP(R)': {'pre': 180, 'post': 93, 'downstream': 1752, 'upstream': 93, 'mito': 49, 'dark': 47, 'medium': 2}, 'SIP(R)': {'pre': 73, 'post': 32, 'downstream': 691, 'upstream': 32, 'mito': 20, 'dark': 20}, 'SLP(R)': {'pre': 106, 'post': 56, 'downstream': 1057, 'upstream': 56, 'mito': 26, 'dark': 24, 'medium': 2}, 'SMP(R)': {'pre': 1, 'post': 5, 'downstream': 4, 'upstream': 5, 'mito': 3, 'dark': 3}, 'INP': {'post': 1, 'upstream': 1, 'mito': 2, 'dark': 2}, 'ATL(R)': {'post': 1, 'upstream': 1, 'mito': 2, 'dark': 2}, 'mALT(R)': {'pre': 1, 'post': 4, 'downstream': 2, 'upstream': 4, 'mito': 9, 'dark': 9}, 'AL(R)': {'pre': 66, 'post': 185, 'downstream': 297, 'upstream': 185, 'mito': 68, 'dark': 63, 'medium': 5}, 'AL-DM1(R)': {'pre': 6, 'post': 16, 'downstream': 30, 'upstream': 16, 'mito': 4, 'dark': 3, 'medium': 1}, 'AL-DP1m(R)': {'pre': 17, 'post': 56, 'downstream': 76, 'upstream': 56, 'mito': 16, 'dark': 14, 'medium': 2}, 'AL-DM4(R)': {'pre': 1, 'post': 13, 'downstream': 5, 'upstream': 13, 'mito': 3, 'dark': 3}, 'AL-DP1l(R)': {'pre': 15, 'post': 27, 'downstream': 65, 'upstream': 27, 'mito': 9, 'dark': 8, 'medium': 1}, 'AL-DC4(R)': {'post': 2, 'upstream': 2, 'mito': 3, 'dark': 3}, 'AL-DL2v(R)': {'pre': 2, 'post': 2, 'downstream': 10, 'upstream': 2}, 'AL-VL2p(R)': {'pre': 3, 'post': 3, 'downstream': 13, 'upstream': 3, 'mito': 2, 'dark': 2}, 'AL-VP1d(R)': {'post': 8, 'upstream': 8, 'mito': 5, 'dark': 5}, 'AL-VC3l(R)': {'pre': 2, 'post': 11, 'downstream': 9, 'upstream': 11, 'mito': 6, 'dark': 6}, 'AL-VC4(R)': {'pre': 1, 'post': 9, 'downstream': 7, 'upstream': 9, 'mito': 2, 'dark': 2}, 'AL-VA2(R)': {'pre': 13, 'post': 25, 'downstream': 55, 'upstream': 25, 'mito': 5, 'dark': 5}, 'AL-VP5(R)': {'post': 1, 'upstream': 1}, 'AL-VC2(R)': {'post': 1, 'upstream': 1, 'mito': 2, 'dark': 2}, 'AL-VM3(R)': {'pre': 4, 'post': 4, 'downstream': 21, 'upstream': 4, 'mito': 2, 'dark': 2}, 'VMNP': {'post': 1, 'upstream': 1}, 'VES(R)': {'post': 1, 'upstream': 1}}",,"['AL(R)', 'AL-DC4(R)', 'AL-DL2v(R)', 'AL-DM1(R)', 'AL-DM4(R)', 'AL-DP1l(R)', 'AL-DP1m(R)', 'AL-VA2(R)', 'AL-VC2(R)', 'AL-VC3l(R)', 'AL-VC4(R)', 'AL-VL2p(R)', 'AL-VM3(R)', 'AL-VP1d(R)', 'AL-VP5(R)', 'ATL(R)', 'INP', 'SIP(R)', 'SLP(R)', 'SMP(R)', 'SNP(R)', 'VES(R)', 'VMNP', 'mALT(R)']","['AL(R)', 'AL-DL2v(R)', 'AL-DM1(R)', 'AL-DM4(R)', 'AL-DP1l(R)', 'AL-DP1m(R)', 'AL-VA2(R)', 'AL-VC3l(R)', 'AL-VC4(R)', 'AL-VL2p(R)', 'AL-VM3(R)', 'SIP(R)', 'SLP(R)', 'SMP(R)', 'SNP(R)', 'mALT(R)']"
417199910,M_lvPNm36_R,M_lvPNm36,162,361,1586,361,118,389682828,Traced,False,Roughly traced,AVM06,351.5,"[13823, 33925, 34176]","{'SNP(R)': {'pre': 156, 'post': 95, 'downstream': 1558, 'upstream': 95, 'mito': 54, 'dark': 54}, 'SLP(R)': {'pre': 109, 'post': 64, 'downstream': 1162, 'upstream': 64, 'mito': 42, 'dark': 42}, 'SMP(R)': {'pre': 47, 'post': 31, 'downstream': 396, 'upstream': 31, 'mito': 12, 'dark': 12}, 'AL(R)': {'pre': 6, 'post': 259, 'downstream': 28, 'upstream': 259, 'mito': 39, 'dark': 35, 'light': 1, 'medium': 3}, 'AL-DL5(R)': {'pre': 2, 'post': 14, 'downstream': 5, 'upstream': 14, 'mito': 2, 'medium': 2}, 'mALT(R)': {'post': 3, 'upstream': 3, 'mito': 17, 'dark': 16, 'medium': 1}, 'AL-DP1m(R)': {'post': 3, 'upstream': 3, 'mito': 3, 'dark': 3}, 'AL-DM4(R)': {'pre': 1, 'post': 6, 'downstream': 6, 'upstream': 6}, 'AL-VP4(R)': {'post': 38, 'upstream': 38, 'mito': 9, 'dark': 9}, 'AL-VP1d(R)': {'pre': 2, 'post': 8, 'downstream': 14, 'upstream': 8, 'mito': 4, 'dark': 4}, 'AL-VP2(R)': {'post': 1, 'upstream': 1, 'mito': 1, 'dark': 1}, 'AL-VP1l(R)': {'pre': 1, 'post': 161, 'downstream': 3, 'upstream': 161, 'mito': 15, 'dark': 14, 'medium': 1}, 'AL-VP1m(R)': {'post': 1, 'upstream': 1}, 'AL-VP3(R)': {'post': 27, 'upstream': 27, 'mito': 4, 'dark': 3, 'light': 1}}",VP1l+ lvPN2 (Marin et al. Curr Biol 2020),"['AL(R)', 'AL-DL5(R)', 'AL-DM4(R)', 'AL-DP1m(R)', 'AL-VP1d(R)', 'AL-VP1l(R)', 'AL-VP1m(R)', 'AL-VP2(R)', 'AL-VP3(R)', 'AL-VP4(R)', 'SLP(R)', 'SMP(R)', 'SNP(R)', 'mALT(R)']","['AL(R)', 'AL-DL5(R)', 'AL-DM4(R)', 'AL-VP1d(R)', 'AL-VP1l(R)', 'SLP(R)', 'SMP(R)', 'SNP(R)']"
480927537,M_vPNml70_R,M_vPNml70,83,279,698,279,73,244229430,Traced,False,Roughly traced,AVM04,,,"{'SNP(R)': {'pre': 15, 'post': 18, 'downstream': 122, 'upstream': 18, 'mito': 6, 'dark': 2, 'medium': 4}, 'SLP(R)': {'pre': 15, 'post': 18, 'downstream': 122, 'upstream': 18, 'mito': 6, 'dark': 2, 'medium': 4}, 'LH(R)': {'pre': 68, 'post': 138, 'downstream': 576, 'upstream': 138, 'mito': 34, 'dark': 13, 'light': 5, 'medium': 16}, 'AL(R)': {'post': 122, 'upstream': 122, 'mito': 23, 'dark': 17, 'light': 5, 'medium': 1}, 'AL-DC1(R)': {'post': 37, 'upstream': 37, 'mito': 9, 'dark': 7, 'light': 2}, 'AL-DA4m(R)': {'post': 13, 'upstream': 13, 'mito': 2, 'light': 1, 'medium': 1}, 'AL-DC4(R)': {'post': 13, 'upstream': 13, 'mito': 4, 'dark': 4}, 'AL-DA4l(R)': {'post': 1, 'upstream': 1}, 'AL-DA2(R)': {'post': 18, 'upstream': 18, 'mito': 2, 'dark': 1, 'light': 1}, 'AL-DC2(R)': {'post': 12, 'upstream': 12, 'mito': 2, 'dark': 2}, 'AL-VA6(R)': {'post': 5, 'upstream': 5, 'mito': 1, 'dark': 1}, 'AL-DP1m(R)': {'post': 3, 'upstream': 3, 'mito': 1, 'dark': 1}, 'AL-VP4(R)': {'post': 15, 'upstream': 15, 'mito': 2, 'dark': 1, 'light': 1}, 'AL-VP1l(R)': {'post': 1, 'upstream': 1}}",,"['AL(R)', 'AL-DA2(R)', 'AL-DA4l(R)', 'AL-DA4m(R)', 'AL-DC1(R)', 'AL-DC2(R)', 'AL-DC4(R)', 'AL-DP1m(R)', 'AL-VA6(R)', 'AL-VP1l(R)', 'AL-VP4(R)', 'LH(R)', 'SLP(R)', 'SNP(R)']","['LH(R)', 'SLP(R)', 'SNP(R)']"
481268653,M_vPNml89_R,M_vPNml89,146,58,1609,58,95,266715893,Traced,False,Roughly traced,AVM04,,,"{'SNP(R)': {'pre': 10, 'post': 2, 'downstream': 107, 'upstream': 2, 'mito': 4, 'dark': 3, 'medium': 1}, 'SLP(R)': {'pre': 10, 'post': 2, 'downstream': 107, 'upstream': 2, 'mito': 4, 'dark': 3, 'medium': 1}, 'LH(R)': {'pre': 135, 'post': 26, 'downstream': 1498, 'upstream': 26, 'mito': 61, 'dark': 54, 'medium': 7}, 'AL(R)': {'post': 28, 'upstream': 28, 'mito': 15, 'dark': 15}, 'AL-VP1m(R)': {'post': 3, 'upstream': 3, 'mito': 3, 'dark': 3}, 'AL-VC4(R)': {'post': 21, 'upstream': 21, 'mito': 7, 'dark': 7}, 'AL-VC3l(R)': {'post': 4, 'upstream': 4, 'mito': 2, 'dark': 2}}",,"['AL(R)', 'AL-VC3l(R)', 'AL-VC4(R)', 'AL-VP1m(R)', 'LH(R)', 'SLP(R)', 'SNP(R)']","['LH(R)', 'SLP(R)', 'SNP(R)']"
509626405,VP1l+_lvPN_R,VP1l+_lvPN,207,449,2005,449,155,494458742,Traced,False,Roughly traced,AVM06,381.5,"[15431, 30739, 32600]","{'SNP(R)': {'pre': 198, 'post': 98, 'downstream': 1965, 'upstream': 98, 'mito': 74, 'dark': 74}, 'SLP(R)': {'pre': 169, 'post': 80, 'downstream': 1700, 'upstream': 80, 'mito': 63, 'dark': 63}, 'SMP(R)': {'pre': 29, 'post': 18, 'downstream': 265, 'upstream': 18, 'mito': 11, 'dark': 11}, 'dACA(R)': {'post': 7, 'upstream': 7, 'mito': 4, 'dark': 4}, 'MB(+ACA)(R)': {'post': 7, 'upstream': 7, 'mito': 4, 'dark': 4}, 'mALT(R)': {'pre': 2, 'post': 2, 'downstream': 10, 'upstream': 2, 'mito': 13, 'dark': 13}, 'AL(R)': {'pre': 6, 'post': 346, 'downstream': 25, 'upstream': 346, 'mito': 45, 'dark': 34, 'light': 2, 'medium': 9}, 'AL-DC3(R)': {'post': 2, 'upstream': 2}, 'AL-DC1(R)': {'post': 2, 'upstream': 2}, 'AL-VP4(R)': {'pre': 3, 'post': 94, 'downstream': 9, 'upstream': 94, 'mito': 16, 'dark': 12, 'medium': 4}, 'AL-VA6(R)': {'post': 1, 'upstream': 1}, 'AL-DC2(R)': {'post': 2, 'upstream': 2}, 'AL-DP1m(R)': {'post': 3, 'upstream': 3}, 'AL-VP1d(R)': {'pre': 2, 'post': 19, 'downstream': 9, 'upstream': 19, 'mito': 3, 'dark': 2, 'light': 1}, 'AL-VP1l(R)': {'post': 162, 'upstream': 162, 'mito': 20, 'dark': 16, 'medium': 4}, 'AL-VP1m(R)': {'post': 1, 'upstream': 1}, 'AL-VP3(R)': {'pre': 1, 'post': 49, 'downstream': 7, 'upstream': 49, 'mito': 4, 'dark': 2, 'light': 1, 'medium': 1}, 'AL-VP2(R)': {'post': 2, 'upstream': 2}, 'AL-V(R)': {'post': 3, 'upstream': 3}}",,"['AL(R)', 'AL-DC1(R)', 'AL-DC2(R)', 'AL-DC3(R)', 'AL-DP1m(R)', 'AL-V(R)', 'AL-VA6(R)', 'AL-VP1d(R)', 'AL-VP1l(R)', 'AL-VP1m(R)', 'AL-VP2(R)', 'AL-VP3(R)', 'AL-VP4(R)', 'MB(+ACA)(R)', 'SLP(R)', 'SMP(R)', 'SNP(R)', 'dACA(R)', 'mALT(R)']","['AL(R)', 'AL-VP1d(R)', 'AL-VP3(R)', 'AL-VP4(R)', 'SLP(R)', 'SMP(R)', 'SNP(R)', 'mALT(R)']"
541632990,M_vPNml70_R,M_vPNml70,97,311,819,311,73,234967286,Traced,False,Roughly traced,AVM04,,,"{'SNP(R)': {'pre': 5, 'post': 6, 'downstream': 46, 'upstream': 6, 'mito': 2, 'light': 1, 'medium': 1}, 'SLP(R)': {'pre': 5, 'post': 6, 'downstream': 46, 'upstream': 6, 'mito': 2, 'light': 1, 'medium': 1}, 'LH(R)': {'pre': 92, 'post': 176, 'downstream': 773, 'upstream': 176, 'mito': 36, 'dark': 12, 'light': 9, 'medium': 15}, 'VLNP(R)': {'post': 1, 'upstream': 1, 'mito': 1, 'dark': 1}, 'PLP(R)': {'post': 1, 'upstream': 1}, 'AL(R)': {'post': 127, 'upstream': 127, 'mito': 24, 'dark': 20, 'light': 1, 'medium': 3}, 'AL-DC1(R)': {'post': 68, 'upstream': 68, 'mito': 8, 'dark': 6, 'medium': 2}, 'AL-DA2(R)': {'post': 10, 'upstream': 10, 'mito': 4, 'dark': 2, 'light': 1, 'medium': 1}, 'AL-DC4(R)': {'post': 19, 'upstream': 19, 'mito': 6, 'dark': 6}, 'AL-DC2(R)': {'post': 15, 'upstream': 15, 'mito': 4, 'dark': 4}, 'AL-VP1d(R)': {'post': 1, 'upstream': 1}, 'AL-VA6(R)': {'post': 1, 'upstream': 1}, 'AL-VP4(R)': {'post': 1, 'upstream': 1, 'mito': 1, 'dark': 1}, 'AL-VM7v(R)': {'post': 3, 'upstream': 3}}",,"['AL(R)', 'AL-DA2(R)', 'AL-DC1(R)', 'AL-DC2(R)', 'AL-DC4(R)', 'AL-VA6(R)', 'AL-VM7v(R)', 'AL-VP1d(R)', 'AL-VP4(R)', 'LH(R)', 'PLP(R)', 'SLP(R)', 'SNP(R)', 'VLNP(R)']","['LH(R)', 'SLP(R)', 'SNP(R)']"
542311358,M_vPNml69_R,M_vPNml69,147,101,1331,101,89,338900141,Traced,False,Roughly traced,AVM04,292.5,"[20223, 34635, 33088]","{'LH(R)': {'pre': 144, 'post': 39, 'downstream': 1309, 'upstream': 39, 'mito': 39, 'dark': 21, 'light': 3, 'medium': 15}, 'SNP(R)': {'pre': 2, 'post': 5, 'downstream': 20, 'upstream': 5}, 'SLP(R)': {'pre': 2, 'post': 5, 'downstream': 20, 'upstream': 5}, 'VLNP(R)': {'post': 1, 'upstream': 1}, 'AVLP(R)': {'post': 1, 'upstream': 1}, 'AL(R)': {'pre': 1, 'post': 55, 'downstream': 2, 'upstream': 55, 'mito': 32, 'dark': 31, 'medium': 1}, 'AL-DC4(R)': {'post': 5, 'upstream': 5, 'mito': 4, 'dark': 4}, 'AL-VM7d(R)': {'pre': 1, 'post': 3, 'downstream': 2, 'upstream': 3, 'mito': 4, 'dark': 4}, 'AL-DC2(R)': {'post': 11, 'upstream': 11, 'mito': 8, 'dark': 8}, 'AL-VM7v(R)': {'post': 11, 'upstream': 11, 'mito': 5, 'dark': 5}, 'AL-VC4(R)': {'post': 20, 'upstream': 20, 'mito': 6, 'dark': 6}, 'AL-VC3l(R)': {'post': 5, 'upstream': 5, 'mito': 2, 'dark': 2}}",,"['AL(R)', 'AL-DC2(R)', 'AL-DC4(R)', 'AL-VC3l(R)', 'AL-VC4(R)', 'AL-VM7d(R)', 'AL-VM7v(R)', 'AVLP(R)', 'LH(R)', 'SLP(R)', 'SNP(R)', 'VLNP(R)']","['AL(R)', 'AL-VM7d(R)', 'LH(R)', 'SLP(R)', 'SNP(R)']"
542634818,DM1_lPN_R,DM1_lPN,4877,10440,36717,10440,1422,8518137044,Traced,False,Roughly traced,AVM02,832.0,"[13135, 33944, 28560]","{'LH(R)': {'pre': 2456, 'post': 1376, 'downstream': 20048, 'upstream': 1376, 'mito': 278, 'dark': 203, 'light': 1, 'medium': 74}, 'MB(R)': {'pre': 995, 'post': 586, 'downstream': 9420, 'upstream': 586, 'mito': 145, 'dark': 139, 'light': 3, 'medium': 3}, 'CA(R)': {'pre': 995, 'post': 586, 'downstream': 9420, 'upstream': 586, 'mito': 145, 'dark': 139, 'light': 3, 'medium': 3}, 'MB(+ACA)(R)': {'pre': 995, 'post': 586, 'downstream': 9420, 'upstream': 586, 'mito': 145, 'dark': 139, 'light': 3, 'medium': 3}, 'mALT(R)': {'pre': 16, 'post': 32, 'downstream': 48, 'upstream': 32, 'mito': 213, 'dark': 200, 'light': 4, 'medium': 9}, 'SNP(R)': {'pre': 26, 'post': 10, 'downstream': 287, 'upstream': 10, 'mito': 8, 'dark': 7, 'medium': 1}, 'SLP(R)': {'pre': 26, 'post': 10, 'downstream': 287, 'upstream': 10, 'mito': 8, 'dark': 7, 'medium': 1}, 'INP': {'pre': 1, 'post': 2, 'downstream': 2, 'upstream': 2, 'mito': 11, 'dark': 11}, 'SCL(R)': {'pre': 1, 'post': 1, 'downstream': 2, 'upstream': 1, 'mito': 11, 'dark': 11}, 'ICL(R)': {'post': 1, 'upstream': 1}, 'AL(R)': {'pre': 1369, 'post': 8424, 'downstream': 6787, 'upstream': 8424, 'mito': 536, 'dark': 440, 'light': 1, 'medium': 95}, 'AL-DM1(R)': {'pre': 1279, 'post': 7908, 'downstream': 6372, 'upstream': 7908, 'mito': 421, 'dark': 333, 'light': 1, 'medium': 87}, 'AL-DM4(R)': {'pre': 36, 'post': 150, 'downstream': 169, 'upstream': 150, 'mito': 20, 'dark': 19, 'medium': 1}, 'AL-DP1m(R)': {'pre': 31, 'post': 175, 'downstream': 152, 'upstream': 175, 'mito': 31, 'dark': 29, 'medium': 2}, 'AL-DC4(R)': {'pre': 17, 'post': 154, 'downstream': 71, 'upstream': 154, 'mito': 39, 'dark': 35, 'medium': 4}, 'AL-DM2(R)': {'post': 7, 'upstream': 7}, 'AL-VM7d(R)': {'post': 19, 'upstream': 19, 'mito': 1, 'dark': 1}, 'AL-VP1d(R)': {'pre': 1, 'post': 2, 'downstream': 5, 'upstream': 2, 'mito': 4, 'dark': 4}, 'AL-VP4(R)': {'pre': 1, 'downstream': 6, 'mito': 2, 'dark': 2}, 'AL-VC3l(R)': {'post': 1, 'upstream': 1}}",,"['AL(R)', 'AL-DC4(R)', 'AL-DM1(R)', 'AL-DM2(R)', 'AL-DM4(R)', 'AL-DP1m(R)', 'AL-VC3l(R)', 'AL-VM7d(R)', 'AL-VP1d(R)', 'CA(R)', 'ICL(R)', 'INP', 'LH(R)', 'MB(+ACA)(R)', 'MB(R)', 'SCL(R)', 'SLP(R)', 'SNP(R)', 'mALT(R)']","['AL(R)', 'AL-DC4(R)', 'AL-DM1(R)', 'AL-DM4(R)', 'AL-DP1m(R)', 'AL-VP1d(R)', 'AL-VP4(R)', 'CA(R)', 'INP', 'LH(R)', 'MB(+ACA)(R)', 'MB(R)', 'SCL(R)', 'SLP(R)', 'SNP(R)', 'mALT(R)']"
542652506,DM4_vPN_R,DM4_vPN,175,126,1562,126,105,288537213,Traced,False,Roughly traced,AVM04,,,"{'LH(R)': {'pre': 173, 'post': 37, 'downstream': 1559, 'upstream': 37, 'mito': 49, 'dark': 28, 'light': 2, 'medium': 19}, 'AL(R)': {'post': 89, 'upstream': 89, 'mito': 38, 'dark': 38}, 'AL-DM1(R)': {'post': 19, 'upstream': 19, 'mito': 1, 'dark': 1}, 'AL-DM4(R)': {'post': 28, 'upstream': 28, 'mito': 13, 'dark': 13}, 'AL-DP1m(R)': {'post': 12, 'upstream': 12, 'mito': 4, 'dark': 4}, 'AL-VM7d(R)': {'post': 15, 'upstream': 15, 'mito': 9, 'dark': 9}, 'AL-VM7v(R)': {'post': 3, 'upstream': 3, 'mito': 3, 'dark': 3}, 'AL-VP1d(R)': {'post': 1, 'upstream': 1}, 'AL-VC3l(R)': {'post': 1, 'upstream': 1}, 'AL-VC4(R)': {'post': 9, 'upstream': 9, 'mito': 5, 'dark': 5}}",,"['AL(R)', 'AL-DM1(R)', 'AL-DM4(R)', 'AL-DP1m(R)', 'AL-VC3l(R)', 'AL-VC4(R)', 'AL-VM7d(R)', 'AL-VM7v(R)', 'AL-VP1d(R)', 'LH(R)']",['LH(R)']
542665377,M_vPNml79_R,M_vPNml79,327,588,3164,588,213,842585003,Traced,False,Roughly traced,AVM04,436.5,"[19974, 34283, 33552]","{'SNP(R)': {'pre': 22, 'post': 13, 'downstream': 210, 'upstream': 13, 'mito': 6, 'dark': 3, 'medium': 3}, 'SLP(R)': {'pre': 22, 'post': 13, 'downstream': 210, 'upstream': 13, 'mito': 6, 'dark': 3, 'medium': 3}, 'LH(R)': {'pre': 300, 'post': 281, 'downstream': 2940, 'upstream': 281, 'mito': 118, 'dark': 113, 'medium': 5}, 'INP': {'post': 1, 'upstream': 1, 'mito': 2, 'dark': 2}, 'SCL(R)': {'post': 1, 'upstream': 1, 'mito': 2, 'dark': 2}, 'AL(R)': {'pre': 4, 'post': 291, 'downstream': 12, 'upstream': 291, 'mito': 53, 'dark': 53}, 'AL-DC2(R)': {'pre': 1, 'post': 45, 'downstream': 4, 'upstream': 45, 'mito': 3, 'dark': 3}, 'AL-DC1(R)': {'post': 1, 'upstream': 1}, 'AL-DC4(R)': {'post': 34, 'upstream': 34, 'mito': 3, 'dark': 3}, 'AL-VM7v(R)': {'post': 45, 'upstream': 45, 'mito': 11, 'dark': 11}, 'AL-VM5v(R)': {'post': 86, 'upstream': 86, 'mito': 12, 'dark': 12}, 'AL-VM7d(R)': {'post': 9, 'upstream': 9}, 'AL-VC3l(R)': {'post': 7, 'upstream': 7, 'mito': 2, 'dark': 2}, 'AL-VP1d(R)': {'post': 6, 'upstream': 6, 'mito': 5, 'dark': 5}, 'AL-VC1(R)': {'post': 10, 'upstream': 10, 'mito': 3, 'dark': 3}, 'AL-VC2(R)': {'pre': 1, 'post': 24, 'downstream': 5, 'upstream': 24, 'mito': 8, 'dark': 8}, 'AL-VA7m(R)': {'pre': 1, 'post': 22, 'downstream': 2, 'upstream': 22, 'mito': 5, 'dark': 5}, 'AL-VP3(R)': {'pre': 1, 'downstream': 1}, 'AL-VA3(R)': {'post': 2, 'upstream': 2}}",,"['AL(R)', 'AL-DC1(R)', 'AL-DC2(R)', 'AL-DC4(R)', 'AL-VA3(R)', 'AL-VA7m(R)', 'AL-VC1(R)', 'AL-VC2(R)', 'AL-VC3l(R)', 'AL-VM5v(R)', 'AL-VM7d(R)', 'AL-VM7v(R)', 'AL-VP1d(R)', 'INP', 'LH(R)', 'SCL(R)', 'SLP(R)', 'SNP(R)']","['AL(R)', 'AL-DC2(R)', 'AL-VA7m(R)', 'AL-VC2(R)', 'AL-VP3(R)', 'LH(R)', 'SLP(R)', 'SNP(R)']"
543010474,VP4+_vPN(mlALT)_R,VP4+_vPN,840,664,9354,664,412,1722848152,Traced,False,Roughly traced,AVM04,466.5,"[20204, 35267, 33824]","{'SNP(R)': {'pre': 612, 'post': 81, 'downstream': 6872, 'upstream': 81, 'mito': 152, 'dark': 88, 'light': 6, 'medium': 58}, 'SLP(R)': {'pre': 612, 'post': 81, 'downstream': 6872, 'upstream': 81, 'mito': 152, 'dark': 88, 'light': 6, 'medium': 58}, 'LH(R)': {'pre': 12, 'post': 3, 'downstream': 133, 'upstream': 3, 'mito': 3, 'dark': 2, 'medium': 1}, 'dACA(R)': {'pre': 1, 'downstream': 9}, 'MB(+ACA)(R)': {'pre': 1, 'downstream': 9, 'mito': 5, 'dark': 5}, 'INP': {'pre': 202, 'post': 34, 'downstream': 2217, 'upstream': 34, 'mito': 79, 'dark': 68, 'light': 2, 'medium': 9}, 'SCL(R)': {'pre': 202, 'post': 34, 'downstream': 2217, 'upstream': 34, 'mito': 79, 'dark': 68, 'light': 2, 'medium': 9}, 'VLNP(R)': {'pre': 12, 'post': 2, 'downstream': 125, 'upstream': 2, 'mito': 7, 'dark': 7}, 'PLP(R)': {'pre': 12, 'post': 2, 'downstream': 125, 'upstream': 2, 'mito': 7, 'dark': 7}, 'mALT(R)': {'pre': 1, 'downstream': 4, 'mito': 7, 'dark': 7}, 'AL(R)': {'post': 542, 'upstream': 542, 'mito': 76, 'dark': 59, 'light': 1, 'medium': 16}, 'AL-DM4(R)': {'post': 8, 'upstream': 8, 'mito': 3, 'dark': 2, 'light': 1}, 'AL-VP4(R)': {'post': 449, 'upstream': 449, 'mito': 60, 'dark': 47, 'medium': 13}, 'AL-VP1d(R)': {'post': 21, 'upstream': 21, 'mito': 3, 'dark': 3}, 'AL-DP1m(R)': {'post': 5, 'upstream': 5, 'mito': 1, 'dark': 1}, 'AL-VP2(R)': {'post': 1, 'upstream': 1}, 'AL-VP1m(R)': {'post': 1, 'upstream': 1}, 'AL-VP1l(R)': {'post': 49, 'upstream': 49, 'mito': 6, 'dark': 5, 'medium': 1}, 'AL-VP3(R)': {'post': 8, 'upstream': 8, 'mito': 2, 'medium': 2}, 'PENP': {'pre': 1, 'downstream': 3}, 'SAD': {'pre': 1, 'downstream': 3}, 'AMMC': {'pre': 1, 'downstream': 3}}",,"['AL(R)', 'AL-DM4(R)', 'AL-DP1m(R)', 'AL-VP1d(R)', 'AL-VP1l(R)', 'AL-VP1m(R)', 'AL-VP2(R)', 'AL-VP3(R)', 'AL-VP4(R)', 'INP', 'LH(R)', 'PLP(R)', 'SCL(R)', 'SLP(R)', 'SNP(R)', 'VLNP(R)']","['AMMC', 'INP', 'LH(R)', 'MB(+ACA)(R)', 'PENP', 'PLP(R)', 'SAD', 'SCL(R)', 'SLP(R)', 'SNP(R)', 'VLNP(R)', 'dACA(R)', 'mALT(R)']"
544021095,DA4l_adPN_R,DA4l_adPN,1417,1617,12438,1617,568,2349798668,Traced,False,Roughly traced,AVM01,541.5,"[22332, 35853, 22560]","{'SNP(R)': {'pre': 31, 'post': 19, 'downstream': 292, 'upstream': 19, 'mito': 8, 'dark': 8}, 'SLP(R)': {'pre': 31, 'post': 19, 'downstream': 292, 'upstream': 19, 'mito': 8, 'dark': 8}, 'LH(R)': {'pre': 933, 'post': 374, 'downstream': 8701, 'upstream': 374, 'mito': 174, 'dark': 162, 'light': 2, 'medium': 10}, 'MB(R)': {'pre': 195, 'post': 41, 'downstream': 2074, 'upstream': 41, 'mito': 14, 'dark': 10, 'light': 2, 'medium': 2}, 'CA(R)': {'pre': 195, 'post': 41, 'downstream': 2074, 'upstream': 41, 'mito': 14, 'dark': 10, 'light': 2, 'medium': 2}, 'MB(+ACA)(R)': {'pre': 195, 'post': 41, 'downstream': 2074, 'upstream': 41, 'mito': 14, 'dark': 10, 'light': 2, 'medium': 2}, 'mALT(R)': {'pre': 3, 'post': 18, 'downstream': 6, 'upstream': 18, 'mito': 85, 'dark': 82, 'medium': 3}, 'AL(R)': {'pre': 255, 'post': 1165, 'downstream': 1365, 'upstream': 1165, 'mito': 217, 'dark': 197, 'light': 8, 'medium': 12}, 'AL-DA4l(R)': {'pre': 28, 'post': 274, 'downstream': 136, 'upstream': 274, 'mito': 29, 'dark': 27, 'light': 1, 'medium': 1}, 'AL-DC1(R)': {'pre': 38, 'post': 90, 'downstream': 212, 'upstream': 90, 'mito': 17, 'dark': 16, 'light': 1}, 'AL-DA1(R)': {'pre': 1, 'post': 3, 'downstream': 4, 'upstream': 3, 'mito': 3, 'dark': 2, 'light': 1}, 'AL-DC3(R)': {'pre': 151, 'post': 710, 'downstream': 813, 'upstream': 710, 'mito': 101, 'dark': 94, 'light': 3, 'medium': 4}, 'AL-DA2(R)': {'pre': 3, 'post': 18, 'downstream': 13, 'upstream': 18, 'mito': 8, 'dark': 8}, 'AL-VA6(R)': {'pre': 30, 'post': 53, 'downstream': 174, 'upstream': 53, 'mito': 12, 'dark': 11, 'medium': 1}, 'AL-DC2(R)': {'pre': 1, 'post': 8, 'downstream': 4, 'upstream': 8, 'mito': 19, 'dark': 19}, 'AL-VP4(R)': {'post': 2, 'upstream': 2, 'mito': 9, 'dark': 4, 'light': 1, 'medium': 4}, 'AL-VP1d(R)': {'pre': 1, 'post': 2, 'downstream': 3, 'upstream': 2, 'mito': 7, 'dark': 7}, 'AL-VP1m(R)': {'post': 1, 'upstream': 1, 'mito': 6, 'dark': 3, 'light': 1, 'medium': 2}}",,"['AL(R)', 'AL-DA1(R)', 'AL-DA2(R)', 'AL-DA4l(R)', 'AL-DC1(R)', 'AL-DC2(R)', 'AL-DC3(R)', 'AL-VA6(R)', 'AL-VP1d(R)', 'AL-VP1m(R)', 'AL-VP4(R)', 'CA(R)', 'LH(R)', 'MB(+ACA)(R)', 'MB(R)', 'SLP(R)', 'SNP(R)', 'mALT(R)']","['AL(R)', 'AL-DA1(R)', 'AL-DA2(R)', 'AL-DA4l(R)', 'AL-DC1(R)', 'AL-DC2(R)', 'AL-DC3(R)', 'AL-VA6(R)', 'AL-VP1d(R)', 'CA(R)', 'LH(R)', 'MB(+ACA)(R)', 'MB(R)', 'SLP(R)', 'SNP(R)', 'mALT(R)']"
572663539,M_vPNml87_R,M_vPNml87,218,268,2136,268,146,361577210,Traced,False,Roughly traced,AVM04,,,"{'LH(R)': {'pre': 203, 'post': 58, 'downstream': 1988, 'upstream': 58, 'mito': 75, 'dark': 70, 'light': 2, 'medium': 3}, 'SNP(R)': {'pre': 14, 'downstream': 146, 'mito': 1, 'medium': 1}, 'SLP(R)': {'pre': 14, 'downstream': 146, 'mito': 1, 'medium': 1}, 'VLNP(R)': {'pre': 1, 'downstream': 2, 'mito': 1, 'dark': 1}, 'AVLP(R)': {'pre': 1, 'downstream': 2, 'mito': 1, 'dark': 1}, 'AL(R)': {'post': 209, 'upstream': 209, 'mito': 51, 'dark': 51}, 'AL-DM2(R)': {'post': 16, 'upstream': 16, 'mito': 3, 'dark': 3}, 'AL-VM7d(R)': {'post': 70, 'upstream': 70, 'mito': 15, 'dark': 15}, 'AL-VM7v(R)': {'post': 4, 'upstream': 4, 'mito': 4, 'dark': 4}, 'AL-VM5d(R)': {'post': 5, 'upstream': 5, 'mito': 1, 'dark': 1}, 'AL-VC3l(R)': {'post': 77, 'upstream': 77, 'mito': 16, 'dark': 16}, 'AL-DC2(R)': {'post': 1, 'upstream': 1}, 'AL-VP1m(R)': {'post': 3, 'upstream': 3, 'mito': 3, 'dark': 3}, 'AL-VC1(R)': {'post': 26, 'upstream': 26, 'mito': 6, 'dark': 6}, 'AL-VA4(R)': {'post': 7, 'upstream': 7}}",,"['AL(R)', 'AL-DC2(R)', 'AL-DM2(R)', 'AL-VA4(R)', 'AL-VC1(R)', 'AL-VC3l(R)', 'AL-VM5d(R)', 'AL-VM7d(R)', 'AL-VM7v(R)', 'AL-VP1m(R)', 'LH(R)']","['AVLP(R)', 'LH(R)', 'SLP(R)', 'SNP(R)', 'VLNP(R)']"
573333835,DM4_adPN_R,DM4_adPN,3728,7524,28115,7524,1197,6206032373,Traced,False,Roughly traced,AVM01,496.5,"[22929, 35392, 24800]","{'LH(R)': {'pre': 1621, 'post': 800, 'downstream': 13053, 'upstream': 800, 'mito': 220, 'dark': 133, 'light': 8, 'medium': 79}, 'MB(R)': {'pre': 859, 'post': 362, 'downstream': 8583, 'upstream': 362, 'mito': 113, 'dark': 106, 'light': 2, 'medium': 5}, 'CA(R)': {'pre': 859, 'post': 362, 'downstream': 8583, 'upstream': 362, 'mito': 113, 'dark': 106, 'light': 2, 'medium': 5}, 'MB(+ACA)(R)': {'pre': 859, 'post': 362, 'downstream': 8583, 'upstream': 362, 'mito': 113, 'dark': 106, 'light': 2, 'medium': 5}, 'SNP(R)': {'pre': 7, 'post': 7, 'downstream': 56, 'upstream': 7, 'mito': 8, 'dark': 8}, 'SLP(R)': {'pre': 7, 'post': 7, 'downstream': 56, 'upstream': 7, 'mito': 8, 'dark': 8}, 'mALT(R)': {'pre': 17, 'post': 22, 'downstream': 41, 'upstream': 22, 'mito': 181, 'dark': 158, 'light': 11, 'medium': 12}, 'AL(R)': {'pre': 1223, 'post': 6332, 'downstream': 6380, 'upstream': 6332, 'mito': 571, 'dark': 515, 'light': 10, 'medium': 46}, 'AL-DM1(R)': {'pre': 9, 'post': 45, 'downstream': 34, 'upstream': 45, 'mito': 1, 'medium': 1}, 'AL-DM4(R)': {'pre': 1058, 'post': 5885, 'downstream': 5670, 'upstream': 5885, 'mito': 465, 'dark': 424, 'light': 6, 'medium': 35}, 'AL-DP1m(R)': {'pre': 98, 'post': 175, 'downstream': 436, 'upstream': 175, 'mito': 22, 'dark': 19, 'light': 1, 'medium': 2}, 'AL-DM2(R)': {'pre': 14, 'post': 57, 'downstream': 58, 'upstream': 57, 'mito': 5, 'dark': 4, 'medium': 1}, 'AL-VP4(R)': {'post': 2, 'upstream': 2, 'mito': 3, 'dark': 3}, 'AL-VM7d(R)': {'pre': 41, 'post': 147, 'downstream': 171, 'upstream': 147, 'mito': 24, 'dark': 21, 'medium': 3}, 'AL-VM5v(R)': {'post': 3, 'upstream': 3, 'mito': 2, 'dark': 1, 'medium': 1}, 'AL-VC3l(R)': {'post': 1, 'upstream': 1, 'mito': 8, 'dark': 7, 'medium': 1}, 'AL-VC5(R)': {'post': 2, 'upstream': 2, 'mito': 4, 'dark': 4}, 'AL-VM7v(R)': {'pre': 1, 'post': 1, 'downstream': 4, 'upstream': 1, 'mito': 2, 'dark': 2}, 'AL-VC4(R)': {'post': 1, 'upstream': 1, 'mito': 2, 'dark': 2}}",,"['AL(R)', 'AL-DM1(R)', 'AL-DM2(R)', 'AL-DM4(R)', 'AL-DP1m(R)', 'AL-VC3l(R)', 'AL-VC4(R)', 'AL-VC5(R)', 'AL-VM5v(R)', 'AL-VM7d(R)', 'AL-VM7v(R)', 'AL-VP4(R)', 'CA(R)', 'LH(R)', 'MB(+ACA)(R)', 'MB(R)', 'SLP(R)', 'SNP(R)', 'mALT(R)']","['AL(R)', 'AL-DM1(R)', 'AL-DM2(R)', 'AL-DM4(R)', 'AL-DP1m(R)', 'AL-VM7d(R)', 'AL-VM7v(R)', 'CA(R)', 'LH(R)', 'MB(+ACA)(R)', 'MB(R)', 'SLP(R)', 'SNP(R)', 'mALT(R)']"
573669915,M_vPNml83_R,M_vPNml83,124,248,1165,248,127,419569314,Traced,False,Roughly traced,AVM04,436.5,"[17475, 30548, 33296]","{'LH(R)': {'pre': 118, 'post': 58, 'downstream': 1110, 'upstream': 58, 'mito': 56, 'dark': 50, 'medium': 6}, 'INP': {'pre': 3, 'post': 1, 'downstream': 30, 'upstream': 1, 'mito': 2, 'dark': 2}, 'SCL(R)': {'pre': 3, 'post': 1, 'downstream': 30, 'upstream': 1, 'mito': 2, 'dark': 2}, 'SNP(R)': {'pre': 2, 'post': 1, 'downstream': 20, 'upstream': 1}, 'SLP(R)': {'pre': 2, 'post': 1, 'downstream': 20, 'upstream': 1}, 'AL(R)': {'pre': 1, 'post': 186, 'downstream': 5, 'upstream': 186, 'mito': 46, 'dark': 46}, 'AL-DL5(R)': {'post': 3, 'upstream': 3}, 'AL-DC1(R)': {'post': 3, 'upstream': 3, 'mito': 1, 'dark': 1}, 'AL-DM2(R)': {'post': 41, 'upstream': 41, 'mito': 8, 'dark': 8}, 'AL-DC4(R)': {'post': 15, 'upstream': 15, 'mito': 4, 'dark': 4}, 'AL-DM1(R)': {'post': 1, 'upstream': 1}, 'AL-DM4(R)': {'post': 2, 'upstream': 2, 'mito': 1, 'dark': 1}, 'AL-VM7d(R)': {'post': 74, 'upstream': 74, 'mito': 17, 'dark': 17}, 'AL-DC2(R)': {'post': 4, 'upstream': 4, 'mito': 1, 'dark': 1}, 'AL-VM5d(R)': {'post': 19, 'upstream': 19, 'mito': 2, 'dark': 2}, 'AL-DM5(R)': {'post': 1, 'upstream': 1, 'mito': 1, 'dark': 1}, 'AL-VM7v(R)': {'pre': 1, 'post': 6, 'downstream': 5, 'upstream': 6, 'mito': 2, 'dark': 2}, 'AL-VC3l(R)': {'post': 6, 'upstream': 6, 'mito': 5, 'dark': 5}, 'AL-VC4(R)': {'post': 8, 'upstream': 8, 'mito': 1, 'dark': 1}, 'AL-VP1m(R)': {'post': 2, 'upstream': 2}, 'AL-VP1d(R)': {'post': 1, 'upstream': 1}, 'PENP': {'post': 1, 'upstream': 1, 'mito': 8, 'dark': 8}, 'SAD': {'post': 1, 'upstream': 1, 'mito': 8, 'dark': 8}, 'AMMC': {'post': 1, 'upstream': 1, 'mito': 8, 'dark': 8}}",,"['AL(R)', 'AL-DC1(R)', 'AL-DC2(R)', 'AL-DC4(R)', 'AL-DL5(R)', 'AL-DM1(R)', 'AL-DM2(R)', 'AL-DM4(R)', 'AL-DM5(R)', 'AL-VC3l(R)', 'AL-VC4(R)', 'AL-VM5d(R)', 'AL-VM7d(R)', 'AL-VM7v(R)', 'AL-VP1d(R)', 'AL-VP1m(R)', 'AMMC', 'INP', 'LH(R)', 'PENP', 'SAD', 'SCL(R)', 'SLP(R)', 'SNP(R)']","['AL(R)', 'AL-VM7v(R)', 'INP', 'LH(R)', 'SCL(R)', 'SLP(R)', 'SNP(R)']"
574032862,VA5_lPN_R,VA5_lPN,802,2047,6210,2047,333,1689328870,Traced,False,Roughly traced,AVM02,441.5,"[15006, 36126, 29688]","{'LH(R)': {'pre': 332, 'post': 189, 'downstream': 2874, 'upstream': 189, 'mito': 94, 'dark': 88, 'light': 1, 'medium': 5}, 'mALT(R)': {'pre': 6, 'post': 15, 'downstream': 20, 'upstream': 15, 'mito': 59, 'dark': 59}, 'MB(R)': {'pre': 152, 'post': 49, 'downstream': 1531, 'upstream': 49, 'mito': 9, 'dark': 9}, 'CA(R)': {'pre': 152, 'post': 49, 'downstream': 1531, 'upstream': 49, 'mito': 9, 'dark': 9}, 'MB(+ACA)(R)': {'pre': 152, 'post': 49, 'downstream': 1531, 'upstream': 49, 'mito': 9, 'dark': 9}, 'AL(R)': {'pre': 312, 'post': 1794, 'downstream': 1785, 'upstream': 1794, 'mito': 128, 'dark': 123, 'light': 1, 'medium': 4}, 'AL-VP1m(R)': {'post': 2, 'upstream': 2, 'mito': 2, 'dark': 2}, 'AL-VL2a(R)': {'post': 1, 'upstream': 1}, 'AL-VP1d(R)': {'pre': 3, 'post': 3, 'downstream': 10, 'upstream': 3}, 'AL-VA5(R)': {'pre': 274, 'post': 1662, 'downstream': 1597, 'upstream': 1662, 'mito': 96, 'dark': 92, 'light': 1, 'medium': 3}, 'AL-VA7l(R)': {'post': 1, 'upstream': 1}, 'AL-VL1(R)': {'pre': 20, 'post': 78, 'downstream': 111, 'upstream': 78, 'mito': 10, 'dark': 9, 'medium': 1}}",,"['AL(R)', 'AL-VA5(R)', 'AL-VA7l(R)', 'AL-VL1(R)', 'AL-VL2a(R)', 'AL-VP1d(R)', 'AL-VP1m(R)', 'CA(R)', 'LH(R)', 'MB(+ACA)(R)', 'MB(R)', 'mALT(R)']","['AL(R)', 'AL-VA5(R)', 'AL-VL1(R)', 'AL-VP1d(R)', 'CA(R)', 'LH(R)', 'MB(+ACA)(R)', 'MB(R)', 'mALT(R)']"
574037266,DA4m_adPN_R,DA4m_adPN,1546,2296,13364,2296,770,2268275559,Traced,False,Roughly traced,,246.5,"[21164, 35177, 33424]","{'SNP(R)': {'pre': 33, 'post': 20, 'downstream': 282, 'upstream': 20, 'mito': 7, 'dark': 6, 'medium': 1}, 'SLP(R)': {'pre': 32, 'post': 20, 'downstream': 274, 'upstream': 20, 'mito': 6, 'dark': 5, 'medium': 1}, 'LH(R)': {'pre': 810, 'post': 265, 'downstream': 7986, 'upstream': 265, 'mito': 225, 'dark': 177, 'light': 13, 'medium': 35}, 'SMP(R)': {'pre': 1, 'downstream': 8, 'mito': 1, 'dark': 1}, 'mALT(R)': {'pre': 8, 'post': 20, 'downstream': 15, 'upstream': 20, 'mito': 75, 'dark': 73, 'medium': 2}, 'INP': {'pre': 81, 'post': 47, 'downstream': 705, 'upstream': 47, 'mito': 54, 'dark': 51, 'medium': 3}, 'SCL(R)': {'pre': 81, 'post': 46, 'downstream': 705, 'upstream': 46, 'mito': 53, 'dark': 50, 'medium': 3}, 'MB(R)': {'pre': 63, 'post': 25, 'downstream': 589, 'upstream': 25, 'mito': 7, 'dark': 6, 'medium': 1}, 'CA(R)': {'pre': 63, 'post': 25, 'downstream': 589, 'upstream': 25, 'mito': 7, 'dark': 6, 'medium': 1}, 'MB(+ACA)(R)': {'pre': 63, 'post': 25, 'downstream': 589, 'upstream': 25, 'mito': 7, 'dark': 6, 'medium': 1}, 'VLNP(R)': {'pre': 132, 'post': 41, 'downstream': 1252, 'upstream': 41, 'mito': 39, 'dark': 33, 'light': 2, 'medium': 4}, 'PLP(R)': {'pre': 132, 'post': 41, 'downstream': 1252, 'upstream': 41, 'mito': 39, 'dark': 33, 'light': 2, 'medium': 4}, 'ICL(R)': {'post': 1, 'upstream': 1, 'mito': 1, 'dark': 1}, 'AL(R)': {'pre': 419, 'post': 1878, 'downstream': 2535, 'upstream': 1878, 'mito': 338, 'dark': 332, 'light': 1, 'medium': 5}, 'AL-D(R)': {'pre': 46, 'post': 349, 'downstream': 276, 'upstream': 349, 'mito': 46, 'dark': 46}, 'AL-DC1(R)': {'pre': 178, 'post': 716, 'downstream': 1104, 'upstream': 716, 'mito': 104, 'dark': 103, 'light': 1}, 'AL-DA4m(R)': {'pre': 101, 'post': 429, 'downstream': 555, 'upstream': 429, 'mito': 41, 'dark': 40, 'medium': 1}, 'AL-DA2(R)': {'pre': 13, 'post': 128, 'downstream': 68, 'upstream': 128, 'mito': 20, 'dark': 20}, 'AL-DA3(R)': {'post': 44, 'upstream': 44, 'mito': 5, 'dark': 5}, 'AL-DL1(R)': {'pre': 1, 'post': 6, 'downstream': 3, 'upstream': 6, 'mito': 7, 'dark': 7}, 'AL-DC4(R)': {'pre': 3, 'post': 7, 'downstream': 22, 'upstream': 7}, 'AL-DA4l(R)': {'pre': 26, 'post': 92, 'downstream': 140, 'upstream': 92, 'mito': 21, 'dark': 21}, 'AL-DC3(R)': {'pre': 4, 'post': 29, 'downstream': 25, 'upstream': 29, 'mito': 9, 'dark': 9}, 'AL-VP1d(R)': {'pre': 6, 'post': 28, 'downstream': 41, 'upstream': 28, 'mito': 53, 'dark': 52, 'medium': 1}, 'AL-VA6(R)': {'pre': 2, 'post': 9, 'downstream': 14, 'upstream': 9}, 'AL-VP4(R)': {'pre': 18, 'post': 22, 'downstream': 140, 'upstream': 22, 'mito': 5, 'dark': 5}, 'AL-VP1l(R)': {'post': 1, 'upstream': 1, 'mito': 2, 'dark': 2}, 'AL-VP1m(R)': {'pre': 4, 'downstream': 26, 'mito': 1, 'dark': 1}, 'AL-VP2(R)': {'pre': 2, 'post': 2, 'downstream': 14, 'upstream': 2, 'mito': 11, 'dark': 11}, 'AL-VP3(R)': {'pre': 15, 'post': 10, 'downstream': 107, 'upstream': 10, 'mito': 3, 'dark': 1, 'medium': 2}, 'AL-VP5(R)': {'post': 4, 'upstream': 4, 'mito': 1, 'dark': 1}, 'AL-VC3l(R)': {'post': 1, 'upstream': 1, 'mito': 2, 'dark': 1, 'medium': 1}}",,"['AL(R)', 'AL-D(R)', 'AL-DA2(R)', 'AL-DA3(R)', 'AL-DA4l(R)', 'AL-DA4m(R)', 'AL-DC1(R)', 'AL-DC3(R)', 'AL-DC4(R)', 'AL-DL1(R)', 'AL-VA6(R)', 'AL-VC3l(R)', 'AL-VP1d(R)', 'AL-VP1l(R)', 'AL-VP2(R)', 'AL-VP3(R)', 'AL-VP4(R)', 'AL-VP5(R)', 'CA(R)', 'ICL(R)', 'INP', 'LH(R)', 'MB(+ACA)(R)', 'MB(R)', 'PLP(R)', 'SCL(R)', 'SLP(R)', 'SNP(R)', 'VLNP(R)', 'mALT(R)']","['AL(R)', 'AL-D(R)', 'AL-DA2(R)', 'AL-DA4l(R)', 'AL-DA4m(R)', 'AL-DC1(R)', 'AL-DC3(R)', 'AL-DC4(R)', 'AL-DL1(R)', 'AL-VA6(R)', 'AL-VP1d(R)', 'AL-VP1m(R)', 'AL-VP2(R)', 'AL-VP3(R)', 'AL-VP4(R)', 'CA(R)', 'INP', 'LH(R)', 'MB(+ACA)(R)', 'MB(R)', 'PLP(R)', 'SCL(R)', 'SLP(R)', 'SMP(R)', 'SNP(R)', 'VLNP(R)', 'mALT(R)']"
574037281,VA5_lPN_R,VA5_lPN,828,2063,6023,2063,309,1725320570,Traced,False,Roughly traced,AVM02,441.5,"[14527, 35815, 29264]","{'LH(R)': {'pre': 322, 'post': 172, 'downstream': 2745, 'upstream': 172, 'mito': 77, 'dark': 68, 'medium': 9}, 'mALT(R)': {'pre': 5, 'post': 19, 'downstream': 10, 'upstream': 19, 'mito': 57, 'dark': 55, 'medium': 2}, 'MB(R)': {'pre': 165, 'post': 51, 'downstream': 1417, 'upstream': 51, 'mito': 11, 'dark': 10, 'medium': 1}, 'CA(R)': {'pre': 165, 'post': 51, 'downstream': 1417, 'upstream': 51, 'mito': 11, 'dark': 10, 'medium': 1}, 'MB(+ACA)(R)': {'pre': 165, 'post': 51, 'downstream': 1417, 'upstream': 51, 'mito': 11, 'dark': 10, 'medium': 1}, 'AL(R)': {'pre': 336, 'post': 1820, 'downstream': 1851, 'upstream': 1820, 'mito': 115, 'dark': 115}, 'AL-VP1m(R)': {'pre': 3, 'post': 1, 'downstream': 6, 'upstream': 1}, 'AL-VP4(R)': {'pre': 1, 'downstream': 3, 'mito': 2, 'dark': 2}, 'AL-VC1(R)': {'pre': 6, 'post': 3, 'downstream': 20, 'upstream': 3, 'mito': 6, 'dark': 6}, 'AL-VA1v(R)': {'pre': 4, 'post': 4, 'downstream': 19, 'upstream': 4}, 'AL-VA5(R)': {'pre': 294, 'post': 1706, 'downstream': 1658, 'upstream': 1706, 'mito': 82, 'dark': 82}, 'AL-VL1(R)': {'pre': 19, 'post': 80, 'downstream': 105, 'upstream': 80, 'mito': 12, 'dark': 12}}",,"['AL(R)', 'AL-VA1v(R)', 'AL-VA5(R)', 'AL-VC1(R)', 'AL-VL1(R)', 'AL-VP1m(R)', 'CA(R)', 'LH(R)', 'MB(+ACA)(R)', 'MB(R)', 'mALT(R)']","['AL(R)', 'AL-VA1v(R)', 'AL-VA5(R)', 'AL-VC1(R)', 'AL-VL1(R)', 'AL-VP1m(R)', 'AL-VP4(R)', 'CA(R)', 'LH(R)', 'MB(+ACA)(R)', 'MB(R)', 'mALT(R)']"
574374051,VA5_lPN_R,VA5_lPN,865,2135,6403,2135,361,1830740028,Traced,False,Roughly traced,AVM02,391.5,"[14032, 35651, 24688]","{'LH(R)': {'pre': 338, 'post': 195, 'downstream': 2972, 'upstream': 195, 'mito': 82, 'dark': 76, 'medium': 6}, 'mALT(R)': {'pre': 7, 'post': 18, 'downstream': 15, 'upstream': 18, 'mito': 66, 'dark': 63, 'medium': 3}, 'MB(R)': {'pre': 187, 'post': 61, 'downstream': 1553, 'upstream': 61, 'mito': 10, 'dark': 9, 'medium': 1}, 'CA(R)': {'pre': 187, 'post': 61, 'downstream': 1553, 'upstream': 61, 'mito': 10, 'dark': 9, 'medium': 1}, 'MB(+ACA)(R)': {'pre': 187, 'post': 61, 'downstream': 1553, 'upstream': 61, 'mito': 10, 'dark': 9, 'medium': 1}, 'AL(R)': {'pre': 332, 'post': 1860, 'downstream': 1861, 'upstream': 1860, 'mito': 156, 'dark': 154, 'medium': 2}, 'AL-VP4(R)': {'post': 1, 'upstream': 1, 'mito': 5, 'dark': 5}, 'AL-VP1d(R)': {'pre': 2, 'post': 5, 'downstream': 9, 'upstream': 5, 'mito': 2, 'dark': 2}, 'AL-VP1m(R)': {'post': 1, 'upstream': 1}, 'AL-VA1v(R)': {'pre': 1, 'post': 7, 'downstream': 9, 'upstream': 7}, 'AL-VA5(R)': {'pre': 297, 'post': 1745, 'downstream': 1678, 'upstream': 1745, 'mito': 120, 'dark': 118, 'medium': 2}, 'AL-VL1(R)': {'pre': 17, 'post': 61, 'downstream': 92, 'upstream': 61, 'mito': 7, 'dark': 7}, 'AL-VA3(R)': {'post': 1, 'upstream': 1}}",,"['AL(R)', 'AL-VA1v(R)', 'AL-VA3(R)', 'AL-VA5(R)', 'AL-VL1(R)', 'AL-VP1d(R)', 'AL-VP1m(R)', 'AL-VP4(R)', 'CA(R)', 'LH(R)', 'MB(+ACA)(R)', 'MB(R)', 'mALT(R)']","['AL(R)', 'AL-VA1v(R)', 'AL-VA5(R)', 'AL-VL1(R)', 'AL-VP1d(R)', 'CA(R)', 'LH(R)', 'MB(+ACA)(R)', 'MB(R)', 'mALT(R)']"
577542489,M_lvPNm24_R,M_lvPNm24,809,1714,7973,1714,544,1270054861,Traced,False,Roughly traced,AVM06,,,"{'SNP(R)': {'pre': 692, 'post': 152, 'downstream': 6838, 'upstream': 152, 'mito': 177, 'dark': 172, 'light': 3, 'medium': 2}, 'SIP(R)': {'pre': 496, 'post': 108, 'downstream': 4996, 'upstream': 108, 'mito': 124, 'dark': 120, 'light': 2, 'medium': 2}, 'SLP(R)': {'pre': 80, 'post': 17, 'downstream': 778, 'upstream': 17, 'mito': 23, 'dark': 23}, 'SMP(R)': {'pre': 116, 'post': 27, 'downstream': 1064, 'upstream': 27, 'mito': 30, 'dark': 29, 'light': 1}, 'INP': {'pre': 68, 'post': 12, 'downstream': 673, 'upstream': 12, 'mito': 16, 'dark': 15, 'medium': 1}, 'ATL(R)': {'pre': 1, 'post': 1, 'downstream': 1, 'upstream': 1, 'mito': 1, 'dark': 1}, 'SCL(R)': {'pre': 28, 'post': 4, 'downstream': 298, 'upstream': 4, 'mito': 7, 'dark': 7}, 'LH(R)': {'pre': 40, 'post': 10, 'downstream': 424, 'upstream': 10, 'mito': 11, 'dark': 11}, 'CRE(R)': {'pre': 39, 'post': 7, 'downstream': 374, 'upstream': 7, 'mito': 8, 'dark': 7, 'medium': 1}, 'CRE(-ROB,-RUB)(R)': {'pre': 39, 'post': 7, 'downstream': 374, 'upstream': 7, 'mito': 8, 'dark': 7, 'medium': 1}, 'mALT(R)': {'pre': 2, 'post': 5, 'downstream': 3, 'upstream': 5, 'mito': 23, 'dark': 23}, 'AL(R)': {'pre': 5, 'post': 1530, 'downstream': 32, 'upstream': 1530, 'mito': 306, 'dark': 287, 'light': 2, 'medium': 17}, 'AL-DL5(R)': {'post': 29, 'upstream': 29, 'mito': 4, 'dark': 4}, 'AL-DM3(R)': {'post': 40, 'upstream': 40, 'mito': 6, 'dark': 6}, 'AL-DL4(R)': {'post': 20, 'upstream': 20}, 'AL-DL3(R)': {'post': 18, 'upstream': 18, 'mito': 3, 'dark': 3}, 'AL-DM1(R)': {'post': 71, 'upstream': 71, 'mito': 12, 'dark': 11, 'medium': 1}, 'AL-DL1(R)': {'post': 8, 'upstream': 8, 'mito': 2, 'dark': 2}, 'AL-D(R)': {'post': 16, 'upstream': 16, 'mito': 3, 'dark': 3}, 'AL-DM4(R)': {'post': 61, 'upstream': 61, 'mito': 11, 'dark': 10, 'medium': 1}, 'AL-DC4(R)': {'post': 90, 'upstream': 90, 'mito': 20, 'dark': 20}, 'AL-DP1m(R)': {'post': 233, 'upstream': 233, 'mito': 48, 'dark': 45, 'medium': 3}, 'AL-DC1(R)': {'post': 111, 'upstream': 111, 'mito': 22, 'dark': 20, 'medium': 2}, 'AL-DA1(R)': {'post': 39, 'upstream': 39, 'mito': 12, 'dark': 10, 'light': 1, 'medium': 1}, 'AL-DM6(R)': {'post': 10, 'upstream': 10, 'mito': 3, 'dark': 3}, 'AL-DA4m(R)': {'post': 2, 'upstream': 2}, 'AL-DL2d(R)': {'post': 23, 'upstream': 23, 'mito': 4, 'dark': 4}, 'AL-DC3(R)': {'post': 48, 'upstream': 48, 'mito': 16, 'dark': 15, 'medium': 1}, 'AL-DP1l(R)': {'post': 10, 'upstream': 10, 'mito': 5, 'dark': 5}, 'AL-DM2(R)': {'post': 10, 'upstream': 10, 'mito': 1, 'dark': 1}, 'AL-VP1d(R)': {'post': 25, 'upstream': 25, 'mito': 9, 'dark': 9}, 'AL-VM5d(R)': {'post': 9, 'upstream': 9, 'mito': 3, 'dark': 2, 'medium': 1}, 'AL-VM7v(R)': {'pre': 2, 'post': 15, 'downstream': 15, 'upstream': 15, 'mito': 4, 'dark': 4}, 'AL-DC2(R)': {'pre': 1, 'post': 34, 'downstream': 7, 'upstream': 34, 'mito': 5, 'dark': 5}, 'AL-VM7d(R)': {'post': 21, 'upstream': 21, 'mito': 4, 'dark': 4}, 'AL-DL2v(R)': {'post': 5, 'upstream': 5, 'mito': 2, 'dark': 2}, 'AL-VA6(R)': {'post': 112, 'upstream': 112, 'mito': 12, 'dark': 10, 'medium': 2}, 'AL-VA1d(R)': {'post': 30, 'upstream': 30, 'mito': 5, 'dark': 5}, 'AL-VA1v(R)': {'post': 3, 'upstream': 3, 'mito': 2, 'dark': 2}, 'AL-VC3l(R)': {'post': 37, 'upstream': 37, 'mito': 11, 'dark': 11}, 'AL-VM5v(R)': {'post': 3, 'upstream': 3}, 'AL-VC1(R)': {'post': 21, 'upstream': 21, 'mito': 5, 'dark': 4, 'medium': 1}, 'AL-VL2p(R)': {'post': 4, 'upstream': 4, 'mito': 1, 'dark': 1}, 'AL-VP1m(R)': {'post': 17, 'upstream': 17, 'mito': 1, 'dark': 1}, 'AL-VC4(R)': {'post': 16, 'upstream': 16, 'mito': 4, 'dark': 4}, 'AL-VC5(R)': {'post': 15, 'upstream': 15, 'mito': 4, 'dark': 4}, 'AL-VC2(R)': {'post': 23, 'upstream': 23, 'mito': 7, 'dark': 6, 'medium': 1}, 'AL-VA2(R)': {'post': 26, 'upstream': 26, 'mito': 6, 'dark': 4, 'medium': 2}, 'AL-VA7m(R)': {'post': 12, 'upstream': 12, 'mito': 2, 'dark': 2}, 'AL-VM3(R)': {'post': 9, 'upstream': 9, 'mito': 3, 'dark': 3}, 'AL-VL1(R)': {'post': 8, 'upstream': 8, 'mito': 2, 'dark': 2}, 'AL-VA5(R)': {'post': 7, 'upstream': 7, 'mito': 2, 'dark': 2}, 'AL-VP1l(R)': {'post': 6, 'upstream': 6}, 'AL-VM4(R)': {'post': 3, 'upstream': 3}, 'AL-VA3(R)': {'post': 23, 'upstream': 23, 'mito': 8, 'dark': 8}, 'AL-VA4(R)': {'post': 2, 'upstream': 2, 'mito': 2, 'dark': 2}, 'VMNP': {'post': 1, 'upstream': 1}, 'VES(R)': {'post': 1, 'upstream': 1}, 'AL-V(R)': {'post': 157, 'upstream': 157, 'mito': 15, 'dark': 14, 'medium': 1}, 'PENP': {'pre': 1, 'post': 1, 'downstream': 2, 'upstream': 1}, 'SAD': {'pre': 1, 'post': 1, 'downstream': 2, 'upstream': 1}, 'AMMC': {'pre': 1, 'post': 1, 'downstream': 2, 'upstream': 1}}",,"['AL(R)', 'AL-D(R)', 'AL-DA1(R)', 'AL-DA4m(R)', 'AL-DC1(R)', 'AL-DC2(R)', 'AL-DC3(R)', 'AL-DC4(R)', 'AL-DL1(R)', 'AL-DL2d(R)', 'AL-DL2v(R)', 'AL-DL3(R)', 'AL-DL4(R)', 'AL-DL5(R)', 'AL-DM1(R)', 'AL-DM2(R)', 'AL-DM3(R)', 'AL-DM4(R)', 'AL-DM6(R)', 'AL-DP1l(R)', 'AL-DP1m(R)', 'AL-V(R)', 'AL-VA1d(R)', 'AL-VA1v(R)', 'AL-VA2(R)', 'AL-VA3(R)', 'AL-VA4(R)', 'AL-VA5(R)', 'AL-VA6(R)', 'AL-VA7m(R)', 'AL-VC1(R)', 'AL-VC2(R)', 'AL-VC3l(R)', 'AL-VC4(R)', 'AL-VC5(R)', 'AL-VL1(R)', 'AL-VL2p(R)', 'AL-VM3(R)', 'AL-VM4(R)', 'AL-VM5d(R)', 'AL-VM5v(R)', 'AL-VM7d(R)', 'AL-VM7v(R)', 'AL-VP1d(R)', 'AL-VP1l(R)', 'AL-VP1m(R)', 'AMMC', 'ATL(R)', 'CRE(-ROB,-RUB)(R)', 'CRE(R)', 'INP', 'LH(R)', 'PENP', 'SAD', 'SCL(R)', 'SIP(R)', 'SLP(R)', 'SMP(R)', 'SNP(R)', 'VES(R)', 'VMNP', 'mALT(R)']","['AL(R)', 'AL-DC2(R)', 'AL-VM7v(R)', 'AMMC', 'ATL(R)', 'CRE(-ROB,-RUB)(R)', 'CRE(R)', 'INP', 'LH(R)', 'PENP', 'SAD', 'SCL(R)', 'SIP(R)', 'SLP(R)', 'SMP(R)', 'SNP(R)', 'mALT(R)']"
603349484,M_vPNml85_R,M_vPNml85,169,127,1565,127,94,253326549,Traced,False,Roughly traced,AVM04,,,"{'LH(R)': {'pre': 169, 'post': 71, 'downstream': 1565, 'upstream': 71, 'mito': 57, 'dark': 53, 'light': 2, 'medium': 2}, 'mALT(R)': {'post': 1, 'upstream': 1, 'mito': 4, 'dark': 4}, 'AL(R)': {'post': 54, 'upstream': 54, 'mito': 25, 'dark': 25}, 'AL-VP4(R)': {'post': 1, 'upstream': 1, 'mito': 1, 'dark': 1}, 'AL-VC3l(R)': {'post': 6, 'upstream': 6, 'mito': 5, 'dark': 5}, 'AL-VC4(R)': {'post': 7, 'upstream': 7, 'mito': 8, 'dark': 8}, 'AL-VM3(R)': {'post': 15, 'upstream': 15, 'mito': 5, 'dark': 5}, 'AL-VA2(R)': {'post': 19, 'upstream': 19, 'mito': 2, 'dark': 2}, 'AL-VC2(R)': {'post': 1, 'upstream': 1, 'mito': 2, 'dark': 2}, 'AL-VM4(R)': {'post': 1, 'upstream': 1}, 'PENP': {'post': 1, 'upstream': 1}, 'SAD': {'post': 1, 'upstream': 1}, 'AMMC': {'post': 1, 'upstream': 1}}",,"['AL(R)', 'AL-VA2(R)', 'AL-VC2(R)', 'AL-VC3l(R)', 'AL-VC4(R)', 'AL-VM3(R)', 'AL-VM4(R)', 'AL-VP4(R)', 'AMMC', 'LH(R)', 'PENP', 'SAD', 'mALT(R)']",['LH(R)']
603785283,VP1l+VP3_ilPN,VP1l+VP3_ilPN,698,1647,6557,1647,319,1016746846,Traced,False,Roughly traced,,,,"{'SNP(R)': {'pre': 310, 'post': 131, 'downstream': 3329, 'upstream': 131, 'mito': 58, 'dark': 57, 'light': 1}, 'SLP(R)': {'pre': 229, 'post': 95, 'downstream': 2529, 'upstream': 95, 'mito': 44, 'dark': 43, 'light': 1}, 'dACA(R)': {'pre': 62, 'post': 39, 'downstream': 701, 'upstream': 39, 'mito': 15, 'dark': 14, 'light': 1}, 'MB(+ACA)(R)': {'pre': 62, 'post': 39, 'downstream': 701, 'upstream': 39, 'mito': 15, 'dark': 14, 'light': 1}, 'SMP(R)': {'pre': 81, 'post': 36, 'downstream': 800, 'upstream': 36, 'mito': 14, 'dark': 14}, 'INP': {'pre': 99, 'post': 47, 'downstream': 1112, 'upstream': 47, 'mito': 28, 'dark': 28}, 'SCL(R)': {'pre': 99, 'post': 47, 'downstream': 1112, 'upstream': 47, 'mito': 26, 'dark': 26}, 'mALT(R)': {'pre': 8, 'post': 11, 'downstream': 46, 'upstream': 11, 'mito': 41, 'dark': 40, 'medium': 1}, 'VLNP(R)': {'pre': 127, 'post': 51, 'downstream': 1213, 'upstream': 51, 'mito': 23, 'dark': 23}, 'PLP(R)': {'pre': 127, 'post': 51, 'downstream': 1213, 'upstream': 51, 'mito': 23, 'dark': 23}, 'AL(R)': {'pre': 146, 'post': 1376, 'downstream': 817, 'upstream': 1376, 'mito': 156, 'dark': 145, 'medium': 11}, 'AL-DP1m(R)': {'post': 6, 'upstream': 6, 'mito': 1, 'dark': 1}, 'AL-VP4(R)': {'pre': 23, 'post': 110, 'downstream': 136, 'upstream': 110, 'mito': 14, 'dark': 12, 'medium': 2}, 'AL-VP1d(R)': {'pre': 15, 'post': 51, 'downstream': 95, 'upstream': 51, 'mito': 7, 'dark': 7}, 'AL-VP1m(R)': {'pre': 3, 'post': 15, 'downstream': 20, 'upstream': 15, 'mito': 2, 'dark': 2}, 'LX(R)': {'pre': 2, 'post': 1, 'downstream': 7, 'upstream': 1, 'mito': 1, 'dark': 1}, 'LAL(R)': {'pre': 2, 'post': 1, 'downstream': 7, 'upstream': 1, 'mito': 1, 'dark': 1}, 'LAL(-GA)(R)': {'pre': 2, 'post': 1, 'downstream': 7, 'upstream': 1, 'mito': 1, 'dark': 1}, 'AL-VP1l(R)': {'pre': 27, 'post': 537, 'downstream': 163, 'upstream': 537, 'mito': 46, 'dark': 40, 'medium': 6}, 'AL-VP3(R)': {'pre': 70, 'post': 624, 'downstream': 364, 'upstream': 624, 'mito': 76, 'dark': 75, 'medium': 1}, 'AL-VP5(R)': {'pre': 6, 'post': 16, 'downstream': 26, 'upstream': 16, 'mito': 6, 'dark': 5, 'medium': 1}, 'VMNP': {'pre': 5, 'post': 28, 'downstream': 29, 'upstream': 28, 'mito': 3, 'dark': 2, 'medium': 1}, 'VES(R)': {'pre': 5, 'post': 28, 'downstream': 29, 'upstream': 28, 'mito': 3, 'dark': 2, 'medium': 1}, 'AL-VP2(R)': {'pre': 1, 'post': 9, 'downstream': 6, 'upstream': 9, 'mito': 2, 'dark': 1, 'medium': 1}, 'AL-VL1(R)': {'pre': 1, 'post': 4, 'downstream': 7, 'upstream': 4, 'mito': 1, 'dark': 1}}",VP3 bilateral PN (Stocker et al. Cell Tissue Res 1990),"['AL(R)', 'AL-DP1m(R)', 'AL-VL1(R)', 'AL-VP1d(R)', 'AL-VP1l(R)', 'AL-VP1m(R)', 'AL-VP2(R)', 'AL-VP3(R)', 'AL-VP4(R)', 'AL-VP5(R)', 'INP', 'LAL(-GA)(R)', 'LAL(R)', 'LX(R)', 'MB(+ACA)(R)', 'PLP(R)', 'SCL(R)', 'SLP(R)', 'SMP(R)', 'SNP(R)', 'VES(R)', 'VLNP(R)', 'VMNP', 'dACA(R)', 'mALT(R)']","['AL(R)', 'AL-VL1(R)', 'AL-VP1d(R)', 'AL-VP1l(R)', 'AL-VP1m(R)', 'AL-VP2(R)', 'AL-VP3(R)', 'AL-VP4(R)', 'AL-VP5(R)', 'INP', 'LAL(-GA)(R)', 'LAL(R)', 'LX(R)', 'MB(+ACA)(R)', 'PLP(R)', 'SCL(R)', 'SLP(R)', 'SMP(R)', 'SNP(R)', 'VES(R)', 'VLNP(R)', 'VMNP', 'dACA(R)', 'mALT(R)']"
604031203,DM4_vPN_R,DM4_vPN,235,244,2310,244,142,343071508,Traced,False,Roughly traced,AVM04,,,"{'LH(R)': {'pre': 234, 'post': 43, 'downstream': 2304, 'upstream': 43, 'mito': 68, 'dark': 40, 'light': 2, 'medium': 26}, 'AL(R)': {'pre': 1, 'post': 200, 'downstream': 6, 'upstream': 200, 'mito': 54, 'dark': 50, 'light': 2, 'medium': 2}, 'AL-DM1(R)': {'post': 37, 'upstream': 37, 'mito': 8, 'dark': 7, 'medium': 1}, 'AL-DM4(R)': {'pre': 1, 'post': 144, 'downstream': 6, 'upstream': 144, 'mito': 26, 'dark': 26}, 'AL-DP1m(R)': {'post': 9, 'upstream': 9, 'mito': 9, 'dark': 8, 'medium': 1}, 'AL-DM2(R)': {'post': 1, 'upstream': 1, 'mito': 1, 'dark': 1}, 'AL-VM7d(R)': {'post': 7, 'upstream': 7, 'mito': 3, 'dark': 3}, 'AL-VP4(R)': {'post': 1, 'upstream': 1, 'mito': 3, 'dark': 3}}",,"['AL(R)', 'AL-DM1(R)', 'AL-DM2(R)', 'AL-DM4(R)', 'AL-DP1m(R)', 'AL-VM7d(R)', 'AL-VP4(R)', 'LH(R)']","['AL(R)', 'AL-DM4(R)', 'LH(R)']"
604726283,M_vPNml77_R,M_vPNml77,171,229,1690,229,127,335455818,Traced,False,Roughly traced,AVM04,,,"{'LH(R)': {'pre': 171, 'post': 27, 'downstream': 1690, 'upstream': 27, 'mito': 59, 'dark': 53, 'medium': 6}, 'AL(R)': {'post': 202, 'upstream': 202, 'mito': 50, 'dark': 50}, 'AL-VM5d(R)': {'post': 3, 'upstream': 3, 'mito': 3, 'dark': 3}, 'AL-VM5v(R)': {'post': 46, 'upstream': 46, 'mito': 11, 'dark': 11}, 'AL-VC1(R)': {'post': 113, 'upstream': 113, 'mito': 19, 'dark': 19}, 'AL-VP1m(R)': {'post': 1, 'upstream': 1, 'mito': 3, 'dark': 3}, 'AL-VC2(R)': {'post': 15, 'upstream': 15, 'mito': 3, 'dark': 3}, 'AL-VA7m(R)': {'post': 11, 'upstream': 11, 'mito': 5, 'dark': 5}, 'AL-VP1d(R)': {'post': 1, 'upstream': 1, 'mito': 1, 'dark': 1}, 'AL-VC3l(R)': {'post': 9, 'upstream': 9, 'mito': 2, 'dark': 2}}",,"['AL(R)', 'AL-VA7m(R)', 'AL-VC1(R)', 'AL-VC2(R)', 'AL-VC3l(R)', 'AL-VM5d(R)', 'AL-VM5v(R)', 'AL-VP1d(R)', 'AL-VP1m(R)', 'LH(R)']",['LH(R)']
605050789,M_vPNml84_R,M_vPNml84,97,179,900,179,79,224091732,Traced,False,Roughly traced,AVM04,,,"{'LH(R)': {'pre': 94, 'post': 82, 'downstream': 874, 'upstream': 82, 'mito': 41, 'dark': 40, 'light': 1}, 'INP': {'pre': 3, 'downstream': 26, 'mito': 2, 'dark': 2}, 'SCL(R)': {'pre': 3, 'downstream': 26, 'mito': 2, 'dark': 2}, 'AL(R)': {'post': 96, 'upstream': 96, 'mito': 21, 'dark': 20, 'medium': 1}, 'AL-DP1l(R)': {'post': 12, 'upstream': 12, 'mito': 1, 'dark': 1}, 'AL-DL2v(R)': {'post': 10, 'upstream': 10, 'mito': 1, 'dark': 1}, 'AL-VP1d(R)': {'post': 4, 'upstream': 4, 'mito': 2, 'dark': 2}, 'AL-VA2(R)': {'post': 14, 'upstream': 14, 'mito': 3, 'dark': 3}, 'AL-VC3l(R)': {'post': 5, 'upstream': 5, 'mito': 2, 'dark': 2}, 'AL-VC4(R)': {'post': 4, 'upstream': 4, 'mito': 1, 'dark': 1}, 'AL-VC2(R)': {'post': 6, 'upstream': 6, 'mito': 3, 'dark': 3}, 'AL-VA4(R)': {'post': 12, 'upstream': 12, 'mito': 4, 'dark': 3, 'medium': 1}, 'AL-VM3(R)': {'post': 2, 'upstream': 2}, 'AL-VA3(R)': {'post': 27, 'upstream': 27, 'mito': 2, 'dark': 2}}",,"['AL(R)', 'AL-DL2v(R)', 'AL-DP1l(R)', 'AL-VA2(R)', 'AL-VA3(R)', 'AL-VA4(R)', 'AL-VC2(R)', 'AL-VC3l(R)', 'AL-VC4(R)', 'AL-VM3(R)', 'AL-VP1d(R)', 'LH(R)']","['INP', 'LH(R)', 'SCL(R)']"
606090268,VC1_lPN_R,VC1_lPN,2379,4483,18872,4483,787,3940001494,Traced,False,Roughly traced,AVM02,616.5,"[14585, 36529, 26792]","{'LH(R)': {'pre': 966, 'post': 475, 'downstream': 8933, 'upstream': 475, 'mito': 167, 'dark': 139, 'light': 11, 'medium': 17}, 'MB(R)': {'pre': 366, 'post': 115, 'downstream': 3386, 'upstream': 115, 'mito': 21, 'dark': 19, 'light': 1, 'medium': 1}, 'CA(R)': {'pre': 366, 'post': 115, 'downstream': 3386, 'upstream': 115, 'mito': 21, 'dark': 19, 'light': 1, 'medium': 1}, 'MB(+ACA)(R)': {'pre': 366, 'post': 115, 'downstream': 3386, 'upstream': 115, 'mito': 21, 'dark': 19, 'light': 1, 'medium': 1}, 'SNP(R)': {'pre': 23, 'post': 13, 'downstream': 191, 'upstream': 13, 'mito': 15, 'dark': 13, 'light': 1, 'medium': 1}, 'SLP(R)': {'pre': 23, 'post': 13, 'downstream': 191, 'upstream': 13, 'mito': 15, 'dark': 13, 'light': 1, 'medium': 1}, 'mALT(R)': {'pre': 10, 'post': 19, 'downstream': 24, 'upstream': 19, 'mito': 133, 'dark': 124, 'light': 3, 'medium': 6}, 'AL(R)': {'pre': 1011, 'post': 3854, 'downstream': 6328, 'upstream': 3854, 'mito': 356, 'dark': 333, 'light': 6, 'medium': 17}, 'AL-VP1d(R)': {'pre': 36, 'post': 61, 'downstream': 213, 'upstream': 61, 'mito': 6, 'dark': 5, 'light': 1}, 'AL-VA6(R)': {'pre': 4, 'post': 7, 'downstream': 37, 'upstream': 7}, 'AL-DC2(R)': {'pre': 2, 'post': 14, 'downstream': 15, 'upstream': 14, 'mito': 1, 'dark': 1}, 'AL-VP1m(R)': {'post': 1, 'upstream': 1, 'mito': 4, 'dark': 4}, 'AL-VC1(R)': {'pre': 869, 'post': 3525, 'downstream': 5437, 'upstream': 3525, 'mito': 310, 'dark': 294, 'light': 3, 'medium': 13}, 'AL-VC2(R)': {'pre': 62, 'post': 190, 'downstream': 396, 'upstream': 190, 'mito': 21, 'dark': 19, 'medium': 2}, 'AL-VC3l(R)': {'post': 4, 'upstream': 4}}",,"['AL(R)', 'AL-DC2(R)', 'AL-VA6(R)', 'AL-VC1(R)', 'AL-VC2(R)', 'AL-VC3l(R)', 'AL-VP1d(R)', 'AL-VP1m(R)', 'CA(R)', 'LH(R)', 'MB(+ACA)(R)', 'MB(R)', 'SLP(R)', 'SNP(R)', 'mALT(R)']","['AL(R)', 'AL-DC2(R)', 'AL-VA6(R)', 'AL-VC1(R)', 'AL-VC2(R)', 'AL-VP1d(R)', 'CA(R)', 'LH(R)', 'MB(+ACA)(R)', 'MB(R)', 'SLP(R)', 'SNP(R)', 'mALT(R)']"
609924156,M_lvPNm39_R,M_lvPNm39,736,548,5750,548,359,1131879964,Traced,False,Roughly traced,AVM06,396.5,"[14415, 28567, 31920]","{'SNP(R)': {'pre': 117, 'post': 45, 'downstream': 1064, 'upstream': 45, 'mito': 47, 'dark': 47}, 'SIP(R)': {'pre': 13, 'post': 7, 'downstream': 103, 'upstream': 7, 'mito': 6, 'dark': 6}, 'SLP(R)': {'pre': 101, 'post': 33, 'downstream': 948, 'upstream': 33, 'mito': 37, 'dark': 37}, 'LH(R)': {'pre': 514, 'post': 168, 'downstream': 4111, 'upstream': 168, 'mito': 129, 'dark': 127, 'medium': 2}, 'SMP(R)': {'pre': 3, 'post': 5, 'downstream': 13, 'upstream': 5, 'mito': 4, 'dark': 4}, 'INP': {'pre': 30, 'post': 5, 'downstream': 284, 'upstream': 5, 'mito': 11, 'dark': 11}, 'SCL(R)': {'pre': 29, 'post': 5, 'downstream': 281, 'upstream': 5, 'mito': 9, 'dark': 9}, 'ATL(R)': {'pre': 1, 'downstream': 3, 'mito': 2, 'dark': 2}, 'VLNP(R)': {'pre': 3, 'post': 1, 'downstream': 19, 'upstream': 1, 'mito': 1, 'medium': 1}, 'AVLP(R)': {'pre': 3, 'post': 1, 'downstream': 19, 'upstream': 1, 'mito': 1, 'medium': 1}, 'mALT(R)': {'pre': 1, 'post': 7, 'downstream': 1, 'upstream': 7, 'mito': 20, 'dark': 20}, 'AL(R)': {'pre': 70, 'post': 321, 'downstream': 269, 'upstream': 321, 'mito': 110, 'dark': 104, 'light': 1, 'medium': 5}, 'AL-DP1l(R)': {'pre': 26, 'post': 123, 'downstream': 89, 'upstream': 123, 'mito': 36, 'dark': 35, 'light': 1}, 'AL-DL2d(R)': {'pre': 3, 'post': 7, 'downstream': 11, 'upstream': 7, 'mito': 2, 'dark': 2}, 'AL-DL2v(R)': {'pre': 4, 'post': 25, 'downstream': 14, 'upstream': 25, 'mito': 9, 'dark': 9}, 'AL-DP1m(R)': {'pre': 1, 'post': 19, 'downstream': 4, 'upstream': 19, 'mito': 5, 'dark': 5}, 'AL-VL2a(R)': {'pre': 15, 'post': 31, 'downstream': 58, 'upstream': 31, 'mito': 17, 'dark': 15, 'medium': 2}, 'AL-VL2p(R)': {'pre': 7, 'post': 3, 'downstream': 28, 'upstream': 3, 'mito': 6, 'dark': 6}, 'AL-VC2(R)': {'pre': 1, 'post': 10, 'downstream': 3, 'upstream': 10, 'mito': 5, 'dark': 5}, 'AL-VA2(R)': {'pre': 3, 'post': 48, 'downstream': 21, 'upstream': 48, 'mito': 7, 'dark': 6, 'medium': 1}, 'AL-VP5(R)': {'post': 1, 'upstream': 1}, 'AL-VA7l(R)': {'pre': 1, 'post': 3, 'downstream': 4, 'upstream': 3, 'mito': 1, 'dark': 1}, 'AL-VP1d(R)': {'post': 4, 'upstream': 4, 'mito': 3, 'dark': 3}, 'AL-VC1(R)': {'post': 3, 'upstream': 3}, 'AL-VA5(R)': {'post': 2, 'upstream': 2, 'mito': 1, 'dark': 1}, 'AL-VM3(R)': {'post': 3, 'upstream': 3}, 'AL-VA3(R)': {'pre': 7, 'post': 18, 'downstream': 26, 'upstream': 18, 'mito': 7, 'dark': 5, 'medium': 2}, 'AL-VA4(R)': {'pre': 2, 'post': 10, 'downstream': 11, 'upstream': 10, 'mito': 6, 'dark': 6}, 'VMNP': {'post': 1, 'upstream': 1}, 'VES(R)': {'post': 1, 'upstream': 1}}",,"['AL(R)', 'AL-DL2d(R)', 'AL-DL2v(R)', 'AL-DP1l(R)', 'AL-DP1m(R)', 'AL-VA2(R)', 'AL-VA3(R)', 'AL-VA4(R)', 'AL-VA5(R)', 'AL-VA7l(R)', 'AL-VC1(R)', 'AL-VC2(R)', 'AL-VL2a(R)', 'AL-VL2p(R)', 'AL-VM3(R)', 'AL-VP1d(R)', 'AL-VP5(R)', 'AVLP(R)', 'INP', 'LH(R)', 'SCL(R)', 'SIP(R)', 'SLP(R)', 'SMP(R)', 'SNP(R)', 'VES(R)', 'VLNP(R)', 'VMNP', 'mALT(R)']","['AL(R)', 'AL-DL2d(R)', 'AL-DL2v(R)', 'AL-DP1l(R)', 'AL-DP1m(R)', 'AL-VA2(R)', 'AL-VA3(R)', 'AL-VA4(R)', 'AL-VA7l(R)', 'AL-VC2(R)', 'AL-VL2a(R)', 'AL-VL2p(R)', 'ATL(R)', 'AVLP(R)', 'INP', 'LH(R)', 'SCL(R)', 'SIP(R)', 'SLP(R)', 'SMP(R)', 'SNP(R)', 'VLNP(R)', 'mALT(R)']"
610274029,M_vPNml50_R,M_vPNml50,754,5673,7494,5673,799,2547366717,Traced,False,Roughly traced,AVM04,471.5,"[20783, 32839, 35256]","{'SNP(R)': {'pre': 459, 'post': 229, 'downstream': 4625, 'upstream': 229, 'mito': 112, 'dark': 110, 'light': 1, 'medium': 1}, 'SIP(R)': {'pre': 314, 'post': 150, 'downstream': 3216, 'upstream': 150, 'mito': 80, 'dark': 80}, 'MB(R)': {'post': 1, 'upstream': 1}, ""a'L(R)"": {'post': 1, 'upstream': 1}, ""a'3(R)"": {'post': 1, 'upstream': 1}, 'MB(+ACA)(R)': {'post': 1, 'upstream': 1}, 'SLP(R)': {'pre': 12, 'post': 3, 'downstream': 146, 'upstream': 3, 'mito': 2, 'dark': 2}, 'SMP(R)': {'pre': 133, 'post': 76, 'downstream': 1263, 'upstream': 76, 'mito': 30, 'dark': 28, 'light': 1, 'medium': 1}, 'INP': {'pre': 92, 'post': 33, 'downstream': 898, 'upstream': 33, 'mito': 32, 'dark': 32}, 'SCL(R)': {'pre': 59, 'post': 26, 'downstream': 568, 'upstream': 26, 'mito': 26, 'dark': 26}, 'CRE(R)': {'pre': 33, 'post': 7, 'downstream': 330, 'upstream': 7, 'mito': 6, 'dark': 6}, 'CRE(-ROB,-RUB)(R)': {'pre': 33, 'post': 7, 'downstream': 330, 'upstream': 7, 'mito': 6, 'dark': 6}, 'LH(R)': {'pre': 182, 'post': 90, 'downstream': 1889, 'upstream': 90, 'mito': 38, 'dark': 38}, 'VLNP(R)': {'pre': 1, 'post': 10, 'downstream': 3, 'upstream': 10, 'mito': 2, 'dark': 2}, 'PLP(R)': {'pre': 1, 'post': 10, 'downstream': 3, 'upstream': 10, 'mito': 2, 'dark': 2}, 'AL(R)': {'pre': 20, 'post': 5306, 'downstream': 79, 'upstream': 5306, 'mito': 548, 'dark': 538, 'light': 1, 'medium': 9}, 'AL-DL3(R)': {'post': 64, 'upstream': 64, 'mito': 3, 'dark': 3}, 'AL-DM3(R)': {'post': 139, 'upstream': 139, 'mito': 8, 'dark': 8}, 'AL-DL4(R)': {'post': 69, 'upstream': 69, 'mito': 5, 'dark': 5}, 'AL-D(R)': {'post': 107, 'upstream': 107, 'mito': 11, 'dark': 11}, 'AL-DL5(R)': {'pre': 2, 'post': 142, 'downstream': 7, 'upstream': 142, 'mito': 13, 'dark': 12, 'medium': 1}, 'AL-DM1(R)': {'post': 196, 'upstream': 196, 'mito': 20, 'dark': 19, 'medium': 1}, 'AL-DL1(R)': {'pre': 3, 'post': 149, 'downstream': 21, 'upstream': 149, 'mito': 14, 'dark': 14}, 'AL-DA1(R)': {'pre': 1, 'post': 127, 'downstream': 5, 'upstream': 127, 'mito': 16, 'dark': 16}, 'AL-DP1m(R)': {'post': 221, 'upstream': 221, 'mito': 33, 'dark': 32, 'medium': 1}, 'AL-DC1(R)': {'post': 232, 'upstream': 232, 'mito': 21, 'dark': 21}, 'AL-DA3(R)': {'post': 24, 'upstream': 24, 'mito': 2, 'dark': 2}, 'AL-DC4(R)': {'pre': 1, 'post': 127, 'downstream': 4, 'upstream': 127, 'mito': 21, 'dark': 21}, 'AL-DM6(R)': {'post': 152, 'upstream': 152, 'mito': 13, 'dark': 13}, 'AL-DM4(R)': {'pre': 1, 'post': 129, 'downstream': 4, 'upstream': 129, 'mito': 14, 'dark': 14}, 'AL-DA4m(R)': {'post': 4, 'upstream': 4}, 'AL-DM2(R)': {'post': 136, 'upstream': 136, 'mito': 12, 'dark': 12}, 'AL-DL2d(R)': {'post': 50, 'upstream': 50, 'mito': 7, 'dark': 7}, 'AL-DA2(R)': {'post': 44, 'upstream': 44, 'mito': 3, 'dark': 3}, 'AL-DL2v(R)': {'pre': 1, 'post': 164, 'downstream': 4, 'upstream': 164, 'mito': 13, 'dark': 13}, 'AL-DC2(R)': {'pre': 1, 'post': 118, 'downstream': 6, 'upstream': 118, 'mito': 11, 'dark': 11}, 'AL-DP1l(R)': {'post': 123, 'upstream': 123, 'mito': 9, 'dark': 8, 'medium': 1}, 'AL-DC3(R)': {'pre': 1, 'post': 109, 'downstream': 4, 'upstream': 109, 'mito': 14, 'dark': 14}, 'AL-VA1d(R)': {'post': 132, 'upstream': 132, 'mito': 14, 'dark': 14}, 'AL-DM5(R)': {'post': 34, 'upstream': 34, 'mito': 1, 'dark': 1}, 'AL-VM7v(R)': {'post': 52, 'upstream': 52, 'mito': 5, 'dark': 5}, 'AL-VM7d(R)': {'post': 96, 'upstream': 96, 'mito': 10, 'dark': 10}, 'AL-VP1d(R)': {'post': 36, 'upstream': 36, 'mito': 12, 'dark': 12}, 'AL-VM5d(R)': {'post': 105, 'upstream': 105, 'mito': 10, 'dark': 9, 'medium': 1}, 'AL-VA6(R)': {'post': 159, 'upstream': 159, 'mito': 12, 'dark': 12}, 'AL-VL2a(R)': {'post': 84, 'upstream': 84, 'mito': 6, 'dark': 5, 'light': 1}, 'AL-VP4(R)': {'pre': 1, 'post': 3, 'downstream': 2, 'upstream': 3, 'mito': 6, 'dark': 5, 'medium': 1}, 'AL-VM5v(R)': {'pre': 1, 'post': 75, 'downstream': 3, 'upstream': 75, 'mito': 12, 'dark': 12}, 'AL-VC3l(R)': {'post': 130, 'upstream': 130, 'mito': 15, 'dark': 15}, 'AL-VA1v(R)': {'pre': 2, 'post': 47, 'downstream': 6, 'upstream': 47, 'mito': 6, 'dark': 5, 'medium': 1}, 'AL-VC1(R)': {'pre': 1, 'post': 110, 'downstream': 3, 'upstream': 110, 'mito': 18, 'dark': 18}, 'AL-VC4(R)': {'post': 73, 'upstream': 73, 'mito': 8, 'dark': 8}, 'AL-VP1m(R)': {'post': 98, 'upstream': 98, 'mito': 11, 'dark': 11}, 'AL-VL2p(R)': {'post': 38, 'upstream': 38, 'mito': 6, 'dark': 6}, 'AL-VC5(R)': {'post': 170, 'upstream': 170, 'mito': 17, 'dark': 17}, 'AL-VA2(R)': {'post': 164, 'upstream': 164, 'mito': 14, 'dark': 14}, 'AL-VC2(R)': {'pre': 1, 'post': 142, 'downstream': 3, 'upstream': 142, 'mito': 14, 'dark': 14}, 'AL-VP1l(R)': {'pre': 1, 'post': 11, 'downstream': 3, 'upstream': 11, 'mito': 2, 'dark': 2}, 'AL-VA7m(R)': {'post': 79, 'upstream': 79, 'mito': 6, 'dark': 6}, 'AL-VP3(R)': {'post': 4, 'upstream': 4}, 'AL-VC3m(R)': {'post': 35, 'upstream': 35, 'mito': 3, 'dark': 3}, 'AL-VA7l(R)': {'post': 20, 'upstream': 20}, 'AL-VM3(R)': {'post': 47, 'upstream': 47, 'mito': 6, 'dark': 6}, 'AL-VP2(R)': {'post': 5, 'upstream': 5}, 'AL-VA5(R)': {'post': 128, 'upstream': 128, 'mito': 10, 'dark': 10}, 'AL-VL1(R)': {'post': 18, 'upstream': 18, 'mito': 2, 'dark': 2}, 'AL-VM4(R)': {'post': 110, 'upstream': 110, 'mito': 7, 'dark': 7}, 'AL-VA3(R)': {'post': 135, 'upstream': 135, 'mito': 10, 'dark': 10}, 'AL-VP5(R)': {'post': 9, 'upstream': 9}, 'AL-VA4(R)': {'post': 149, 'upstream': 149, 'mito': 6, 'dark': 6}, 'AL-VM1(R)': {'pre': 1, 'post': 30, 'downstream': 2, 'upstream': 30, 'mito': 4, 'dark': 4}, 'AL-V(R)': {'post': 114, 'upstream': 114, 'mito': 16, 'dark': 14, 'medium': 2}}",,"['AL(R)', 'AL-D(R)', 'AL-DA1(R)', 'AL-DA2(R)', 'AL-DA3(R)', 'AL-DA4m(R)', 'AL-DC1(R)', 'AL-DC2(R)', 'AL-DC3(R)', 'AL-DC4(R)', 'AL-DL1(R)', 'AL-DL2d(R)', 'AL-DL2v(R)', 'AL-DL3(R)', 'AL-DL4(R)', 'AL-DL5(R)', 'AL-DM1(R)', 'AL-DM2(R)', 'AL-DM3(R)', 'AL-DM4(R)', 'AL-DM5(R)', 'AL-DM6(R)', 'AL-DP1l(R)', 'AL-DP1m(R)', 'AL-V(R)', 'AL-VA1d(R)', 'AL-VA1v(R)', 'AL-VA2(R)', 'AL-VA3(R)', 'AL-VA4(R)', 'AL-VA5(R)', 'AL-VA6(R)', 'AL-VA7l(R)', 'AL-VA7m(R)', 'AL-VC1(R)', 'AL-VC2(R)', 'AL-VC3l(R)', 'AL-VC3m(R)', 'AL-VC4(R)', 'AL-VC5(R)', 'AL-VL1(R)', 'AL-VL2a(R)', 'AL-VL2p(R)', 'AL-VM1(R)', 'AL-VM3(R)', 'AL-VM4(R)', 'AL-VM5d(R)', 'AL-VM5v(R)', 'AL-VM7d(R)', 'AL-VM7v(R)', 'AL-VP1d(R)', 'AL-VP1l(R)', 'AL-VP1m(R)', 'AL-VP2(R)', 'AL-VP3(R)', 'AL-VP4(R)', 'AL-VP5(R)', 'CRE(-ROB,-RUB)(R)', 'CRE(R)', 'INP', 'LH(R)', 'MB(+ACA)(R)', 'MB(R)', 'PLP(R)', 'SCL(R)', 'SIP(R)', 'SLP(R)', 'SMP(R)', 'SNP(R)', 'VLNP(R)', ""a'3(R)"", ""a'L(R)""]","['AL(R)', 'AL-DA1(R)', 'AL-DC2(R)', 'AL-DC3(R)', 'AL-DC4(R)', 'AL-DL1(R)', 'AL-DL2v(R)', 'AL-DL5(R)', 'AL-DM4(R)', 'AL-VA1v(R)', 'AL-VC1(R)', 'AL-VC2(R)', 'AL-VM1(R)', 'AL-VM5v(R)', 'AL-VP1l(R)', 'AL-VP4(R)', 'CRE(-ROB,-RUB)(R)', 'CRE(R)', 'INP', 'LH(R)', 'PLP(R)', 'SCL(R)', 'SIP(R)', 'SLP(R)', 'SMP(R)', 'SNP(R)', 'VLNP(R)']"
610274046,M_vPNml50_R,M_vPNml50,808,6320,8043,6320,736,2183901045,Traced,False,Roughly traced,AVM04,,,"{'SNP(R)': {'pre': 468, 'post': 210, 'downstream': 4895, 'upstream': 210, 'mito': 107, 'dark': 102, 'light': 5}, 'SIP(R)': {'pre': 321, 'post': 135, 'downstream': 3439, 'upstream': 135, 'mito': 72, 'dark': 69, 'light': 3}, 'SLP(R)': {'pre': 8, 'post': 1, 'downstream': 89, 'upstream': 1}, 'SMP(R)': {'pre': 139, 'post': 74, 'downstream': 1367, 'upstream': 74, 'mito': 35, 'dark': 33, 'light': 2}, 'INP': {'pre': 73, 'post': 35, 'downstream': 725, 'upstream': 35, 'mito': 24, 'dark': 23, 'medium': 1}, 'SCL(R)': {'pre': 36, 'post': 18, 'downstream': 340, 'upstream': 18, 'mito': 17, 'dark': 17}, 'LH(R)': {'pre': 229, 'post': 106, 'downstream': 2240, 'upstream': 106, 'mito': 47, 'dark': 43, 'light': 3, 'medium': 1}, 'CRE(R)': {'pre': 37, 'post': 17, 'downstream': 385, 'upstream': 17, 'mito': 7, 'dark': 6, 'medium': 1}, 'CRE(-ROB,-RUB)(R)': {'pre': 37, 'post': 17, 'downstream': 385, 'upstream': 17, 'mito': 7, 'dark': 6, 'medium': 1}, 'AL(R)': {'pre': 36, 'post': 5964, 'downstream': 178, 'upstream': 5964, 'mito': 505, 'dark': 497, 'light': 2, 'medium': 6}, 'AL-DL3(R)': {'pre': 3, 'post': 108, 'downstream': 10, 'upstream': 108, 'mito': 4, 'dark': 4}, 'AL-DM3(R)': {'post': 145, 'upstream': 145, 'mito': 4, 'dark': 4}, 'AL-D(R)': {'post': 153, 'upstream': 153, 'mito': 12, 'dark': 12}, 'AL-DL5(R)': {'pre': 2, 'post': 119, 'downstream': 4, 'upstream': 119, 'mito': 9, 'dark': 9}, 'AL-DL4(R)': {'pre': 1, 'post': 59, 'downstream': 5, 'upstream': 59, 'mito': 4, 'dark': 4}, 'AL-DM1(R)': {'pre': 1, 'post': 262, 'downstream': 6, 'upstream': 262, 'mito': 29, 'dark': 28, 'light': 1}, 'AL-DL1(R)': {'post': 212, 'upstream': 212, 'mito': 17, 'dark': 17}, 'AL-DA3(R)': {'pre': 1, 'post': 21, 'downstream': 3, 'upstream': 21}, 'AL-DA1(R)': {'pre': 4, 'post': 137, 'downstream': 17, 'upstream': 137, 'mito': 19, 'dark': 19}, 'AL-DP1m(R)': {'pre': 2, 'post': 317, 'downstream': 9, 'upstream': 317, 'mito': 29, 'dark': 29}, 'AL-DC4(R)': {'post': 98, 'upstream': 98, 'mito': 16, 'dark': 15, 'medium': 1}, 'AL-DC1(R)': {'post': 259, 'upstream': 259, 'mito': 20, 'dark': 20}, 'AL-DM4(R)': {'post': 180, 'upstream': 180, 'mito': 16, 'dark': 16}, 'AL-DM6(R)': {'post': 101, 'upstream': 101, 'mito': 8, 'dark': 8}, 'AL-DL2d(R)': {'post': 131, 'upstream': 131, 'mito': 8, 'dark': 7, 'light': 1}, 'AL-DM2(R)': {'post': 89, 'upstream': 89, 'mito': 4, 'dark': 4}, 'AL-DA2(R)': {'post': 41, 'upstream': 41, 'mito': 3, 'dark': 3}, 'AL-DL2v(R)': {'post': 135, 'upstream': 135, 'mito': 20, 'dark': 20}, 'AL-DP1l(R)': {'post': 142, 'upstream': 142, 'mito': 10, 'dark': 10}, 'AL-DA4m(R)': {'post': 5, 'upstream': 5}, 'AL-DC3(R)': {'post': 127, 'upstream': 127, 'mito': 14, 'dark': 14}, 'AL-VA1d(R)': {'post': 206, 'upstream': 206, 'mito': 18, 'dark': 18}, 'AL-DC2(R)': {'pre': 2, 'post': 102, 'downstream': 5, 'upstream': 102, 'mito': 6, 'dark': 6}, 'AL-VM7d(R)': {'post': 126, 'upstream': 126, 'mito': 7, 'dark': 7}, 'AL-VM5d(R)': {'post': 153, 'upstream': 153, 'mito': 11, 'dark': 11}, 'AL-VP1d(R)': {'post': 55, 'upstream': 55, 'mito': 14, 'dark': 14}, 'AL-VA6(R)': {'post': 95, 'upstream': 95, 'mito': 5, 'dark': 5}, 'AL-VL2a(R)': {'pre': 1, 'post': 94, 'downstream': 7, 'upstream': 94, 'mito': 8, 'dark': 8}, 'AL-VM7v(R)': {'post': 63, 'upstream': 63, 'mito': 1, 'dark': 1}, 'AL-VC3l(R)': {'pre': 1, 'post': 118, 'downstream': 3, 'upstream': 118, 'mito': 11, 'dark': 10, 'medium': 1}, 'AL-VM5v(R)': {'post': 84, 'upstream': 84, 'mito': 4, 'dark': 4}, 'AL-VA1v(R)': {'post': 65, 'upstream': 65, 'mito': 9, 'dark': 9}, 'AL-VP1m(R)': {'post': 80, 'upstream': 80, 'mito': 12, 'dark': 11, 'medium': 1}, 'AL-VC4(R)': {'post': 72, 'upstream': 72, 'mito': 13, 'dark': 13}, 'AL-VP4(R)': {'post': 1, 'upstream': 1, 'mito': 3, 'dark': 3}, 'AL-VC1(R)': {'pre': 4, 'post': 163, 'downstream': 24, 'upstream': 163, 'mito': 15, 'dark': 15}, 'AL-VL2p(R)': {'post': 89, 'upstream': 89, 'mito': 3, 'dark': 3}, 'AL-VA2(R)': {'post': 225, 'upstream': 225, 'mito': 11, 'dark': 11}, 'AL-VP1l(R)': {'post': 12, 'upstream': 12, 'mito': 1, 'dark': 1}, 'AL-VA7m(R)': {'post': 80, 'upstream': 80, 'mito': 6, 'dark': 6}, 'AL-VC5(R)': {'pre': 2, 'post': 178, 'downstream': 10, 'upstream': 178, 'mito': 15, 'dark': 14, 'medium': 1}, 'AL-VC2(R)': {'pre': 1, 'post': 123, 'downstream': 7, 'upstream': 123, 'mito': 10, 'dark': 10}, 'AL-VA7l(R)': {'post': 53, 'upstream': 53, 'mito': 3, 'dark': 3}, 'AL-VP3(R)': {'post': 6, 'upstream': 6, 'mito': 1, 'dark': 1}, 'AL-VC3m(R)': {'post': 48, 'upstream': 48, 'mito': 4, 'dark': 4}, 'AL-VM3(R)': {'post': 54, 'upstream': 54, 'mito': 3, 'dark': 3}, 'AL-VM4(R)': {'post': 143, 'upstream': 143, 'mito': 6, 'dark': 6}, 'AL-VA5(R)': {'pre': 2, 'post': 98, 'downstream': 19, 'upstream': 98, 'mito': 10, 'dark': 10}, 'AL-VA3(R)': {'pre': 7, 'post': 164, 'downstream': 44, 'upstream': 164, 'mito': 12, 'dark': 12}, 'AL-VP2(R)': {'post': 5, 'upstream': 5, 'mito': 1, 'dark': 1}, 'AL-VA4(R)': {'post': 189, 'upstream': 189, 'mito': 7, 'dark': 6, 'medium': 1}, 'AL-VL1(R)': {'post': 6, 'upstream': 6, 'mito': 1, 'dark': 1}, 'AL-VM1(R)': {'post': 32, 'upstream': 32, 'mito': 1, 'medium': 1}, 'AL-VP5(R)': {'post': 4, 'upstream': 4}, 'AL-V(R)': {'pre': 1, 'post': 109, 'downstream': 3, 'upstream': 109, 'mito': 10, 'dark': 10}}",,"['AL(R)', 'AL-D(R)', 'AL-DA1(R)', 'AL-DA2(R)', 'AL-DA3(R)', 'AL-DA4m(R)', 'AL-DC1(R)', 'AL-DC2(R)', 'AL-DC3(R)', 'AL-DC4(R)', 'AL-DL1(R)', 'AL-DL2d(R)', 'AL-DL2v(R)', 'AL-DL3(R)', 'AL-DL4(R)', 'AL-DL5(R)', 'AL-DM1(R)', 'AL-DM2(R)', 'AL-DM3(R)', 'AL-DM4(R)', 'AL-DM6(R)', 'AL-DP1l(R)', 'AL-DP1m(R)', 'AL-V(R)', 'AL-VA1d(R)', 'AL-VA1v(R)', 'AL-VA2(R)', 'AL-VA3(R)', 'AL-VA4(R)', 'AL-VA5(R)', 'AL-VA6(R)', 'AL-VA7l(R)', 'AL-VA7m(R)', 'AL-VC1(R)', 'AL-VC2(R)', 'AL-VC3l(R)', 'AL-VC3m(R)', 'AL-VC4(R)', 'AL-VC5(R)', 'AL-VL1(R)', 'AL-VL2a(R)', 'AL-VL2p(R)', 'AL-VM1(R)', 'AL-VM3(R)', 'AL-VM4(R)', 'AL-VM5d(R)', 'AL-VM5v(R)', 'AL-VM7d(R)', 'AL-VM7v(R)', 'AL-VP1d(R)', 'AL-VP1l(R)', 'AL-VP1m(R)', 'AL-VP2(R)', 'AL-VP3(R)', 'AL-VP4(R)', 'AL-VP5(R)', 'CRE(-ROB,-RUB)(R)', 'CRE(R)', 'INP', 'LH(R)', 'SCL(R)', 'SIP(R)', 'SLP(R)', 'SMP(R)', 'SNP(R)']","['AL(R)', 'AL-DA1(R)', 'AL-DA3(R)', 'AL-DC2(R)', 'AL-DL3(R)', 'AL-DL4(R)', 'AL-DL5(R)', 'AL-DM1(R)', 'AL-DP1m(R)', 'AL-V(R)', 'AL-VA3(R)', 'AL-VA5(R)', 'AL-VC1(R)', 'AL-VC2(R)', 'AL-VC3l(R)', 'AL-VC5(R)', 'AL-VL2a(R)', 'CRE(-ROB,-RUB)(R)', 'CRE(R)', 'INP', 'LH(R)', 'SCL(R)', 'SIP(R)', 'SLP(R)', 'SMP(R)', 'SNP(R)']"
630714299,DM2_lPN_R,DM2_lPN,1935,4217,15933,4217,756,3575687558,Traced,False,Roughly traced,AVM02,521.5,"[13296, 35333, 27416]","{'LH(R)': {'pre': 1041, 'post': 479, 'downstream': 9268, 'upstream': 479, 'mito': 173, 'dark': 133, 'light': 2, 'medium': 38}, 'MB(R)': {'pre': 403, 'post': 160, 'downstream': 4133, 'upstream': 160, 'mito': 55, 'dark': 53, 'light': 2}, 'CA(R)': {'pre': 403, 'post': 160, 'downstream': 4133, 'upstream': 160, 'mito': 55, 'dark': 53, 'light': 2}, 'MB(+ACA)(R)': {'pre': 403, 'post': 160, 'downstream': 4133, 'upstream': 160, 'mito': 55, 'dark': 53, 'light': 2}, 'SNP(R)': {'pre': 19, 'post': 6, 'downstream': 182, 'upstream': 6, 'mito': 1, 'medium': 1}, 'SLP(R)': {'pre': 19, 'post': 6, 'downstream': 182, 'upstream': 6, 'mito': 1, 'medium': 1}, 'mALT(R)': {'pre': 12, 'post': 11, 'downstream': 27, 'upstream': 11, 'mito': 125, 'dark': 120, 'medium': 5}, 'AL(R)': {'pre': 459, 'post': 3557, 'downstream': 2321, 'upstream': 3557, 'mito': 318, 'dark': 301, 'medium': 17}, 'AL-DM1(R)': {'pre': 21, 'post': 220, 'downstream': 99, 'upstream': 220, 'mito': 22, 'dark': 21, 'medium': 1}, 'AL-DM2(R)': {'pre': 298, 'post': 2935, 'downstream': 1536, 'upstream': 2935, 'mito': 224, 'dark': 209, 'medium': 15}, 'AL-DM4(R)': {'pre': 12, 'post': 40, 'downstream': 54, 'upstream': 40, 'mito': 11, 'dark': 10, 'medium': 1}, 'AL-DC4(R)': {'pre': 8, 'post': 60, 'downstream': 37, 'upstream': 60, 'mito': 5, 'dark': 5}, 'AL-DM6(R)': {'post': 1, 'upstream': 1}, 'AL-DM5(R)': {'post': 1, 'upstream': 1}, 'AL-VM5d(R)': {'pre': 10, 'post': 19, 'downstream': 49, 'upstream': 19, 'mito': 3, 'dark': 3}, 'AL-VM7d(R)': {'pre': 108, 'post': 267, 'downstream': 538, 'upstream': 267, 'mito': 43, 'dark': 43}, 'AL-VM7v(R)': {'post': 1, 'upstream': 1}, 'AL-VP1d(R)': {'post': 8, 'upstream': 8}}",,"['AL(R)', 'AL-DC4(R)', 'AL-DM1(R)', 'AL-DM2(R)', 'AL-DM4(R)', 'AL-DM5(R)', 'AL-DM6(R)', 'AL-VM5d(R)', 'AL-VM7d(R)', 'AL-VM7v(R)', 'AL-VP1d(R)', 'CA(R)', 'LH(R)', 'MB(+ACA)(R)', 'MB(R)', 'SLP(R)', 'SNP(R)', 'mALT(R)']","['AL(R)', 'AL-DC4(R)', 'AL-DM1(R)', 'AL-DM2(R)', 'AL-DM4(R)', 'AL-VM5d(R)', 'AL-VM7d(R)', 'CA(R)', 'LH(R)', 'MB(+ACA)(R)', 'MB(R)', 'SLP(R)', 'SNP(R)', 'mALT(R)']"
632751823,VC5_lvPN_R,VC5_lvPN,151,203,1174,203,123,354979680,Traced,False,Roughly traced,AVM06,366.5,"[13631, 32002, 32752]","{'SNP(R)': {'pre': 3, 'post': 1, 'downstream': 16, 'upstream': 1, 'mito': 12, 'dark': 12}, 'SLP(R)': {'pre': 2, 'post': 1, 'downstream': 15, 'upstream': 1, 'mito': 11, 'dark': 11}, 'LH(R)': {'pre': 148, 'post': 47, 'downstream': 1158, 'upstream': 47, 'mito': 44, 'dark': 44}, 'SMP(R)': {'pre': 1, 'downstream': 1, 'mito': 1, 'dark': 1}, 'AL(R)': {'post': 155, 'upstream': 155, 'mito': 37, 'dark': 37}, 'AL-VC5(R)': {'post': 149, 'upstream': 149, 'mito': 34, 'dark': 34}, 'AL-VP1d(R)': {'post': 2, 'upstream': 2}, 'AL-VM1(R)': {'post': 4, 'upstream': 4}}",,"['AL(R)', 'AL-VC5(R)', 'AL-VM1(R)', 'AL-VP1d(R)', 'LH(R)', 'SLP(R)', 'SNP(R)']","['LH(R)', 'SLP(R)', 'SMP(R)', 'SNP(R)']"
634379734,M_vPNml88_R,M_vPNml88,157,117,1644,117,96,362714214,Traced,False,Roughly traced,AVM04,296.5,"[20701, 35621, 34080]","{'LH(R)': {'pre': 157, 'post': 32, 'downstream': 1644, 'upstream': 32, 'mito': 56, 'dark': 50, 'medium': 6}, 'AL(R)': {'post': 84, 'upstream': 84, 'mito': 22, 'dark': 22}, 'AL-VM5d(R)': {'post': 13, 'upstream': 13, 'mito': 1, 'dark': 1}, 'AL-VM5v(R)': {'post': 3, 'upstream': 3, 'mito': 1, 'dark': 1}, 'AL-VP1d(R)': {'post': 1, 'upstream': 1, 'mito': 1, 'dark': 1}, 'AL-VP1m(R)': {'post': 1, 'upstream': 1}, 'AL-VC4(R)': {'post': 11, 'upstream': 11, 'mito': 3, 'dark': 3}, 'AL-VC3l(R)': {'post': 18, 'upstream': 18, 'mito': 8, 'dark': 8}, 'AL-VA2(R)': {'post': 17, 'upstream': 17, 'mito': 3, 'dark': 3}, 'AL-VM3(R)': {'post': 18, 'upstream': 18, 'mito': 2, 'dark': 2}, 'AL-VC2(R)': {'post': 2, 'upstream': 2, 'mito': 1, 'dark': 1}}",,"['AL(R)', 'AL-VA2(R)', 'AL-VC2(R)', 'AL-VC3l(R)', 'AL-VC4(R)', 'AL-VM3(R)', 'AL-VM5d(R)', 'AL-VM5v(R)', 'AL-VP1d(R)', 'AL-VP1m(R)', 'LH(R)']",['LH(R)']
634707780,M_vPNml58_R,M_vPNml58,176,257,1987,257,151,442795621,Traced,False,Roughly traced,AVM04,,,"{'LH(R)': {'pre': 156, 'post': 41, 'downstream': 1772, 'upstream': 41, 'mito': 61, 'dark': 55, 'medium': 6}, 'SNP(R)': {'pre': 20, 'post': 2, 'downstream': 215, 'upstream': 2, 'mito': 5, 'dark': 3, 'medium': 2}, 'SLP(R)': {'pre': 20, 'post': 2, 'downstream': 215, 'upstream': 2, 'mito': 5, 'dark': 3, 'medium': 2}, 'AL(R)': {'post': 212, 'upstream': 212, 'mito': 65, 'dark': 63, 'medium': 2}, 'AL-DP1m(R)': {'post': 199, 'upstream': 199, 'mito': 55, 'dark': 53, 'medium': 2}, 'AL-DC4(R)': {'post': 4, 'upstream': 4, 'mito': 1, 'dark': 1}, 'AL-DM4(R)': {'post': 8, 'upstream': 8, 'mito': 4, 'dark': 4}, 'AL-DP1l(R)': {'post': 1, 'upstream': 1, 'mito': 2, 'dark': 2}}",,"['AL(R)', 'AL-DC4(R)', 'AL-DM4(R)', 'AL-DP1l(R)', 'AL-DP1m(R)', 'LH(R)', 'SLP(R)', 'SNP(R)']","['LH(R)', 'SLP(R)', 'SNP(R)']"
634759240,VP4_vPN(mlALT)_R,VP4_vPN,732,1424,8869,1424,380,1595155375,Traced,False,Roughly traced,AVM04,516.5,"[19275, 34311, 33280]","{'SNP(R)': {'pre': 233, 'post': 63, 'downstream': 2979, 'upstream': 63, 'mito': 56, 'dark': 37, 'light': 1, 'medium': 18}, 'SLP(R)': {'pre': 233, 'post': 63, 'downstream': 2979, 'upstream': 63, 'mito': 56, 'dark': 37, 'light': 1, 'medium': 18}, 'MB(R)': {'pre': 27, 'post': 16, 'downstream': 259, 'upstream': 16, 'mito': 24, 'dark': 22, 'medium': 2}, 'CA(R)': {'pre': 19, 'post': 14, 'downstream': 163, 'upstream': 14, 'mito': 13, 'dark': 12, 'medium': 1}, 'MB(+ACA)(R)': {'pre': 27, 'post': 16, 'downstream': 259, 'upstream': 16, 'mito': 25, 'dark': 23, 'medium': 2}, 'INP': {'pre': 222, 'post': 109, 'downstream': 2775, 'upstream': 109, 'mito': 55, 'dark': 35, 'light': 2, 'medium': 18}, 'SCL(R)': {'pre': 222, 'post': 109, 'downstream': 2775, 'upstream': 109, 'mito': 55, 'dark': 35, 'light': 2, 'medium': 18}, 'LH(R)': {'pre': 112, 'post': 68, 'downstream': 1343, 'upstream': 68, 'mito': 39, 'dark': 32, 'light': 1, 'medium': 6}, 'VLNP(R)': {'pre': 115, 'post': 35, 'downstream': 1431, 'upstream': 35, 'mito': 32, 'dark': 20, 'medium': 12}, 'AVLP(R)': {'pre': 34, 'post': 12, 'downstream': 483, 'upstream': 12, 'mito': 6, 'dark': 5, 'medium': 1}, 'PLP(R)': {'pre': 81, 'post': 23, 'downstream': 948, 'upstream': 23, 'mito': 26, 'dark': 15, 'medium': 11}, 'PED(R)': {'pre': 8, 'post': 2, 'downstream': 96, 'upstream': 2, 'mito': 11, 'dark': 10, 'medium': 1}, 'AL(R)': {'pre': 20, 'post': 1122, 'downstream': 74, 'upstream': 1122, 'mito': 85, 'dark': 77, 'light': 1, 'medium': 7}, 'AL-DM4(R)': {'post': 14, 'upstream': 14, 'mito': 3, 'dark': 3}, 'AL-VP4(R)': {'pre': 20, 'post': 1016, 'downstream': 74, 'upstream': 1016, 'mito': 70, 'dark': 63, 'light': 1, 'medium': 6}, 'AL-DP1m(R)': {'post': 1, 'upstream': 1}, 'AL-VP1d(R)': {'post': 7, 'upstream': 7}, 'AL-VP2(R)': {'post': 15, 'upstream': 15, 'mito': 2, 'dark': 2}, 'mALT(R)': {'post': 1, 'upstream': 1, 'mito': 5, 'dark': 5}, 'AL-VP1l(R)': {'post': 16, 'upstream': 16, 'mito': 2, 'dark': 2}, 'AL-VP3(R)': {'post': 25, 'upstream': 25, 'mito': 6, 'dark': 5, 'medium': 1}, 'AL-VL2p(R)': {'post': 5, 'upstream': 5}, 'AL-VP5(R)': {'post': 1, 'upstream': 1}, 'AL-VL1(R)': {'post': 8, 'upstream': 8, 'mito': 2, 'dark': 2}, 'PENP': {'pre': 1, 'downstream': 2}, 'SAD': {'pre': 1, 'downstream': 2}, 'AMMC': {'pre': 1, 'downstream': 2}}",,"['AL(R)', 'AL-DM4(R)', 'AL-DP1m(R)', 'AL-VL1(R)', 'AL-VL2p(R)', 'AL-VP1d(R)', 'AL-VP1l(R)', 'AL-VP2(R)', 'AL-VP3(R)', 'AL-VP4(R)', 'AL-VP5(R)', 'AVLP(R)', 'CA(R)', 'INP', 'LH(R)', 'MB(+ACA)(R)', 'MB(R)', 'PED(R)', 'PLP(R)', 'SCL(R)', 'SLP(R)', 'SNP(R)', 'VLNP(R)', 'mALT(R)']","['AL(R)', 'AL-VP4(R)', 'AMMC', 'AVLP(R)', 'CA(R)', 'INP', 'LH(R)', 'MB(+ACA)(R)', 'MB(R)', 'PED(R)', 'PENP', 'PLP(R)', 'SAD', 'SCL(R)', 'SLP(R)', 'SNP(R)', 'VLNP(R)']"
635048729,DP1m_vPN_R,DP1m_vPN,180,273,1868,273,169,617533058,Traced,False,Roughly traced,AVM04,451.5,"[20356, 35019, 34416]","{'LH(R)': {'pre': 179, 'post': 25, 'downstream': 1864, 'upstream': 25, 'mito': 79, 'dark': 74, 'light': 1, 'medium': 4}, 'AL(R)': {'pre': 1, 'post': 246, 'downstream': 4, 'upstream': 246, 'mito': 47, 'dark': 44, 'medium': 3}, 'AL-DP1m(R)': {'post': 245, 'upstream': 245, 'mito': 43, 'dark': 40, 'medium': 3}, 'AL-DP1l(R)': {'pre': 1, 'downstream': 4}, 'AL-VP1d(R)': {'post': 1, 'upstream': 1, 'mito': 2, 'dark': 2}}",,"['AL(R)', 'AL-DP1m(R)', 'AL-VP1d(R)', 'LH(R)']","['AL(R)', 'AL-DP1l(R)', 'LH(R)']"
635062078,DP1m_adPN_R,DP1m_adPN,5121,13132,42040,13132,1562,8069451734,Traced,False,Roughly traced,,722.0,"[21958, 35825, 32496]","{'LH(R)': {'pre': 2331, 'post': 1460, 'downstream': 21015, 'upstream': 1460, 'mito': 357, 'dark': 307, 'medium': 50}, 'MB(R)': {'pre': 1181, 'post': 566, 'downstream': 12106, 'upstream': 566, 'mito': 171, 'dark': 159, 'light': 3, 'medium': 9}, 'CA(R)': {'pre': 1181, 'post': 566, 'downstream': 12106, 'upstream': 566, 'mito': 171, 'dark': 159, 'light': 3, 'medium': 9}, 'MB(+ACA)(R)': {'pre': 1181, 'post': 571, 'downstream': 12106, 'upstream': 571, 'mito': 171, 'dark': 159, 'light': 3, 'medium': 9}, 'SNP(R)': {'pre': 25, 'post': 17, 'downstream': 236, 'upstream': 17, 'mito': 35, 'dark': 34, 'medium': 1}, 'SLP(R)': {'pre': 25, 'post': 17, 'downstream': 236, 'upstream': 17, 'mito': 35, 'dark': 34, 'medium': 1}, 'lACA(R)': {'post': 5, 'upstream': 5}, 'mALT(R)': {'pre': 20, 'post': 31, 'downstream': 52, 'upstream': 31, 'mito': 188, 'dark': 162, 'light': 3, 'medium': 23}, 'INP': {'post': 1, 'upstream': 1, 'mito': 10, 'dark': 9, 'medium': 1}, 'SCL(R)': {'post': 1, 'upstream': 1, 'mito': 5, 'dark': 5}, 'AL(R)': {'pre': 1560, 'post': 11047, 'downstream': 8613, 'upstream': 11047, 'mito': 688, 'dark': 517, 'light': 24, 'medium': 147}, 'AL-DP1m(R)': {'pre': 1506, 'post': 10617, 'downstream': 8318, 'upstream': 10617, 'mito': 587, 'dark': 433, 'light': 24, 'medium': 130}, 'LX(R)': {'pre': 3, 'post': 9, 'downstream': 16, 'upstream': 9, 'mito': 3, 'dark': 3}, 'LAL(R)': {'pre': 3, 'post': 9, 'downstream': 16, 'upstream': 9, 'mito': 3, 'dark': 3}, 'LAL(-GA)(R)': {'pre': 3, 'post': 9, 'downstream': 16, 'upstream': 9, 'mito': 3, 'dark': 3}, 'AL-DC4(R)': {'pre': 40, 'post': 175, 'downstream': 229, 'upstream': 175, 'mito': 35, 'dark': 30, 'medium': 5}, 'AL-DP1l(R)': {'pre': 12, 'post': 222, 'downstream': 63, 'upstream': 222, 'mito': 16, 'dark': 13, 'medium': 3}, 'AL-DL2v(R)': {'post': 13, 'upstream': 13, 'mito': 1, 'dark': 1}, 'AL-DM4(R)': {'post': 15, 'upstream': 15, 'mito': 1, 'dark': 1}, 'AL-VM7d(R)': {'pre': 1, 'post': 2, 'downstream': 1, 'upstream': 2, 'mito': 10, 'dark': 10}, 'AL-VC3l(R)': {'pre': 1, 'post': 2, 'downstream': 2, 'upstream': 2, 'mito': 12, 'dark': 8, 'medium': 4}}",,"['AL(R)', 'AL-DC4(R)', 'AL-DL2v(R)', 'AL-DM4(R)', 'AL-DP1l(R)', 'AL-DP1m(R)', 'AL-VC3l(R)', 'AL-VM7d(R)', 'CA(R)', 'INP', 'LAL(-GA)(R)', 'LAL(R)', 'LH(R)', 'LX(R)', 'MB(+ACA)(R)', 'MB(R)', 'SCL(R)', 'SLP(R)', 'SNP(R)', 'lACA(R)', 'mALT(R)']","['AL(R)', 'AL-DC4(R)', 'AL-DP1l(R)', 'AL-DP1m(R)', 'AL-VC3l(R)', 'AL-VM7d(R)', 'CA(R)', 'LAL(-GA)(R)', 'LAL(R)', 'LH(R)', 'LX(R)', 'MB(+ACA)(R)', 'MB(R)', 'SLP(R)', 'SNP(R)', 'mALT(R)']"
635407942,M_vPNml85_R,M_vPNml85,165,139,1493,139,101,260402205,Traced,False,Roughly traced,AVM04,,,"{'LH(R)': {'pre': 158, 'post': 70, 'downstream': 1473, 'upstream': 70, 'mito': 57, 'dark': 52, 'medium': 5}, 'AL(R)': {'pre': 7, 'post': 67, 'downstream': 20, 'upstream': 67, 'mito': 26, 'dark': 26}, 'AL-VP4(R)': {'post': 1, 'upstream': 1, 'mito': 2, 'dark': 2}, 'AL-VP1d(R)': {'post': 1, 'upstream': 1, 'mito': 2, 'dark': 2}, 'AL-VC3l(R)': {'post': 6, 'upstream': 6, 'mito': 5, 'dark': 5}, 'AL-VC4(R)': {'post': 6, 'upstream': 6, 'mito': 3, 'dark': 3}, 'AL-VM3(R)': {'pre': 3, 'post': 27, 'downstream': 6, 'upstream': 27, 'mito': 11, 'dark': 11}, 'AL-VA2(R)': {'post': 14, 'upstream': 14, 'mito': 2, 'dark': 2}, 'AL-VM4(R)': {'pre': 4, 'post': 12, 'downstream': 14, 'upstream': 12, 'mito': 1, 'dark': 1}}",,"['AL(R)', 'AL-VA2(R)', 'AL-VC3l(R)', 'AL-VC4(R)', 'AL-VM3(R)', 'AL-VM4(R)', 'AL-VP1d(R)', 'AL-VP4(R)', 'LH(R)']","['AL(R)', 'AL-VM3(R)', 'AL-VM4(R)', 'LH(R)']"
635416407,DM5_lPN_R,DM5_lPN,641,802,5543,802,245,1050127054,Traced,False,Roughly traced,AVM02,441.5,"[14114, 35486, 28408]","{'LH(R)': {'pre': 347, 'post': 155, 'downstream': 3110, 'upstream': 155, 'mito': 71, 'dark': 52, 'light': 3, 'medium': 16}, 'MB(R)': {'pre': 165, 'post': 87, 'downstream': 1837, 'upstream': 87, 'mito': 26, 'dark': 24, 'light': 1, 'medium': 1}, 'CA(R)': {'pre': 165, 'post': 87, 'downstream': 1837, 'upstream': 87, 'mito': 26, 'dark': 24, 'light': 1, 'medium': 1}, 'MB(+ACA)(R)': {'pre': 165, 'post': 87, 'downstream': 1837, 'upstream': 87, 'mito': 26, 'dark': 24, 'light': 1, 'medium': 1}, 'mALT(R)': {'pre': 10, 'post': 10, 'downstream': 39, 'upstream': 10, 'mito': 50, 'dark': 43, 'medium': 7}, 'AL(R)': {'pre': 119, 'post': 549, 'downstream': 557, 'upstream': 549, 'mito': 68, 'dark': 66, 'medium': 2}, 'AL-DM2(R)': {'pre': 12, 'post': 46, 'downstream': 56, 'upstream': 46, 'mito': 4, 'dark': 4}, 'AL-DM6(R)': {'post': 6, 'upstream': 6}, 'AL-DM5(R)': {'pre': 86, 'post': 450, 'downstream': 420, 'upstream': 450, 'mito': 35, 'dark': 34, 'medium': 1}, 'AL-DC2(R)': {'pre': 1, 'downstream': 3, 'mito': 1, 'dark': 1}, 'AL-VM5d(R)': {'pre': 17, 'post': 30, 'downstream': 69, 'upstream': 30, 'mito': 16, 'dark': 16}, 'AL-VP1d(R)': {'post': 2, 'upstream': 2, 'mito': 4, 'dark': 3, 'medium': 1}, 'AL-DC4(R)': {'post': 2, 'upstream': 2, 'mito': 2, 'dark': 2}, 'AL-VM7v(R)': {'post': 3, 'upstream': 3, 'mito': 1, 'dark': 1}, 'AL-VP1m(R)': {'post': 1, 'upstream': 1}, 'AL-VC4(R)': {'pre': 2, 'post': 7, 'downstream': 6, 'upstream': 7, 'mito': 2, 'dark': 2}}",,"['AL(R)', 'AL-DC4(R)', 'AL-DM2(R)', 'AL-DM5(R)', 'AL-DM6(R)', 'AL-VC4(R)', 'AL-VM5d(R)', 'AL-VM7v(R)', 'AL-VP1d(R)', 'AL-VP1m(R)', 'CA(R)', 'LH(R)', 'MB(+ACA)(R)', 'MB(R)', 'mALT(R)']","['AL(R)', 'AL-DC2(R)', 'AL-DM2(R)', 'AL-DM5(R)', 'AL-VC4(R)', 'AL-VM5d(R)', 'CA(R)', 'LH(R)', 'MB(+ACA)(R)', 'MB(R)', 'mALT(R)']"
636418270,M_vPNml58_R,M_vPNml58,175,204,1913,204,136,428282100,Traced,False,Roughly traced,AVM04,,,"{'LH(R)': {'pre': 140, 'post': 35, 'downstream': 1569, 'upstream': 35, 'mito': 59, 'dark': 43, 'medium': 16}, 'SNP(R)': {'pre': 35, 'post': 5, 'downstream': 344, 'upstream': 5, 'mito': 5, 'dark': 2, 'medium': 3}, 'SLP(R)': {'pre': 35, 'post': 5, 'downstream': 344, 'upstream': 5, 'mito': 5, 'dark': 2, 'medium': 3}, 'AL(R)': {'post': 155, 'upstream': 155, 'mito': 50, 'dark': 47, 'light': 1, 'medium': 2}, 'AL-DP1m(R)': {'post': 134, 'upstream': 134, 'mito': 36, 'dark': 35, 'medium': 1}, 'AL-DC4(R)': {'post': 3, 'upstream': 3, 'mito': 2, 'dark': 2}, 'mALT(R)': {'post': 1, 'upstream': 1, 'mito': 1, 'dark': 1}, 'AL-DP1l(R)': {'post': 3, 'upstream': 3, 'mito': 4, 'dark': 4}, 'LX(R)': {'post': 1, 'upstream': 1, 'mito': 1, 'dark': 1}, 'LAL(R)': {'post': 1, 'upstream': 1, 'mito': 1, 'dark': 1}, 'LAL(-GA)(R)': {'post': 1, 'upstream': 1, 'mito': 1, 'dark': 1}, 'AL-VP1d(R)': {'post': 1, 'upstream': 1, 'mito': 1, 'dark': 1}, 'AL-VL2p(R)': {'post': 4, 'upstream': 4, 'mito': 1, 'dark': 1}, 'PENP': {'post': 3, 'upstream': 3}, 'SAD': {'post': 3, 'upstream': 3}, 'AMMC': {'post': 3, 'upstream': 3}}",,"['AL(R)', 'AL-DC4(R)', 'AL-DP1l(R)', 'AL-DP1m(R)', 'AL-VL2p(R)', 'AL-VP1d(R)', 'AMMC', 'LAL(-GA)(R)', 'LAL(R)', 'LH(R)', 'LX(R)', 'PENP', 'SAD', 'SLP(R)', 'SNP(R)', 'mALT(R)']","['LH(R)', 'SLP(R)', 'SNP(R)']"
636789080,VC5_adPN_R,VC5_adPN,2602,6298,21085,6298,864,4604797229,Traced,False,Roughly traced,AVM01,341.5,"[23193, 35727, 27096]","{'LH(R)': {'pre': 1144, 'post': 591, 'downstream': 10885, 'upstream': 591, 'mito': 174, 'dark': 162, 'light': 4, 'medium': 8}, 'MB(R)': {'pre': 441, 'post': 153, 'downstream': 4153, 'upstream': 153, 'mito': 34, 'dark': 33, 'light': 1}, 'CA(R)': {'pre': 441, 'post': 153, 'downstream': 4153, 'upstream': 153, 'mito': 34, 'dark': 33, 'light': 1}, 'MB(+ACA)(R)': {'pre': 444, 'post': 157, 'downstream': 4179, 'upstream': 157, 'mito': 34, 'dark': 33, 'light': 1}, 'SNP(R)': {'pre': 59, 'post': 48, 'downstream': 491, 'upstream': 48, 'mito': 30, 'dark': 27, 'light': 1, 'medium': 2}, 'SLP(R)': {'pre': 59, 'post': 48, 'downstream': 491, 'upstream': 48, 'mito': 30, 'dark': 27, 'light': 1, 'medium': 2}, 'lACA(R)': {'pre': 3, 'post': 4, 'downstream': 26, 'upstream': 4}, 'mALT(R)': {'pre': 9, 'post': 22, 'downstream': 24, 'upstream': 22, 'mito': 113, 'dark': 110, 'medium': 3}, 'INP': {'pre': 12, 'post': 13, 'downstream': 110, 'upstream': 13, 'mito': 1, 'dark': 1}, 'SCL(R)': {'pre': 12, 'post': 13, 'downstream': 110, 'upstream': 13, 'mito': 1, 'dark': 1}, 'AL(R)': {'pre': 937, 'post': 5463, 'downstream': 5422, 'upstream': 5463, 'mito': 451, 'dark': 430, 'light': 1, 'medium': 20}, 'AL-VC5(R)': {'pre': 909, 'post': 5335, 'downstream': 5262, 'upstream': 5335, 'mito': 431, 'dark': 411, 'light': 1, 'medium': 19}, 'AL-VP2(R)': {'pre': 1, 'downstream': 1, 'mito': 5, 'dark': 5}, 'AL-VP1d(R)': {'pre': 5, 'post': 36, 'downstream': 30, 'upstream': 36, 'mito': 4, 'dark': 4}, 'AL-VC1(R)': {'post': 2, 'upstream': 2}, 'AL-VM7v(R)': {'post': 1, 'upstream': 1, 'mito': 1, 'dark': 1}, 'AL-VP1m(R)': {'post': 5, 'upstream': 5, 'mito': 2, 'dark': 2}, 'AL-VC3l(R)': {'pre': 2, 'post': 12, 'downstream': 9, 'upstream': 12, 'mito': 3, 'dark': 3}, 'AL-VC3m(R)': {'post': 4, 'upstream': 4}, 'PENP': {'post': 3, 'upstream': 3, 'mito': 1, 'dark': 1}, 'FLA(R)': {'post': 3, 'upstream': 3, 'mito': 1, 'dark': 1}, 'AL-VM4(R)': {'pre': 17, 'post': 46, 'downstream': 102, 'upstream': 46, 'mito': 3, 'dark': 3}, 'AL-VC2(R)': {'pre': 3, 'post': 20, 'downstream': 18, 'upstream': 20, 'mito': 1, 'dark': 1}, 'AL-V(R)': {'post': 2, 'upstream': 2}}",VM6+VP1 adPN (Yu et al. PLoS Biol 2010),"['AL(R)', 'AL-V(R)', 'AL-VC1(R)', 'AL-VC2(R)', 'AL-VC3l(R)', 'AL-VC3m(R)', 'AL-VC5(R)', 'AL-VM4(R)', 'AL-VM7v(R)', 'AL-VP1d(R)', 'AL-VP1m(R)', 'CA(R)', 'FLA(R)', 'INP', 'LH(R)', 'MB(+ACA)(R)', 'MB(R)', 'PENP', 'SCL(R)', 'SLP(R)', 'SNP(R)', 'lACA(R)', 'mALT(R)']","['AL(R)', 'AL-VC2(R)', 'AL-VC3l(R)', 'AL-VC5(R)', 'AL-VM4(R)', 'AL-VP1d(R)', 'AL-VP2(R)', 'CA(R)', 'INP', 'LH(R)', 'MB(+ACA)(R)', 'MB(R)', 'SCL(R)', 'SLP(R)', 'SNP(R)', 'lACA(R)', 'mALT(R)']"
637462647,M_vPNml80_R,M_vPNml80,110,430,1039,430,92,221454851,Traced,False,Roughly traced,AVM04,,,"{'LH(R)': {'pre': 107, 'post': 60, 'downstream': 1024, 'upstream': 60, 'mito': 40, 'dark': 39, 'medium': 1}, 'VLNP(R)': {'pre': 1, 'downstream': 8, 'mito': 1, 'dark': 1}, 'AVLP(R)': {'pre': 1, 'downstream': 8, 'mito': 1, 'dark': 1}, 'AL(R)': {'pre': 1, 'post': 369, 'downstream': 2, 'upstream': 369, 'mito': 39, 'dark': 39}, 'AL-DC4(R)': {'post': 224, 'upstream': 224, 'mito': 20, 'dark': 20}, 'AL-VA6(R)': {'post': 48, 'upstream': 48, 'mito': 4, 'dark': 4}, 'AL-DP1m(R)': {'post': 1, 'upstream': 1, 'mito': 1, 'dark': 1}, 'AL-DC2(R)': {'post': 45, 'upstream': 45, 'mito': 4, 'dark': 4}, 'AL-DC3(R)': {'post': 5, 'upstream': 5}, 'AL-VP1d(R)': {'post': 9, 'upstream': 9, 'mito': 4, 'dark': 4}, 'AL-VM7d(R)': {'post': 1, 'upstream': 1}, 'AL-VM7v(R)': {'post': 3, 'upstream': 3}, 'AL-VC1(R)': {'post': 6, 'upstream': 6, 'mito': 1, 'dark': 1}, 'AL-VC2(R)': {'post': 13, 'upstream': 13}}",,"['AL(R)', 'AL-DC2(R)', 'AL-DC3(R)', 'AL-DC4(R)', 'AL-DP1m(R)', 'AL-VA6(R)', 'AL-VC1(R)', 'AL-VC2(R)', 'AL-VM7d(R)', 'AL-VM7v(R)', 'AL-VP1d(R)', 'LH(R)']","['AL(R)', 'AVLP(R)', 'LH(R)', 'VLNP(R)']"
639276164,M_lvPNm25_R,M_lvPNm25,375,570,3455,570,232,642275219,Traced,False,Roughly traced,AVM06,416.5,"[13715, 33180, 34656]","{'SNP(R)': {'pre': 338, 'post': 98, 'downstream': 3134, 'upstream': 98, 'mito': 88, 'dark': 87, 'medium': 1}, 'SIP(R)': {'pre': 189, 'post': 56, 'downstream': 1697, 'upstream': 56, 'mito': 48, 'dark': 48}, 'SMP(R)': {'pre': 149, 'post': 42, 'downstream': 1437, 'upstream': 42, 'mito': 40, 'dark': 39, 'medium': 1}, 'INP': {'pre': 32, 'post': 10, 'downstream': 301, 'upstream': 10, 'mito': 10, 'dark': 10}, 'ATL(R)': {'post': 1, 'upstream': 1, 'mito': 1, 'dark': 1}, 'CRE(R)': {'pre': 32, 'post': 9, 'downstream': 301, 'upstream': 9, 'mito': 9, 'dark': 9}, 'CRE(-ROB,-RUB)(R)': {'pre': 32, 'post': 9, 'downstream': 301, 'upstream': 9, 'mito': 9, 'dark': 9}, 'MB(R)': {'pre': 1, 'downstream': 7}, ""b'L(R)"": {'pre': 1, 'downstream': 7}, ""b'2(R)"": {'pre': 1, 'downstream': 7}, 'MB(+ACA)(R)': {'pre': 1, 'downstream': 7}, 'mALT(R)': {'pre': 3, 'post': 2, 'downstream': 6, 'upstream': 2, 'mito': 14, 'dark': 13, 'medium': 1}, 'AL(R)': {'pre': 1, 'post': 459, 'downstream': 7, 'upstream': 459, 'mito': 103, 'dark': 101, 'medium': 2}, 'AL-DL5(R)': {'post': 41, 'upstream': 41, 'mito': 5, 'dark': 5}, 'AL-DM4(R)': {'pre': 1, 'post': 27, 'downstream': 7, 'upstream': 27, 'mito': 9, 'dark': 9}, 'AL-DP1m(R)': {'post': 170, 'upstream': 170, 'mito': 35, 'dark': 33, 'medium': 2}, 'AL-DM1(R)': {'post': 7, 'upstream': 7, 'mito': 3, 'dark': 3}, 'AL-DC1(R)': {'post': 89, 'upstream': 89, 'mito': 12, 'dark': 12}, 'AL-DM2(R)': {'post': 31, 'upstream': 31, 'mito': 9, 'dark': 9}, 'AL-DC4(R)': {'post': 26, 'upstream': 26, 'mito': 10, 'dark': 10}, 'AL-VM7d(R)': {'post': 13, 'upstream': 13, 'mito': 3, 'dark': 3}, 'AL-DL2v(R)': {'post': 2, 'upstream': 2}, 'AL-VC3l(R)': {'post': 10, 'upstream': 10, 'mito': 3, 'dark': 3}, 'AL-VP2(R)': {'post': 1, 'upstream': 1, 'mito': 1, 'dark': 1}, 'AL-VP1d(R)': {'post': 8, 'upstream': 8, 'mito': 1, 'dark': 1}, 'AL-VP1m(R)': {'post': 1, 'upstream': 1, 'mito': 2, 'dark': 2}, 'AL-VC4(R)': {'post': 6, 'upstream': 6, 'mito': 1, 'dark': 1}, 'AL-VC1(R)': {'post': 3, 'upstream': 3, 'mito': 2, 'dark': 2}, 'AL-VA2(R)': {'post': 7, 'upstream': 7}, 'AL-VC2(R)': {'post': 8, 'upstream': 8, 'mito': 3, 'dark': 3}}",,"['AL(R)', 'AL-DC1(R)', 'AL-DC4(R)', 'AL-DL2v(R)', 'AL-DL5(R)', 'AL-DM1(R)', 'AL-DM2(R)', 'AL-DM4(R)', 'AL-DP1m(R)', 'AL-VA2(R)', 'AL-VC1(R)', 'AL-VC2(R)', 'AL-VC3l(R)', 'AL-VC4(R)', 'AL-VM7d(R)', 'AL-VP1d(R)', 'AL-VP1m(R)', 'AL-VP2(R)', 'ATL(R)', 'CRE(-ROB,-RUB)(R)', 'CRE(R)', 'INP', 'SIP(R)', 'SMP(R)', 'SNP(R)', 'mALT(R)']","['AL(R)', 'AL-DM4(R)', 'CRE(-ROB,-RUB)(R)', 'CRE(R)', 'INP', 'MB(+ACA)(R)', 'MB(R)', 'SIP(R)', 'SMP(R)', 'SNP(R)', ""b'2(R)"", ""b'L(R)"", 'mALT(R)']"
662776660,VC3m_lvPN_R,VC3m_lvPN,1248,2274,10607,2274,432,1967077047,Traced,False,Roughly traced,AVM06,661.5,"[16674, 28721, 32608]","{'MB(R)': {'pre': 258, 'post': 71, 'downstream': 2532, 'upstream': 71, 'mito': 18, 'dark': 17, 'medium': 1}, 'CA(R)': {'pre': 258, 'post': 71, 'downstream': 2532, 'upstream': 71, 'mito': 18, 'dark': 17, 'medium': 1}, 'MB(+ACA)(R)': {'pre': 259, 'post': 73, 'downstream': 2534, 'upstream': 73, 'mito': 25, 'dark': 24, 'medium': 1}, 'SNP(R)': {'pre': 6, 'post': 11, 'downstream': 26, 'upstream': 11, 'mito': 20, 'dark': 20}, 'SLP(R)': {'pre': 4, 'post': 10, 'downstream': 21, 'upstream': 10, 'mito': 19, 'dark': 19}, 'dACA(R)': {'pre': 1, 'post': 2, 'downstream': 2, 'upstream': 2, 'mito': 7, 'dark': 7}, 'SMP(R)': {'pre': 2, 'post': 1, 'downstream': 5, 'upstream': 1, 'mito': 1, 'dark': 1}, 'LH(R)': {'pre': 674, 'post': 263, 'downstream': 6386, 'upstream': 263, 'mito': 113, 'dark': 109, 'medium': 4}, 'INP': {'pre': 1, 'post': 3, 'downstream': 1, 'upstream': 3, 'mito': 4, 'dark': 4}, 'ATL(R)': {'pre': 1, 'downstream': 1}, 'SCL(R)': {'post': 3, 'upstream': 3, 'mito': 4, 'dark': 4}, 'mALT(R)': {'pre': 4, 'post': 5, 'downstream': 7, 'upstream': 5, 'mito': 36, 'dark': 34, 'medium': 2}, 'AL(R)': {'pre': 304, 'post': 1915, 'downstream': 1654, 'upstream': 1915, 'mito': 186, 'dark': 181, 'light': 2, 'medium': 3}, 'AL-VC3l(R)': {'pre': 48, 'post': 206, 'downstream': 257, 'upstream': 206, 'mito': 14, 'dark': 14}, 'AL-VC5(R)': {'pre': 102, 'post': 568, 'downstream': 550, 'upstream': 568, 'mito': 62, 'dark': 61, 'medium': 1}, 'AL-VP1d(R)': {'pre': 1, 'post': 12, 'downstream': 5, 'upstream': 12, 'mito': 9, 'dark': 9}, 'AL-VP2(R)': {'post': 1, 'upstream': 1, 'mito': 3, 'dark': 3}, 'AL-VC3m(R)': {'pre': 152, 'post': 1115, 'downstream': 837, 'upstream': 1115, 'mito': 93, 'dark': 90, 'light': 1, 'medium': 2}, 'VMNP': {'post': 2, 'upstream': 2}, 'VES(R)': {'post': 2, 'upstream': 2}, 'AL-VM1(R)': {'post': 7, 'upstream': 7, 'mito': 1, 'dark': 1}, 'AL-VM4(R)': {'pre': 1, 'post': 6, 'downstream': 5, 'upstream': 6, 'mito': 2, 'dark': 2}}",,"['AL(R)', 'AL-VC3l(R)', 'AL-VC3m(R)', 'AL-VC5(R)', 'AL-VM1(R)', 'AL-VM4(R)', 'AL-VP1d(R)', 'AL-VP2(R)', 'CA(R)', 'INP', 'LH(R)', 'MB(+ACA)(R)', 'MB(R)', 'SCL(R)', 'SLP(R)', 'SMP(R)', 'SNP(R)', 'VES(R)', 'VMNP', 'dACA(R)', 'mALT(R)']","['AL(R)', 'AL-VC3l(R)', 'AL-VC3m(R)', 'AL-VC5(R)', 'AL-VM4(R)', 'AL-VP1d(R)', 'ATL(R)', 'CA(R)', 'INP', 'LH(R)', 'MB(+ACA)(R)', 'MB(R)', 'SLP(R)', 'SMP(R)', 'SNP(R)', 'dACA(R)', 'mALT(R)']"
663432544,VP3+_vPN(t10ALT)_R,VP3+_vPN,420,686,3112,686,238,1053211683,Traced,False,Roughly traced,AVM04,,,"{'SNP(R)': {'pre': 418, 'post': 38, 'downstream': 3105, 'upstream': 38, 'mito': 70, 'dark': 69, 'medium': 1}, 'SLP(R)': {'pre': 418, 'post': 38, 'downstream': 3105, 'upstream': 38, 'mito': 70, 'dark': 69, 'medium': 1}, 'lACA(R)': {'pre': 406, 'post': 36, 'downstream': 3025, 'upstream': 36, 'mito': 69, 'dark': 68, 'medium': 1}, 'MB(+ACA)(R)': {'pre': 406, 'post': 39, 'downstream': 3025, 'upstream': 39, 'mito': 101, 'dark': 100, 'medium': 1}, 'MB(R)': {'post': 3, 'upstream': 3, 'mito': 32, 'dark': 32}, 'CA(R)': {'post': 1, 'upstream': 1, 'mito': 12, 'dark': 12}, 'INP': {'post': 1, 'upstream': 1}, 'SCL(R)': {'post': 1, 'upstream': 1}, 'VLNP(R)': {'post': 2, 'upstream': 2, 'mito': 7, 'dark': 7}, 'PLP(R)': {'post': 2, 'upstream': 2, 'mito': 7, 'dark': 7}, 'PED(R)': {'post': 2, 'upstream': 2, 'mito': 20, 'dark': 20}, 'AL(R)': {'pre': 1, 'post': 631, 'downstream': 6, 'upstream': 631, 'mito': 65, 'dark': 54, 'light': 2, 'medium': 9}, 'AL-VP4(R)': {'post': 11, 'upstream': 11, 'mito': 4, 'dark': 3, 'medium': 1}, 'AL-VP1l(R)': {'pre': 1, 'post': 82, 'downstream': 6, 'upstream': 82, 'mito': 10, 'dark': 8, 'medium': 2}, 'AL-VP3(R)': {'post': 533, 'upstream': 533, 'mito': 48, 'dark': 41, 'light': 2, 'medium': 5}, 'AL-VP1m(R)': {'post': 5, 'upstream': 5}}",AL-t5PN1 (Jenett et al. Cell Rep. 2012); slow-cool PN (Liu et al. Nature 2015); VP3 vPN (Marin et al. Curr Biol 2020),"['AL(R)', 'AL-VP1l(R)', 'AL-VP1m(R)', 'AL-VP3(R)', 'AL-VP4(R)', 'CA(R)', 'INP', 'MB(+ACA)(R)', 'MB(R)', 'PED(R)', 'PLP(R)', 'SCL(R)', 'SLP(R)', 'SNP(R)', 'VLNP(R)', 'lACA(R)']","['AL(R)', 'AL-VP1l(R)', 'MB(+ACA)(R)', 'SLP(R)', 'SNP(R)', 'lACA(R)']"
663787020,VP1m+_lvPN(t2ALT)_R,VP1m+_lvPN,364,1323,2947,1323,304,941079665,Traced,False,Traced,AVM06,392.0,"[14908, 28167, 32272]","{'SNP(R)': {'pre': 133, 'post': 151, 'downstream': 1086, 'upstream': 151, 'mito': 66, 'dark': 44, 'light': 4, 'medium': 18}, 'SLP(R)': {'pre': 133, 'post': 151, 'downstream': 1086, 'upstream': 151, 'mito': 66, 'dark': 44, 'light': 4, 'medium': 18}, 'dACA(R)': {'pre': 47, 'post': 53, 'downstream': 359, 'upstream': 53, 'mito': 17, 'dark': 7, 'light': 3, 'medium': 7}, 'MB(+ACA)(R)': {'pre': 70, 'post': 128, 'downstream': 508, 'upstream': 128, 'mito': 34, 'dark': 21, 'light': 4, 'medium': 9}, 'lACA(R)': {'post': 12, 'upstream': 12, 'mito': 1, 'dark': 1}, 'MB(R)': {'pre': 23, 'post': 63, 'downstream': 149, 'upstream': 63, 'mito': 16, 'dark': 13, 'light': 1, 'medium': 2}, 'CA(R)': {'pre': 23, 'post': 63, 'downstream': 149, 'upstream': 63, 'mito': 16, 'dark': 13, 'light': 1, 'medium': 2}, 'INP': {'pre': 60, 'post': 82, 'downstream': 473, 'upstream': 82, 'mito': 38, 'dark': 29, 'light': 1, 'medium': 8}, 'SCL(R)': {'pre': 59, 'post': 75, 'downstream': 469, 'upstream': 75, 'mito': 22, 'dark': 14, 'medium': 8}, 'LH(R)': {'pre': 145, 'post': 151, 'downstream': 1224, 'upstream': 151, 'mito': 44, 'dark': 28, 'light': 3, 'medium': 13}, 'mALT(R)': {'post': 3, 'upstream': 3, 'mito': 15, 'dark': 14, 'medium': 1}, 'VLNP(R)': {'pre': 2, 'post': 73, 'downstream': 12, 'upstream': 73, 'mito': 12, 'dark': 10, 'medium': 2}, 'PLP(R)': {'pre': 2, 'post': 73, 'downstream': 12, 'upstream': 73, 'mito': 12, 'dark': 10, 'medium': 2}, 'ICL(R)': {'pre': 1, 'post': 7, 'downstream': 4, 'upstream': 7, 'mito': 16, 'dark': 15, 'light': 1}, 'AL(R)': {'post': 764, 'upstream': 764, 'mito': 76, 'dark': 64, 'light': 4, 'medium': 8}, 'AL-VP1d(R)': {'post': 24, 'upstream': 24, 'mito': 3, 'dark': 3}, 'AL-VP1m(R)': {'post': 274, 'upstream': 274, 'mito': 17, 'dark': 14, 'light': 1, 'medium': 2}, 'AL-VP2(R)': {'post': 61, 'upstream': 61, 'mito': 7, 'dark': 3, 'medium': 4}, 'AL-VP4(R)': {'post': 19, 'upstream': 19, 'mito': 4, 'dark': 2, 'light': 1, 'medium': 1}, 'AL-VP1l(R)': {'post': 31, 'upstream': 31, 'mito': 9, 'dark': 9}, 'AL-VP3(R)': {'post': 44, 'upstream': 44, 'mito': 12, 'dark': 11, 'medium': 1}, 'AL-VP5(R)': {'post': 258, 'upstream': 258, 'mito': 18, 'dark': 17, 'light': 1}, 'VMNP': {'post': 6, 'upstream': 6, 'mito': 2, 'dark': 2}, 'VES(R)': {'post': 6, 'upstream': 6, 'mito': 2, 'dark': 2}, 'AL-V(R)': {'post': 27, 'upstream': 27, 'mito': 5, 'dark': 5}, 'PENP': {'post': 7, 'upstream': 7, 'mito': 3, 'dark': 2, 'medium': 1}, 'SAD': {'post': 7, 'upstream': 7, 'mito': 3, 'dark': 2, 'medium': 1}, 'SAD(-AMMC)': {'post': 7, 'upstream': 7, 'mito': 1, 'dark': 1}, 'GNG': {'post': 23, 'upstream': 23, 'mito': 6, 'dark': 6}}",AL-t2PN1 (Tanaka et al. JCN 2012),"['AL(R)', 'AL-V(R)', 'AL-VP1d(R)', 'AL-VP1l(R)', 'AL-VP1m(R)', 'AL-VP2(R)', 'AL-VP3(R)', 'AL-VP4(R)', 'AL-VP5(R)', 'CA(R)', 'GNG', 'ICL(R)', 'INP', 'LH(R)', 'MB(+ACA)(R)', 'MB(R)', 'PENP', 'PLP(R)', 'SAD', 'SAD(-AMMC)', 'SCL(R)', 'SLP(R)', 'SNP(R)', 'VES(R)', 'VLNP(R)', 'VMNP', 'dACA(R)', 'lACA(R)', 'mALT(R)']","['CA(R)', 'ICL(R)', 'INP', 'LH(R)', 'MB(+ACA)(R)', 'MB(R)', 'PLP(R)', 'SCL(R)', 'SLP(R)', 'SNP(R)', 'VLNP(R)', 'dACA(R)']"
664814903,VP1m+_lvPN(t2ALT)_R,VP1m+_lvPN,335,1214,2704,1214,295,933038074,Traced,False,Traced,AVM06,431.5,"[16587, 27293, 31112]","{'SNP(R)': {'pre': 124, 'post': 167, 'downstream': 964, 'upstream': 167, 'mito': 54, 'dark': 35, 'light': 2, 'medium': 17}, 'SLP(R)': {'pre': 124, 'post': 167, 'downstream': 964, 'upstream': 167, 'mito': 54, 'dark': 35, 'light': 2, 'medium': 17}, 'dACA(R)': {'pre': 57, 'post': 44, 'downstream': 433, 'upstream': 44, 'mito': 14, 'dark': 5, 'light': 2, 'medium': 7}, 'MB(+ACA)(R)': {'pre': 76, 'post': 119, 'downstream': 555, 'upstream': 119, 'mito': 37, 'dark': 25, 'light': 3, 'medium': 9}, 'MB(R)': {'pre': 15, 'post': 61, 'downstream': 101, 'upstream': 61, 'mito': 21, 'dark': 18, 'light': 1, 'medium': 2}, 'CA(R)': {'pre': 15, 'post': 61, 'downstream': 101, 'upstream': 61, 'mito': 21, 'dark': 18, 'light': 1, 'medium': 2}, 'lACA(R)': {'pre': 4, 'post': 14, 'downstream': 21, 'upstream': 14, 'mito': 2, 'dark': 2}, 'INP': {'pre': 77, 'post': 85, 'downstream': 622, 'upstream': 85, 'mito': 43, 'dark': 30, 'light': 5, 'medium': 8}, 'SCL(R)': {'pre': 75, 'post': 80, 'downstream': 608, 'upstream': 80, 'mito': 26, 'dark': 16, 'light': 3, 'medium': 7}, 'LH(R)': {'pre': 105, 'post': 126, 'downstream': 903, 'upstream': 126, 'mito': 34, 'dark': 28, 'medium': 6}, 'VLNP(R)': {'pre': 14, 'post': 41, 'downstream': 114, 'upstream': 41, 'mito': 14, 'dark': 11, 'medium': 3}, 'PLP(R)': {'pre': 14, 'post': 41, 'downstream': 114, 'upstream': 41, 'mito': 14, 'dark': 11, 'medium': 3}, 'ICL(R)': {'pre': 2, 'post': 5, 'downstream': 14, 'upstream': 5, 'mito': 17, 'dark': 14, 'light': 2, 'medium': 1}, 'LX(R)': {'post': 1, 'upstream': 1, 'mito': 2, 'dark': 1, 'medium': 1}, 'LAL(R)': {'post': 1, 'upstream': 1, 'mito': 2, 'dark': 1, 'medium': 1}, 'LAL(-GA)(R)': {'post': 1, 'upstream': 1, 'mito': 2, 'dark': 1, 'medium': 1}, 'AL(R)': {'post': 689, 'upstream': 689, 'mito': 74, 'dark': 66, 'light': 1, 'medium': 7}, 'AL-VP1d(R)': {'post': 25, 'upstream': 25, 'mito': 4, 'dark': 4}, 'AL-VP4(R)': {'post': 10, 'upstream': 10}, 'AL-VP1l(R)': {'post': 62, 'upstream': 62, 'mito': 9, 'dark': 8, 'medium': 1}, 'AL-VP1m(R)': {'post': 206, 'upstream': 206, 'mito': 13, 'dark': 12, 'medium': 1}, 'AL-VP3(R)': {'post': 35, 'upstream': 35, 'mito': 10, 'dark': 7, 'light': 1, 'medium': 2}, 'AL-VP2(R)': {'post': 34, 'upstream': 34, 'mito': 2, 'dark': 2}, 'AL-VP5(R)': {'post': 251, 'upstream': 251, 'mito': 28, 'dark': 26, 'medium': 2}, 'AL-V(R)': {'post': 54, 'upstream': 54, 'mito': 6, 'dark': 6}, 'AL-VL1(R)': {'post': 3, 'upstream': 3, 'mito': 1, 'medium': 1}, 'VMNP': {'post': 1, 'upstream': 1, 'mito': 1, 'dark': 1}, 'VES(R)': {'post': 1, 'upstream': 1, 'mito': 1, 'dark': 1}, 'AL-VC5(R)': {'post': 3, 'upstream': 3}, 'PENP': {'post': 15, 'upstream': 15, 'mito': 1, 'dark': 1}, 'SAD': {'post': 15, 'upstream': 15, 'mito': 1, 'dark': 1}, 'SAD(-AMMC)': {'post': 15, 'upstream': 15, 'mito': 1, 'dark': 1}, 'GNG': {'post': 28, 'upstream': 28, 'mito': 5, 'dark': 5}}",AL-t2PN1 (Tanaka et al. JCN 2012); VP1m+VP2 lvPN2 (Marin et al. Curr Biol 2020),"['AL(R)', 'AL-V(R)', 'AL-VC5(R)', 'AL-VL1(R)', 'AL-VP1d(R)', 'AL-VP1l(R)', 'AL-VP1m(R)', 'AL-VP2(R)', 'AL-VP3(R)', 'AL-VP4(R)', 'AL-VP5(R)', 'CA(R)', 'GNG', 'ICL(R)', 'INP', 'LAL(-GA)(R)', 'LAL(R)', 'LH(R)', 'LX(R)', 'MB(+ACA)(R)', 'MB(R)', 'PENP', 'PLP(R)', 'SAD', 'SAD(-AMMC)', 'SCL(R)', 'SLP(R)', 'SNP(R)', 'VES(R)', 'VLNP(R)', 'VMNP', 'dACA(R)', 'lACA(R)']","['CA(R)', 'ICL(R)', 'INP', 'LH(R)', 'MB(+ACA)(R)', 'MB(R)', 'PLP(R)', 'SCL(R)', 'SLP(R)', 'SNP(R)', 'VLNP(R)', 'dACA(R)', 'lACA(R)']"
666135689,DA3_adPN_R,DA3_adPN,567,974,4146,974,231,764987914,Traced,False,Roughly traced,AVM01,,,"{'SNP(R)': {'pre': 133, 'post': 67, 'downstream': 1017, 'upstream': 67, 'mito': 20, 'dark': 20}, 'SLP(R)': {'pre': 133, 'post': 67, 'downstream': 1017, 'upstream': 67, 'mito': 20, 'dark': 20}, 'LH(R)': {'pre': 284, 'post': 140, 'downstream': 2189, 'upstream': 140, 'mito': 65, 'dark': 65}, 'MB(R)': {'pre': 44, 'post': 38, 'downstream': 433, 'upstream': 38, 'mito': 7, 'dark': 7}, 'CA(R)': {'pre': 44, 'post': 38, 'downstream': 433, 'upstream': 38, 'mito': 7, 'dark': 7}, 'MB(+ACA)(R)': {'pre': 44, 'post': 38, 'downstream': 433, 'upstream': 38, 'mito': 7, 'dark': 7}, 'mALT(R)': {'pre': 8, 'post': 23, 'downstream': 21, 'upstream': 23, 'mito': 33, 'dark': 33}, 'INP': {'pre': 1, 'downstream': 3}, 'SCL(R)': {'pre': 1, 'downstream': 3}, 'VLNP(R)': {'pre': 8, 'post': 3, 'downstream': 77, 'upstream': 3, 'mito': 1, 'dark': 1}, 'PLP(R)': {'pre': 8, 'post': 3, 'downstream': 77, 'upstream': 3, 'mito': 1, 'dark': 1}, 'AL(R)': {'pre': 88, 'post': 702, 'downstream': 402, 'upstream': 702, 'mito': 95, 'dark': 92, 'light': 1, 'medium': 2}, 'AL-DA3(R)': {'pre': 57, 'post': 590, 'downstream': 280, 'upstream': 590, 'mito': 51, 'dark': 48, 'light': 1, 'medium': 2}, 'AL-DL4(R)': {'post': 7, 'upstream': 7, 'mito': 1, 'dark': 1}, 'AL-DA1(R)': {'pre': 27, 'post': 86, 'downstream': 111, 'upstream': 86, 'mito': 27, 'dark': 27}, 'AL-D(R)': {'post': 2, 'upstream': 2, 'mito': 4, 'dark': 4}, 'AL-DL1(R)': {'post': 1, 'upstream': 1}, 'AL-DC3(R)': {'pre': 1, 'downstream': 3}, 'AL-VP1d(R)': {'pre': 3, 'post': 5, 'downstream': 8, 'upstream': 5, 'mito': 4, 'dark': 4}, 'AL-DC2(R)': {'post': 2, 'upstream': 2, 'mito': 1, 'dark': 1}}",,"['AL(R)', 'AL-D(R)', 'AL-DA1(R)', 'AL-DA3(R)', 'AL-DC2(R)', 'AL-DL1(R)', 'AL-DL4(R)', 'AL-VP1d(R)', 'CA(R)', 'LH(R)', 'MB(+ACA)(R)', 'MB(R)', 'PLP(R)', 'SLP(R)', 'SNP(R)', 'VLNP(R)', 'mALT(R)']","['AL(R)', 'AL-DA1(R)', 'AL-DA3(R)', 'AL-DC3(R)', 'AL-VP1d(R)', 'CA(R)', 'INP', 'LH(R)', 'MB(+ACA)(R)', 'MB(R)', 'PLP(R)', 'SCL(R)', 'SLP(R)', 'SNP(R)', 'VLNP(R)', 'mALT(R)']"
666818300,V_l2PN_R,V_l2PN,1034,2635,9562,2635,400,1813676120,Traced,False,Roughly traced,AVM03,441.5,"[12811, 33175, 32736]","{'LH(R)': {'pre': 789, 'post': 691, 'downstream': 7380, 'upstream': 691, 'mito': 145, 'dark': 145}, 'SNP(R)': {'pre': 40, 'post': 39, 'downstream': 377, 'upstream': 39, 'mito': 8, 'dark': 8}, 'SLP(R)': {'pre': 40, 'post': 39, 'downstream': 377, 'upstream': 39, 'mito': 8, 'dark': 8}, 'INP': {'pre': 131, 'post': 103, 'downstream': 1271, 'upstream': 103, 'mito': 36, 'dark': 36}, 'SCL(R)': {'pre': 129, 'post': 102, 'downstream': 1264, 'upstream': 102, 'mito': 30, 'dark': 30}, 'VLNP(R)': {'pre': 40, 'post': 17, 'downstream': 357, 'upstream': 17, 'mito': 10, 'dark': 10}, 'AVLP(R)': {'pre': 31, 'post': 10, 'downstream': 279, 'upstream': 10, 'mito': 8, 'dark': 8}, 'PLP(R)': {'pre': 9, 'post': 7, 'downstream': 78, 'upstream': 7, 'mito': 2, 'dark': 2}, 'ICL(R)': {'pre': 2, 'post': 1, 'downstream': 7, 'upstream': 1, 'mito': 6, 'dark': 6}, 'mALT(R)': {'pre': 1, 'post': 2, 'downstream': 5, 'upstream': 2, 'mito': 13, 'dark': 13}, 'AL(R)': {'pre': 32, 'post': 1705, 'downstream': 168, 'upstream': 1705, 'mito': 141, 'dark': 134, 'light': 1, 'medium': 6}, 'AL-VP1l(R)': {'pre': 1, 'post': 14, 'downstream': 4, 'upstream': 14, 'mito': 1, 'dark': 1}, 'AL-VP1m(R)': {'pre': 1, 'post': 37, 'downstream': 9, 'upstream': 37, 'mito': 5, 'dark': 5}, 'AL-VP5(R)': {'pre': 14, 'post': 160, 'downstream': 77, 'upstream': 160, 'mito': 29, 'dark': 27, 'medium': 2}, 'AL-VC3l(R)': {'pre': 2, 'post': 12, 'downstream': 11, 'upstream': 12, 'mito': 1, 'light': 1}, 'AL-VP1d(R)': {'post': 20, 'upstream': 20, 'mito': 4, 'dark': 4}, 'AL-VC1(R)': {'post': 3, 'upstream': 3, 'mito': 1, 'dark': 1}, 'AL-VP2(R)': {'pre': 4, 'post': 48, 'downstream': 16, 'upstream': 48, 'mito': 4, 'dark': 4}, 'AL-VP3(R)': {'post': 10, 'upstream': 10, 'mito': 1, 'dark': 1}, 'AL-VC2(R)': {'post': 2, 'upstream': 2, 'mito': 1, 'dark': 1}, 'AL-VC5(R)': {'post': 3, 'upstream': 3, 'mito': 1, 'dark': 1}, 'VMNP': {'post': 15, 'upstream': 15, 'mito': 1, 'dark': 1}, 'VES(R)': {'post': 15, 'upstream': 15, 'mito': 1, 'dark': 1}, 'AL-V(R)': {'pre': 4, 'post': 1349, 'downstream': 23, 'upstream': 1349, 'mito': 80, 'dark': 77, 'medium': 3}, 'PENP': {'post': 47, 'upstream': 47, 'mito': 13, 'dark': 13}, 'SAD': {'post': 47, 'upstream': 47, 'mito': 13, 'dark': 13}, 'SAD(-AMMC)': {'post': 47, 'upstream': 47, 'mito': 13, 'dark': 13}, 'GNG': {'pre': 1, 'post': 16, 'downstream': 4, 'upstream': 16, 'mito': 3, 'dark': 3}}",AL-t1PN1 (Tanaka et al. JCN 2012),"['AL(R)', 'AL-V(R)', 'AL-VC1(R)', 'AL-VC2(R)', 'AL-VC3l(R)', 'AL-VC5(R)', 'AL-VP1d(R)', 'AL-VP1l(R)', 'AL-VP1m(R)', 'AL-VP2(R)', 'AL-VP3(R)', 'AL-VP5(R)', 'AVLP(R)', 'GNG', 'ICL(R)', 'INP', 'LH(R)', 'PENP', 'PLP(R)', 'SAD', 'SAD(-AMMC)', 'SCL(R)', 'SLP(R)', 'SNP(R)', 'VES(R)', 'VLNP(R)', 'VMNP', 'mALT(R)']","['AL(R)', 'AL-V(R)', 'AL-VC3l(R)', 'AL-VP1l(R)', 'AL-VP1m(R)', 'AL-VP2(R)', 'AL-VP5(R)', 'AVLP(R)', 'GNG', 'ICL(R)', 'INP', 'LH(R)', 'PLP(R)', 'SCL(R)', 'SLP(R)', 'SNP(R)', 'VLNP(R)', 'mALT(R)']"
667823920,M_vPNml56_R,M_vPNml56,159,312,1731,312,175,590836251,Traced,False,Roughly traced,AVM04,451.5,"[16259, 34620, 36496]","{'LH(R)': {'pre': 144, 'post': 28, 'downstream': 1585, 'upstream': 28, 'mito': 54, 'dark': 46, 'medium': 8}, 'SNP(R)': {'pre': 14, 'post': 3, 'downstream': 144, 'upstream': 3, 'mito': 3, 'dark': 1, 'medium': 2}, 'SLP(R)': {'pre': 14, 'post': 3, 'downstream': 144, 'upstream': 3, 'mito': 3, 'dark': 1, 'medium': 2}, 'AL(R)': {'post': 280, 'upstream': 280, 'mito': 74, 'dark': 72, 'medium': 2}, 'AL-DP1m(R)': {'post': 190, 'upstream': 190, 'mito': 30, 'dark': 29, 'medium': 1}, 'AL-DL2v(R)': {'post': 1, 'upstream': 1}, 'AL-DM4(R)': {'post': 1, 'upstream': 1, 'mito': 1, 'dark': 1}, 'AL-DP1l(R)': {'post': 13, 'upstream': 13, 'mito': 10, 'dark': 10}, 'AL-DC4(R)': {'post': 1, 'upstream': 1}, 'AL-VL2a(R)': {'post': 2, 'upstream': 2}, 'AL-VP4(R)': {'post': 2, 'upstream': 2, 'mito': 6, 'dark': 5, 'medium': 1}, 'AL-VL2p(R)': {'post': 65, 'upstream': 65, 'mito': 25, 'dark': 25}, 'PENP': {'pre': 1, 'downstream': 2}, 'SAD': {'pre': 1, 'downstream': 2}, 'AMMC': {'pre': 1, 'downstream': 2}}",,"['AL(R)', 'AL-DC4(R)', 'AL-DL2v(R)', 'AL-DM4(R)', 'AL-DP1l(R)', 'AL-DP1m(R)', 'AL-VL2a(R)', 'AL-VL2p(R)', 'AL-VP4(R)', 'LH(R)', 'SLP(R)', 'SNP(R)']","['AMMC', 'LH(R)', 'PENP', 'SAD', 'SLP(R)', 'SNP(R)']"
693125078,VC3l_adPN_R,VC3l_adPN,847,2094,6555,2094,375,1614798499,Traced,False,Roughly traced,AVM01,541.5,"[22472, 35976, 23728]","{'MB(R)': {'pre': 250, 'post': 134, 'downstream': 2540, 'upstream': 134, 'mito': 24, 'dark': 23, 'medium': 1}, 'CA(R)': {'pre': 250, 'post': 134, 'downstream': 2540, 'upstream': 134, 'mito': 24, 'dark': 23, 'medium': 1}, 'MB(+ACA)(R)': {'pre': 250, 'post': 134, 'downstream': 2540, 'upstream': 134, 'mito': 24, 'dark': 23, 'medium': 1}, 'LH(R)': {'pre': 304, 'post': 226, 'downstream': 2531, 'upstream': 226, 'mito': 63, 'dark': 58, 'medium': 5}, 'mALT(R)': {'pre': 10, 'post': 16, 'downstream': 52, 'upstream': 16, 'mito': 56, 'dark': 55, 'medium': 1}, 'AL(R)': {'pre': 283, 'post': 1718, 'downstream': 1432, 'upstream': 1718, 'mito': 180, 'dark': 178, 'light': 1, 'medium': 1}, 'AL-DC4(R)': {'post': 3, 'upstream': 3, 'mito': 2, 'dark': 2}, 'AL-VC3l(R)': {'pre': 255, 'post': 1568, 'downstream': 1288, 'upstream': 1568, 'mito': 152, 'dark': 151, 'light': 1}, 'AL-VC5(R)': {'post': 20, 'upstream': 20, 'mito': 2, 'dark': 2}, 'AL-VM7v(R)': {'post': 2, 'upstream': 2, 'mito': 1, 'dark': 1}, 'AL-VC3m(R)': {'pre': 2, 'post': 5, 'downstream': 11, 'upstream': 5, 'mito': 1, 'dark': 1}, 'AL-VC1(R)': {'pre': 12, 'post': 54, 'downstream': 68, 'upstream': 54, 'mito': 6, 'dark': 6}, 'AL-VC2(R)': {'pre': 8, 'post': 22, 'downstream': 35, 'upstream': 22, 'mito': 6, 'dark': 5, 'medium': 1}, 'AL-VA4(R)': {'pre': 6, 'post': 38, 'downstream': 30, 'upstream': 38, 'mito': 3, 'dark': 3}, 'AL-VM4(R)': {'post': 3, 'upstream': 3}}",,"['AL(R)', 'AL-DC4(R)', 'AL-VA4(R)', 'AL-VC1(R)', 'AL-VC2(R)', 'AL-VC3l(R)', 'AL-VC3m(R)', 'AL-VC5(R)', 'AL-VM4(R)', 'AL-VM7v(R)', 'CA(R)', 'LH(R)', 'MB(+ACA)(R)', 'MB(R)', 'mALT(R)']","['AL(R)', 'AL-VA4(R)', 'AL-VC1(R)', 'AL-VC2(R)', 'AL-VC3l(R)', 'AL-VC3m(R)', 'CA(R)', 'LH(R)', 'MB(+ACA)(R)', 'MB(R)', 'mALT(R)']"
693479072,VM7v_adPN_R,VM7v_adPN,995,2076,7291,2076,376,1618150986,Traced,False,Roughly traced,AVM01,,,"{'MB(R)': {'pre': 150, 'post': 46, 'downstream': 1281, 'upstream': 46, 'mito': 21, 'dark': 21}, 'CA(R)': {'pre': 150, 'post': 46, 'downstream': 1281, 'upstream': 46, 'mito': 21, 'dark': 21}, 'MB(+ACA)(R)': {'pre': 150, 'post': 46, 'downstream': 1281, 'upstream': 46, 'mito': 21, 'dark': 21}, 'LH(R)': {'pre': 446, 'post': 105, 'downstream': 3876, 'upstream': 105, 'mito': 76, 'dark': 65, 'light': 1, 'medium': 10}, 'mALT(R)': {'pre': 15, 'post': 23, 'downstream': 56, 'upstream': 23, 'mito': 51, 'dark': 51}, 'SNP(R)': {'pre': 14, 'post': 1, 'downstream': 102, 'upstream': 1, 'mito': 1, 'dark': 1}, 'SLP(R)': {'pre': 14, 'post': 1, 'downstream': 102, 'upstream': 1, 'mito': 1, 'dark': 1}, 'INP': {'pre': 2, 'post': 2, 'downstream': 16, 'upstream': 2, 'mito': 1, 'dark': 1}, 'SCL(R)': {'pre': 2, 'post': 2, 'downstream': 16, 'upstream': 2, 'mito': 1, 'dark': 1}, 'AL(R)': {'pre': 366, 'post': 1898, 'downstream': 1952, 'upstream': 1898, 'mito': 169, 'dark': 161, 'medium': 8}, 'AL-DC4(R)': {'pre': 60, 'post': 128, 'downstream': 347, 'upstream': 128, 'mito': 11, 'dark': 11}, 'AL-DC2(R)': {'pre': 7, 'post': 43, 'downstream': 42, 'upstream': 43, 'mito': 1, 'dark': 1}, 'AL-VM7v(R)': {'pre': 245, 'post': 1521, 'downstream': 1282, 'upstream': 1521, 'mito': 123, 'dark': 116, 'medium': 7}, 'AL-VM5d(R)': {'pre': 11, 'post': 17, 'downstream': 37, 'upstream': 17, 'mito': 7, 'dark': 6, 'medium': 1}, 'AL-VM7d(R)': {'post': 6, 'upstream': 6}, 'AL-VC3l(R)': {'pre': 39, 'post': 155, 'downstream': 223, 'upstream': 155, 'mito': 17, 'dark': 17}, 'AL-VC4(R)': {'pre': 4, 'post': 24, 'downstream': 21, 'upstream': 24, 'mito': 5, 'dark': 5}}",,"['AL(R)', 'AL-DC2(R)', 'AL-DC4(R)', 'AL-VC3l(R)', 'AL-VC4(R)', 'AL-VM5d(R)', 'AL-VM7d(R)', 'AL-VM7v(R)', 'CA(R)', 'INP', 'LH(R)', 'MB(+ACA)(R)', 'MB(R)', 'SCL(R)', 'SLP(R)', 'SNP(R)', 'mALT(R)']","['AL(R)', 'AL-DC2(R)', 'AL-DC4(R)', 'AL-VC3l(R)', 'AL-VC4(R)', 'AL-VM5d(R)', 'AL-VM7v(R)', 'CA(R)', 'INP', 'LH(R)', 'MB(+ACA)(R)', 'MB(R)', 'SCL(R)', 'SLP(R)', 'SNP(R)', 'mALT(R)']"
693483018,DL5_adPN_R,DL5_adPN,2755,5135,21116,5135,884,4242285707,Traced,False,Roughly traced,AVM01,566.5,"[21355, 37013, 23248]","{'MB(R)': {'pre': 425, 'post': 141, 'downstream': 3813, 'upstream': 141, 'mito': 33, 'dark': 31, 'medium': 2}, 'CA(R)': {'pre': 425, 'post': 141, 'downstream': 3813, 'upstream': 141, 'mito': 33, 'dark': 31, 'medium': 2}, 'MB(+ACA)(R)': {'pre': 425, 'post': 141, 'downstream': 3813, 'upstream': 141, 'mito': 33, 'dark': 31, 'medium': 2}, 'LH(R)': {'pre': 1313, 'post': 492, 'downstream': 11772, 'upstream': 492, 'mito': 222, 'dark': 177, 'light': 20, 'medium': 25}, 'mALT(R)': {'pre': 21, 'post': 13, 'downstream': 81, 'upstream': 13, 'mito': 143, 'dark': 138, 'medium': 5}, 'SNP(R)': {'pre': 10, 'post': 8, 'downstream': 68, 'upstream': 8, 'mito': 13, 'dark': 12, 'medium': 1}, 'SLP(R)': {'pre': 10, 'post': 8, 'downstream': 68, 'upstream': 8, 'mito': 13, 'dark': 12, 'medium': 1}, 'AL(R)': {'pre': 985, 'post': 4480, 'downstream': 5377, 'upstream': 4480, 'mito': 425, 'dark': 401, 'light': 7, 'medium': 17}, 'AL-DL5(R)': {'pre': 632, 'post': 3674, 'downstream': 3430, 'upstream': 3674, 'mito': 272, 'dark': 258, 'light': 2, 'medium': 12}, 'AL-DL1(R)': {'pre': 166, 'post': 355, 'downstream': 893, 'upstream': 355, 'mito': 42, 'dark': 38, 'light': 4}, 'AL-DM3(R)': {'post': 1, 'upstream': 1}, 'AL-DC4(R)': {'pre': 56, 'post': 96, 'downstream': 341, 'upstream': 96, 'mito': 12, 'dark': 12}, 'AL-D(R)': {'pre': 4, 'post': 7, 'downstream': 20, 'upstream': 7, 'mito': 2, 'dark': 2}, 'AL-DP1m(R)': {'pre': 102, 'post': 287, 'downstream': 544, 'upstream': 287, 'mito': 69, 'dark': 64, 'light': 1, 'medium': 4}, 'AL-DC1(R)': {'pre': 2, 'post': 10, 'downstream': 12, 'upstream': 10}, 'AL-DL2v(R)': {'pre': 20, 'post': 32, 'downstream': 124, 'upstream': 32, 'mito': 4, 'dark': 4}, 'AL-VP1d(R)': {'pre': 3, 'post': 11, 'downstream': 13, 'upstream': 11, 'mito': 4, 'dark': 4}, 'AL-DC2(R)': {'post': 1, 'upstream': 1, 'mito': 3, 'dark': 2, 'medium': 1}}",,"['AL(R)', 'AL-D(R)', 'AL-DC1(R)', 'AL-DC2(R)', 'AL-DC4(R)', 'AL-DL1(R)', 'AL-DL2v(R)', 'AL-DL5(R)', 'AL-DM3(R)', 'AL-DP1m(R)', 'AL-VP1d(R)', 'CA(R)', 'LH(R)', 'MB(+ACA)(R)', 'MB(R)', 'SLP(R)', 'SNP(R)', 'mALT(R)']","['AL(R)', 'AL-D(R)', 'AL-DC1(R)', 'AL-DC4(R)', 'AL-DL1(R)', 'AL-DL2v(R)', 'AL-DL5(R)', 'AL-DP1m(R)', 'AL-VP1d(R)', 'CA(R)', 'LH(R)', 'MB(+ACA)(R)', 'MB(R)', 'SLP(R)', 'SNP(R)', 'mALT(R)']"
694834412,VM4_adPN_R,VM4_adPN,1347,1985,10375,1985,514,2001092773,Traced,False,Roughly traced,AVM01,,,"{'SNP(R)': {'pre': 209, 'post': 109, 'downstream': 1713, 'upstream': 109, 'mito': 35, 'dark': 20, 'light': 4, 'medium': 11}, 'SLP(R)': {'pre': 209, 'post': 108, 'downstream': 1713, 'upstream': 108, 'mito': 35, 'dark': 20, 'light': 4, 'medium': 11}, 'LH(R)': {'pre': 414, 'post': 235, 'downstream': 3729, 'upstream': 235, 'mito': 92, 'dark': 78, 'light': 6, 'medium': 8}, 'MB(R)': {'pre': 252, 'post': 65, 'downstream': 2432, 'upstream': 65, 'mito': 11, 'dark': 7, 'light': 2, 'medium': 2}, 'CA(R)': {'pre': 252, 'post': 65, 'downstream': 2432, 'upstream': 65, 'mito': 11, 'dark': 7, 'light': 2, 'medium': 2}, 'MB(+ACA)(R)': {'pre': 258, 'post': 70, 'downstream': 2497, 'upstream': 70, 'mito': 12, 'dark': 7, 'light': 3, 'medium': 2}, 'dACA(R)': {'pre': 6, 'post': 5, 'downstream': 65, 'upstream': 5, 'mito': 1, 'light': 1}, 'mALT(R)': {'pre': 58, 'post': 46, 'downstream': 405, 'upstream': 46, 'mito': 107, 'dark': 103, 'light': 2, 'medium': 2}, 'SMP(R)': {'post': 1, 'upstream': 1}, 'AL(R)': {'pre': 414, 'post': 1530, 'downstream': 2096, 'upstream': 1530, 'mito': 260, 'dark': 249, 'medium': 11}, 'AL-VP4(R)': {'pre': 1, 'post': 3, 'downstream': 2, 'upstream': 3, 'mito': 1, 'dark': 1}, 'AL-VP1m(R)': {'pre': 36, 'post': 70, 'downstream': 177, 'upstream': 70, 'mito': 13, 'dark': 13}, 'AL-VP1d(R)': {'pre': 14, 'post': 17, 'downstream': 76, 'upstream': 17, 'mito': 8, 'dark': 6, 'medium': 2}, 'AL-VC3l(R)': {'pre': 23, 'post': 21, 'downstream': 117, 'upstream': 21, 'mito': 18, 'dark': 18}, 'AL-VC5(R)': {'pre': 51, 'post': 77, 'downstream': 233, 'upstream': 77, 'mito': 25, 'dark': 25}, 'AL-VC1(R)': {'pre': 19, 'post': 50, 'downstream': 117, 'upstream': 50, 'mito': 8, 'dark': 8}, 'AL-VC3m(R)': {'pre': 9, 'post': 34, 'downstream': 48, 'upstream': 34, 'mito': 17, 'dark': 16, 'medium': 1}, 'AL-VM4(R)': {'pre': 255, 'post': 1215, 'downstream': 1290, 'upstream': 1215, 'mito': 161, 'dark': 155, 'medium': 6}, 'AL-VM1(R)': {'pre': 4, 'post': 14, 'downstream': 24, 'upstream': 14, 'mito': 3, 'dark': 2, 'medium': 1}, 'AL-VC2(R)': {'pre': 2, 'post': 2, 'downstream': 12, 'upstream': 2}, 'AL-V(R)': {'post': 25, 'upstream': 25, 'mito': 2, 'dark': 2}}",,"['AL(R)', 'AL-V(R)', 'AL-VC1(R)', 'AL-VC2(R)', 'AL-VC3l(R)', 'AL-VC3m(R)', 'AL-VC5(R)', 'AL-VM1(R)', 'AL-VM4(R)', 'AL-VP1d(R)', 'AL-VP1m(R)', 'AL-VP4(R)', 'CA(R)', 'LH(R)', 'MB(+ACA)(R)', 'MB(R)', 'SLP(R)', 'SMP(R)', 'SNP(R)', 'dACA(R)', 'mALT(R)']","['AL(R)', 'AL-VC1(R)', 'AL-VC2(R)', 'AL-VC3l(R)', 'AL-VC3m(R)', 'AL-VC5(R)', 'AL-VM1(R)', 'AL-VM4(R)', 'AL-VP1d(R)', 'AL-VP1m(R)', 'AL-VP4(R)', 'CA(R)', 'LH(R)', 'MB(+ACA)(R)', 'MB(R)', 'SLP(R)', 'SNP(R)', 'dACA(R)', 'mALT(R)']"
697132371,VM2_adPN_R,VM2_adPN,572,234,5034,234,201,1068500460,Traced,False,Roughly traced,AVM01,521.5,"[20996, 35661, 22768]","{'LH(R)': {'pre': 398, 'post': 122, 'downstream': 3269, 'upstream': 122, 'mito': 69, 'dark': 63, 'medium': 6}, 'MB(R)': {'pre': 165, 'post': 57, 'downstream': 1708, 'upstream': 57, 'mito': 17, 'dark': 17}, 'CA(R)': {'pre': 165, 'post': 57, 'downstream': 1708, 'upstream': 57, 'mito': 17, 'dark': 17}, 'MB(+ACA)(R)': {'pre': 165, 'post': 57, 'downstream': 1708, 'upstream': 57, 'mito': 17, 'dark': 17}, 'mALT(R)': {'pre': 4, 'post': 22, 'downstream': 12, 'upstream': 22, 'mito': 47, 'dark': 47}, 'SNP(R)': {'pre': 3, 'post': 2, 'downstream': 34, 'upstream': 2}, 'SLP(R)': {'pre': 3, 'post': 2, 'downstream': 34, 'upstream': 2}, 'AL(R)': {'pre': 2, 'post': 31, 'downstream': 11, 'upstream': 31, 'mito': 20, 'dark': 20}, 'AL-DC2(R)': {'post': 1, 'upstream': 1, 'mito': 1, 'dark': 1}, 'AL-VM7v(R)': {'post': 6, 'upstream': 6, 'mito': 5, 'dark': 5}, 'AL-VM5v(R)': {'post': 1, 'upstream': 1}, 'AL-VM5d(R)': {'post': 1, 'upstream': 1, 'mito': 4, 'dark': 4}, 'AL-VC4(R)': {'pre': 2, 'post': 19, 'downstream': 11, 'upstream': 19, 'mito': 3, 'dark': 3}}",,"['AL(R)', 'AL-DC2(R)', 'AL-VC4(R)', 'AL-VM5d(R)', 'AL-VM5v(R)', 'AL-VM7v(R)', 'CA(R)', 'LH(R)', 'MB(+ACA)(R)', 'MB(R)', 'SLP(R)', 'SNP(R)', 'mALT(R)']","['AL(R)', 'AL-VC4(R)', 'CA(R)', 'LH(R)', 'MB(+ACA)(R)', 'MB(R)', 'SLP(R)', 'SNP(R)', 'mALT(R)']"
697145036,M_vPNml83_R,M_vPNml83,147,161,1461,161,110,408567362,Traced,False,Roughly traced,AVM04,346.5,"[19355, 32103, 34560]","{'LH(R)': {'pre': 144, 'post': 49, 'downstream': 1420, 'upstream': 49, 'mito': 57, 'dark': 52, 'medium': 5}, 'SNP(R)': {'pre': 3, 'downstream': 41, 'mito': 1, 'dark': 1}, 'SLP(R)': {'pre': 3, 'downstream': 41, 'mito': 1, 'dark': 1}, 'AL(R)': {'post': 111, 'upstream': 111, 'mito': 30, 'dark': 30}, 'AL-DM2(R)': {'post': 6, 'upstream': 6, 'mito': 2, 'dark': 2}, 'AL-DM6(R)': {'post': 1, 'upstream': 1}, 'AL-DC4(R)': {'post': 2, 'upstream': 2, 'mito': 1, 'dark': 1}, 'AL-DC2(R)': {'post': 34, 'upstream': 34, 'mito': 8, 'dark': 8}, 'AL-VM5d(R)': {'post': 28, 'upstream': 28, 'mito': 8, 'dark': 8}, 'AL-DM5(R)': {'post': 2, 'upstream': 2}, 'AL-VM5v(R)': {'post': 9, 'upstream': 9}, 'AL-VC4(R)': {'post': 10, 'upstream': 10, 'mito': 4, 'dark': 4}, 'AL-VC1(R)': {'post': 10, 'upstream': 10, 'mito': 3, 'dark': 3}, 'AL-VP1m(R)': {'post': 1, 'upstream': 1, 'mito': 1, 'dark': 1}, 'AL-VC3l(R)': {'post': 8, 'upstream': 8, 'mito': 3, 'dark': 3}, 'PENP': {'post': 1, 'upstream': 1}, 'SAD': {'post': 1, 'upstream': 1}, 'AMMC': {'post': 1, 'upstream': 1}}",,"['AL(R)', 'AL-DC2(R)', 'AL-DC4(R)', 'AL-DM2(R)', 'AL-DM5(R)', 'AL-DM6(R)', 'AL-VC1(R)', 'AL-VC3l(R)', 'AL-VC4(R)', 'AL-VM5d(R)', 'AL-VM5v(R)', 'AL-VP1m(R)', 'AMMC', 'LH(R)', 'PENP', 'SAD']","['LH(R)', 'SLP(R)', 'SNP(R)']"
697485362,DM5_lPN_R,DM5_lPN,693,627,6106,627,299,1135469224,Traced,False,Roughly traced,AVM02,441.5,"[13653, 35743, 26656]","{'LH(R)': {'pre': 417, 'post': 218, 'downstream': 3721, 'upstream': 218, 'mito': 103, 'dark': 84, 'light': 1, 'medium': 18}, 'MB(R)': {'pre': 169, 'post': 62, 'downstream': 1752, 'upstream': 62, 'mito': 32, 'dark': 32}, 'CA(R)': {'pre': 169, 'post': 62, 'downstream': 1752, 'upstream': 62, 'mito': 32, 'dark': 32}, 'MB(+ACA)(R)': {'pre': 169, 'post': 62, 'downstream': 1752, 'upstream': 62, 'mito': 32, 'dark': 32}, 'mALT(R)': {'pre': 45, 'post': 14, 'downstream': 336, 'upstream': 14, 'mito': 55, 'dark': 54, 'medium': 1}, 'AL(R)': {'pre': 62, 'post': 332, 'downstream': 297, 'upstream': 332, 'mito': 71, 'dark': 68, 'light': 1, 'medium': 2}, 'AL-DM2(R)': {'pre': 1, 'post': 40, 'downstream': 2, 'upstream': 40, 'mito': 10, 'dark': 9, 'medium': 1}, 'AL-DM5(R)': {'pre': 51, 'post': 247, 'downstream': 250, 'upstream': 247, 'mito': 27, 'dark': 25, 'light': 1, 'medium': 1}, 'AL-VM5d(R)': {'pre': 10, 'post': 31, 'downstream': 45, 'upstream': 31, 'mito': 12, 'dark': 12}, 'AL-VM7v(R)': {'post': 3, 'upstream': 3, 'mito': 6, 'dark': 6}, 'AL-VP1d(R)': {'post': 6, 'upstream': 6, 'mito': 6, 'dark': 6}, 'AL-DC2(R)': {'post': 5, 'upstream': 5, 'mito': 5, 'dark': 5}}",,"['AL(R)', 'AL-DC2(R)', 'AL-DM2(R)', 'AL-DM5(R)', 'AL-VM5d(R)', 'AL-VM7v(R)', 'AL-VP1d(R)', 'CA(R)', 'LH(R)', 'MB(+ACA)(R)', 'MB(R)', 'mALT(R)']","['AL(R)', 'AL-DM2(R)', 'AL-DM5(R)', 'AL-VM5d(R)', 'CA(R)', 'LH(R)', 'MB(+ACA)(R)', 'MB(R)', 'mALT(R)']"
697844568,M_lvPNm40_R,M_lvPNm40,140,372,1015,372,70,187325752,Traced,False,Roughly traced,AVM06,,,"{'LH(R)': {'pre': 90, 'post': 51, 'downstream': 746, 'upstream': 51, 'mito': 21, 'dark': 21}, 'SNP(R)': {'pre': 1, 'post': 2, 'downstream': 5, 'upstream': 2, 'mito': 2, 'dark': 2}, 'SLP(R)': {'pre': 1, 'post': 2, 'downstream': 5, 'upstream': 2, 'mito': 2, 'dark': 2}, 'mALT(R)': {'pre': 1, 'post': 5, 'downstream': 6, 'upstream': 5, 'mito': 7, 'dark': 7}, 'INP': {'pre': 2, 'post': 2, 'downstream': 26, 'upstream': 2, 'mito': 1, 'dark': 1}, 'SCL(R)': {'pre': 2, 'post': 2, 'downstream': 26, 'upstream': 2, 'mito': 1, 'dark': 1}, 'AL(R)': {'pre': 46, 'post': 307, 'downstream': 232, 'upstream': 307, 'mito': 35, 'dark': 35}, 'AL-VA1d(R)': {'pre': 4, 'post': 33, 'downstream': 19, 'upstream': 33, 'mito': 4, 'dark': 4}, 'AL-DC2(R)': {'pre': 3, 'post': 44, 'downstream': 13, 'upstream': 44, 'mito': 3, 'dark': 3}, 'AL-DC3(R)': {'post': 1, 'upstream': 1}, 'AL-VA1v(R)': {'pre': 1, 'post': 3, 'downstream': 10, 'upstream': 3, 'mito': 1, 'dark': 1}, 'AL-VP1d(R)': {'pre': 4, 'post': 7, 'downstream': 13, 'upstream': 7, 'mito': 1, 'dark': 1}, 'AL-VA6(R)': {'post': 1, 'upstream': 1, 'mito': 1, 'dark': 1}, 'AL-VC2(R)': {'pre': 10, 'post': 23, 'downstream': 64, 'upstream': 23, 'mito': 5, 'dark': 5}, 'AL-VC1(R)': {'pre': 3, 'post': 6, 'downstream': 15, 'upstream': 6, 'mito': 4, 'dark': 4}, 'AL-VA7l(R)': {'pre': 8, 'post': 102, 'downstream': 32, 'upstream': 102, 'mito': 6, 'dark': 6}, 'AL-VA7m(R)': {'pre': 2, 'post': 62, 'downstream': 12, 'upstream': 62, 'mito': 4, 'dark': 4}, 'AL-VA5(R)': {'pre': 4, 'post': 6, 'downstream': 26, 'upstream': 6, 'mito': 1, 'dark': 1}, 'AL-VA3(R)': {'pre': 2, 'post': 13, 'downstream': 5, 'upstream': 13, 'mito': 2, 'dark': 2}, 'VMNP': {'post': 1, 'upstream': 1}, 'VES(R)': {'post': 1, 'upstream': 1}, 'PENP': {'post': 3, 'upstream': 3, 'mito': 2, 'medium': 2}, 'SAD': {'post': 3, 'upstream': 3, 'mito': 2, 'medium': 2}, 'AMMC': {'post': 3, 'upstream': 3, 'mito': 2, 'medium': 2}}",,"['AL(R)', 'AL-DC2(R)', 'AL-DC3(R)', 'AL-VA1d(R)', 'AL-VA1v(R)', 'AL-VA3(R)', 'AL-VA5(R)', 'AL-VA6(R)', 'AL-VA7l(R)', 'AL-VA7m(R)', 'AL-VC1(R)', 'AL-VC2(R)', 'AL-VP1d(R)', 'AMMC', 'INP', 'LH(R)', 'PENP', 'SAD', 'SCL(R)', 'SLP(R)', 'SNP(R)', 'VES(R)', 'VMNP', 'mALT(R)']","['AL(R)', 'AL-DC2(R)', 'AL-VA1d(R)', 'AL-VA1v(R)', 'AL-VA3(R)', 'AL-VA5(R)', 'AL-VA7l(R)', 'AL-VA7m(R)', 'AL-VC1(R)', 'AL-VC2(R)', 'AL-VP1d(R)', 'INP', 'LH(R)', 'SCL(R)', 'SLP(R)', 'SNP(R)', 'mALT(R)']"
697848868,DC4_vPN_R,DC4_vPN,112,338,1103,338,109,246675239,Traced,False,Roughly traced,AVM04,,,"{'LH(R)': {'pre': 109, 'post': 94, 'downstream': 1095, 'upstream': 94, 'mito': 43, 'dark': 43}, 'AL(R)': {'pre': 2, 'post': 241, 'downstream': 3, 'upstream': 241, 'mito': 49, 'dark': 49}, 'AL-DC4(R)': {'post': 171, 'upstream': 171, 'mito': 19, 'dark': 19}, 'mALT(R)': {'pre': 1, 'downstream': 5, 'mito': 1, 'dark': 1}, 'AL-DP1m(R)': {'post': 2, 'upstream': 2}, 'AL-VP1d(R)': {'pre': 2, 'post': 8, 'downstream': 3, 'upstream': 8, 'mito': 8, 'dark': 8}, 'AL-VM7d(R)': {'post': 12, 'upstream': 12, 'mito': 4, 'dark': 4}, 'AL-DC2(R)': {'post': 8, 'upstream': 8, 'mito': 1, 'dark': 1}, 'AL-VM7v(R)': {'post': 2, 'upstream': 2, 'mito': 1, 'dark': 1}, 'AL-VP4(R)': {'post': 3, 'upstream': 3}, 'AL-VP1m(R)': {'post': 3, 'upstream': 3, 'mito': 2, 'dark': 2}, 'AL-VC5(R)': {'post': 5, 'upstream': 5, 'mito': 3, 'dark': 3}, 'AL-VC3l(R)': {'post': 6, 'upstream': 6}, 'AL-VC3m(R)': {'post': 6, 'upstream': 6, 'mito': 2, 'dark': 2}, 'AL-VL1(R)': {'post': 1, 'upstream': 1, 'mito': 1, 'dark': 1}, 'AL-VC2(R)': {'post': 2, 'upstream': 2, 'mito': 2, 'dark': 2}}",,"['AL(R)', 'AL-DC2(R)', 'AL-DC4(R)', 'AL-DP1m(R)', 'AL-VC2(R)', 'AL-VC3l(R)', 'AL-VC3m(R)', 'AL-VC5(R)', 'AL-VL1(R)', 'AL-VM7d(R)', 'AL-VM7v(R)', 'AL-VP1d(R)', 'AL-VP1m(R)', 'AL-VP4(R)', 'LH(R)']","['AL(R)', 'AL-VP1d(R)', 'LH(R)', 'mALT(R)']"
698508565,V_ilPN,V_ilPN,1389,3937,12305,3937,409,1965222442,Traced,False,Roughly traced,,,,"{'LH(R)': {'pre': 482, 'post': 120, 'downstream': 4888, 'upstream': 120, 'mito': 71, 'dark': 63, 'light': 1, 'medium': 7}, 'MB(R)': {'pre': 224, 'post': 49, 'downstream': 2033, 'upstream': 49, 'mito': 27, 'dark': 20, 'light': 1, 'medium': 6}, 'CA(R)': {'pre': 224, 'post': 49, 'downstream': 2033, 'upstream': 49, 'mito': 27, 'dark': 20, 'light': 1, 'medium': 6}, 'MB(+ACA)(R)': {'pre': 224, 'post': 49, 'downstream': 2033, 'upstream': 49, 'mito': 27, 'dark': 20, 'light': 1, 'medium': 6}, 'SNP(R)': {'pre': 49, 'post': 14, 'downstream': 429, 'upstream': 14, 'mito': 10, 'dark': 10}, 'SLP(R)': {'pre': 49, 'post': 14, 'downstream': 429, 'upstream': 14, 'mito': 10, 'dark': 10}, 'INP': {'pre': 119, 'post': 33, 'downstream': 1261, 'upstream': 33, 'mito': 24, 'dark': 20, 'medium': 4}, 'SCL(R)': {'pre': 119, 'post': 33, 'downstream': 1261, 'upstream': 33, 'mito': 24, 'dark': 20, 'medium': 4}, 'VLNP(R)': {'pre': 67, 'post': 14, 'downstream': 704, 'upstream': 14, 'mito': 29, 'dark': 24, 'light': 1, 'medium': 4}, 'PLP(R)': {'pre': 41, 'post': 11, 'downstream': 466, 'upstream': 11, 'mito': 7, 'dark': 4, 'light': 1, 'medium': 2}, 'AVLP(R)': {'pre': 24, 'post': 1, 'downstream': 229, 'upstream': 1, 'mito': 11, 'dark': 10, 'medium': 1}, 'PVLP(R)': {'pre': 2, 'post': 2, 'downstream': 9, 'upstream': 2, 'mito': 11, 'dark': 10, 'medium': 1}, 'AL(R)': {'pre': 447, 'post': 3699, 'downstream': 2982, 'upstream': 3699, 'mito': 190, 'dark': 168, 'light': 1, 'medium': 21}, 'AL-VP1d(R)': {'pre': 22, 'post': 66, 'downstream': 119, 'upstream': 66, 'mito': 5, 'dark': 3, 'medium': 2}, 'AL-VC5(R)': {'post': 5, 'upstream': 5, 'mito': 1, 'medium': 1}, 'AL-VP2(R)': {'pre': 10, 'post': 39, 'downstream': 75, 'upstream': 39, 'mito': 2, 'dark': 2}, 'VMNP': {'post': 2, 'upstream': 2, 'mito': 6, 'dark': 6}, 'VES(R)': {'post': 2, 'upstream': 2, 'mito': 6, 'dark': 6}, 'AL-VP1m(R)': {'pre': 12, 'post': 28, 'downstream': 81, 'upstream': 28, 'mito': 6, 'dark': 6}, 'AL-V(R)': {'pre': 394, 'post': 3513, 'downstream': 2665, 'upstream': 3513, 'mito': 162, 'dark': 143, 'light': 1, 'medium': 18}, 'AL-VP5(R)': {'pre': 2, 'post': 36, 'downstream': 10, 'upstream': 36, 'mito': 13, 'dark': 13}, 'PENP': {'post': 1, 'upstream': 1, 'mito': 6, 'dark': 6}, 'SAD': {'post': 1, 'upstream': 1, 'mito': 6, 'dark': 6}, 'SAD(-AMMC)': {'post': 1, 'upstream': 1, 'mito': 6, 'dark': 6}, 'GNG': {'post': 3, 'upstream': 3, 'mito': 6, 'dark': 6}}",,"['AL(R)', 'AL-V(R)', 'AL-VC5(R)', 'AL-VP1d(R)', 'AL-VP1m(R)', 'AL-VP2(R)', 'AL-VP5(R)', 'AVLP(R)', 'CA(R)', 'GNG', 'INP', 'LH(R)', 'MB(+ACA)(R)', 'MB(R)', 'PENP', 'PLP(R)', 'PVLP(R)', 'SAD', 'SAD(-AMMC)', 'SCL(R)', 'SLP(R)', 'SNP(R)', 'VES(R)', 'VLNP(R)', 'VMNP']","['AL(R)', 'AL-V(R)', 'AL-VP1d(R)', 'AL-VP1m(R)', 'AL-VP2(R)', 'AL-VP5(R)', 'AVLP(R)', 'CA(R)', 'INP', 'LH(R)', 'MB(+ACA)(R)', 'MB(R)', 'PLP(R)', 'PVLP(R)', 'SCL(R)', 'SLP(R)', 'SNP(R)', 'VLNP(R)']"
698526273,M_vPNml74_R,M_vPNml74,90,174,827,174,71,215023713,Traced,False,Roughly traced,AVM04,,,"{'LH(R)': {'pre': 79, 'post': 41, 'downstream': 715, 'upstream': 41, 'mito': 33, 'dark': 26, 'light': 1, 'medium': 6}, 'INP': {'pre': 10, 'post': 2, 'downstream': 109, 'upstream': 2, 'mito': 4, 'dark': 4}, 'SCL(R)': {'pre': 10, 'post': 2, 'downstream': 109, 'upstream': 2, 'mito': 4, 'dark': 4}, 'AL(R)': {'post': 130, 'upstream': 130, 'mito': 26, 'dark': 26}, 'AL-DC4(R)': {'post': 45, 'upstream': 45, 'mito': 4, 'dark': 4}, 'AL-VM7v(R)': {'post': 13, 'upstream': 13, 'mito': 3, 'dark': 3}, 'AL-DC2(R)': {'post': 12, 'upstream': 12, 'mito': 4, 'dark': 4}, 'AL-VM7d(R)': {'post': 2, 'upstream': 2}, 'AL-VP1d(R)': {'post': 1, 'upstream': 1, 'mito': 4, 'dark': 4}, 'AL-VC1(R)': {'post': 8, 'upstream': 8, 'mito': 3, 'dark': 3}, 'AL-VM5v(R)': {'post': 5, 'upstream': 5}, 'AL-VA6(R)': {'post': 4, 'upstream': 4, 'mito': 1, 'dark': 1}, 'AL-VC2(R)': {'post': 16, 'upstream': 16, 'mito': 4, 'dark': 4}, 'AL-VA7l(R)': {'post': 1, 'upstream': 1}, 'AL-VA7m(R)': {'post': 14, 'upstream': 14, 'mito': 1, 'dark': 1}}",,"['AL(R)', 'AL-DC2(R)', 'AL-DC4(R)', 'AL-VA6(R)', 'AL-VA7l(R)', 'AL-VA7m(R)', 'AL-VC1(R)', 'AL-VC2(R)', 'AL-VM5v(R)', 'AL-VM7d(R)', 'AL-VM7v(R)', 'AL-VP1d(R)', 'INP', 'LH(R)', 'SCL(R)']","['INP', 'LH(R)', 'SCL(R)']"
698565676,Z_vPNml1(noAL+SEZ)_R,Z_lvPNm1,180,184,1587,184,89,295833230,Traced,False,Roughly traced,AVM06,,,"{'SNP(R)': {'pre': 38, 'post': 25, 'downstream': 357, 'upstream': 25, 'mito': 14, 'dark': 14}, 'SLP(R)': {'pre': 35, 'post': 24, 'downstream': 345, 'upstream': 24, 'mito': 13, 'dark': 13}, 'INP': {'pre': 65, 'post': 35, 'downstream': 626, 'upstream': 35, 'mito': 23, 'dark': 22, 'medium': 1}, 'SCL(R)': {'pre': 65, 'post': 35, 'downstream': 626, 'upstream': 35, 'mito': 23, 'dark': 22, 'medium': 1}, 'SMP(R)': {'pre': 3, 'post': 1, 'downstream': 12, 'upstream': 1, 'mito': 1, 'dark': 1}, 'LH(R)': {'pre': 17, 'post': 10, 'downstream': 130, 'upstream': 10, 'mito': 7, 'dark': 7}, 'VLNP(R)': {'pre': 22, 'post': 16, 'downstream': 227, 'upstream': 16, 'mito': 6, 'dark': 6}, 'AVLP(R)': {'pre': 22, 'post': 16, 'downstream': 227, 'upstream': 16, 'mito': 6, 'dark': 6}, 'mALT(R)': {'pre': 5, 'post': 3, 'downstream': 14, 'upstream': 3, 'mito': 13, 'dark': 13}, 'AL(R)': {'pre': 7, 'post': 27, 'downstream': 38, 'upstream': 27, 'mito': 5, 'dark': 5}, 'AL-VP1l(R)': {'post': 2, 'upstream': 2}, 'AL-VP1m(R)': {'pre': 1, 'post': 6, 'downstream': 4, 'upstream': 6}, 'VMNP': {'pre': 10, 'post': 13, 'downstream': 57, 'upstream': 13, 'mito': 7, 'dark': 7}, 'VES(R)': {'pre': 10, 'post': 13, 'downstream': 57, 'upstream': 13, 'mito': 7, 'dark': 7}, 'AL-VP2(R)': {'pre': 1, 'post': 7, 'downstream': 7, 'upstream': 7}, 'AL-VP1d(R)': {'post': 1, 'upstream': 1}, 'AL-VC5(R)': {'pre': 1, 'post': 2, 'downstream': 4, 'upstream': 2, 'mito': 2, 'dark': 2}, 'AL-VP5(R)': {'pre': 2, 'post': 3, 'downstream': 10, 'upstream': 3}, 'PENP': {'pre': 12, 'post': 26, 'downstream': 101, 'upstream': 26, 'mito': 9, 'dark': 9}, 'SAD': {'pre': 12, 'post': 26, 'downstream': 101, 'upstream': 26, 'mito': 9, 'dark': 9}, 'SAD(-AMMC)': {'pre': 12, 'post': 25, 'downstream': 101, 'upstream': 25, 'mito': 9, 'dark': 9}, 'AMMC': {'post': 1, 'upstream': 1}, 'GNG': {'pre': 4, 'post': 27, 'downstream': 37, 'upstream': 27, 'mito': 3, 'dark': 3}}",,"['AL(R)', 'AL-VC5(R)', 'AL-VP1d(R)', 'AL-VP1l(R)', 'AL-VP1m(R)', 'AL-VP2(R)', 'AL-VP5(R)', 'AMMC', 'AVLP(R)', 'GNG', 'INP', 'LH(R)', 'PENP', 'SAD', 'SAD(-AMMC)', 'SCL(R)', 'SLP(R)', 'SMP(R)', 'SNP(R)', 'VES(R)', 'VLNP(R)', 'VMNP', 'mALT(R)']","['AL(R)', 'AL-VC5(R)', 'AL-VP1m(R)', 'AL-VP2(R)', 'AL-VP5(R)', 'AVLP(R)', 'GNG', 'INP', 'LH(R)', 'PENP', 'SAD', 'SAD(-AMMC)', 'SCL(R)', 'SLP(R)', 'SMP(R)', 'SNP(R)', 'VES(R)', 'VLNP(R)', 'VMNP', 'mALT(R)']"
698569832,Z_vPNml1(noAL+SEZ)_R,Z_lvPNm1,263,195,2473,195,108,408495944,Traced,False,Roughly traced,AVM06,,,"{'SNP(R)': {'pre': 65, 'post': 17, 'downstream': 674, 'upstream': 17, 'mito': 16, 'dark': 15, 'light': 1}, 'SLP(R)': {'pre': 61, 'post': 16, 'downstream': 632, 'upstream': 16, 'mito': 15, 'dark': 14, 'light': 1}, 'mALT(R)': {'pre': 8, 'post': 11, 'downstream': 40, 'upstream': 11, 'mito': 20, 'dark': 20}, 'INP': {'pre': 123, 'post': 40, 'downstream': 1248, 'upstream': 40, 'mito': 29, 'dark': 28, 'medium': 1}, 'SCL(R)': {'pre': 123, 'post': 40, 'downstream': 1248, 'upstream': 40, 'mito': 29, 'dark': 28, 'medium': 1}, 'SMP(R)': {'pre': 4, 'post': 1, 'downstream': 42, 'upstream': 1, 'mito': 1, 'dark': 1}, 'LH(R)': {'pre': 14, 'post': 3, 'downstream': 131, 'upstream': 3, 'mito': 3, 'dark': 2, 'light': 1}, 'AL(R)': {'pre': 15, 'post': 47, 'downstream': 105, 'upstream': 47, 'mito': 13, 'dark': 13}, 'AL-VP1m(R)': {'post': 5, 'upstream': 5, 'mito': 1, 'dark': 1}, 'AL-VP1l(R)': {'pre': 1, 'post': 3, 'downstream': 8, 'upstream': 3, 'mito': 1, 'dark': 1}, 'VMNP': {'pre': 15, 'post': 38, 'downstream': 103, 'upstream': 38, 'mito': 11, 'dark': 10, 'medium': 1}, 'VES(R)': {'pre': 15, 'post': 38, 'downstream': 103, 'upstream': 38, 'mito': 11, 'dark': 10, 'medium': 1}, 'AL-VP2(R)': {'pre': 7, 'post': 24, 'downstream': 40, 'upstream': 24, 'mito': 4, 'dark': 4}, 'AL-VP5(R)': {'post': 9, 'upstream': 9, 'mito': 4, 'dark': 4}, 'AL-VP1d(R)': {'pre': 2, 'downstream': 19}, 'PENP': {'pre': 22, 'post': 35, 'downstream': 166, 'upstream': 35, 'mito': 13, 'dark': 13}, 'SAD': {'pre': 22, 'post': 35, 'downstream': 166, 'upstream': 35, 'mito': 13, 'dark': 13}, 'SAD(-AMMC)': {'pre': 22, 'post': 35, 'downstream': 166, 'upstream': 35, 'mito': 13, 'dark': 13}, 'GNG': {'pre': 1, 'post': 1, 'downstream': 6, 'upstream': 1, 'mito': 1, 'dark': 1}}",,"['AL(R)', 'AL-VP1l(R)', 'AL-VP1m(R)', 'AL-VP2(R)', 'AL-VP5(R)', 'GNG', 'INP', 'LH(R)', 'PENP', 'SAD', 'SAD(-AMMC)', 'SCL(R)', 'SLP(R)', 'SMP(R)', 'SNP(R)', 'VES(R)', 'VMNP', 'mALT(R)']","['AL(R)', 'AL-VP1d(R)', 'AL-VP1l(R)', 'AL-VP2(R)', 'GNG', 'INP', 'LH(R)', 'PENP', 'SAD', 'SAD(-AMMC)', 'SCL(R)', 'SLP(R)', 'SMP(R)', 'SNP(R)', 'VES(R)', 'VMNP', 'mALT(R)']"
722817260,DA1_lPN_R,DA1_lPN,701,2435,5635,2435,285,1104413432,Traced,False,Roughly traced,AVM02,,,"{'MB(R)': {'pre': 117, 'post': 50, 'downstream': 1131, 'upstream': 50, 'mito': 8, 'dark': 8}, 'CA(R)': {'pre': 117, 'post': 50, 'downstream': 1131, 'upstream': 50, 'mito': 8, 'dark': 8}, 'MB(+ACA)(R)': {'pre': 117, 'post': 50, 'downstream': 1131, 'upstream': 50, 'mito': 8, 'dark': 8}, 'mALT(R)': {'pre': 6, 'post': 16, 'downstream': 23, 'upstream': 16, 'mito': 55, 'dark': 55}, 'INP': {'pre': 18, 'post': 4, 'downstream': 183, 'upstream': 4, 'mito': 3, 'dark': 3}, 'SCL(R)': {'pre': 18, 'post': 4, 'downstream': 183, 'upstream': 4, 'mito': 3, 'dark': 3}, 'LH(R)': {'pre': 314, 'post': 100, 'downstream': 3001, 'upstream': 100, 'mito': 51, 'dark': 49, 'light': 2}, 'AL(R)': {'pre': 246, 'post': 2264, 'downstream': 1297, 'upstream': 2264, 'mito': 159, 'dark': 158, 'medium': 1}, 'AL-DA1(R)': {'pre': 244, 'post': 2243, 'downstream': 1292, 'upstream': 2243, 'mito': 142, 'dark': 141, 'medium': 1}, 'AL-DC3(R)': {'pre': 2, 'post': 13, 'downstream': 5, 'upstream': 13, 'mito': 6, 'dark': 6}, 'AL-VA1d(R)': {'post': 3, 'upstream': 3}, 'AL-VP1d(R)': {'post': 3, 'upstream': 3, 'mito': 4, 'dark': 4}, 'AL-VP1m(R)': {'post': 2, 'upstream': 2, 'mito': 3, 'dark': 3}}",,"['AL(R)', 'AL-DA1(R)', 'AL-DC3(R)', 'AL-VA1d(R)', 'AL-VP1d(R)', 'AL-VP1m(R)', 'CA(R)', 'INP', 'LH(R)', 'MB(+ACA)(R)', 'MB(R)', 'SCL(R)', 'mALT(R)']","['AL(R)', 'AL-DA1(R)', 'AL-DC3(R)', 'CA(R)', 'INP', 'LH(R)', 'MB(+ACA)(R)', 'MB(R)', 'SCL(R)', 'mALT(R)']"
724816115,DP1l_adPN_R,DP1l_adPN,3413,7544,25547,7544,877,5995633237,Traced,False,Roughly traced,AVM03,631.5,"[13314, 31754, 29096]","{'LH(R)': {'pre': 1282, 'post': 426, 'downstream': 10433, 'upstream': 426, 'mito': 141, 'dark': 91, 'medium': 50}, 'MB(R)': {'pre': 734, 'post': 265, 'downstream': 7463, 'upstream': 265, 'mito': 60, 'dark': 56, 'light': 1, 'medium': 3}, 'CA(R)': {'pre': 734, 'post': 265, 'downstream': 7463, 'upstream': 265, 'mito': 60, 'dark': 56, 'light': 1, 'medium': 3}, 'MB(+ACA)(R)': {'pre': 740, 'post': 266, 'downstream': 7532, 'upstream': 266, 'mito': 61, 'dark': 57, 'light': 1, 'medium': 3}, 'SNP(R)': {'pre': 23, 'post': 7, 'downstream': 214, 'upstream': 7, 'mito': 5, 'dark': 4, 'medium': 1}, 'SLP(R)': {'pre': 23, 'post': 7, 'downstream': 214, 'upstream': 7, 'mito': 5, 'dark': 4, 'medium': 1}, 'lACA(R)': {'pre': 6, 'post': 1, 'downstream': 69, 'upstream': 1, 'mito': 1, 'dark': 1}, 'mALT(R)': {'pre': 40, 'post': 30, 'downstream': 129, 'upstream': 30, 'mito': 147, 'dark': 146, 'medium': 1}, 'AL(R)': {'pre': 1330, 'post': 6810, 'downstream': 7278, 'upstream': 6810, 'mito': 394, 'dark': 337, 'light': 10, 'medium': 47}, 'AL-DP1l(R)': {'pre': 1284, 'post': 6423, 'downstream': 7050, 'upstream': 6423, 'mito': 307, 'dark': 261, 'light': 9, 'medium': 37}, 'AL-DL2d(R)': {'pre': 1, 'post': 40, 'downstream': 2, 'upstream': 40}, 'AL-DL2v(R)': {'pre': 20, 'post': 95, 'downstream': 109, 'upstream': 95, 'mito': 2, 'dark': 1, 'medium': 1}, 'AL-DP1m(R)': {'pre': 2, 'post': 25, 'downstream': 12, 'upstream': 25}, 'LX(R)': {'post': 4, 'upstream': 4, 'mito': 2, 'dark': 2}, 'LAL(R)': {'post': 4, 'upstream': 4, 'mito': 2, 'dark': 2}, 'LAL(-GA)(R)': {'post': 4, 'upstream': 4, 'mito': 2, 'dark': 2}, 'AL-VP1d(R)': {'pre': 1, 'post': 10, 'downstream': 1, 'upstream': 10, 'mito': 26, 'dark': 23, 'medium': 3}, 'AL-VL2a(R)': {'pre': 6, 'post': 18, 'downstream': 31, 'upstream': 18, 'mito': 1, 'dark': 1}, 'AL-VL2p(R)': {'pre': 14, 'post': 178, 'downstream': 71, 'upstream': 178, 'mito': 35, 'dark': 30, 'light': 1, 'medium': 4}, 'AL-VP1l(R)': {'pre': 1, 'post': 1, 'downstream': 1, 'upstream': 1, 'mito': 12, 'dark': 11, 'medium': 1}, 'VLNP(R)': {'pre': 1, 'post': 2, 'downstream': 4, 'upstream': 2, 'mito': 30, 'dark': 17, 'light': 5, 'medium': 8}, 'AVLP(R)': {'pre': 1, 'post': 2, 'downstream': 4, 'upstream': 2, 'mito': 30, 'dark': 17, 'light': 5, 'medium': 8}, 'AL-VP4(R)': {'pre': 1, 'post': 2, 'downstream': 1, 'upstream': 2, 'mito': 3, 'dark': 2, 'medium': 1}, 'AL-VP3(R)': {'post': 3, 'upstream': 3, 'mito': 5, 'dark': 5}}",,"['AL(R)', 'AL-DL2d(R)', 'AL-DL2v(R)', 'AL-DP1l(R)', 'AL-DP1m(R)', 'AL-VL2a(R)', 'AL-VL2p(R)', 'AL-VP1d(R)', 'AL-VP1l(R)', 'AL-VP3(R)', 'AL-VP4(R)', 'AVLP(R)', 'CA(R)', 'LAL(-GA)(R)', 'LAL(R)', 'LH(R)', 'LX(R)', 'MB(+ACA)(R)', 'MB(R)', 'SLP(R)', 'SNP(R)', 'VLNP(R)', 'lACA(R)', 'mALT(R)']","['AL(R)', 'AL-DL2d(R)', 'AL-DL2v(R)', 'AL-DP1l(R)', 'AL-DP1m(R)', 'AL-VL2a(R)', 'AL-VL2p(R)', 'AL-VP1d(R)', 'AL-VP1l(R)', 'AL-VP4(R)', 'AVLP(R)', 'CA(R)', 'LH(R)', 'MB(+ACA)(R)', 'MB(R)', 'SLP(R)', 'SNP(R)', 'VLNP(R)', 'lACA(R)', 'mALT(R)']"
726207450,VM4_lvPN_R,VM4_lvPN,400,1123,2984,1123,252,946501221,Traced,False,Roughly traced,AVM06,431.5,"[15938, 28249, 31648]","{'MB(R)': {'pre': 57, 'post': 37, 'downstream': 413, 'upstream': 37, 'mito': 7, 'dark': 6, 'medium': 1}, 'CA(R)': {'pre': 57, 'post': 37, 'downstream': 413, 'upstream': 37, 'mito': 7, 'dark': 6, 'medium': 1}, 'MB(+ACA)(R)': {'pre': 57, 'post': 38, 'downstream': 413, 'upstream': 38, 'mito': 13, 'dark': 12, 'medium': 1}, 'SNP(R)': {'pre': 30, 'post': 17, 'downstream': 228, 'upstream': 17, 'mito': 34, 'dark': 30, 'light': 2, 'medium': 2}, 'SLP(R)': {'pre': 30, 'post': 15, 'downstream': 228, 'upstream': 15, 'mito': 32, 'dark': 28, 'light': 2, 'medium': 2}, 'dACA(R)': {'post': 1, 'upstream': 1, 'mito': 6, 'dark': 6}, 'SMP(R)': {'post': 2, 'upstream': 2, 'mito': 2, 'dark': 2}, 'VLNP(R)': {'pre': 32, 'post': 13, 'downstream': 312, 'upstream': 13, 'mito': 1, 'medium': 1}, 'PLP(R)': {'pre': 32, 'post': 13, 'downstream': 312, 'upstream': 13, 'mito': 1, 'medium': 1}, 'LH(R)': {'pre': 192, 'post': 85, 'downstream': 1592, 'upstream': 85, 'mito': 26, 'dark': 25, 'medium': 1}, 'mALT(R)': {'post': 2, 'upstream': 2, 'mito': 27, 'dark': 27}, 'AL(R)': {'pre': 89, 'post': 969, 'downstream': 439, 'upstream': 969, 'mito': 111, 'dark': 108, 'medium': 3}, 'AL-VP1d(R)': {'post': 3, 'upstream': 3, 'mito': 4, 'dark': 4}, 'AL-VP5(R)': {'post': 1, 'upstream': 1, 'mito': 1, 'dark': 1}, 'AL-VC3l(R)': {'pre': 3, 'post': 9, 'downstream': 16, 'upstream': 9, 'mito': 7, 'dark': 7}, 'AL-VC5(R)': {'pre': 7, 'post': 55, 'downstream': 29, 'upstream': 55, 'mito': 9, 'dark': 9}, 'AL-VC3m(R)': {'pre': 2, 'post': 58, 'downstream': 6, 'upstream': 58, 'mito': 12, 'dark': 11, 'medium': 1}, 'AL-VM4(R)': {'pre': 77, 'post': 832, 'downstream': 388, 'upstream': 832, 'mito': 73, 'dark': 71, 'medium': 2}, 'AL-VM1(R)': {'post': 7, 'upstream': 7, 'mito': 1, 'dark': 1}, 'AL-VA4(R)': {'post': 1, 'upstream': 1, 'mito': 1, 'dark': 1}, 'AL-V(R)': {'post': 3, 'upstream': 3, 'mito': 1, 'dark': 1}}",,"['AL(R)', 'AL-V(R)', 'AL-VA4(R)', 'AL-VC3l(R)', 'AL-VC3m(R)', 'AL-VC5(R)', 'AL-VM1(R)', 'AL-VM4(R)', 'AL-VP1d(R)', 'AL-VP5(R)', 'CA(R)', 'LH(R)', 'MB(+ACA)(R)', 'MB(R)', 'PLP(R)', 'SLP(R)', 'SMP(R)', 'SNP(R)', 'VLNP(R)', 'dACA(R)', 'mALT(R)']","['AL(R)', 'AL-VC3l(R)', 'AL-VC3m(R)', 'AL-VC5(R)', 'AL-VM4(R)', 'CA(R)', 'LH(R)', 'MB(+ACA)(R)', 'MB(R)', 'PLP(R)', 'SLP(R)', 'SNP(R)', 'VLNP(R)']"
727472481,VM2_adPN_R,VM2_adPN,585,312,4837,312,204,1058604157,Traced,False,Roughly traced,AVM01,416.5,"[21658, 35753, 23072]","{'LH(R)': {'pre': 394, 'post': 126, 'downstream': 3211, 'upstream': 126, 'mito': 50, 'dark': 35, 'medium': 15}, 'mALT(R)': {'pre': 11, 'post': 20, 'downstream': 56, 'upstream': 20, 'mito': 49, 'dark': 49}, 'MB(R)': {'pre': 149, 'post': 54, 'downstream': 1426, 'upstream': 54, 'mito': 19, 'dark': 19}, 'CA(R)': {'pre': 149, 'post': 54, 'downstream': 1426, 'upstream': 54, 'mito': 19, 'dark': 19}, 'MB(+ACA)(R)': {'pre': 149, 'post': 54, 'downstream': 1426, 'upstream': 54, 'mito': 19, 'dark': 19}, 'AL(R)': {'pre': 31, 'post': 111, 'downstream': 144, 'upstream': 111, 'mito': 42, 'dark': 42}, 'AL-DC4(R)': {'post': 4, 'upstream': 4, 'mito': 2, 'dark': 2}, 'AL-VM7v(R)': {'pre': 1, 'post': 10, 'downstream': 5, 'upstream': 10, 'mito': 12, 'dark': 12}, 'AL-VM5d(R)': {'pre': 1, 'post': 1, 'downstream': 4, 'upstream': 1, 'mito': 2, 'dark': 2}, 'AL-VC4(R)': {'pre': 29, 'post': 88, 'downstream': 135, 'upstream': 88, 'mito': 17, 'dark': 17}, 'AL-VM2(R)': {'post': 2, 'upstream': 2, 'mito': 3, 'dark': 3}, 'AL-VM5v(R)': {'post': 5, 'upstream': 5, 'mito': 1, 'dark': 1}}",,"['AL(R)', 'AL-DC4(R)', 'AL-VC4(R)', 'AL-VM2(R)', 'AL-VM5d(R)', 'AL-VM5v(R)', 'AL-VM7v(R)', 'CA(R)', 'LH(R)', 'MB(+ACA)(R)', 'MB(R)', 'mALT(R)']","['AL(R)', 'AL-VC4(R)', 'AL-VM5d(R)', 'AL-VM7v(R)', 'CA(R)', 'LH(R)', 'MB(+ACA)(R)', 'MB(R)', 'mALT(R)']"
727855437,M_vPNml71_R,M_vPNml71,174,290,1933,290,137,371922459,Traced,False,Roughly traced,AVM04,,,"{'LH(R)': {'pre': 160, 'post': 60, 'downstream': 1810, 'upstream': 60, 'mito': 43, 'dark': 39, 'light': 1, 'medium': 3}, 'SNP(R)': {'pre': 12, 'post': 4, 'downstream': 103, 'upstream': 4, 'mito': 2, 'dark': 1, 'light': 1}, 'SLP(R)': {'pre': 12, 'post': 4, 'downstream': 103, 'upstream': 4, 'mito': 2, 'dark': 1, 'light': 1}, 'mALT(R)': {'pre': 2, 'post': 4, 'downstream': 20, 'upstream': 4, 'mito': 3, 'dark': 3}, 'INP': {'post': 3, 'upstream': 3}, 'SCL(R)': {'post': 3, 'upstream': 3}, 'VLNP(R)': {'post': 1, 'upstream': 1, 'mito': 3, 'dark': 3}, 'AVLP(R)': {'post': 1, 'upstream': 1, 'mito': 3, 'dark': 3}, 'AL(R)': {'post': 218, 'upstream': 218, 'mito': 73, 'dark': 69, 'light': 3, 'medium': 1}, 'AL-DM3(R)': {'post': 40, 'upstream': 40, 'mito': 3, 'dark': 3}, 'AL-DL5(R)': {'post': 6, 'upstream': 6, 'mito': 1, 'dark': 1}, 'AL-DC4(R)': {'post': 32, 'upstream': 32, 'mito': 13, 'dark': 13}, 'AL-DC1(R)': {'post': 3, 'upstream': 3, 'mito': 1, 'dark': 1}, 'AL-DM6(R)': {'post': 22, 'upstream': 22, 'mito': 5, 'dark': 5}, 'AL-DA1(R)': {'post': 3, 'upstream': 3, 'mito': 2, 'dark': 2}, 'AL-DC3(R)': {'post': 17, 'upstream': 17, 'mito': 11, 'dark': 7, 'light': 3, 'medium': 1}, 'AL-DC2(R)': {'post': 18, 'upstream': 18, 'mito': 6, 'dark': 6}, 'AL-VM5d(R)': {'post': 29, 'upstream': 29, 'mito': 12, 'dark': 12}, 'AL-VP1d(R)': {'post': 7, 'upstream': 7, 'mito': 5, 'dark': 5}, 'AL-DP1m(R)': {'post': 2, 'upstream': 2, 'mito': 1, 'dark': 1}, 'AL-VM7v(R)': {'post': 1, 'upstream': 1, 'mito': 1, 'dark': 1}, 'AL-VA1d(R)': {'post': 2, 'upstream': 2}, 'AL-VA6(R)': {'post': 3, 'upstream': 3, 'mito': 1, 'dark': 1}, 'AL-VC4(R)': {'post': 2, 'upstream': 2}, 'AL-VC1(R)': {'post': 8, 'upstream': 8}, 'AL-VA5(R)': {'post': 14, 'upstream': 14, 'mito': 4, 'dark': 4}, 'AL-VL1(R)': {'post': 1, 'upstream': 1}}",,"['AL(R)', 'AL-DA1(R)', 'AL-DC1(R)', 'AL-DC2(R)', 'AL-DC3(R)', 'AL-DC4(R)', 'AL-DL5(R)', 'AL-DM3(R)', 'AL-DM6(R)', 'AL-DP1m(R)', 'AL-VA1d(R)', 'AL-VA5(R)', 'AL-VA6(R)', 'AL-VC1(R)', 'AL-VC4(R)', 'AL-VL1(R)', 'AL-VM5d(R)', 'AL-VM7v(R)', 'AL-VP1d(R)', 'AVLP(R)', 'INP', 'LH(R)', 'SCL(R)', 'SLP(R)', 'SNP(R)', 'VLNP(R)', 'mALT(R)']","['LH(R)', 'SLP(R)', 'SNP(R)', 'mALT(R)']"
729219639,M_vPNml74_R,M_vPNml74,86,88,732,88,67,161167587,Traced,False,Roughly traced,AVM04,,,"{'LH(R)': {'pre': 73, 'post': 19, 'downstream': 666, 'upstream': 19, 'mito': 26, 'dark': 26}, 'AL(R)': {'pre': 12, 'post': 65, 'downstream': 63, 'upstream': 65, 'mito': 20, 'dark': 20}, 'AL-DC4(R)': {'pre': 2, 'post': 18, 'downstream': 10, 'upstream': 18, 'mito': 4, 'dark': 4}, 'AL-DC2(R)': {'pre': 5, 'post': 17, 'downstream': 30, 'upstream': 17, 'mito': 5, 'dark': 5}, 'AL-VM7v(R)': {'pre': 2, 'post': 5, 'downstream': 9, 'upstream': 5, 'mito': 2, 'dark': 2}, 'AL-VP1d(R)': {'pre': 3, 'post': 8, 'downstream': 14, 'upstream': 8, 'mito': 6, 'dark': 6}, 'AL-VC1(R)': {'post': 7, 'upstream': 7}, 'PENP': {'post': 2, 'upstream': 2}, 'SAD': {'post': 2, 'upstream': 2}, 'AMMC': {'post': 2, 'upstream': 2}}",,"['AL(R)', 'AL-DC2(R)', 'AL-DC4(R)', 'AL-VC1(R)', 'AL-VM7v(R)', 'AL-VP1d(R)', 'AMMC', 'LH(R)', 'PENP', 'SAD']","['AL(R)', 'AL-DC2(R)', 'AL-DC4(R)', 'AL-VM7v(R)', 'AL-VP1d(R)', 'LH(R)']"
729544359,M_vPNml84_R,M_vPNml84,94,156,984,156,70,221825798,Traced,False,Roughly traced,AVM04,,,"{'LH(R)': {'pre': 91, 'post': 69, 'downstream': 975, 'upstream': 69, 'mito': 36, 'dark': 36}, 'AL(R)': {'pre': 3, 'post': 87, 'downstream': 9, 'upstream': 87, 'mito': 21, 'dark': 20, 'medium': 1}, 'AL-DA1(R)': {'pre': 1, 'post': 10, 'downstream': 3, 'upstream': 10, 'mito': 2, 'dark': 2}, 'AL-DC3(R)': {'post': 9, 'upstream': 9, 'mito': 1, 'dark': 1}, 'AL-VA1d(R)': {'post': 4, 'upstream': 4, 'mito': 2, 'dark': 2}, 'AL-VA1v(R)': {'post': 10, 'upstream': 10, 'mito': 2, 'dark': 2}, 'AL-VL2a(R)': {'post': 2, 'upstream': 2, 'mito': 1, 'medium': 1}, 'AL-VC3l(R)': {'post': 8, 'upstream': 8, 'mito': 1, 'dark': 1}, 'AL-VM3(R)': {'post': 2, 'upstream': 2}, 'AL-VC2(R)': {'post': 2, 'upstream': 2, 'mito': 2, 'dark': 2}, 'AL-VA5(R)': {'post': 4, 'upstream': 4}, 'AL-VA4(R)': {'post': 2, 'upstream': 2}, 'AL-VA3(R)': {'post': 11, 'upstream': 11, 'mito': 2, 'dark': 2}}",,"['AL(R)', 'AL-DA1(R)', 'AL-DC3(R)', 'AL-VA1d(R)', 'AL-VA1v(R)', 'AL-VA3(R)', 'AL-VA4(R)', 'AL-VA5(R)', 'AL-VC2(R)', 'AL-VC3l(R)', 'AL-VL2a(R)', 'AL-VM3(R)', 'LH(R)']","['AL(R)', 'AL-DA1(R)', 'LH(R)']"
729608317,Z_vPNml1(noAL+SEZ)_R,Z_lvPNm1,188,206,1683,206,75,329760226,Traced,False,Roughly traced,AVM06,,,"{'SNP(R)': {'pre': 29, 'post': 10, 'downstream': 324, 'upstream': 10, 'mito': 8, 'dark': 8}, 'SLP(R)': {'pre': 28, 'post': 10, 'downstream': 322, 'upstream': 10, 'mito': 8, 'dark': 8}, 'mALT(R)': {'pre': 3, 'post': 11, 'downstream': 9, 'upstream': 11, 'mito': 11, 'dark': 11}, 'INP': {'pre': 68, 'post': 37, 'downstream': 669, 'upstream': 37, 'mito': 20, 'dark': 20}, 'SCL(R)': {'pre': 68, 'post': 37, 'downstream': 669, 'upstream': 37, 'mito': 20, 'dark': 20}, 'SMP(R)': {'pre': 1, 'downstream': 2}, 'LH(R)': {'pre': 17, 'post': 19, 'downstream': 134, 'upstream': 19, 'mito': 7, 'dark': 7}, 'VLNP(R)': {'pre': 35, 'post': 18, 'downstream': 334, 'upstream': 18, 'mito': 10, 'dark': 10}, 'AVLP(R)': {'pre': 35, 'post': 18, 'downstream': 334, 'upstream': 18, 'mito': 10, 'dark': 10}, 'AL(R)': {'pre': 8, 'post': 27, 'downstream': 39, 'upstream': 27, 'mito': 6, 'dark': 6}, 'AL-VP1l(R)': {'pre': 2, 'post': 2, 'downstream': 12, 'upstream': 2}, 'AL-VP2(R)': {'post': 3, 'upstream': 3}, 'AL-VP5(R)': {'post': 2, 'upstream': 2, 'mito': 2, 'dark': 2}, 'VMNP': {'pre': 7, 'post': 22, 'downstream': 30, 'upstream': 22, 'mito': 4, 'dark': 4}, 'VES(R)': {'pre': 7, 'post': 22, 'downstream': 30, 'upstream': 22, 'mito': 4, 'dark': 4}, 'PENP': {'pre': 21, 'post': 43, 'downstream': 144, 'upstream': 43, 'mito': 8, 'dark': 8}, 'SAD': {'pre': 21, 'post': 43, 'downstream': 144, 'upstream': 43, 'mito': 8, 'dark': 8}, 'SAD(-AMMC)': {'pre': 21, 'post': 41, 'downstream': 144, 'upstream': 41, 'mito': 8, 'dark': 8}, 'AMMC': {'post': 2, 'upstream': 2}, 'GNG': {'post': 17, 'upstream': 17}}",,"['AL(R)', 'AL-VP1l(R)', 'AL-VP2(R)', 'AL-VP5(R)', 'AMMC', 'AVLP(R)', 'GNG', 'INP', 'LH(R)', 'PENP', 'SAD', 'SAD(-AMMC)', 'SCL(R)', 'SLP(R)', 'SNP(R)', 'VES(R)', 'VLNP(R)', 'VMNP', 'mALT(R)']","['AL(R)', 'AL-VP1l(R)', 'AVLP(R)', 'INP', 'LH(R)', 'PENP', 'SAD', 'SAD(-AMMC)', 'SCL(R)', 'SLP(R)', 'SMP(R)', 'SNP(R)', 'VES(R)', 'VLNP(R)', 'VMNP', 'mALT(R)']"
730213826,DP1l_vPN_R,DP1l_vPN,174,194,1781,194,160,625280663,Traced,False,Roughly traced,AVM04,446.5,"[17081, 34464, 36288]","{'LH(R)': {'pre': 172, 'post': 21, 'downstream': 1778, 'upstream': 21, 'mito': 72, 'dark': 67, 'medium': 5}, 'AL(R)': {'post': 169, 'upstream': 169, 'mito': 46, 'dark': 43, 'light': 1, 'medium': 2}, 'AL-DP1m(R)': {'post': 49, 'upstream': 49, 'mito': 12, 'dark': 11, 'medium': 1}, 'AL-DP1l(R)': {'post': 116, 'upstream': 116, 'mito': 32, 'dark': 30, 'light': 1, 'medium': 1}, 'AL-DL2v(R)': {'post': 4, 'upstream': 4, 'mito': 1, 'dark': 1}, 'LX(R)': {'post': 1, 'upstream': 1, 'mito': 1, 'dark': 1}, 'LAL(R)': {'post': 1, 'upstream': 1, 'mito': 1, 'dark': 1}, 'LAL(-GA)(R)': {'post': 1, 'upstream': 1, 'mito': 1, 'dark': 1}, 'PENP': {'pre': 2, 'post': 1, 'downstream': 3, 'upstream': 1}, 'SAD': {'pre': 2, 'post': 1, 'downstream': 3, 'upstream': 1}, 'AMMC': {'pre': 2, 'post': 1, 'downstream': 3, 'upstream': 1}}",,"['AL(R)', 'AL-DL2v(R)', 'AL-DP1l(R)', 'AL-DP1m(R)', 'AMMC', 'LAL(-GA)(R)', 'LAL(R)', 'LH(R)', 'LX(R)', 'PENP', 'SAD']","['AMMC', 'LH(R)', 'PENP', 'SAD']"
730252777,M_lvPNm41_R,M_lvPNm41,308,475,2630,475,158,441751530,Traced,False,Roughly traced,AVM06,342.0,"[14816, 28872, 31792]","{'SNP(R)': {'pre': 62, 'post': 12, 'downstream': 607, 'upstream': 12, 'mito': 15, 'dark': 15}, 'SLP(R)': {'pre': 62, 'post': 12, 'downstream': 607, 'upstream': 12, 'mito': 15, 'dark': 15}, 'LH(R)': {'pre': 85, 'post': 21, 'downstream': 849, 'upstream': 21, 'mito': 25, 'dark': 25}, 'INP': {'pre': 40, 'post': 8, 'downstream': 371, 'upstream': 8, 'mito': 8, 'dark': 8}, 'SCL(R)': {'pre': 40, 'post': 8, 'downstream': 371, 'upstream': 8, 'mito': 8, 'dark': 8}, 'mALT(R)': {'post': 2, 'upstream': 2, 'mito': 17, 'dark': 17}, 'VLNP(R)': {'pre': 22, 'post': 3, 'downstream': 216, 'upstream': 3, 'mito': 5, 'dark': 5}, 'AVLP(R)': {'pre': 22, 'post': 3, 'downstream': 216, 'upstream': 3, 'mito': 5, 'dark': 5}, 'AL(R)': {'pre': 99, 'post': 428, 'downstream': 587, 'upstream': 428, 'mito': 75, 'dark': 75}, 'AL-DM3(R)': {'post': 16, 'upstream': 16, 'mito': 1, 'dark': 1}, 'AL-DC4(R)': {'pre': 15, 'post': 129, 'downstream': 102, 'upstream': 129, 'mito': 11, 'dark': 11}, 'AL-DC3(R)': {'pre': 16, 'post': 34, 'downstream': 92, 'upstream': 34, 'mito': 10, 'dark': 10}, 'AL-DC1(R)': {'pre': 3, 'post': 4, 'downstream': 24, 'upstream': 4, 'mito': 2, 'dark': 2}, 'AL-VA6(R)': {'pre': 6, 'post': 10, 'downstream': 38, 'upstream': 10, 'mito': 4, 'dark': 4}, 'AL-VA1d(R)': {'pre': 3, 'post': 20, 'downstream': 21, 'upstream': 20, 'mito': 2, 'dark': 2}, 'AL-VP1d(R)': {'pre': 4, 'post': 2, 'downstream': 22, 'upstream': 2, 'mito': 1, 'dark': 1}, 'AL-DC2(R)': {'pre': 1, 'post': 6, 'downstream': 8, 'upstream': 6, 'mito': 1, 'dark': 1}, 'AL-VA1v(R)': {'pre': 1, 'post': 5, 'downstream': 7, 'upstream': 5}, 'AL-VC4(R)': {'pre': 2, 'post': 8, 'downstream': 15, 'upstream': 8, 'mito': 2, 'dark': 2}, 'AL-VC1(R)': {'pre': 2, 'post': 8, 'downstream': 8, 'upstream': 8, 'mito': 4, 'dark': 4}, 'AL-VA7l(R)': {'pre': 1, 'post': 2, 'downstream': 5, 'upstream': 2}, 'AL-VA7m(R)': {'pre': 2, 'post': 3, 'downstream': 14, 'upstream': 3, 'mito': 1, 'dark': 1}, 'AL-VC2(R)': {'pre': 5, 'post': 7, 'downstream': 24, 'upstream': 7, 'mito': 4, 'dark': 4}, 'AL-VA5(R)': {'pre': 6, 'post': 47, 'downstream': 34, 'upstream': 47, 'mito': 7, 'dark': 7}, 'AL-VC3l(R)': {'pre': 2, 'post': 5, 'downstream': 10, 'upstream': 5, 'mito': 1, 'dark': 1}, 'AL-VL1(R)': {'pre': 6, 'post': 28, 'downstream': 32, 'upstream': 28, 'mito': 4, 'dark': 4}, 'AL-VA3(R)': {'pre': 1, 'post': 40, 'downstream': 5, 'upstream': 40, 'mito': 1, 'dark': 1}, 'AL-VA4(R)': {'pre': 2, 'post': 13, 'downstream': 12, 'upstream': 13, 'mito': 2, 'dark': 2}}",,"['AL(R)', 'AL-DC1(R)', 'AL-DC2(R)', 'AL-DC3(R)', 'AL-DC4(R)', 'AL-DM3(R)', 'AL-VA1d(R)', 'AL-VA1v(R)', 'AL-VA3(R)', 'AL-VA4(R)', 'AL-VA5(R)', 'AL-VA6(R)', 'AL-VA7l(R)', 'AL-VA7m(R)', 'AL-VC1(R)', 'AL-VC2(R)', 'AL-VC3l(R)', 'AL-VC4(R)', 'AL-VL1(R)', 'AL-VP1d(R)', 'AVLP(R)', 'INP', 'LH(R)', 'SCL(R)', 'SLP(R)', 'SNP(R)', 'VLNP(R)', 'mALT(R)']","['AL(R)', 'AL-DC1(R)', 'AL-DC2(R)', 'AL-DC3(R)', 'AL-DC4(R)', 'AL-VA1d(R)', 'AL-VA1v(R)', 'AL-VA3(R)', 'AL-VA4(R)', 'AL-VA5(R)', 'AL-VA6(R)', 'AL-VA7l(R)', 'AL-VA7m(R)', 'AL-VC1(R)', 'AL-VC2(R)', 'AL-VC3l(R)', 'AL-VC4(R)', 'AL-VL1(R)', 'AL-VP1d(R)', 'AVLP(R)', 'INP', 'LH(R)', 'SCL(R)', 'SLP(R)', 'SNP(R)', 'VLNP(R)']"
733316908,DA1_vPN_R,DA1_vPN,665,2118,6670,2118,449,1493247151,Traced,False,Roughly traced,AVM04,,,"{'SNP(R)': {'pre': 89, 'post': 35, 'downstream': 926, 'upstream': 35, 'mito': 22, 'dark': 17, 'medium': 5}, 'SLP(R)': {'pre': 89, 'post': 35, 'downstream': 926, 'upstream': 35, 'mito': 22, 'dark': 17, 'medium': 5}, 'LH(R)': {'pre': 458, 'post': 343, 'downstream': 4775, 'upstream': 343, 'mito': 150, 'dark': 128, 'medium': 22}, 'INP': {'pre': 17, 'post': 9, 'downstream': 170, 'upstream': 9, 'mito': 12, 'dark': 12}, 'SCL(R)': {'pre': 17, 'post': 9, 'downstream': 170, 'upstream': 9, 'mito': 12, 'dark': 12}, 'VLNP(R)': {'pre': 39, 'post': 9, 'downstream': 428, 'upstream': 9, 'mito': 9, 'dark': 8, 'medium': 1}, 'AVLP(R)': {'pre': 28, 'post': 4, 'downstream': 326, 'upstream': 4, 'mito': 5, 'dark': 4, 'medium': 1}, 'PLP(R)': {'pre': 11, 'post': 5, 'downstream': 102, 'upstream': 5, 'mito': 4, 'dark': 4}, 'MB(R)': {'pre': 1, 'downstream': 3, 'mito': 1, 'dark': 1}, 'PED(R)': {'pre': 1, 'downstream': 3, 'mito': 1, 'dark': 1}, 'MB(+ACA)(R)': {'pre': 1, 'downstream': 3, 'mito': 1, 'dark': 1}, 'AL(R)': {'pre': 60, 'post': 1719, 'downstream': 367, 'upstream': 1719, 'mito': 178, 'dark': 176, 'light': 1, 'medium': 1}, 'AL-DA1(R)': {'pre': 59, 'post': 1650, 'downstream': 364, 'upstream': 1650, 'mito': 138, 'dark': 137, 'light': 1}, 'LX(R)': {'pre': 1, 'downstream': 1, 'mito': 8, 'dark': 8}, 'LAL(R)': {'pre': 1, 'downstream': 1, 'mito': 8, 'dark': 8}, 'LAL(-GA)(R)': {'pre': 1, 'downstream': 1, 'mito': 8, 'dark': 8}, 'AL-DC3(R)': {'post': 13, 'upstream': 13, 'mito': 3, 'dark': 3}, 'AL-VA1d(R)': {'pre': 1, 'post': 18, 'downstream': 3, 'upstream': 18, 'mito': 5, 'dark': 5}, 'AL-VA1v(R)': {'post': 3, 'upstream': 3, 'mito': 6, 'dark': 6}, 'AL-VL2a(R)': {'post': 4, 'upstream': 4, 'mito': 7, 'dark': 7}, 'AL-VP1l(R)': {'post': 2, 'upstream': 2, 'mito': 3, 'dark': 3}, 'AL-VP3(R)': {'post': 1, 'upstream': 1, 'mito': 3, 'dark': 3}, 'AL-VP1d(R)': {'post': 2, 'upstream': 2, 'mito': 3, 'dark': 2, 'medium': 1}, 'AL-VL1(R)': {'post': 5, 'upstream': 5}}",,"['AL(R)', 'AL-DA1(R)', 'AL-DC3(R)', 'AL-VA1d(R)', 'AL-VA1v(R)', 'AL-VL1(R)', 'AL-VL2a(R)', 'AL-VP1d(R)', 'AL-VP1l(R)', 'AL-VP3(R)', 'AVLP(R)', 'INP', 'LH(R)', 'PLP(R)', 'SCL(R)', 'SLP(R)', 'SNP(R)', 'VLNP(R)']","['AL(R)', 'AL-DA1(R)', 'AL-VA1d(R)', 'AVLP(R)', 'INP', 'LAL(-GA)(R)', 'LAL(R)', 'LH(R)', 'LX(R)', 'MB(+ACA)(R)', 'MB(R)', 'PED(R)', 'PLP(R)', 'SCL(R)', 'SLP(R)', 'SNP(R)', 'VLNP(R)']"
754534424,DA1_lPN_R,DA1_lPN,646,2364,5309,2364,305,1265805547,Traced,False,Roughly traced,AVM02,391.5,"[15190, 35277, 23184]","{'MB(R)': {'pre': 102, 'post': 41, 'downstream': 1028, 'upstream': 41, 'mito': 9, 'dark': 9}, 'CA(R)': {'pre': 102, 'post': 41, 'downstream': 1028, 'upstream': 41, 'mito': 9, 'dark': 9}, 'MB(+ACA)(R)': {'pre': 102, 'post': 41, 'downstream': 1028, 'upstream': 41, 'mito': 9, 'dark': 9}, 'mALT(R)': {'pre': 1, 'post': 7, 'downstream': 3, 'upstream': 7, 'mito': 55, 'dark': 55}, 'INP': {'pre': 12, 'post': 14, 'downstream': 120, 'upstream': 14, 'mito': 6, 'dark': 6}, 'SCL(R)': {'pre': 12, 'post': 14, 'downstream': 120, 'upstream': 14, 'mito': 6, 'dark': 6}, 'LH(R)': {'pre': 317, 'post': 106, 'downstream': 2956, 'upstream': 106, 'mito': 46, 'dark': 43, 'light': 2, 'medium': 1}, 'AL(R)': {'pre': 214, 'post': 2195, 'downstream': 1202, 'upstream': 2195, 'mito': 155, 'dark': 148, 'medium': 7}, 'AL-DA1(R)': {'pre': 211, 'post': 2184, 'downstream': 1184, 'upstream': 2184, 'mito': 130, 'dark': 127, 'medium': 3}, 'AL-DC3(R)': {'pre': 1, 'post': 5, 'downstream': 7, 'upstream': 5, 'mito': 8, 'dark': 8}, 'AL-VA1d(R)': {'pre': 2, 'post': 6, 'downstream': 11, 'upstream': 6, 'mito': 4, 'dark': 4}}",,"['AL(R)', 'AL-DA1(R)', 'AL-DC3(R)', 'AL-VA1d(R)', 'CA(R)', 'INP', 'LH(R)', 'MB(+ACA)(R)', 'MB(R)', 'SCL(R)', 'mALT(R)']","['AL(R)', 'AL-DA1(R)', 'AL-DC3(R)', 'AL-VA1d(R)', 'CA(R)', 'INP', 'LH(R)', 'MB(+ACA)(R)', 'MB(R)', 'SCL(R)', 'mALT(R)']"
754538881,DA1_lPN_R,DA1_lPN,623,2320,4867,2320,330,1217284590,Traced,False,Roughly traced,AVM02,386.5,"[13916, 35218, 25192]","{'MB(R)': {'pre': 60, 'post': 6, 'downstream': 618, 'upstream': 6, 'mito': 6, 'dark': 6}, 'CA(R)': {'pre': 60, 'post': 6, 'downstream': 618, 'upstream': 6, 'mito': 6, 'dark': 6}, 'MB(+ACA)(R)': {'pre': 60, 'post': 6, 'downstream': 618, 'upstream': 6, 'mito': 6, 'dark': 6}, 'SNP(R)': {'pre': 1, 'post': 1, 'downstream': 6, 'upstream': 1, 'mito': 2, 'dark': 2}, 'SLP(R)': {'pre': 1, 'post': 1, 'downstream': 6, 'upstream': 1, 'mito': 2, 'dark': 2}, 'LH(R)': {'pre': 301, 'post': 69, 'downstream': 2812, 'upstream': 69, 'mito': 53, 'dark': 53}, 'mALT(R)': {'pre': 3, 'post': 5, 'downstream': 11, 'upstream': 5, 'mito': 35, 'dark': 35}, 'VLNP(R)': {'pre': 3, 'post': 1, 'downstream': 46, 'upstream': 1}, 'AVLP(R)': {'pre': 3, 'post': 1, 'downstream': 46, 'upstream': 1}, 'AL(R)': {'pre': 251, 'post': 2236, 'downstream': 1358, 'upstream': 2236, 'mito': 197, 'dark': 195, 'medium': 2}, 'AL-DA1(R)': {'pre': 227, 'post': 2192, 'downstream': 1238, 'upstream': 2192, 'mito': 183, 'dark': 181, 'medium': 2}, 'AL-DC3(R)': {'pre': 2, 'post': 4, 'downstream': 8, 'upstream': 4, 'mito': 1, 'dark': 1}, 'AL-VA1d(R)': {'pre': 22, 'post': 37, 'downstream': 112, 'upstream': 37, 'mito': 4, 'dark': 4}, 'AL-VP1d(R)': {'post': 3, 'upstream': 3, 'mito': 7, 'dark': 7}}",,"['AL(R)', 'AL-DA1(R)', 'AL-DC3(R)', 'AL-VA1d(R)', 'AL-VP1d(R)', 'AVLP(R)', 'CA(R)', 'LH(R)', 'MB(+ACA)(R)', 'MB(R)', 'SLP(R)', 'SNP(R)', 'VLNP(R)', 'mALT(R)']","['AL(R)', 'AL-DA1(R)', 'AL-DC3(R)', 'AL-VA1d(R)', 'AVLP(R)', 'CA(R)', 'LH(R)', 'MB(+ACA)(R)', 'MB(R)', 'SLP(R)', 'SNP(R)', 'VLNP(R)', 'mALT(R)']"
754854077,VC4_adPN_R,VC4_adPN,751,1196,6355,1196,294,1121344888,Traced,False,Roughly traced,AVM01,421.5,"[21471, 37074, 24832]","{'LH(R)': {'pre': 430, 'post': 194, 'downstream': 3915, 'upstream': 194, 'mito': 76, 'dark': 70, 'medium': 6}, 'MB(R)': {'pre': 190, 'post': 48, 'downstream': 1820, 'upstream': 48, 'mito': 12, 'dark': 12}, 'CA(R)': {'pre': 190, 'post': 48, 'downstream': 1820, 'upstream': 48, 'mito': 12, 'dark': 12}, 'MB(+ACA)(R)': {'pre': 190, 'post': 48, 'downstream': 1820, 'upstream': 48, 'mito': 12, 'dark': 12}, 'mALT(R)': {'pre': 4, 'post': 24, 'downstream': 12, 'upstream': 24, 'mito': 46, 'dark': 46}, 'AL(R)': {'pre': 127, 'post': 927, 'downstream': 608, 'upstream': 927, 'mito': 111, 'dark': 105, 'light': 1, 'medium': 5}, 'AL-DC4(R)': {'pre': 1, 'post': 4, 'downstream': 2, 'upstream': 4, 'mito': 1, 'dark': 1}, 'AL-VM7v(R)': {'post': 6, 'upstream': 6, 'mito': 8, 'dark': 8}, 'AL-VC4(R)': {'pre': 113, 'post': 813, 'downstream': 544, 'upstream': 813, 'mito': 87, 'dark': 81, 'light': 1, 'medium': 5}, 'AL-VC3l(R)': {'pre': 12, 'post': 92, 'downstream': 56, 'upstream': 92, 'mito': 11, 'dark': 11}, 'AL-VC1(R)': {'pre': 1, 'post': 6, 'downstream': 6, 'upstream': 6, 'mito': 3, 'dark': 3}, 'AL-VA2(R)': {'post': 6, 'upstream': 6}}",,"['AL(R)', 'AL-DC4(R)', 'AL-VA2(R)', 'AL-VC1(R)', 'AL-VC3l(R)', 'AL-VC4(R)', 'AL-VM7v(R)', 'CA(R)', 'LH(R)', 'MB(+ACA)(R)', 'MB(R)', 'mALT(R)']","['AL(R)', 'AL-DC4(R)', 'AL-VC1(R)', 'AL-VC3l(R)', 'AL-VC4(R)', 'CA(R)', 'LH(R)', 'MB(+ACA)(R)', 'MB(R)', 'mALT(R)']"
755518957,DM3_adPN_R,DM3_adPN,2379,4609,18950,4609,735,3327897046,Traced,False,Roughly traced,AVM01,441.5,"[22741, 36166, 25520]","{'LH(R)': {'pre': 1158, 'post': 598, 'downstream': 9628, 'upstream': 598, 'mito': 190, 'dark': 162, 'light': 1, 'medium': 27}, 'MB(R)': {'pre': 532, 'post': 200, 'downstream': 5615, 'upstream': 200, 'mito': 71, 'dark': 66, 'light': 4, 'medium': 1}, 'CA(R)': {'pre': 532, 'post': 200, 'downstream': 5615, 'upstream': 200, 'mito': 71, 'dark': 66, 'light': 4, 'medium': 1}, 'MB(+ACA)(R)': {'pre': 532, 'post': 200, 'downstream': 5615, 'upstream': 200, 'mito': 71, 'dark': 66, 'light': 4, 'medium': 1}, 'mALT(R)': {'pre': 8, 'post': 9, 'downstream': 21, 'upstream': 9, 'mito': 86, 'dark': 80, 'medium': 6}, 'SNP(R)': {'post': 2, 'upstream': 2, 'mito': 3, 'dark': 3}, 'SLP(R)': {'post': 2, 'upstream': 2, 'mito': 3, 'dark': 3}, 'CX': {'post': 1, 'upstream': 1, 'mito': 1, 'dark': 1}, 'FB': {'post': 1, 'upstream': 1, 'mito': 1, 'dark': 1}, 'FBl2': {'post': 1, 'upstream': 1, 'mito': 1, 'dark': 1}, 'AL(R)': {'pre': 679, 'post': 3792, 'downstream': 3678, 'upstream': 3792, 'mito': 317, 'dark': 303, 'light': 6, 'medium': 8}, 'AL-DM3(R)': {'pre': 444, 'post': 3152, 'downstream': 2337, 'upstream': 3152, 'mito': 203, 'dark': 196, 'light': 1, 'medium': 6}, 'AL-DL5(R)': {'pre': 40, 'post': 82, 'downstream': 226, 'upstream': 82, 'mito': 16, 'dark': 16}, 'AL-DM1(R)': {'pre': 28, 'post': 97, 'downstream': 144, 'upstream': 97, 'mito': 17, 'dark': 17}, 'AL-DC4(R)': {'pre': 142, 'post': 399, 'downstream': 819, 'upstream': 399, 'mito': 62, 'dark': 57, 'light': 5}, 'AL-DC1(R)': {'pre': 11, 'post': 26, 'downstream': 61, 'upstream': 26, 'mito': 4, 'dark': 4}, 'LX(R)': {'pre': 1, 'downstream': 2, 'mito': 1, 'dark': 1}, 'LAL(R)': {'pre': 1, 'downstream': 2, 'mito': 1, 'dark': 1}, 'LAL(-GA)(R)': {'pre': 1, 'downstream': 2, 'mito': 1, 'dark': 1}, 'AL-DP1m(R)': {'pre': 14, 'post': 31, 'downstream': 91, 'upstream': 31, 'mito': 5, 'dark': 4, 'medium': 1}, 'AL-DC2(R)': {'post': 1, 'upstream': 1, 'mito': 2, 'dark': 2}, 'AL-VM7v(R)': {'post': 3, 'upstream': 3, 'mito': 1, 'dark': 1}}",,"['AL(R)', 'AL-DC1(R)', 'AL-DC2(R)', 'AL-DC4(R)', 'AL-DL5(R)', 'AL-DM1(R)', 'AL-DM3(R)', 'AL-DP1m(R)', 'AL-VM7v(R)', 'CA(R)', 'CX', 'FB', 'FBl2', 'LH(R)', 'MB(+ACA)(R)', 'MB(R)', 'SLP(R)', 'SNP(R)', 'mALT(R)']","['AL(R)', 'AL-DC1(R)', 'AL-DC4(R)', 'AL-DL5(R)', 'AL-DM1(R)', 'AL-DM3(R)', 'AL-DP1m(R)', 'CA(R)', 'LAL(-GA)(R)', 'LAL(R)', 'LH(R)', 'LX(R)', 'MB(+ACA)(R)', 'MB(R)', 'mALT(R)']"
757258507,M_lvPNm45_R,M_lvPNm45,317,245,2828,245,153,482174867,Traced,False,Roughly traced,AVM06,381.5,"[15405, 31397, 32888]","{'mALT(R)': {'pre': 4, 'downstream': 15, 'mito': 16, 'dark': 16}, 'SNP(R)': {'pre': 69, 'post': 15, 'downstream': 681, 'upstream': 15, 'mito': 16, 'dark': 15, 'light': 1}, 'SLP(R)': {'pre': 48, 'post': 7, 'downstream': 487, 'upstream': 7, 'mito': 9, 'dark': 9}, 'SMP(R)': {'pre': 1, 'downstream': 3}, 'INP': {'pre': 77, 'post': 14, 'downstream': 659, 'upstream': 14, 'mito': 18, 'dark': 17, 'light': 1}, 'SCL(R)': {'pre': 77, 'post': 14, 'downstream': 659, 'upstream': 14, 'mito': 18, 'dark': 17, 'light': 1}, 'SIP(R)': {'pre': 20, 'post': 8, 'downstream': 191, 'upstream': 8, 'mito': 7, 'dark': 6, 'light': 1}, 'LH(R)': {'pre': 53, 'post': 11, 'downstream': 452, 'upstream': 11, 'mito': 22, 'dark': 22}, 'VLNP(R)': {'pre': 108, 'post': 27, 'downstream': 998, 'upstream': 27, 'mito': 19, 'dark': 19}, 'AVLP(R)': {'pre': 108, 'post': 27, 'downstream': 998, 'upstream': 27, 'mito': 19, 'dark': 19}, 'AL(R)': {'pre': 6, 'post': 178, 'downstream': 23, 'upstream': 178, 'mito': 50, 'dark': 50}, 'AL-DA1(R)': {'pre': 5, 'post': 144, 'downstream': 20, 'upstream': 144, 'mito': 34, 'dark': 34}, 'AL-DC3(R)': {'pre': 1, 'post': 8, 'downstream': 3, 'upstream': 8, 'mito': 3, 'dark': 3}, 'AL-VA1d(R)': {'post': 5, 'upstream': 5, 'mito': 1, 'dark': 1}, 'AL-VP1l(R)': {'post': 2, 'upstream': 2, 'mito': 4, 'dark': 4}, 'AL-VP1m(R)': {'post': 1, 'upstream': 1, 'mito': 1, 'dark': 1}, 'AL-VC1(R)': {'post': 3, 'upstream': 3}, 'AL-VP1d(R)': {'post': 1, 'upstream': 1, 'mito': 2, 'dark': 2}}",,"['AL(R)', 'AL-DA1(R)', 'AL-DC3(R)', 'AL-VA1d(R)', 'AL-VC1(R)', 'AL-VP1d(R)', 'AL-VP1l(R)', 'AL-VP1m(R)', 'AVLP(R)', 'INP', 'LH(R)', 'SCL(R)', 'SIP(R)', 'SLP(R)', 'SNP(R)', 'VLNP(R)']","['AL(R)', 'AL-DA1(R)', 'AL-DC3(R)', 'AVLP(R)', 'INP', 'LH(R)', 'SCL(R)', 'SIP(R)', 'SLP(R)', 'SMP(R)', 'SNP(R)', 'VLNP(R)', 'mALT(R)']"
757556799,VL1_vPN_R,VL1_vPN,696,1589,7266,1589,327,1180457329,Traced,False,Roughly traced,AVM04,466.5,"[20734, 33923, 33728]","{'SNP(R)': {'pre': 46, 'post': 11, 'downstream': 459, 'upstream': 11, 'mito': 13, 'dark': 11, 'medium': 2}, 'SLP(R)': {'pre': 46, 'post': 11, 'downstream': 459, 'upstream': 11, 'mito': 13, 'dark': 11, 'medium': 2}, 'INP': {'pre': 41, 'post': 52, 'downstream': 450, 'upstream': 52, 'mito': 12, 'dark': 11, 'medium': 1}, 'SCL(R)': {'pre': 41, 'post': 52, 'downstream': 450, 'upstream': 52, 'mito': 12, 'dark': 11, 'medium': 1}, 'LH(R)': {'pre': 428, 'post': 516, 'downstream': 4555, 'upstream': 516, 'mito': 110, 'dark': 106, 'light': 1, 'medium': 3}, 'VLNP(R)': {'pre': 173, 'post': 157, 'downstream': 1782, 'upstream': 157, 'mito': 51, 'dark': 48, 'medium': 3}, 'PLP(R)': {'pre': 166, 'post': 152, 'downstream': 1709, 'upstream': 152, 'mito': 49, 'dark': 46, 'medium': 3}, 'AVLP(R)': {'pre': 7, 'post': 5, 'downstream': 73, 'upstream': 5, 'mito': 2, 'dark': 2}, 'mALT(R)': {'post': 1, 'upstream': 1, 'mito': 7, 'dark': 7}, 'AL(R)': {'pre': 7, 'post': 851, 'downstream': 19, 'upstream': 851, 'mito': 83, 'dark': 78, 'medium': 5}, 'AL-VA1v(R)': {'post': 5, 'upstream': 5}, 'AL-VL1(R)': {'pre': 5, 'post': 827, 'downstream': 13, 'upstream': 827, 'mito': 75, 'dark': 71, 'medium': 4}, 'AL-VL2a(R)': {'post': 1, 'upstream': 1}}",,"['AL(R)', 'AL-VA1v(R)', 'AL-VL1(R)', 'AL-VL2a(R)', 'AVLP(R)', 'INP', 'LH(R)', 'PLP(R)', 'SCL(R)', 'SLP(R)', 'SNP(R)', 'VLNP(R)', 'mALT(R)']","['AL(R)', 'AL-VL1(R)', 'AVLP(R)', 'INP', 'LH(R)', 'PLP(R)', 'SCL(R)', 'SLP(R)', 'SNP(R)', 'VLNP(R)']"
757569579,M_lvPNm44_R,M_lvPNm44,150,140,1094,140,144,425659108,Traced,False,Roughly traced,AVM06,317.0,"[15056, 29668, 31888]","{'SNP(R)': {'pre': 36, 'post': 14, 'downstream': 263, 'upstream': 14, 'mito': 16, 'dark': 16}, 'SLP(R)': {'pre': 36, 'post': 14, 'downstream': 263, 'upstream': 14, 'mito': 16, 'dark': 16}, 'mALT(R)': {'post': 2, 'upstream': 2, 'mito': 15, 'dark': 15}, 'LH(R)': {'pre': 90, 'post': 14, 'downstream': 640, 'upstream': 14, 'mito': 35, 'dark': 35}, 'VLNP(R)': {'pre': 22, 'post': 4, 'downstream': 177, 'upstream': 4, 'mito': 8, 'dark': 7, 'medium': 1}, 'AVLP(R)': {'pre': 18, 'post': 4, 'downstream': 150, 'upstream': 4, 'mito': 7, 'dark': 6, 'medium': 1}, 'PLP(R)': {'pre': 4, 'downstream': 27, 'mito': 1, 'dark': 1}, 'AL(R)': {'pre': 2, 'post': 105, 'downstream': 14, 'upstream': 105, 'mito': 54, 'dark': 52, 'medium': 2}, 'AL-DM3(R)': {'post': 17, 'upstream': 17, 'mito': 1, 'dark': 1}, 'AL-DA1(R)': {'pre': 1, 'post': 21, 'downstream': 7, 'upstream': 21, 'mito': 6, 'dark': 6}, 'AL-DC4(R)': {'post': 6, 'upstream': 6, 'mito': 3, 'dark': 3}, 'AL-DC1(R)': {'post': 3, 'upstream': 3, 'mito': 1, 'dark': 1}, 'AL-DP1m(R)': {'post': 1, 'upstream': 1}, 'AL-DC3(R)': {'post': 8, 'upstream': 8, 'mito': 5, 'dark': 5}, 'AL-VP1d(R)': {'post': 2, 'upstream': 2, 'mito': 1, 'dark': 1}, 'AL-VA6(R)': {'post': 2, 'upstream': 2, 'mito': 1, 'dark': 1}, 'AL-DC2(R)': {'post': 2, 'upstream': 2, 'mito': 2, 'dark': 2}, 'AL-VC3l(R)': {'pre': 1, 'post': 19, 'downstream': 7, 'upstream': 19, 'mito': 6, 'dark': 6}, 'AL-VM7v(R)': {'post': 1, 'upstream': 1, 'mito': 2, 'dark': 2}, 'AL-VP2(R)': {'post': 2, 'upstream': 2, 'mito': 1, 'dark': 1}, 'AL-VP1l(R)': {'post': 1, 'upstream': 1, 'mito': 1, 'dark': 1}, 'AL-VC5(R)': {'post': 10, 'upstream': 10, 'mito': 6, 'dark': 6}, 'AL-VC4(R)': {'post': 1, 'upstream': 1, 'mito': 4, 'dark': 4}, 'AL-VM4(R)': {'post': 1, 'upstream': 1}, 'AL-VL1(R)': {'post': 4, 'upstream': 4, 'mito': 2, 'dark': 2}}",,"['AL(R)', 'AL-DA1(R)', 'AL-DC1(R)', 'AL-DC2(R)', 'AL-DC3(R)', 'AL-DC4(R)', 'AL-DM3(R)', 'AL-DP1m(R)', 'AL-VA6(R)', 'AL-VC3l(R)', 'AL-VC4(R)', 'AL-VC5(R)', 'AL-VL1(R)', 'AL-VM4(R)', 'AL-VM7v(R)', 'AL-VP1d(R)', 'AL-VP1l(R)', 'AL-VP2(R)', 'AVLP(R)', 'LH(R)', 'SLP(R)', 'SNP(R)', 'VLNP(R)', 'mALT(R)']","['AL(R)', 'AL-DA1(R)', 'AL-VC3l(R)', 'AVLP(R)', 'LH(R)', 'PLP(R)', 'SLP(R)', 'SNP(R)', 'VLNP(R)']"
757591093,M_lvPNm45_R,M_lvPNm45,215,236,1871,236,136,366046506,Traced,False,Roughly traced,AVM06,,,"{'SNP(R)': {'pre': 69, 'post': 21, 'downstream': 583, 'upstream': 21, 'mito': 19, 'dark': 19}, 'SLP(R)': {'pre': 67, 'post': 21, 'downstream': 565, 'upstream': 21, 'mito': 18, 'dark': 18}, 'INP': {'pre': 22, 'post': 7, 'downstream': 181, 'upstream': 7, 'mito': 9, 'dark': 9}, 'SCL(R)': {'pre': 22, 'post': 7, 'downstream': 181, 'upstream': 7, 'mito': 9, 'dark': 9}, 'mALT(R)': {'post': 1, 'upstream': 1, 'mito': 17, 'dark': 17}, 'SMP(R)': {'pre': 2, 'downstream': 18, 'mito': 1, 'dark': 1}, 'LH(R)': {'pre': 84, 'post': 27, 'downstream': 699, 'upstream': 27, 'mito': 34, 'dark': 34}, 'VLNP(R)': {'pre': 39, 'post': 21, 'downstream': 405, 'upstream': 21, 'mito': 15, 'dark': 15}, 'AVLP(R)': {'pre': 39, 'post': 21, 'downstream': 405, 'upstream': 21, 'mito': 15, 'dark': 15}, 'AL(R)': {'pre': 1, 'post': 157, 'downstream': 3, 'upstream': 157, 'mito': 36, 'dark': 36}, 'AL-DA1(R)': {'pre': 1, 'post': 140, 'downstream': 3, 'upstream': 140, 'mito': 30, 'dark': 30}, 'AL-DC3(R)': {'post': 2, 'upstream': 2, 'mito': 1, 'dark': 1}, 'AL-VP1d(R)': {'post': 5, 'upstream': 5, 'mito': 3, 'dark': 3}, 'AL-VA1d(R)': {'post': 1, 'upstream': 1, 'mito': 1, 'dark': 1}, 'AL-VP1m(R)': {'post': 1, 'upstream': 1}, 'AL-VC1(R)': {'post': 2, 'upstream': 2}, 'PENP': {'post': 2, 'upstream': 2}, 'SAD': {'post': 2, 'upstream': 2}, 'AMMC': {'post': 2, 'upstream': 2}}",,"['AL(R)', 'AL-DA1(R)', 'AL-DC3(R)', 'AL-VA1d(R)', 'AL-VC1(R)', 'AL-VP1d(R)', 'AL-VP1m(R)', 'AMMC', 'AVLP(R)', 'INP', 'LH(R)', 'PENP', 'SAD', 'SCL(R)', 'SLP(R)', 'SNP(R)', 'VLNP(R)', 'mALT(R)']","['AL(R)', 'AL-DA1(R)', 'AVLP(R)', 'INP', 'LH(R)', 'SCL(R)', 'SLP(R)', 'SMP(R)', 'SNP(R)', 'VLNP(R)']"
759922408,M_vPNml74_R,M_vPNml74,137,345,1186,345,87,214624190,Traced,False,Roughly traced,AVM04,,,"{'LH(R)': {'pre': 107, 'post': 37, 'downstream': 1058, 'upstream': 37, 'mito': 23, 'dark': 23}, 'AL(R)': {'pre': 29, 'post': 305, 'downstream': 127, 'upstream': 305, 'mito': 44, 'dark': 43, 'light': 1}, 'AL-DA2(R)': {'post': 19, 'upstream': 19, 'mito': 1, 'dark': 1}, 'AL-DC1(R)': {'pre': 1, 'post': 17, 'downstream': 4, 'upstream': 17, 'mito': 5, 'dark': 5}, 'AL-VP1d(R)': {'pre': 10, 'post': 119, 'downstream': 36, 'upstream': 119, 'mito': 15, 'dark': 15}, 'AL-DC2(R)': {'pre': 2, 'post': 22, 'downstream': 10, 'upstream': 22, 'mito': 4, 'dark': 4}, 'AL-VA6(R)': {'pre': 1, 'post': 1, 'downstream': 5, 'upstream': 1, 'mito': 1, 'dark': 1}, 'AL-DC4(R)': {'pre': 2, 'post': 3, 'downstream': 15, 'upstream': 3, 'mito': 2, 'dark': 1, 'light': 1}, 'AL-DP1m(R)': {'pre': 1, 'post': 4, 'downstream': 6, 'upstream': 4}, 'AL-VP4(R)': {'pre': 3, 'post': 32, 'downstream': 10, 'upstream': 32, 'mito': 4, 'dark': 4}, 'AL-VP1m(R)': {'pre': 2, 'post': 42, 'downstream': 7, 'upstream': 42, 'mito': 5, 'dark': 5}, 'AL-VC1(R)': {'pre': 2, 'post': 6, 'downstream': 9, 'upstream': 6, 'mito': 1, 'dark': 1}, 'AL-VP1l(R)': {'pre': 3, 'post': 6, 'downstream': 14, 'upstream': 6, 'mito': 1, 'dark': 1}, 'AL-VP5(R)': {'post': 3, 'upstream': 3, 'mito': 1, 'dark': 1}, 'AL-VP3(R)': {'post': 3, 'upstream': 3, 'mito': 1, 'dark': 1}, 'PENP': {'post': 2, 'upstream': 2}, 'SAD': {'post': 2, 'upstream': 2}, 'AMMC': {'post': 2, 'upstream': 2}}",,"['AL(R)', 'AL-DA2(R)', 'AL-DC1(R)', 'AL-DC2(R)', 'AL-DC4(R)', 'AL-DP1m(R)', 'AL-VA6(R)', 'AL-VC1(R)', 'AL-VP1d(R)', 'AL-VP1l(R)', 'AL-VP1m(R)', 'AL-VP3(R)', 'AL-VP4(R)', 'AL-VP5(R)', 'AMMC', 'LH(R)', 'PENP', 'SAD']","['AL(R)', 'AL-DC1(R)', 'AL-DC2(R)', 'AL-DC4(R)', 'AL-DP1m(R)', 'AL-VA6(R)', 'AL-VC1(R)', 'AL-VP1d(R)', 'AL-VP1l(R)', 'AL-VP1m(R)', 'AL-VP4(R)', 'LH(R)']"
760250272,M_vPNml84_R,M_vPNml84,89,166,883,166,79,229217370,Traced,False,Roughly traced,AVM04,,,"{'LH(R)': {'pre': 89, 'post': 82, 'downstream': 883, 'upstream': 82, 'mito': 39, 'dark': 38, 'light': 1}, 'AL(R)': {'post': 82, 'upstream': 82, 'mito': 25, 'dark': 24, 'medium': 1}, 'AL-DP1l(R)': {'post': 12, 'upstream': 12, 'mito': 2, 'dark': 2}, 'AL-DL2v(R)': {'post': 18, 'upstream': 18, 'mito': 5, 'dark': 5}, 'AL-VC4(R)': {'post': 6, 'upstream': 6, 'mito': 2, 'dark': 2}, 'AL-VP1d(R)': {'post': 2, 'upstream': 2, 'mito': 2, 'dark': 1, 'medium': 1}, 'AL-VA2(R)': {'post': 6, 'upstream': 6}, 'AL-VC3l(R)': {'post': 10, 'upstream': 10, 'mito': 2, 'dark': 2}, 'AL-VL2a(R)': {'post': 2, 'upstream': 2, 'mito': 1, 'dark': 1}, 'AL-VM3(R)': {'post': 1, 'upstream': 1, 'mito': 1, 'dark': 1}, 'AL-VC2(R)': {'post': 6, 'upstream': 6, 'mito': 3, 'dark': 3}, 'AL-VA4(R)': {'post': 3, 'upstream': 3, 'mito': 1, 'dark': 1}, 'AL-VA3(R)': {'post': 10, 'upstream': 10}}",,"['AL(R)', 'AL-DL2v(R)', 'AL-DP1l(R)', 'AL-VA2(R)', 'AL-VA3(R)', 'AL-VA4(R)', 'AL-VC2(R)', 'AL-VC3l(R)', 'AL-VC4(R)', 'AL-VL2a(R)', 'AL-VM3(R)', 'AL-VP1d(R)', 'LH(R)']",['LH(R)']
760250511,M_vPNml78_R,M_vPNml78,129,159,1514,159,96,205811629,Traced,False,Roughly traced,AVM04,,,"{'LH(R)': {'pre': 127, 'post': 23, 'downstream': 1508, 'upstream': 23, 'mito': 46, 'dark': 43, 'medium': 3}, 'AL(R)': {'post': 135, 'upstream': 135, 'mito': 27, 'dark': 27}, 'AL-DC2(R)': {'post': 1, 'upstream': 1}, 'AL-VP1d(R)': {'post': 4, 'upstream': 4, 'mito': 2, 'dark': 2}, 'AL-VA6(R)': {'post': 2, 'upstream': 2, 'mito': 1, 'dark': 1}, 'AL-VM5d(R)': {'post': 2, 'upstream': 2, 'mito': 1, 'dark': 1}, 'AL-VP1m(R)': {'post': 1, 'upstream': 1, 'mito': 1, 'dark': 1}, 'AL-VP4(R)': {'post': 1, 'upstream': 1, 'mito': 2, 'dark': 2}, 'AL-VC4(R)': {'post': 5, 'upstream': 5, 'mito': 3, 'dark': 3}, 'AL-VC3l(R)': {'post': 2, 'upstream': 2, 'mito': 1, 'dark': 1}, 'AL-VC1(R)': {'post': 3, 'upstream': 3, 'mito': 1, 'dark': 1}, 'AL-VC2(R)': {'post': 53, 'upstream': 53, 'mito': 5, 'dark': 5}, 'AL-VA7m(R)': {'post': 6, 'upstream': 6}, 'AL-VA7l(R)': {'post': 1, 'upstream': 1, 'mito': 2, 'dark': 2}, 'AL-VA3(R)': {'post': 43, 'upstream': 43, 'mito': 6, 'dark': 6}, 'AL-VA5(R)': {'post': 2, 'upstream': 2}}",,"['AL(R)', 'AL-DC2(R)', 'AL-VA3(R)', 'AL-VA5(R)', 'AL-VA6(R)', 'AL-VA7l(R)', 'AL-VA7m(R)', 'AL-VC1(R)', 'AL-VC2(R)', 'AL-VC3l(R)', 'AL-VC4(R)', 'AL-VM5d(R)', 'AL-VP1d(R)', 'AL-VP1m(R)', 'AL-VP4(R)', 'LH(R)']",['LH(R)']
760264077,M_vPNml74_R,M_vPNml74,91,95,747,95,64,179308670,Traced,False,Roughly traced,AVM04,,,"{'LH(R)': {'pre': 78, 'post': 17, 'downstream': 651, 'upstream': 17, 'mito': 30, 'dark': 25, 'light': 3, 'medium': 2}, 'INP': {'pre': 2, 'post': 1, 'downstream': 16, 'upstream': 1, 'mito': 1, 'dark': 1}, 'SCL(R)': {'pre': 2, 'post': 1, 'downstream': 16, 'upstream': 1, 'mito': 1, 'dark': 1}, 'VLNP(R)': {'pre': 9, 'post': 3, 'downstream': 72, 'upstream': 3, 'mito': 2, 'dark': 2}, 'AVLP(R)': {'pre': 9, 'post': 3, 'downstream': 72, 'upstream': 3, 'mito': 2, 'dark': 2}, 'AL(R)': {'pre': 2, 'post': 73, 'downstream': 8, 'upstream': 73, 'mito': 18, 'dark': 18}, 'AL-DC1(R)': {'post': 6, 'upstream': 6, 'mito': 1, 'dark': 1}, 'AL-VA6(R)': {'post': 6, 'upstream': 6, 'mito': 2, 'dark': 2}, 'AL-DC2(R)': {'post': 7, 'upstream': 7, 'mito': 2, 'dark': 2}, 'AL-DC4(R)': {'pre': 1, 'post': 17, 'downstream': 4, 'upstream': 17, 'mito': 4, 'dark': 4}, 'AL-VM7v(R)': {'pre': 1, 'post': 16, 'downstream': 4, 'upstream': 16, 'mito': 2, 'dark': 2}, 'AL-VC1(R)': {'post': 3, 'upstream': 3, 'mito': 1, 'dark': 1}, 'AL-VC2(R)': {'post': 10, 'upstream': 10, 'mito': 1, 'dark': 1}, 'AL-VA7m(R)': {'post': 7, 'upstream': 7}}",,"['AL(R)', 'AL-DC1(R)', 'AL-DC2(R)', 'AL-DC4(R)', 'AL-VA6(R)', 'AL-VA7m(R)', 'AL-VC1(R)', 'AL-VC2(R)', 'AL-VM7v(R)', 'AVLP(R)', 'INP', 'LH(R)', 'SCL(R)', 'VLNP(R)']","['AL(R)', 'AL-DC4(R)', 'AL-VM7v(R)', 'AVLP(R)', 'INP', 'LH(R)', 'SCL(R)', 'VLNP(R)']"
761938645,M_vPNml67_R,M_vPNml67,133,363,1462,363,100,239863991,Traced,False,Roughly traced,AVM04,,,"{'LH(R)': {'pre': 133, 'post': 50, 'downstream': 1462, 'upstream': 50, 'mito': 43, 'dark': 43}, 'AL(R)': {'post': 312, 'upstream': 312, 'mito': 40, 'dark': 40}, 'AL-DC3(R)': {'post': 121, 'upstream': 121, 'mito': 15, 'dark': 15}, 'AL-VA6(R)': {'post': 66, 'upstream': 66, 'mito': 11, 'dark': 11}, 'AL-VP1d(R)': {'post': 4, 'upstream': 4, 'mito': 1, 'dark': 1}, 'AL-DC2(R)': {'post': 1, 'upstream': 1}, 'AL-VC1(R)': {'post': 21, 'upstream': 21, 'mito': 5, 'dark': 5}, 'AL-VC2(R)': {'post': 91, 'upstream': 91, 'mito': 5, 'dark': 5}}",,"['AL(R)', 'AL-DC2(R)', 'AL-DC3(R)', 'AL-VA6(R)', 'AL-VC1(R)', 'AL-VC2(R)', 'AL-VP1d(R)', 'LH(R)']",['LH(R)']
762982753,M_adPNm5_R,M_adPNm5,189,648,1471,648,131,466313254,Traced,False,Roughly traced,AVM01,416.5,"[22284, 35161, 21904]","{'MB(R)': {'pre': 19, 'post': 56, 'downstream': 152, 'upstream': 56, 'mito': 3, 'dark': 3}, 'CA(R)': {'pre': 19, 'post': 56, 'downstream': 152, 'upstream': 56, 'mito': 3, 'dark': 3}, 'MB(+ACA)(R)': {'pre': 19, 'post': 56, 'downstream': 152, 'upstream': 56, 'mito': 3, 'dark': 3}, 'SNP(R)': {'pre': 14, 'post': 8, 'downstream': 144, 'upstream': 8, 'mito': 4, 'dark': 4}, 'SLP(R)': {'pre': 14, 'post': 8, 'downstream': 144, 'upstream': 8, 'mito': 4, 'dark': 4}, 'LH(R)': {'pre': 81, 'post': 55, 'downstream': 719, 'upstream': 55, 'mito': 19, 'dark': 19}, 'mALT(R)': {'pre': 3, 'post': 11, 'downstream': 11, 'upstream': 11, 'mito': 19, 'dark': 19}, 'INP': {'pre': 4, 'post': 2, 'downstream': 46, 'upstream': 2, 'mito': 1, 'dark': 1}, 'SCL(R)': {'pre': 4, 'post': 2, 'downstream': 46, 'upstream': 2, 'mito': 1, 'dark': 1}, 'AL(R)': {'pre': 55, 'post': 511, 'downstream': 280, 'upstream': 511, 'mito': 69, 'dark': 69}, 'AL-DC4(R)': {'pre': 8, 'post': 157, 'downstream': 42, 'upstream': 157, 'mito': 15, 'dark': 15}, 'AL-DP1m(R)': {'pre': 1, 'post': 6, 'downstream': 6, 'upstream': 6, 'mito': 1, 'dark': 1}, 'AL-VM5d(R)': {'post': 90, 'upstream': 90, 'mito': 2, 'dark': 2}, 'AL-DC2(R)': {'post': 24, 'upstream': 24, 'mito': 3, 'dark': 3}, 'AL-VM7d(R)': {'pre': 2, 'post': 16, 'downstream': 9, 'upstream': 16, 'mito': 2, 'dark': 2}, 'AL-VM7v(R)': {'pre': 2, 'post': 5, 'downstream': 8, 'upstream': 5, 'mito': 4, 'dark': 4}, 'AL-VC3l(R)': {'pre': 6, 'post': 33, 'downstream': 28, 'upstream': 33, 'mito': 9, 'dark': 9}, 'AL-VM5v(R)': {'post': 11, 'upstream': 11, 'mito': 2, 'dark': 2}, 'AL-VC5(R)': {'pre': 9, 'post': 11, 'downstream': 46, 'upstream': 11, 'mito': 3, 'dark': 3}, 'AL-VC4(R)': {'pre': 2, 'post': 29, 'downstream': 8, 'upstream': 29, 'mito': 4, 'dark': 4}, 'AL-VC1(R)': {'pre': 4, 'post': 53, 'downstream': 24, 'upstream': 53, 'mito': 4, 'dark': 4}, 'AL-VP2(R)': {'pre': 4, 'post': 4, 'downstream': 18, 'upstream': 4, 'mito': 2, 'dark': 2}, 'AL-VC2(R)': {'pre': 9, 'post': 26, 'downstream': 47, 'upstream': 26, 'mito': 6, 'dark': 6}, 'AL-VC3m(R)': {'pre': 2, 'post': 34, 'downstream': 9, 'upstream': 34, 'mito': 6, 'dark': 6}, 'AL-VA5(R)': {'post': 1, 'upstream': 1}, 'AL-VL1(R)': {'pre': 1, 'post': 3, 'downstream': 7, 'upstream': 3}, 'AL-VM4(R)': {'post': 1, 'upstream': 1, 'mito': 2, 'dark': 2}, 'PENP': {'pre': 10, 'post': 3, 'downstream': 95, 'upstream': 3, 'mito': 3, 'dark': 3}, 'SAD': {'pre': 10, 'post': 3, 'downstream': 95, 'upstream': 3, 'mito': 3, 'dark': 3}, 'SAD(-AMMC)': {'pre': 10, 'post': 3, 'downstream': 95, 'upstream': 3, 'mito': 3, 'dark': 3}, 'GNG': {'pre': 3, 'post': 2, 'downstream': 24, 'upstream': 2, 'mito': 1, 'dark': 1}}",,"['AL(R)', 'AL-DC2(R)', 'AL-DC4(R)', 'AL-DP1m(R)', 'AL-VA5(R)', 'AL-VC1(R)', 'AL-VC2(R)', 'AL-VC3l(R)', 'AL-VC3m(R)', 'AL-VC4(R)', 'AL-VC5(R)', 'AL-VL1(R)', 'AL-VM4(R)', 'AL-VM5d(R)', 'AL-VM5v(R)', 'AL-VM7d(R)', 'AL-VM7v(R)', 'AL-VP2(R)', 'CA(R)', 'GNG', 'INP', 'LH(R)', 'MB(+ACA)(R)', 'MB(R)', 'PENP', 'SAD', 'SAD(-AMMC)', 'SCL(R)', 'SLP(R)', 'SNP(R)', 'mALT(R)']","['AL(R)', 'AL-DC4(R)', 'AL-DP1m(R)', 'AL-VC1(R)', 'AL-VC2(R)', 'AL-VC3l(R)', 'AL-VC3m(R)', 'AL-VC4(R)', 'AL-VC5(R)', 'AL-VL1(R)', 'AL-VM7d(R)', 'AL-VM7v(R)', 'AL-VP2(R)', 'CA(R)', 'GNG', 'INP', 'LH(R)', 'MB(+ACA)(R)', 'MB(R)', 'PENP', 'SAD', 'SAD(-AMMC)', 'SCL(R)', 'SLP(R)', 'SNP(R)', 'mALT(R)']"
763730414,M_smPNm1_L,M_smPNm1,662,1191,5657,1191,472,1686501215,Traced,False,Roughly traced,AVM19,457.0,"[29562, 32819, 23360]","{'SNP(R)': {'pre': 62, 'post': 68, 'downstream': 650, 'upstream': 68, 'mito': 20, 'dark': 15, 'light': 3, 'medium': 2}, 'SIP(R)': {'pre': 8, 'post': 8, 'downstream': 102, 'upstream': 8, 'mito': 3, 'dark': 2, 'medium': 1}, 'SLP(R)': {'pre': 41, 'post': 42, 'downstream': 439, 'upstream': 42, 'mito': 14, 'dark': 12, 'light': 2}, 'SMP(R)': {'pre': 13, 'post': 18, 'downstream': 109, 'upstream': 18, 'mito': 3, 'dark': 1, 'light': 1, 'medium': 1}, 'INP': {'pre': 196, 'post': 259, 'downstream': 1863, 'upstream': 259, 'mito': 98, 'dark': 94, 'light': 1, 'medium': 3}, 'ATL(R)': {'post': 1, 'upstream': 1}, 'SCL(R)': {'pre': 196, 'post': 258, 'downstream': 1863, 'upstream': 258, 'mito': 98, 'dark': 94, 'light': 1, 'medium': 3}, 'mALT(R)': {'pre': 1, 'post': 25, 'downstream': 7, 'upstream': 25, 'mito': 41, 'dark': 41}, 'LH(R)': {'pre': 77, 'post': 46, 'downstream': 718, 'upstream': 46, 'mito': 19, 'dark': 16, 'medium': 3}, 'MB(R)': {'pre': 6, 'post': 5, 'downstream': 32, 'upstream': 5, 'mito': 3, 'dark': 2, 'medium': 1}, 'CA(R)': {'pre': 6, 'post': 5, 'downstream': 32, 'upstream': 5, 'mito': 3, 'dark': 2, 'medium': 1}, 'MB(+ACA)(R)': {'pre': 6, 'post': 5, 'downstream': 32, 'upstream': 5, 'mito': 3, 'dark': 2, 'medium': 1}, 'VLNP(R)': {'pre': 163, 'post': 266, 'downstream': 1538, 'upstream': 266, 'mito': 64, 'dark': 48, 'medium': 16}, 'PLP(R)': {'pre': 163, 'post': 266, 'downstream': 1538, 'upstream': 266, 'mito': 64, 'dark': 48, 'medium': 16}, 'VMNP': {'pre': 54, 'post': 143, 'downstream': 351, 'upstream': 143, 'mito': 38, 'dark': 35, 'medium': 3}, 'VES(R)': {'pre': 54, 'post': 143, 'downstream': 351, 'upstream': 143, 'mito': 38, 'dark': 35, 'medium': 3}, 'AL(R)': {'pre': 82, 'post': 351, 'downstream': 399, 'upstream': 351, 'mito': 111, 'dark': 102, 'medium': 9}, 'AL-VP1l(R)': {'pre': 1, 'post': 1, 'downstream': 4, 'upstream': 1, 'mito': 1, 'dark': 1}, 'AL-VP2(R)': {'pre': 10, 'post': 48, 'downstream': 51, 'upstream': 48, 'mito': 16, 'dark': 13, 'medium': 3}, 'AL-VP3(R)': {'pre': 6, 'post': 27, 'downstream': 26, 'upstream': 27, 'mito': 9, 'dark': 7, 'medium': 2}, 'AL-VP1d(R)': {'pre': 2, 'post': 40, 'downstream': 9, 'upstream': 40, 'mito': 5, 'dark': 3, 'medium': 2}, 'AL-VP5(R)': {'pre': 31, 'post': 100, 'downstream': 144, 'upstream': 100, 'mito': 34, 'dark': 33, 'medium': 1}, 'AL-VC5(R)': {'pre': 1, 'post': 2, 'downstream': 7, 'upstream': 2, 'mito': 1, 'dark': 1}, 'AL-VP1m(R)': {'post': 11, 'upstream': 11}, 'AL-VA4(R)': {'pre': 2, 'post': 2, 'downstream': 5, 'upstream': 2, 'mito': 2, 'dark': 2}, 'AL-VL1(R)': {'pre': 1, 'post': 1, 'downstream': 5, 'upstream': 1, 'mito': 1, 'dark': 1}, 'AL-V(R)': {'pre': 1, 'post': 66, 'downstream': 7, 'upstream': 66, 'mito': 11, 'dark': 11}, 'PENP': {'pre': 11, 'post': 24, 'downstream': 68, 'upstream': 24, 'mito': 9, 'dark': 9}, 'SAD': {'pre': 11, 'post': 24, 'downstream': 68, 'upstream': 24, 'mito': 9, 'dark': 9}, 'SAD(-AMMC)': {'pre': 11, 'post': 24, 'downstream': 68, 'upstream': 24, 'mito': 9, 'dark': 9}}",VP3+ smPN (Marin et al. Curr Biol 2020),"['AL(R)', 'AL-V(R)', 'AL-VA4(R)', 'AL-VC5(R)', 'AL-VL1(R)', 'AL-VP1d(R)', 'AL-VP1l(R)', 'AL-VP1m(R)', 'AL-VP2(R)', 'AL-VP3(R)', 'AL-VP5(R)', 'ATL(R)', 'CA(R)', 'INP', 'LH(R)', 'MB(+ACA)(R)', 'MB(R)', 'PENP', 'PLP(R)', 'SAD', 'SAD(-AMMC)', 'SCL(R)', 'SIP(R)', 'SLP(R)', 'SMP(R)', 'SNP(R)', 'VES(R)', 'VLNP(R)', 'VMNP', 'mALT(R)']","['AL(R)', 'AL-V(R)', 'AL-VA4(R)', 'AL-VC5(R)', 'AL-VL1(R)', 'AL-VP1d(R)', 'AL-VP1l(R)', 'AL-VP2(R)', 'AL-VP3(R)', 'AL-VP5(R)', 'CA(R)', 'INP', 'LH(R)', 'MB(+ACA)(R)', 'MB(R)', 'PENP', 'PLP(R)', 'SAD', 'SAD(-AMMC)', 'SCL(R)', 'SIP(R)', 'SLP(R)', 'SMP(R)', 'SNP(R)', 'VES(R)', 'VLNP(R)', 'VMNP', 'mALT(R)']"
788306624,DM6_adPN_R,DM6_adPN,716,1879,5554,1879,292,1253915273,Traced,False,Roughly traced,AVM01,226.5,"[22519, 36292, 27584]","{'LH(R)': {'pre': 282, 'post': 98, 'downstream': 2400, 'upstream': 98, 'mito': 49, 'dark': 43, 'medium': 6}, 'MB(R)': {'pre': 205, 'post': 61, 'downstream': 2013, 'upstream': 61, 'mito': 16, 'dark': 16}, 'CA(R)': {'pre': 205, 'post': 61, 'downstream': 2013, 'upstream': 61, 'mito': 16, 'dark': 16}, 'MB(+ACA)(R)': {'pre': 205, 'post': 61, 'downstream': 2013, 'upstream': 61, 'mito': 16, 'dark': 16}, 'mALT(R)': {'pre': 19, 'post': 20, 'downstream': 128, 'upstream': 20, 'mito': 45, 'dark': 43, 'light': 1, 'medium': 1}, 'AL(R)': {'pre': 209, 'post': 1696, 'downstream': 1010, 'upstream': 1696, 'mito': 143, 'dark': 134, 'light': 1, 'medium': 8}, 'AL-DM1(R)': {'pre': 8, 'post': 64, 'downstream': 29, 'upstream': 64, 'mito': 11, 'dark': 11}, 'AL-D(R)': {'pre': 6, 'post': 10, 'downstream': 36, 'upstream': 10, 'mito': 2, 'dark': 2}, 'AL-DM6(R)': {'pre': 139, 'post': 1468, 'downstream': 704, 'upstream': 1468, 'mito': 89, 'dark': 84, 'medium': 5}, 'AL-DM3(R)': {'pre': 6, 'post': 4, 'downstream': 24, 'upstream': 4, 'mito': 3, 'dark': 3}, 'AL-DC1(R)': {'pre': 19, 'post': 63, 'downstream': 91, 'upstream': 63, 'mito': 9, 'dark': 6, 'medium': 3}, 'AL-DC4(R)': {'pre': 12, 'post': 34, 'downstream': 51, 'upstream': 34, 'mito': 16, 'dark': 15, 'light': 1}, 'AL-DM2(R)': {'pre': 1, 'post': 10, 'downstream': 5, 'upstream': 10, 'mito': 1, 'dark': 1}, 'AL-DC2(R)': {'pre': 16, 'post': 41, 'downstream': 62, 'upstream': 41, 'mito': 7, 'dark': 7}, 'AL-VM7v(R)': {'pre': 2, 'post': 1, 'downstream': 8, 'upstream': 1, 'mito': 2, 'dark': 2}}",,"['AL(R)', 'AL-D(R)', 'AL-DC1(R)', 'AL-DC2(R)', 'AL-DC4(R)', 'AL-DM1(R)', 'AL-DM2(R)', 'AL-DM3(R)', 'AL-DM6(R)', 'AL-VM7v(R)', 'CA(R)', 'LH(R)', 'MB(+ACA)(R)', 'MB(R)', 'mALT(R)']","['AL(R)', 'AL-D(R)', 'AL-DC1(R)', 'AL-DC2(R)', 'AL-DC4(R)', 'AL-DM1(R)', 'AL-DM2(R)', 'AL-DM3(R)', 'AL-DM6(R)', 'AL-VM7v(R)', 'CA(R)', 'LH(R)', 'MB(+ACA)(R)', 'MB(R)', 'mALT(R)']"
788306724,VC4_adPN_R,VC4_adPN,812,2127,6076,2127,316,1369339804,Traced,False,Roughly traced,AVM01,,,"{'MB(R)': {'pre': 149, 'post': 43, 'downstream': 1394, 'upstream': 43, 'mito': 12, 'dark': 11, 'medium': 1}, 'CA(R)': {'pre': 149, 'post': 43, 'downstream': 1394, 'upstream': 43, 'mito': 12, 'dark': 11, 'medium': 1}, 'MB(+ACA)(R)': {'pre': 149, 'post': 43, 'downstream': 1394, 'upstream': 43, 'mito': 12, 'dark': 11, 'medium': 1}, 'LH(R)': {'pre': 356, 'post': 139, 'downstream': 3092, 'upstream': 139, 'mito': 62, 'dark': 61, 'medium': 1}, 'mALT(R)': {'pre': 8, 'post': 19, 'downstream': 44, 'upstream': 19, 'mito': 43, 'dark': 43}, 'AL(R)': {'pre': 299, 'post': 1925, 'downstream': 1546, 'upstream': 1925, 'mito': 168, 'dark': 165, 'medium': 3}, 'AL-VM7v(R)': {'pre': 2, 'post': 23, 'downstream': 7, 'upstream': 23, 'mito': 11, 'dark': 11}, 'AL-DC4(R)': {'post': 1, 'upstream': 1, 'mito': 3, 'dark': 3}, 'AL-VC4(R)': {'pre': 247, 'post': 1597, 'downstream': 1289, 'upstream': 1597, 'mito': 126, 'dark': 123, 'medium': 3}, 'AL-VC3l(R)': {'pre': 45, 'post': 204, 'downstream': 230, 'upstream': 204, 'mito': 19, 'dark': 19}, 'AL-VC1(R)': {'post': 44, 'upstream': 44, 'mito': 2, 'dark': 2}, 'AL-VM3(R)': {'post': 2, 'upstream': 2}, 'AL-VC2(R)': {'pre': 5, 'post': 53, 'downstream': 20, 'upstream': 53, 'mito': 6, 'dark': 6}, 'AL-VA2(R)': {'post': 1, 'upstream': 1}}",,"['AL(R)', 'AL-DC4(R)', 'AL-VA2(R)', 'AL-VC1(R)', 'AL-VC2(R)', 'AL-VC3l(R)', 'AL-VC4(R)', 'AL-VM3(R)', 'AL-VM7v(R)', 'CA(R)', 'LH(R)', 'MB(+ACA)(R)', 'MB(R)', 'mALT(R)']","['AL(R)', 'AL-VC2(R)', 'AL-VC3l(R)', 'AL-VC4(R)', 'AL-VM7v(R)', 'CA(R)', 'LH(R)', 'MB(+ACA)(R)', 'MB(R)', 'mALT(R)']"
788648194,DL2d_adPN_R,DL2d_adPN,862,2354,6206,2354,343,1626854907,Traced,False,Roughly traced,AVM01,496.5,"[21169, 35957, 24112]","{'MB(R)': {'pre': 219, 'post': 144, 'downstream': 2077, 'upstream': 144, 'mito': 24, 'dark': 23, 'medium': 1}, 'CA(R)': {'pre': 219, 'post': 144, 'downstream': 2077, 'upstream': 144, 'mito': 24, 'dark': 23, 'medium': 1}, 'MB(+ACA)(R)': {'pre': 219, 'post': 144, 'downstream': 2077, 'upstream': 144, 'mito': 24, 'dark': 23, 'medium': 1}, 'mALT(R)': {'pre': 9, 'post': 17, 'downstream': 42, 'upstream': 17, 'mito': 43, 'dark': 41, 'medium': 2}, 'LH(R)': {'pre': 242, 'post': 119, 'downstream': 1976, 'upstream': 119, 'mito': 40, 'dark': 36, 'medium': 4}, 'AL(R)': {'pre': 392, 'post': 2074, 'downstream': 2111, 'upstream': 2074, 'mito': 198, 'dark': 181, 'light': 5, 'medium': 12}, 'AL-DL2d(R)': {'pre': 145, 'post': 949, 'downstream': 824, 'upstream': 949, 'mito': 68, 'dark': 67, 'medium': 1}, 'AL-DL2v(R)': {'pre': 150, 'post': 739, 'downstream': 757, 'upstream': 739, 'mito': 80, 'dark': 71, 'light': 4, 'medium': 5}, 'AL-DP1l(R)': {'pre': 68, 'post': 231, 'downstream': 386, 'upstream': 231, 'mito': 19, 'dark': 13, 'medium': 6}, 'AL-DP1m(R)': {'post': 6, 'upstream': 6, 'mito': 8, 'dark': 8}, 'AL-DC4(R)': {'pre': 1, 'post': 1, 'downstream': 3, 'upstream': 1, 'mito': 2, 'dark': 2}, 'AL-VL2a(R)': {'pre': 28, 'post': 148, 'downstream': 141, 'upstream': 148, 'mito': 19, 'dark': 18, 'light': 1}}",,"['AL(R)', 'AL-DC4(R)', 'AL-DL2d(R)', 'AL-DL2v(R)', 'AL-DP1l(R)', 'AL-DP1m(R)', 'AL-VL2a(R)', 'CA(R)', 'LH(R)', 'MB(+ACA)(R)', 'MB(R)', 'mALT(R)']","['AL(R)', 'AL-DC4(R)', 'AL-DL2d(R)', 'AL-DL2v(R)', 'AL-DP1l(R)', 'AL-VL2a(R)', 'CA(R)', 'LH(R)', 'MB(+ACA)(R)', 'MB(R)', 'mALT(R)']"
788940872,M_adPNm6_R,M_adPNm6,213,441,1650,441,137,382298353,Traced,False,Roughly traced,AVM01,,,"{'mALT(R)': {'post': 1, 'upstream': 1, 'mito': 14, 'dark': 14}, 'LH(R)': {'pre': 87, 'post': 27, 'downstream': 911, 'upstream': 27, 'mito': 22, 'dark': 20, 'light': 2}, 'INP': {'pre': 5, 'post': 3, 'downstream': 39, 'upstream': 3, 'mito': 1, 'dark': 1}, 'SCL(R)': {'pre': 5, 'post': 3, 'downstream': 39, 'upstream': 3, 'mito': 1, 'dark': 1}, 'AL(R)': {'pre': 110, 'post': 408, 'downstream': 594, 'upstream': 408, 'mito': 87, 'dark': 77, 'light': 5, 'medium': 5}, 'AL-DP1m(R)': {'pre': 1, 'post': 2, 'downstream': 5, 'upstream': 2, 'mito': 4, 'dark': 2, 'light': 2}, 'AL-DP1l(R)': {'pre': 2, 'post': 9, 'downstream': 11, 'upstream': 9, 'mito': 3, 'dark': 2, 'medium': 1}, 'AL-VP1d(R)': {'pre': 6, 'post': 30, 'downstream': 31, 'upstream': 30, 'mito': 6, 'dark': 6}, 'AL-DL2v(R)': {'pre': 1, 'post': 3, 'downstream': 3, 'upstream': 3, 'mito': 1, 'dark': 1}, 'AL-VC3l(R)': {'pre': 7, 'post': 22, 'downstream': 27, 'upstream': 22, 'mito': 6, 'dark': 5, 'medium': 1}, 'AL-VL2a(R)': {'pre': 5, 'post': 23, 'downstream': 33, 'upstream': 23, 'mito': 3, 'dark': 3}, 'AL-VL2p(R)': {'pre': 11, 'post': 180, 'downstream': 47, 'upstream': 180, 'mito': 26, 'dark': 25, 'medium': 1}, 'AL-VP2(R)': {'pre': 5, 'post': 2, 'downstream': 46, 'upstream': 2, 'mito': 2, 'dark': 2}, 'AL-VP1m(R)': {'post': 4, 'upstream': 4}, 'AL-VC5(R)': {'post': 13, 'upstream': 13, 'mito': 2, 'dark': 2}, 'AL-VC3m(R)': {'pre': 1, 'post': 34, 'downstream': 3, 'upstream': 34, 'mito': 2, 'dark': 2}, 'AL-VL1(R)': {'pre': 5, 'post': 10, 'downstream': 26, 'upstream': 10, 'mito': 2, 'dark': 1, 'light': 1}, 'AL-VC2(R)': {'pre': 9, 'post': 4, 'downstream': 47, 'upstream': 4, 'mito': 3, 'dark': 3}, 'AL-VM4(R)': {'pre': 3, 'post': 35, 'downstream': 14, 'upstream': 35, 'mito': 6, 'dark': 6}, 'AL-VA4(R)': {'post': 4, 'upstream': 4}, 'AL-VM1(R)': {'post': 1, 'upstream': 1, 'mito': 2, 'dark': 2}, 'VMNP': {'pre': 6, 'downstream': 54, 'mito': 1, 'dark': 1}, 'VES(R)': {'pre': 6, 'downstream': 54, 'mito': 1, 'dark': 1}, 'PENP': {'pre': 5, 'post': 2, 'downstream': 52, 'upstream': 2, 'mito': 1, 'dark': 1}, 'SAD': {'pre': 5, 'post': 2, 'downstream': 52, 'upstream': 2, 'mito': 1, 'dark': 1}, 'SAD(-AMMC)': {'pre': 5, 'post': 2, 'downstream': 52, 'upstream': 2, 'mito': 1, 'dark': 1}}",,"['AL(R)', 'AL-DL2v(R)', 'AL-DP1l(R)', 'AL-DP1m(R)', 'AL-VA4(R)', 'AL-VC2(R)', 'AL-VC3l(R)', 'AL-VC3m(R)', 'AL-VC5(R)', 'AL-VL1(R)', 'AL-VL2a(R)', 'AL-VL2p(R)', 'AL-VM1(R)', 'AL-VM4(R)', 'AL-VP1d(R)', 'AL-VP1m(R)', 'AL-VP2(R)', 'INP', 'LH(R)', 'PENP', 'SAD', 'SAD(-AMMC)', 'SCL(R)', 'mALT(R)']","['AL(R)', 'AL-DL2v(R)', 'AL-DP1l(R)', 'AL-DP1m(R)', 'AL-VC2(R)', 'AL-VC3l(R)', 'AL-VC3m(R)', 'AL-VL1(R)', 'AL-VL2a(R)', 'AL-VL2p(R)', 'AL-VM4(R)', 'AL-VP1d(R)', 'AL-VP2(R)', 'INP', 'LH(R)', 'PENP', 'SAD', 'SAD(-AMMC)', 'SCL(R)', 'VES(R)', 'VMNP']"
788945049,M_adPNm8_R,M_adPNm8,186,520,1430,520,130,459142979,Traced,False,Roughly traced,AVM01,416.5,"[21415, 36505, 21536]","{'LH(R)': {'pre': 119, 'post': 61, 'downstream': 1068, 'upstream': 61, 'mito': 30, 'dark': 28, 'medium': 2}, 'mALT(R)': {'pre': 2, 'post': 3, 'downstream': 22, 'upstream': 3, 'mito': 19, 'dark': 19}, 'SNP(R)': {'pre': 7, 'post': 5, 'downstream': 52, 'upstream': 5, 'mito': 2, 'dark': 2}, 'SLP(R)': {'pre': 7, 'post': 5, 'downstream': 52, 'upstream': 5, 'mito': 1, 'dark': 1}, 'INP': {'pre': 14, 'post': 6, 'downstream': 109, 'upstream': 6, 'mito': 1, 'dark': 1}, 'SCL(R)': {'pre': 14, 'post': 6, 'downstream': 109, 'upstream': 6, 'mito': 1, 'dark': 1}, 'AL(R)': {'pre': 44, 'post': 444, 'downstream': 179, 'upstream': 444, 'mito': 69, 'dark': 69}, 'AL-DL2d(R)': {'pre': 2, 'post': 40, 'downstream': 12, 'upstream': 40, 'mito': 7, 'dark': 7}, 'AL-DL2v(R)': {'pre': 10, 'post': 115, 'downstream': 35, 'upstream': 115, 'mito': 16, 'dark': 16}, 'AL-DP1l(R)': {'pre': 13, 'post': 198, 'downstream': 49, 'upstream': 198, 'mito': 28, 'dark': 28}, 'AL-DP1m(R)': {'post': 8, 'upstream': 8}, 'AL-DC4(R)': {'post': 1, 'upstream': 1}, 'AL-VP1d(R)': {'post': 7, 'upstream': 7, 'mito': 3, 'dark': 3}, 'AL-VL2a(R)': {'pre': 4, 'post': 44, 'downstream': 10, 'upstream': 44, 'mito': 7, 'dark': 7}, 'AL-VL2p(R)': {'pre': 2, 'post': 7, 'downstream': 4, 'upstream': 7, 'mito': 1, 'dark': 1}, 'AL-VC2(R)': {'post': 2, 'upstream': 2}, 'AL-VL1(R)': {'post': 3, 'upstream': 3}}",,"['AL(R)', 'AL-DC4(R)', 'AL-DL2d(R)', 'AL-DL2v(R)', 'AL-DP1l(R)', 'AL-DP1m(R)', 'AL-VC2(R)', 'AL-VL1(R)', 'AL-VL2a(R)', 'AL-VL2p(R)', 'AL-VP1d(R)', 'INP', 'LH(R)', 'SCL(R)', 'SLP(R)', 'SNP(R)', 'mALT(R)']","['AL(R)', 'AL-DL2d(R)', 'AL-DL2v(R)', 'AL-DP1l(R)', 'AL-VL2a(R)', 'AL-VL2p(R)', 'INP', 'LH(R)', 'SCL(R)', 'SLP(R)', 'SNP(R)', 'mALT(R)']"
791298858,M_vPNml84_R,M_vPNml84,101,148,918,148,79,224738150,Traced,False,Roughly traced,AVM04,,,"{'LH(R)': {'pre': 100, 'post': 62, 'downstream': 914, 'upstream': 62, 'mito': 38, 'dark': 24, 'light': 1, 'medium': 13}, 'AL(R)': {'post': 83, 'upstream': 83, 'mito': 21, 'dark': 21}, 'AL-DC2(R)': {'post': 13, 'upstream': 13, 'mito': 1, 'dark': 1}, 'AL-DL2v(R)': {'post': 5, 'upstream': 5, 'mito': 1, 'dark': 1}, 'AL-VP1d(R)': {'post': 5, 'upstream': 5, 'mito': 3, 'dark': 3}, 'AL-VC4(R)': {'post': 9, 'upstream': 9, 'mito': 3, 'dark': 3}, 'AL-VC2(R)': {'post': 14, 'upstream': 14, 'mito': 4, 'dark': 4}, 'AL-VM5v(R)': {'post': 3, 'upstream': 3}, 'AL-VA7m(R)': {'post': 1, 'upstream': 1}, 'AL-VC1(R)': {'post': 2, 'upstream': 2}, 'AL-VA4(R)': {'post': 3, 'upstream': 3}, 'AL-VA3(R)': {'post': 28, 'upstream': 28, 'mito': 6, 'dark': 6}}",,"['AL(R)', 'AL-DC2(R)', 'AL-DL2v(R)', 'AL-VA3(R)', 'AL-VA4(R)', 'AL-VA7m(R)', 'AL-VC1(R)', 'AL-VC2(R)', 'AL-VC4(R)', 'AL-VM5v(R)', 'AL-VP1d(R)', 'LH(R)']",['LH(R)']
792023887,M_lvPNm45_R,M_lvPNm45,273,191,2389,191,138,348686016,Traced,False,Roughly traced,AVM06,,,"{'INP': {'pre': 79, 'post': 20, 'downstream': 730, 'upstream': 20, 'mito': 24, 'dark': 24}, 'SCL(R)': {'pre': 79, 'post': 20, 'downstream': 730, 'upstream': 20, 'mito': 24, 'dark': 24}, 'SNP(R)': {'pre': 60, 'post': 14, 'downstream': 605, 'upstream': 14, 'mito': 19, 'dark': 18, 'light': 1}, 'SLP(R)': {'pre': 27, 'post': 7, 'downstream': 292, 'upstream': 7, 'mito': 11, 'dark': 11}, 'mALT(R)': {'pre': 2, 'post': 9, 'downstream': 6, 'upstream': 9, 'mito': 23, 'dark': 23}, 'SIP(R)': {'pre': 23, 'post': 7, 'downstream': 226, 'upstream': 7, 'mito': 5, 'dark': 5}, 'SMP(R)': {'pre': 10, 'downstream': 87, 'mito': 3, 'dark': 2, 'light': 1}, 'LH(R)': {'pre': 24, 'post': 7, 'downstream': 209, 'upstream': 7, 'mito': 7, 'dark': 7}, 'VLNP(R)': {'pre': 80, 'post': 24, 'downstream': 725, 'upstream': 24, 'mito': 18, 'dark': 18}, 'AVLP(R)': {'pre': 80, 'post': 24, 'downstream': 725, 'upstream': 24, 'mito': 18, 'dark': 18}, 'AL(R)': {'pre': 28, 'post': 116, 'downstream': 114, 'upstream': 116, 'mito': 47, 'dark': 47}, 'AL-DA1(R)': {'pre': 16, 'post': 78, 'downstream': 67, 'upstream': 78, 'mito': 23, 'dark': 23}, 'AL-DC3(R)': {'pre': 2, 'post': 4, 'downstream': 6, 'upstream': 4, 'mito': 5, 'dark': 5}, 'AL-DC1(R)': {'pre': 2, 'post': 3, 'downstream': 13, 'upstream': 3, 'mito': 1, 'dark': 1}, 'AL-VP1d(R)': {'pre': 1, 'post': 8, 'downstream': 3, 'upstream': 8, 'mito': 3, 'dark': 3}, 'AL-DC4(R)': {'post': 1, 'upstream': 1}, 'AL-VA1d(R)': {'pre': 5, 'post': 9, 'downstream': 17, 'upstream': 9, 'mito': 5, 'dark': 5}, 'AL-VP1l(R)': {'post': 1, 'upstream': 1, 'mito': 3, 'dark': 3}, 'AL-VC3l(R)': {'post': 1, 'upstream': 1}, 'AL-VC1(R)': {'post': 2, 'upstream': 2, 'mito': 2, 'dark': 2}, 'AL-VP1m(R)': {'post': 1, 'upstream': 1, 'mito': 1, 'dark': 1}, 'PENP': {'post': 1, 'upstream': 1}, 'SAD': {'post': 1, 'upstream': 1}, 'AMMC': {'post': 1, 'upstream': 1}}",,"['AL(R)', 'AL-DA1(R)', 'AL-DC1(R)', 'AL-DC3(R)', 'AL-DC4(R)', 'AL-VA1d(R)', 'AL-VC1(R)', 'AL-VC3l(R)', 'AL-VP1d(R)', 'AL-VP1l(R)', 'AL-VP1m(R)', 'AMMC', 'AVLP(R)', 'INP', 'LH(R)', 'PENP', 'SAD', 'SCL(R)', 'SIP(R)', 'SLP(R)', 'SNP(R)', 'VLNP(R)', 'mALT(R)']","['AL(R)', 'AL-DA1(R)', 'AL-DC1(R)', 'AL-DC3(R)', 'AL-VA1d(R)', 'AL-VP1d(R)', 'AVLP(R)', 'INP', 'LH(R)', 'SCL(R)', 'SIP(R)', 'SLP(R)', 'SMP(R)', 'SNP(R)', 'VLNP(R)', 'mALT(R)']"
792024028,M_lvPNm43_R,M_lvPNm43,275,281,2448,281,121,359035147,Traced,False,Roughly traced,AVM06,322.0,"[15413, 29305, 31840]","{'mALT(R)': {'post': 5, 'upstream': 5, 'mito': 15, 'dark': 15}, 'INP': {'pre': 79, 'post': 24, 'downstream': 761, 'upstream': 24, 'mito': 19, 'dark': 18, 'light': 1}, 'SCL(R)': {'pre': 79, 'post': 24, 'downstream': 761, 'upstream': 24, 'mito': 19, 'dark': 18, 'light': 1}, 'SNP(R)': {'pre': 23, 'post': 8, 'downstream': 237, 'upstream': 8, 'mito': 6, 'dark': 6}, 'SLP(R)': {'pre': 19, 'post': 8, 'downstream': 196, 'upstream': 8, 'mito': 5, 'dark': 5}, 'SIP(R)': {'pre': 4, 'downstream': 41, 'mito': 1, 'dark': 1}, 'LH(R)': {'pre': 31, 'post': 7, 'downstream': 285, 'upstream': 7, 'mito': 16, 'dark': 16}, 'VLNP(R)': {'pre': 98, 'post': 20, 'downstream': 955, 'upstream': 20, 'mito': 16, 'dark': 15, 'medium': 1}, 'AVLP(R)': {'pre': 98, 'post': 20, 'downstream': 955, 'upstream': 20, 'mito': 16, 'dark': 15, 'medium': 1}, 'AL(R)': {'pre': 44, 'post': 215, 'downstream': 210, 'upstream': 215, 'mito': 43, 'dark': 43}, 'AL-DA1(R)': {'pre': 16, 'post': 52, 'downstream': 73, 'upstream': 52, 'mito': 13, 'dark': 13}, 'AL-DL1(R)': {'post': 2, 'upstream': 2, 'mito': 1, 'dark': 1}, 'AL-DC3(R)': {'pre': 5, 'post': 14, 'downstream': 23, 'upstream': 14, 'mito': 5, 'dark': 5}, 'AL-VP1d(R)': {'pre': 4, 'post': 11, 'downstream': 17, 'upstream': 11, 'mito': 2, 'dark': 2}, 'AL-VA1d(R)': {'pre': 4, 'post': 2, 'downstream': 20, 'upstream': 2, 'mito': 2, 'dark': 2}, 'AL-DC2(R)': {'post': 3, 'upstream': 3}, 'AL-VA6(R)': {'pre': 3, 'post': 11, 'downstream': 15, 'upstream': 11, 'mito': 3, 'dark': 3}, 'AL-VM5v(R)': {'post': 2, 'upstream': 2, 'mito': 1, 'dark': 1}, 'AL-VA1v(R)': {'pre': 5, 'post': 21, 'downstream': 25, 'upstream': 21, 'mito': 2, 'dark': 2}, 'AL-VC1(R)': {'pre': 3, 'post': 12, 'downstream': 14, 'upstream': 12, 'mito': 4, 'dark': 4}, 'AL-VP1l(R)': {'post': 1, 'upstream': 1, 'mito': 3, 'dark': 3}, 'AL-VL2a(R)': {'post': 4, 'upstream': 4}, 'AL-VC2(R)': {'post': 9, 'upstream': 9}, 'AL-VC3l(R)': {'post': 1, 'upstream': 1}, 'AL-VA7l(R)': {'post': 21, 'upstream': 21}, 'AL-VA5(R)': {'post': 7, 'upstream': 7, 'mito': 1, 'dark': 1}, 'AL-VL1(R)': {'pre': 1, 'post': 10, 'downstream': 4, 'upstream': 10}, 'AL-VA4(R)': {'post': 1, 'upstream': 1}}",,"['AL(R)', 'AL-DA1(R)', 'AL-DC2(R)', 'AL-DC3(R)', 'AL-DL1(R)', 'AL-VA1d(R)', 'AL-VA1v(R)', 'AL-VA4(R)', 'AL-VA5(R)', 'AL-VA6(R)', 'AL-VA7l(R)', 'AL-VC1(R)', 'AL-VC2(R)', 'AL-VC3l(R)', 'AL-VL1(R)', 'AL-VL2a(R)', 'AL-VM5v(R)', 'AL-VP1d(R)', 'AL-VP1l(R)', 'AVLP(R)', 'INP', 'LH(R)', 'SCL(R)', 'SLP(R)', 'SNP(R)', 'VLNP(R)', 'mALT(R)']","['AL(R)', 'AL-DA1(R)', 'AL-DC3(R)', 'AL-VA1d(R)', 'AL-VA1v(R)', 'AL-VA6(R)', 'AL-VC1(R)', 'AL-VL1(R)', 'AL-VP1d(R)', 'AVLP(R)', 'INP', 'LH(R)', 'SCL(R)', 'SIP(R)', 'SLP(R)', 'SNP(R)', 'VLNP(R)']"
792364888,Z_vPNml1(noAL+SEZ)_R,Z_vPNml1,446,449,4789,449,209,742293342,Traced,False,Roughly traced,AVM04,,,"{'SNP(R)': {'pre': 85, 'post': 49, 'downstream': 930, 'upstream': 49, 'mito': 29, 'dark': 29}, 'SLP(R)': {'pre': 83, 'post': 45, 'downstream': 912, 'upstream': 45, 'mito': 28, 'dark': 28}, 'INP': {'pre': 109, 'post': 81, 'downstream': 1229, 'upstream': 81, 'mito': 31, 'dark': 29, 'light': 1, 'medium': 1}, 'SCL(R)': {'pre': 109, 'post': 81, 'downstream': 1229, 'upstream': 81, 'mito': 31, 'dark': 29, 'light': 1, 'medium': 1}, 'SIP(R)': {'pre': 2, 'post': 4, 'downstream': 18, 'upstream': 4, 'mito': 1, 'dark': 1}, 'VLNP(R)': {'pre': 217, 'post': 182, 'downstream': 2417, 'upstream': 182, 'mito': 71, 'dark': 69, 'light': 1, 'medium': 1}, 'AVLP(R)': {'pre': 170, 'post': 150, 'downstream': 1857, 'upstream': 150, 'mito': 57, 'dark': 56, 'medium': 1}, 'PLP(R)': {'pre': 47, 'post': 32, 'downstream': 560, 'upstream': 32, 'mito': 14, 'dark': 13, 'light': 1}, 'LX(R)': {'pre': 1, 'downstream': 1, 'mito': 7, 'dark': 7}, 'LAL(R)': {'pre': 1, 'downstream': 1, 'mito': 7, 'dark': 7}, 'LAL(-GA)(R)': {'pre': 1, 'downstream': 1, 'mito': 7, 'dark': 7}, 'VMNP': {'pre': 7, 'post': 5, 'downstream': 31, 'upstream': 5, 'mito': 10, 'dark': 10}, 'VES(R)': {'pre': 7, 'post': 5, 'downstream': 31, 'upstream': 5, 'mito': 10, 'dark': 10}, 'AL(R)': {'pre': 4, 'post': 40, 'downstream': 31, 'upstream': 40, 'mito': 4, 'dark': 4}, 'AL-VP2(R)': {'post': 10, 'upstream': 10}, 'AL-VP5(R)': {'pre': 3, 'post': 16, 'downstream': 22, 'upstream': 16, 'mito': 3, 'dark': 3}, 'PENP': {'pre': 15, 'post': 17, 'downstream': 69, 'upstream': 17, 'mito': 18, 'dark': 17, 'medium': 1}, 'SAD': {'pre': 15, 'post': 17, 'downstream': 69, 'upstream': 17, 'mito': 18, 'dark': 17, 'medium': 1}, 'SAD(-AMMC)': {'pre': 15, 'post': 16, 'downstream': 69, 'upstream': 16, 'mito': 18, 'dark': 17, 'medium': 1}, 'AMMC': {'post': 1, 'upstream': 1}, 'AL-V(R)': {'pre': 1, 'post': 14, 'downstream': 9, 'upstream': 14, 'mito': 1, 'dark': 1}, 'GNG': {'pre': 8, 'post': 72, 'downstream': 81, 'upstream': 72, 'mito': 9, 'dark': 8, 'medium': 1}}",,"['AL(R)', 'AL-V(R)', 'AL-VP2(R)', 'AL-VP5(R)', 'AMMC', 'AVLP(R)', 'GNG', 'INP', 'PENP', 'PLP(R)', 'SAD', 'SAD(-AMMC)', 'SCL(R)', 'SIP(R)', 'SLP(R)', 'SNP(R)', 'VES(R)', 'VLNP(R)', 'VMNP']","['AL(R)', 'AL-V(R)', 'AL-VP5(R)', 'AVLP(R)', 'GNG', 'INP', 'LAL(-GA)(R)', 'LAL(R)', 'LX(R)', 'PENP', 'PLP(R)', 'SAD', 'SAD(-AMMC)', 'SCL(R)', 'SIP(R)', 'SLP(R)', 'SNP(R)', 'VES(R)', 'VLNP(R)', 'VMNP']"
792616185,M_vPNml59_R,M_vPNml59,178,250,1973,250,138,420780875,Traced,False,Roughly traced,AVM04,,,"{'LH(R)': {'pre': 178, 'post': 17, 'downstream': 1973, 'upstream': 17, 'mito': 72, 'dark': 70, 'light': 1, 'medium': 1}, 'AL(R)': {'post': 233, 'upstream': 233, 'mito': 47, 'dark': 46, 'medium': 1}, 'AL-DL2d(R)': {'post': 11, 'upstream': 11, 'mito': 3, 'dark': 3}, 'AL-DP1l(R)': {'post': 198, 'upstream': 198, 'mito': 38, 'dark': 37, 'medium': 1}, 'AL-VL2a(R)': {'post': 5, 'upstream': 5}, 'AL-DL2v(R)': {'post': 16, 'upstream': 16, 'mito': 1, 'dark': 1}, 'AL-VL2p(R)': {'post': 3, 'upstream': 3}}",,"['AL(R)', 'AL-DL2d(R)', 'AL-DL2v(R)', 'AL-DP1l(R)', 'AL-VL2a(R)', 'AL-VL2p(R)', 'LH(R)']",['LH(R)']
818983130,DA2_lPN_R,DA2_lPN,409,562,3400,562,175,612641685,Traced,False,Roughly traced,AVM02,,,"{'LH(R)': {'pre': 211, 'post': 97, 'downstream': 2082, 'upstream': 97, 'mito': 54, 'dark': 50, 'medium': 4}, 'SNP(R)': {'pre': 5, 'post': 1, 'downstream': 46, 'upstream': 1}, 'SLP(R)': {'pre': 5, 'post': 1, 'downstream': 46, 'upstream': 1}, 'MB(R)': {'pre': 75, 'post': 14, 'downstream': 658, 'upstream': 14, 'mito': 9, 'dark': 7, 'light': 1, 'medium': 1}, 'CA(R)': {'pre': 75, 'post': 14, 'downstream': 658, 'upstream': 14, 'mito': 9, 'dark': 7, 'light': 1, 'medium': 1}, 'MB(+ACA)(R)': {'pre': 75, 'post': 14, 'downstream': 658, 'upstream': 14, 'mito': 9, 'dark': 7, 'light': 1, 'medium': 1}, 'mALT(R)': {'pre': 3, 'post': 6, 'downstream': 9, 'upstream': 6, 'mito': 41, 'dark': 41}, 'AL(R)': {'pre': 113, 'post': 442, 'downstream': 601, 'upstream': 442, 'mito': 67, 'dark': 64, 'medium': 3}, 'AL-DA2(R)': {'pre': 55, 'post': 359, 'downstream': 282, 'upstream': 359, 'mito': 31, 'dark': 29, 'medium': 2}, 'AL-DC1(R)': {'pre': 12, 'post': 28, 'downstream': 62, 'upstream': 28, 'mito': 6, 'dark': 6}, 'AL-DC2(R)': {'pre': 27, 'post': 34, 'downstream': 151, 'upstream': 34, 'mito': 15, 'dark': 15}, 'AL-VA6(R)': {'pre': 6, 'post': 5, 'downstream': 39, 'upstream': 5, 'mito': 2, 'dark': 2}, 'AL-VP1d(R)': {'pre': 1, 'post': 5, 'downstream': 2, 'upstream': 5, 'mito': 1, 'dark': 1}, 'AL-VP4(R)': {'post': 1, 'upstream': 1}}",,"['AL(R)', 'AL-DA2(R)', 'AL-DC1(R)', 'AL-DC2(R)', 'AL-VA6(R)', 'AL-VP1d(R)', 'AL-VP4(R)', 'CA(R)', 'LH(R)', 'MB(+ACA)(R)', 'MB(R)', 'SLP(R)', 'SNP(R)', 'mALT(R)']","['AL(R)', 'AL-DA2(R)', 'AL-DC1(R)', 'AL-DC2(R)', 'AL-VA6(R)', 'AL-VP1d(R)', 'CA(R)', 'LH(R)', 'MB(+ACA)(R)', 'MB(R)', 'SLP(R)', 'SNP(R)', 'mALT(R)']"
819993149,M_lPNm11A_R,M_lPNm11A,177,212,1100,212,159,540126473,Traced,False,Roughly traced,AVM02,331.5,"[14078, 35864, 27600]","{'SNP(R)': {'pre': 6, 'downstream': 46, 'mito': 2, 'dark': 2}, 'SMP(R)': {'pre': 6, 'downstream': 46, 'mito': 2, 'dark': 2}, 'mALT(R)': {'pre': 10, 'post': 9, 'downstream': 63, 'upstream': 9, 'mito': 19, 'dark': 19}, 'INP': {'pre': 13, 'post': 7, 'downstream': 80, 'upstream': 7, 'mito': 5, 'dark': 5}, 'SCL(R)': {'pre': 13, 'post': 7, 'downstream': 80, 'upstream': 7, 'mito': 5, 'dark': 5}, 'VLNP(R)': {'pre': 105, 'post': 21, 'downstream': 753, 'upstream': 21, 'mito': 57, 'dark': 55, 'light': 1, 'medium': 1}, 'PLP(R)': {'pre': 75, 'post': 16, 'downstream': 552, 'upstream': 16, 'mito': 39, 'dark': 37, 'light': 1, 'medium': 1}, 'AL(R)': {'pre': 35, 'post': 153, 'downstream': 122, 'upstream': 153, 'mito': 49, 'dark': 49}, 'AL-VP4(R)': {'pre': 10, 'post': 25, 'downstream': 34, 'upstream': 25, 'mito': 13, 'dark': 13}, 'AL-VP2(R)': {'pre': 4, 'post': 41, 'downstream': 10, 'upstream': 41, 'mito': 9, 'dark': 9}, 'LX(R)': {'post': 2, 'upstream': 2, 'mito': 1, 'dark': 1}, 'LAL(R)': {'post': 2, 'upstream': 2, 'mito': 1, 'dark': 1}, 'LAL(-GA)(R)': {'post': 2, 'upstream': 2, 'mito': 1, 'dark': 1}, 'AL(L)': {'pre': 1, 'post': 4, 'downstream': 6, 'upstream': 4, 'mito': 3, 'dark': 3}, 'AL-VP1l(R)': {'pre': 1, 'post': 10, 'downstream': 3, 'upstream': 10, 'mito': 1, 'dark': 1}, 'AL-VP3(R)': {'post': 25, 'upstream': 25, 'mito': 8, 'dark': 8}, 'AL-VC5(R)': {'pre': 7, 'post': 8, 'downstream': 27, 'upstream': 8, 'mito': 4, 'dark': 4}, 'AL-VP1d(R)': {'pre': 4, 'post': 2, 'downstream': 12, 'upstream': 2, 'mito': 3, 'dark': 3}, 'AL-VL2p(R)': {'pre': 1, 'post': 4, 'downstream': 2, 'upstream': 4, 'mito': 1, 'dark': 1}, 'WED(R)': {'pre': 30, 'post': 5, 'downstream': 201, 'upstream': 5, 'mito': 18, 'dark': 18}, 'AL-VP1m(R)': {'pre': 1, 'post': 1, 'downstream': 4, 'upstream': 1}, 'AL-VL1(R)': {'pre': 3, 'post': 21, 'downstream': 13, 'upstream': 21, 'mito': 4, 'dark': 4}, 'AL-VP5(R)': {'pre': 1, 'post': 5, 'downstream': 2, 'upstream': 5, 'mito': 4, 'dark': 4}, 'VMNP': {'post': 2, 'upstream': 2, 'mito': 1, 'dark': 1}, 'VES(R)': {'post': 2, 'upstream': 2}, 'AL-V(R)': {'pre': 1, 'post': 3, 'downstream': 6, 'upstream': 3}}",AL-mPN4 (Tanaka et al. JCN 2012) projection to LH/PLP; VP4++ lPN (Marin et al. Curr Biol 2020),"['AL(L)', 'AL(R)', 'AL-V(R)', 'AL-VC5(R)', 'AL-VL1(R)', 'AL-VL2p(R)', 'AL-VP1d(R)', 'AL-VP1l(R)', 'AL-VP1m(R)', 'AL-VP2(R)', 'AL-VP3(R)', 'AL-VP4(R)', 'AL-VP5(R)', 'INP', 'LAL(-GA)(R)', 'LAL(R)', 'LX(R)', 'PLP(R)', 'SCL(R)', 'VES(R)', 'VLNP(R)', 'VMNP', 'WED(R)', 'mALT(R)']","['AL(L)', 'AL(R)', 'AL-V(R)', 'AL-VC5(R)', 'AL-VL1(R)', 'AL-VL2p(R)', 'AL-VP1d(R)', 'AL-VP1l(R)', 'AL-VP1m(R)', 'AL-VP2(R)', 'AL-VP4(R)', 'AL-VP5(R)', 'INP', 'PLP(R)', 'SCL(R)', 'SMP(R)', 'SNP(R)', 'VLNP(R)', 'WED(R)', 'mALT(R)']"
823037476,M_vPNml52_R,M_vPNml52,172,734,1738,734,169,593980590,Traced,False,Roughly traced,AVM04,351.5,"[20449, 33271, 34208]","{'SNP(R)': {'pre': 18, 'post': 15, 'downstream': 205, 'upstream': 15, 'mito': 3, 'dark': 1, 'light': 1, 'medium': 1}, 'SIP(R)': {'pre': 11, 'post': 10, 'downstream': 118, 'upstream': 10, 'mito': 1, 'light': 1}, 'SLP(R)': {'pre': 7, 'post': 5, 'downstream': 87, 'upstream': 5, 'mito': 2, 'dark': 1, 'medium': 1}, 'INP': {'pre': 61, 'post': 50, 'downstream': 696, 'upstream': 50, 'mito': 15, 'dark': 13, 'medium': 2}, 'SCL(R)': {'pre': 61, 'post': 50, 'downstream': 696, 'upstream': 50, 'mito': 15, 'dark': 13, 'medium': 2}, 'LH(R)': {'pre': 47, 'post': 61, 'downstream': 490, 'upstream': 61, 'mito': 12, 'dark': 7, 'light': 1, 'medium': 4}, 'VLNP(R)': {'pre': 22, 'post': 13, 'downstream': 228, 'upstream': 13, 'mito': 8, 'dark': 7, 'medium': 1}, 'AVLP(R)': {'pre': 3, 'post': 3, 'downstream': 24, 'upstream': 3, 'mito': 2, 'dark': 2}, 'PLP(R)': {'pre': 19, 'post': 10, 'downstream': 204, 'upstream': 10, 'mito': 6, 'dark': 5, 'medium': 1}, 'AL(R)': {'pre': 23, 'post': 590, 'downstream': 116, 'upstream': 590, 'mito': 97, 'dark': 90, 'light': 3, 'medium': 4}, 'AL-D(R)': {'post': 8, 'upstream': 8}, 'AL-DM4(R)': {'pre': 3, 'post': 108, 'downstream': 17, 'upstream': 108, 'mito': 10, 'dark': 10}, 'AL-DP1m(R)': {'pre': 2, 'post': 215, 'downstream': 5, 'upstream': 215, 'mito': 30, 'dark': 28, 'medium': 2}, 'AL-DL5(R)': {'post': 3, 'upstream': 3, 'mito': 2, 'dark': 2}, 'AL-DC4(R)': {'post': 41, 'upstream': 41, 'mito': 12, 'dark': 12}, 'AL-DC1(R)': {'post': 12, 'upstream': 12, 'mito': 1, 'medium': 1}, 'AL-DM1(R)': {'post': 10, 'upstream': 10, 'mito': 2, 'dark': 2}, 'AL-DM2(R)': {'post': 3, 'upstream': 3, 'mito': 1, 'dark': 1}, 'LX(R)': {'post': 2, 'upstream': 2, 'mito': 2, 'dark': 2}, 'LAL(R)': {'post': 2, 'upstream': 2, 'mito': 2, 'dark': 2}, 'LAL(-GA)(R)': {'post': 2, 'upstream': 2, 'mito': 2, 'dark': 2}, 'AL-DC3(R)': {'pre': 3, 'post': 6, 'downstream': 15, 'upstream': 6, 'mito': 3, 'dark': 3}, 'AL-DP1l(R)': {'post': 39, 'upstream': 39, 'mito': 7, 'dark': 7}, 'AL-DL2v(R)': {'post': 17, 'upstream': 17, 'mito': 4, 'dark': 4}, 'AL-VM7d(R)': {'post': 3, 'upstream': 3, 'mito': 2, 'dark': 2}, 'AL-VA6(R)': {'post': 4, 'upstream': 4}, 'AL-VP1d(R)': {'post': 5, 'upstream': 5, 'mito': 3, 'dark': 3}, 'AL-VM7v(R)': {'pre': 1, 'post': 9, 'downstream': 6, 'upstream': 9, 'mito': 4, 'dark': 4}, 'AL-VP4(R)': {'pre': 5, 'post': 7, 'downstream': 23, 'upstream': 7, 'mito': 3, 'dark': 1, 'light': 2}, 'AL-DC2(R)': {'post': 2, 'upstream': 2}, 'AL-VC3l(R)': {'post': 10, 'upstream': 10, 'mito': 1, 'dark': 1}, 'AL-VM5d(R)': {'post': 1, 'upstream': 1, 'mito': 1, 'dark': 1}, 'AL-VC5(R)': {'pre': 4, 'post': 12, 'downstream': 20, 'upstream': 12, 'mito': 1, 'light': 1}, 'AL-VC4(R)': {'post': 35, 'upstream': 35, 'mito': 3, 'dark': 3}, 'AL-VL2p(R)': {'pre': 2, 'post': 4, 'downstream': 12, 'upstream': 4, 'mito': 1, 'dark': 1}, 'AL-VC1(R)': {'pre': 1, 'post': 5, 'downstream': 8, 'upstream': 5, 'mito': 1, 'dark': 1}, 'AL-VP3(R)': {'post': 2, 'upstream': 2, 'mito': 1, 'dark': 1}, 'AL-VA2(R)': {'post': 4, 'upstream': 4}, 'AL-VM3(R)': {'post': 10, 'upstream': 10}}",,"['AL(R)', 'AL-D(R)', 'AL-DC1(R)', 'AL-DC2(R)', 'AL-DC3(R)', 'AL-DC4(R)', 'AL-DL2v(R)', 'AL-DL5(R)', 'AL-DM1(R)', 'AL-DM2(R)', 'AL-DM4(R)', 'AL-DP1l(R)', 'AL-DP1m(R)', 'AL-VA2(R)', 'AL-VA6(R)', 'AL-VC1(R)', 'AL-VC3l(R)', 'AL-VC4(R)', 'AL-VC5(R)', 'AL-VL2p(R)', 'AL-VM3(R)', 'AL-VM5d(R)', 'AL-VM7d(R)', 'AL-VM7v(R)', 'AL-VP1d(R)', 'AL-VP3(R)', 'AL-VP4(R)', 'AVLP(R)', 'INP', 'LAL(-GA)(R)', 'LAL(R)', 'LH(R)', 'LX(R)', 'PLP(R)', 'SCL(R)', 'SIP(R)', 'SLP(R)', 'SNP(R)', 'VLNP(R)']","['AL(R)', 'AL-DC3(R)', 'AL-DM4(R)', 'AL-DP1m(R)', 'AL-VC1(R)', 'AL-VC5(R)', 'AL-VL2p(R)', 'AL-VM7v(R)', 'AL-VP4(R)', 'AVLP(R)', 'INP', 'LH(R)', 'PLP(R)', 'SCL(R)', 'SIP(R)', 'SLP(R)', 'SNP(R)', 'VLNP(R)']"
823314446,DL2d_vPN_R,DL2d_vPN,185,175,1924,175,139,509159574,Traced,False,Roughly traced,AVM04,336.5,"[19893, 35526, 33440]","{'LH(R)': {'pre': 182, 'post': 25, 'downstream': 1911, 'upstream': 25, 'mito': 56, 'dark': 48, 'light': 2, 'medium': 6}, 'SNP(R)': {'pre': 1, 'downstream': 8}, 'SLP(R)': {'pre': 1, 'downstream': 8}, 'AL(R)': {'post': 149, 'upstream': 149, 'mito': 54, 'dark': 49, 'light': 1, 'medium': 4}, 'AL-DP1m(R)': {'post': 11, 'upstream': 11, 'mito': 7, 'dark': 6, 'light': 1}, 'AL-DL5(R)': {'post': 3, 'upstream': 3}, 'AL-DL2d(R)': {'post': 97, 'upstream': 97, 'mito': 23, 'dark': 22, 'medium': 1}, 'AL-DP1l(R)': {'post': 25, 'upstream': 25, 'mito': 10, 'dark': 9, 'medium': 1}, 'AL-DL2v(R)': {'post': 5, 'upstream': 5, 'mito': 5, 'dark': 4, 'medium': 1}, 'AL-VL2a(R)': {'post': 5, 'upstream': 5, 'mito': 2, 'dark': 2}, 'AL-VP1d(R)': {'post': 3, 'upstream': 3, 'mito': 4, 'dark': 4}}",,"['AL(R)', 'AL-DL2d(R)', 'AL-DL2v(R)', 'AL-DL5(R)', 'AL-DP1l(R)', 'AL-DP1m(R)', 'AL-VL2a(R)', 'AL-VP1d(R)', 'LH(R)']","['LH(R)', 'SLP(R)', 'SNP(R)']"
824353701,VL2p_vPN_R,VL2p_vPN,188,746,2198,746,201,472742761,Traced,False,Roughly traced,AVM04,,,"{'LH(R)': {'pre': 175, 'post': 31, 'downstream': 2106, 'upstream': 31, 'mito': 52, 'dark': 46, 'light': 4, 'medium': 2}, 'SNP(R)': {'pre': 3, 'downstream': 35, 'mito': 2, 'dark': 1, 'light': 1}, 'SLP(R)': {'pre': 3, 'downstream': 35, 'mito': 2, 'dark': 1, 'light': 1}, 'VLNP(R)': {'pre': 2, 'downstream': 24, 'mito': 1, 'dark': 1}, 'AVLP(R)': {'pre': 2, 'downstream': 24, 'mito': 1, 'dark': 1}, 'INP': {'pre': 3, 'downstream': 19, 'mito': 1, 'dark': 1}, 'SCL(R)': {'pre': 3, 'downstream': 19, 'mito': 1, 'dark': 1}, 'AL(R)': {'pre': 4, 'post': 714, 'downstream': 11, 'upstream': 714, 'mito': 112, 'dark': 108, 'light': 2, 'medium': 2}, 'AL-VL2p(R)': {'pre': 3, 'post': 686, 'downstream': 10, 'upstream': 686, 'mito': 104, 'dark': 101, 'light': 1, 'medium': 2}, 'AL-VL2a(R)': {'post': 18, 'upstream': 18, 'mito': 2, 'dark': 2}, 'AL-VL1(R)': {'pre': 1, 'post': 6, 'downstream': 1, 'upstream': 6, 'mito': 1, 'light': 1}}",,"['AL(R)', 'AL-VL1(R)', 'AL-VL2a(R)', 'AL-VL2p(R)', 'LH(R)']","['AL(R)', 'AL-VL1(R)', 'AL-VL2p(R)', 'AVLP(R)', 'INP', 'LH(R)', 'SCL(R)', 'SLP(R)', 'SNP(R)', 'VLNP(R)']"
850375847,VA1d_adPN_R,VA1d_adPN,914,2465,7644,2465,456,1619879240,Traced,False,Roughly traced,AVM01,541.5,"[21787, 36753, 23728]","{'MB(R)': {'pre': 131, 'post': 28, 'downstream': 1263, 'upstream': 28, 'mito': 7, 'dark': 6, 'medium': 1}, 'CA(R)': {'pre': 131, 'post': 28, 'downstream': 1263, 'upstream': 28, 'mito': 7, 'dark': 6, 'medium': 1}, 'MB(+ACA)(R)': {'pre': 131, 'post': 28, 'downstream': 1263, 'upstream': 28, 'mito': 7, 'dark': 6, 'medium': 1}, 'mALT(R)': {'pre': 11, 'post': 17, 'downstream': 51, 'upstream': 17, 'mito': 65, 'dark': 63, 'medium': 2}, 'LH(R)': {'pre': 400, 'post': 131, 'downstream': 4058, 'upstream': 131, 'mito': 73, 'dark': 65, 'light': 4, 'medium': 4}, 'AL(R)': {'pre': 372, 'post': 2289, 'downstream': 2272, 'upstream': 2289, 'mito': 249, 'dark': 238, 'light': 3, 'medium': 8}, 'AL-DC2(R)': {'post': 2, 'upstream': 2, 'mito': 5, 'dark': 3, 'medium': 2}, 'AL-VA1d(R)': {'pre': 357, 'post': 2206, 'downstream': 2180, 'upstream': 2206, 'mito': 215, 'dark': 207, 'light': 2, 'medium': 6}, 'AL-DC1(R)': {'pre': 1, 'downstream': 5}, 'AL-VP1d(R)': {'pre': 2, 'post': 2, 'downstream': 13, 'upstream': 2, 'mito': 6, 'dark': 5, 'light': 1}, 'AL-DC3(R)': {'pre': 4, 'post': 12, 'downstream': 20, 'upstream': 12, 'mito': 9, 'dark': 9}, 'AL-VA1v(R)': {'pre': 6, 'post': 53, 'downstream': 42, 'upstream': 53, 'mito': 5, 'dark': 5}, 'AL-VA6(R)': {'post': 4, 'upstream': 4, 'mito': 2, 'dark': 2}}",,"['AL(R)', 'AL-DC2(R)', 'AL-DC3(R)', 'AL-VA1d(R)', 'AL-VA1v(R)', 'AL-VA6(R)', 'AL-VP1d(R)', 'CA(R)', 'LH(R)', 'MB(+ACA)(R)', 'MB(R)', 'mALT(R)']","['AL(R)', 'AL-DC1(R)', 'AL-DC3(R)', 'AL-VA1d(R)', 'AL-VA1v(R)', 'AL-VP1d(R)', 'CA(R)', 'LH(R)', 'MB(+ACA)(R)', 'MB(R)', 'mALT(R)']"
850703925,M_lPNm11B_R,M_lPNm11B,238,307,1776,307,150,510547007,Traced,False,Roughly traced,AVM02,411.5,"[13159, 35721, 26312]","{'INP': {'pre': 37, 'post': 17, 'downstream': 353, 'upstream': 17, 'mito': 15, 'dark': 15}, 'SCL(R)': {'pre': 37, 'post': 17, 'downstream': 353, 'upstream': 17, 'mito': 15, 'dark': 15}, 'mALT(R)': {'pre': 11, 'post': 10, 'downstream': 75, 'upstream': 10, 'mito': 22, 'dark': 22}, 'SNP(R)': {'pre': 3, 'post': 5, 'downstream': 33, 'upstream': 5, 'mito': 2, 'dark': 2}, 'SLP(R)': {'pre': 3, 'post': 5, 'downstream': 33, 'upstream': 5, 'mito': 2, 'dark': 2}, 'VLNP(R)': {'pre': 114, 'post': 39, 'downstream': 996, 'upstream': 39, 'mito': 36, 'dark': 36}, 'PLP(R)': {'pre': 114, 'post': 39, 'downstream': 996, 'upstream': 39, 'mito': 36, 'dark': 36}, 'AL(R)': {'pre': 72, 'post': 234, 'downstream': 315, 'upstream': 234, 'mito': 65, 'dark': 63, 'medium': 2}, 'AL-DL5(R)': {'pre': 1, 'post': 10, 'downstream': 4, 'upstream': 10, 'mito': 2, 'dark': 2}, 'AL-DC4(R)': {'pre': 4, 'downstream': 15, 'mito': 2, 'dark': 2}, 'AL-DP1m(R)': {'pre': 3, 'post': 1, 'downstream': 9, 'upstream': 1, 'mito': 1, 'dark': 1}, 'AL-DM4(R)': {'post': 6, 'upstream': 6}, 'AL-VP4(R)': {'pre': 10, 'post': 52, 'downstream': 54, 'upstream': 52, 'mito': 12, 'dark': 12}, 'AL-DC3(R)': {'pre': 2, 'post': 5, 'downstream': 9, 'upstream': 5, 'mito': 1, 'dark': 1}, 'AL-VP1d(R)': {'pre': 4, 'post': 23, 'downstream': 17, 'upstream': 23, 'mito': 6, 'dark': 5, 'medium': 1}, 'AL-VP1m(R)': {'pre': 5, 'post': 12, 'downstream': 23, 'upstream': 12, 'mito': 4, 'dark': 4}, 'AL-VP2(R)': {'pre': 16, 'post': 36, 'downstream': 68, 'upstream': 36, 'mito': 9, 'dark': 9}, 'AL-VP1l(R)': {'pre': 6, 'post': 21, 'downstream': 26, 'upstream': 21, 'mito': 4, 'dark': 4}, 'AL-VC5(R)': {'pre': 5, 'post': 8, 'downstream': 21, 'upstream': 8, 'mito': 6, 'dark': 6}, 'AL-VP5(R)': {'post': 13, 'upstream': 13}, 'AL-VP3(R)': {'pre': 3, 'post': 5, 'downstream': 11, 'upstream': 5, 'mito': 2, 'dark': 2}, 'AL-VL1(R)': {'pre': 3, 'post': 11, 'downstream': 16, 'upstream': 11, 'mito': 3, 'dark': 3}, 'AL-V(R)': {'pre': 3, 'post': 18, 'downstream': 14, 'upstream': 18, 'mito': 6, 'dark': 5, 'medium': 1}}",AL-mPN4 (Tanaka et al. JCN 2012) projection to LH/PLP; VP1l++ lPN (Marin et al. Curr Biol 2020),"['AL(R)', 'AL-DC3(R)', 'AL-DL5(R)', 'AL-DM4(R)', 'AL-DP1m(R)', 'AL-V(R)', 'AL-VC5(R)', 'AL-VL1(R)', 'AL-VP1d(R)', 'AL-VP1l(R)', 'AL-VP1m(R)', 'AL-VP2(R)', 'AL-VP3(R)', 'AL-VP4(R)', 'AL-VP5(R)', 'INP', 'PLP(R)', 'SCL(R)', 'SLP(R)', 'SNP(R)', 'VLNP(R)', 'mALT(R)']","['AL(R)', 'AL-DC3(R)', 'AL-DC4(R)', 'AL-DL5(R)', 'AL-DP1m(R)', 'AL-V(R)', 'AL-VC5(R)', 'AL-VL1(R)', 'AL-VP1d(R)', 'AL-VP1l(R)', 'AL-VP1m(R)', 'AL-VP2(R)', 'AL-VP3(R)', 'AL-VP4(R)', 'INP', 'PLP(R)', 'SCL(R)', 'SLP(R)', 'SNP(R)', 'VLNP(R)', 'mALT(R)']"
850708783,M_lvPNm48_R,M_lvPNm48,137,430,706,430,108,393131700,Traced,False,Roughly traced,AVM06,327.0,"[15209, 28749, 31704]","{'SNP(R)': {'post': 2, 'upstream': 2, 'mito': 2, 'dark': 2}, 'SMP(R)': {'post': 2, 'upstream': 2, 'mito': 2, 'dark': 2}, 'INP': {'pre': 18, 'post': 47, 'downstream': 112, 'upstream': 47, 'mito': 7, 'dark': 7}, 'SCL(R)': {'pre': 18, 'post': 47, 'downstream': 112, 'upstream': 47, 'mito': 7, 'dark': 7}, 'VLNP(R)': {'pre': 63, 'post': 188, 'downstream': 363, 'upstream': 188, 'mito': 31, 'dark': 31}, 'PLP(R)': {'pre': 63, 'post': 188, 'downstream': 363, 'upstream': 188, 'mito': 31, 'dark': 31}, 'mALT(R)': {'post': 4, 'upstream': 4, 'mito': 10, 'dark': 10}, 'AL(R)': {'pre': 51, 'post': 181, 'downstream': 212, 'upstream': 181, 'mito': 37, 'dark': 37}, 'AL-VP2(R)': {'pre': 24, 'post': 77, 'downstream': 90, 'upstream': 77, 'mito': 13, 'dark': 13}, 'AL-VC5(R)': {'pre': 7, 'post': 21, 'downstream': 23, 'upstream': 21, 'mito': 8, 'dark': 8}, 'VMNP': {'pre': 4, 'post': 8, 'downstream': 15, 'upstream': 8, 'mito': 3, 'dark': 3}, 'VES(R)': {'pre': 4, 'post': 8, 'downstream': 15, 'upstream': 8, 'mito': 3, 'dark': 3}, 'AL-VP5(R)': {'pre': 9, 'post': 57, 'downstream': 45, 'upstream': 57, 'mito': 10, 'dark': 10}, 'AL-VP1d(R)': {'post': 1, 'upstream': 1, 'mito': 1, 'dark': 1}, 'AL-VP3(R)': {'pre': 9, 'post': 3, 'downstream': 45, 'upstream': 3, 'mito': 3, 'dark': 3}, 'AL-VC2(R)': {'post': 4, 'upstream': 4}, 'AL-VP1m(R)': {'post': 3, 'upstream': 3}, 'AL-VA4(R)': {'post': 1, 'upstream': 1}, 'AL-VL1(R)': {'post': 1, 'upstream': 1}, 'AL-V(R)': {'pre': 2, 'post': 9, 'downstream': 9, 'upstream': 9, 'mito': 2, 'dark': 2}, 'PENP': {'pre': 1, 'downstream': 4}, 'SAD': {'pre': 1, 'downstream': 4}, 'SAD(-AMMC)': {'pre': 1, 'downstream': 4}}",VP2+VP5 lvPN (Marin et al. Curr Biol 2020),"['AL(R)', 'AL-V(R)', 'AL-VA4(R)', 'AL-VC2(R)', 'AL-VC5(R)', 'AL-VL1(R)', 'AL-VP1d(R)', 'AL-VP1m(R)', 'AL-VP2(R)', 'AL-VP3(R)', 'AL-VP5(R)', 'INP', 'PLP(R)', 'SCL(R)', 'SMP(R)', 'SNP(R)', 'VES(R)', 'VLNP(R)', 'VMNP', 'mALT(R)']","['AL(R)', 'AL-V(R)', 'AL-VC5(R)', 'AL-VP2(R)', 'AL-VP3(R)', 'AL-VP5(R)', 'INP', 'PENP', 'PLP(R)', 'SAD', 'SAD(-AMMC)', 'SCL(R)', 'VES(R)', 'VLNP(R)', 'VMNP']"
850708902,M_lPNm11C_R,M_lPNm11C,357,642,2694,642,185,607994160,Traced,False,Roughly traced,AVM02,306.5,"[14186, 35199, 23976]","{'INP': {'pre': 66, 'post': 26, 'downstream': 605, 'upstream': 26, 'mito': 14, 'dark': 14}, 'SCL(R)': {'pre': 66, 'post': 26, 'downstream': 605, 'upstream': 26, 'mito': 14, 'dark': 14}, 'mALT(R)': {'pre': 7, 'post': 16, 'downstream': 35, 'upstream': 16, 'mito': 20, 'dark': 20}, 'SNP(R)': {'pre': 6, 'post': 1, 'downstream': 56, 'upstream': 1, 'mito': 2, 'dark': 2}, 'SLP(R)': {'pre': 6, 'post': 1, 'downstream': 56, 'upstream': 1, 'mito': 2, 'dark': 2}, 'MB(R)': {'pre': 3, 'post': 6, 'downstream': 37, 'upstream': 6, 'mito': 1, 'dark': 1}, 'CA(R)': {'pre': 3, 'post': 6, 'downstream': 37, 'upstream': 6, 'mito': 1, 'dark': 1}, 'MB(+ACA)(R)': {'pre': 3, 'post': 6, 'downstream': 37, 'upstream': 6, 'mito': 1, 'dark': 1}, 'VLNP(R)': {'pre': 75, 'post': 17, 'downstream': 803, 'upstream': 17, 'mito': 23, 'dark': 23}, 'PLP(R)': {'pre': 75, 'post': 17, 'downstream': 803, 'upstream': 17, 'mito': 23, 'dark': 23}, 'LH(R)': {'pre': 22, 'post': 14, 'downstream': 179, 'upstream': 14, 'mito': 5, 'dark': 5}, 'AL(R)': {'pre': 178, 'post': 562, 'downstream': 979, 'upstream': 562, 'mito': 105, 'dark': 105}, 'AL-DL1(R)': {'post': 2, 'upstream': 2}, 'AL-DL5(R)': {'pre': 1, 'post': 9, 'downstream': 4, 'upstream': 9}, 'AL-DP1m(R)': {'pre': 10, 'post': 19, 'downstream': 46, 'upstream': 19, 'mito': 6, 'dark': 6}, 'AL-DC4(R)': {'pre': 22, 'post': 59, 'downstream': 124, 'upstream': 59, 'mito': 10, 'dark': 10}, 'AL-D(R)': {'post': 2, 'upstream': 2}, 'AL-DC1(R)': {'pre': 1, 'post': 11, 'downstream': 6, 'upstream': 11, 'mito': 1, 'dark': 1}, 'AL-DA2(R)': {'post': 2, 'upstream': 2}, 'AL-DM4(R)': {'pre': 4, 'post': 12, 'downstream': 19, 'upstream': 12, 'mito': 1, 'dark': 1}, 'AL-VP4(R)': {'pre': 20, 'post': 91, 'downstream': 132, 'upstream': 91, 'mito': 14, 'dark': 14}, 'AL-VP1d(R)': {'pre': 27, 'post': 94, 'downstream': 155, 'upstream': 94, 'mito': 11, 'dark': 11}, 'AL-VM7d(R)': {'pre': 7, 'post': 4, 'downstream': 31, 'upstream': 4, 'mito': 4, 'dark': 4}, 'AL-DC2(R)': {'pre': 4, 'post': 8, 'downstream': 18, 'upstream': 8, 'mito': 3, 'dark': 3}, 'AL-DP1l(R)': {'post': 2, 'upstream': 2}, 'AL-VA6(R)': {'post': 1, 'upstream': 1}, 'AL-VC1(R)': {'pre': 2, 'post': 4, 'downstream': 8, 'upstream': 4, 'mito': 1, 'dark': 1}, 'AL-VP1m(R)': {'pre': 14, 'post': 51, 'downstream': 82, 'upstream': 51, 'mito': 11, 'dark': 11}, 'AL-VC5(R)': {'pre': 8, 'post': 17, 'downstream': 37, 'upstream': 17, 'mito': 8, 'dark': 8}, 'AL-VM7v(R)': {'pre': 1, 'post': 2, 'downstream': 8, 'upstream': 2, 'mito': 1, 'dark': 1}, 'AL-VP2(R)': {'pre': 4, 'post': 24, 'downstream': 23, 'upstream': 24, 'mito': 5, 'dark': 5}, 'AL-VP1l(R)': {'pre': 7, 'post': 8, 'downstream': 41, 'upstream': 8, 'mito': 3, 'dark': 3}, 'AL-VP3(R)': {'post': 5, 'upstream': 5}, 'AL-VP5(R)': {'post': 24, 'upstream': 24, 'mito': 2, 'dark': 2}, 'AL-VL1(R)': {'pre': 2, 'post': 11, 'downstream': 12, 'upstream': 11, 'mito': 2, 'dark': 2}, 'AL-V(R)': {'pre': 33, 'post': 76, 'downstream': 179, 'upstream': 76, 'mito': 15, 'dark': 15}}",AL-mPN4 (Tanaka et al. JCN 2012) no projection down to PLP,"['AL(R)', 'AL-D(R)', 'AL-DA2(R)', 'AL-DC1(R)', 'AL-DC2(R)', 'AL-DC4(R)', 'AL-DL1(R)', 'AL-DL5(R)', 'AL-DM4(R)', 'AL-DP1l(R)', 'AL-DP1m(R)', 'AL-V(R)', 'AL-VA6(R)', 'AL-VC1(R)', 'AL-VC5(R)', 'AL-VL1(R)', 'AL-VM7d(R)', 'AL-VM7v(R)', 'AL-VP1d(R)', 'AL-VP1l(R)', 'AL-VP1m(R)', 'AL-VP2(R)', 'AL-VP3(R)', 'AL-VP4(R)', 'AL-VP5(R)', 'CA(R)', 'INP', 'LH(R)', 'MB(+ACA)(R)', 'MB(R)', 'PLP(R)', 'SCL(R)', 'SLP(R)', 'SNP(R)', 'VLNP(R)', 'mALT(R)']","['AL(R)', 'AL-DC1(R)', 'AL-DC2(R)', 'AL-DC4(R)', 'AL-DL5(R)', 'AL-DM4(R)', 'AL-DP1m(R)', 'AL-V(R)', 'AL-VC1(R)', 'AL-VC5(R)', 'AL-VL1(R)', 'AL-VM7d(R)', 'AL-VM7v(R)', 'AL-VP1d(R)', 'AL-VP1l(R)', 'AL-VP1m(R)', 'AL-VP2(R)', 'AL-VP4(R)', 'CA(R)', 'INP', 'LH(R)', 'MB(+ACA)(R)', 'MB(R)', 'PLP(R)', 'SCL(R)', 'SLP(R)', 'SNP(R)', 'VLNP(R)', 'mALT(R)']"
850717220,VP1l+VP3_ilPN,VP1l+VP3_ilPN,589,1298,5689,1298,291,861657106,Traced,False,Roughly traced,,,,"{'SNP(R)': {'pre': 242, 'post': 128, 'downstream': 2660, 'upstream': 128, 'mito': 48, 'dark': 46, 'medium': 2}, 'SLP(R)': {'pre': 170, 'post': 84, 'downstream': 1938, 'upstream': 84, 'mito': 33, 'dark': 31, 'medium': 2}, 'dACA(R)': {'pre': 43, 'post': 25, 'downstream': 502, 'upstream': 25, 'mito': 9, 'dark': 9}, 'MB(+ACA)(R)': {'pre': 43, 'post': 25, 'downstream': 502, 'upstream': 25, 'mito': 9, 'dark': 9}, 'SMP(R)': {'pre': 72, 'post': 44, 'downstream': 722, 'upstream': 44, 'mito': 15, 'dark': 15}, 'INP': {'pre': 114, 'post': 51, 'downstream': 1260, 'upstream': 51, 'mito': 25, 'dark': 25}, 'SCL(R)': {'pre': 113, 'post': 51, 'downstream': 1257, 'upstream': 51, 'mito': 22, 'dark': 22}, 'mALT(R)': {'pre': 15, 'post': 8, 'downstream': 86, 'upstream': 8, 'mito': 40, 'dark': 40}, 'VLNP(R)': {'pre': 107, 'post': 44, 'downstream': 1047, 'upstream': 44, 'mito': 20, 'dark': 20}, 'PLP(R)': {'pre': 107, 'post': 44, 'downstream': 1047, 'upstream': 44, 'mito': 20, 'dark': 20}, 'ICL(R)': {'pre': 1, 'downstream': 3, 'mito': 3, 'dark': 3}, 'AL(R)': {'pre': 110, 'post': 1051, 'downstream': 632, 'upstream': 1051, 'mito': 135, 'dark': 127, 'medium': 8}, 'AL-VP4(R)': {'pre': 11, 'post': 68, 'downstream': 65, 'upstream': 68, 'mito': 9, 'dark': 9}, 'AL-VP1l(R)': {'pre': 28, 'post': 424, 'downstream': 157, 'upstream': 424, 'mito': 41, 'dark': 40, 'medium': 1}, 'AL-VP3(R)': {'pre': 51, 'post': 475, 'downstream': 298, 'upstream': 475, 'mito': 71, 'dark': 65, 'medium': 6}, 'AL-VP1d(R)': {'pre': 11, 'post': 43, 'downstream': 70, 'upstream': 43, 'mito': 7, 'dark': 6, 'medium': 1}, 'AL-VP1m(R)': {'pre': 2, 'post': 9, 'downstream': 4, 'upstream': 9, 'mito': 2, 'dark': 2}, 'LX(R)': {'post': 2, 'upstream': 2, 'mito': 1, 'medium': 1}, 'LAL(R)': {'post': 2, 'upstream': 2, 'mito': 1, 'medium': 1}, 'LAL(-GA)(R)': {'post': 2, 'upstream': 2, 'mito': 1, 'medium': 1}, 'VMNP': {'post': 13, 'upstream': 13, 'mito': 1, 'dark': 1}, 'VES(R)': {'post': 13, 'upstream': 13, 'mito': 1, 'dark': 1}, 'AL-VP5(R)': {'pre': 5, 'post': 22, 'downstream': 28, 'upstream': 22, 'mito': 2, 'dark': 2}, 'AL-VC5(R)': {'post': 1, 'upstream': 1}, 'AL-VP2(R)': {'pre': 1, 'post': 1, 'downstream': 5, 'upstream': 1, 'mito': 1, 'dark': 1}, 'PENP': {'post': 1, 'upstream': 1, 'mito': 3, 'dark': 3}, 'SAD': {'post': 1, 'upstream': 1, 'mito': 3, 'dark': 3}, 'SAD(-AMMC)': {'post': 1, 'upstream': 1, 'mito': 3, 'dark': 3}}",VP3 bilateral PN (Stocker et al. Cell Tissue Res 1990),"['AL(R)', 'AL-VC5(R)', 'AL-VP1d(R)', 'AL-VP1l(R)', 'AL-VP1m(R)', 'AL-VP2(R)', 'AL-VP3(R)', 'AL-VP4(R)', 'AL-VP5(R)', 'INP', 'LAL(-GA)(R)', 'LAL(R)', 'LX(R)', 'MB(+ACA)(R)', 'PENP', 'PLP(R)', 'SAD', 'SAD(-AMMC)', 'SCL(R)', 'SLP(R)', 'SMP(R)', 'SNP(R)', 'VES(R)', 'VLNP(R)', 'VMNP', 'dACA(R)', 'mALT(R)']","['AL(R)', 'AL-VP1d(R)', 'AL-VP1l(R)', 'AL-VP1m(R)', 'AL-VP2(R)', 'AL-VP3(R)', 'AL-VP4(R)', 'AL-VP5(R)', 'ICL(R)', 'INP', 'MB(+ACA)(R)', 'PLP(R)', 'SCL(R)', 'SLP(R)', 'SMP(R)', 'SNP(R)', 'VLNP(R)', 'dACA(R)', 'mALT(R)']"
851684181,M_lvPNm42_R,M_lvPNm42,292,450,2600,450,131,328601317,Traced,False,Roughly traced,AVM06,,,"{'SNP(R)': {'pre': 29, 'post': 7, 'downstream': 306, 'upstream': 7, 'mito': 8, 'dark': 8}, 'SLP(R)': {'pre': 29, 'post': 7, 'downstream': 306, 'upstream': 7, 'mito': 8, 'dark': 8}, 'INP': {'pre': 43, 'post': 12, 'downstream': 431, 'upstream': 12, 'mito': 13, 'dark': 13}, 'SCL(R)': {'pre': 43, 'post': 12, 'downstream': 431, 'upstream': 12, 'mito': 13, 'dark': 13}, 'mALT(R)': {'pre': 1, 'post': 2, 'downstream': 2, 'upstream': 2, 'mito': 13, 'dark': 13}, 'LH(R)': {'pre': 52, 'post': 11, 'downstream': 521, 'upstream': 11, 'mito': 14, 'dark': 14}, 'VLNP(R)': {'pre': 82, 'post': 31, 'downstream': 920, 'upstream': 31, 'mito': 23, 'dark': 22, 'light': 1}, 'AVLP(R)': {'pre': 82, 'post': 31, 'downstream': 920, 'upstream': 31, 'mito': 23, 'dark': 22, 'light': 1}, 'AL(R)': {'pre': 85, 'post': 385, 'downstream': 420, 'upstream': 385, 'mito': 60, 'dark': 60}, 'AL-DA1(R)': {'pre': 23, 'post': 142, 'downstream': 100, 'upstream': 142, 'mito': 12, 'dark': 12}, 'AL-DC3(R)': {'pre': 11, 'post': 31, 'downstream': 59, 'upstream': 31, 'mito': 7, 'dark': 7}, 'AL-VP1d(R)': {'pre': 1, 'post': 6, 'downstream': 4, 'upstream': 6, 'mito': 1, 'dark': 1}, 'AL-VA1d(R)': {'pre': 11, 'post': 7, 'downstream': 49, 'upstream': 7, 'mito': 5, 'dark': 5}, 'AL-DC2(R)': {'pre': 3, 'post': 10, 'downstream': 11, 'upstream': 10, 'mito': 3, 'dark': 3}, 'AL-DC1(R)': {'pre': 3, 'post': 10, 'downstream': 17, 'upstream': 10, 'mito': 1, 'dark': 1}, 'AL-DC4(R)': {'pre': 5, 'post': 36, 'downstream': 36, 'upstream': 36, 'mito': 3, 'dark': 3}, 'AL-VA6(R)': {'pre': 2, 'post': 12, 'downstream': 12, 'upstream': 12, 'mito': 1, 'dark': 1}, 'AL-VM7d(R)': {'pre': 1, 'post': 6, 'downstream': 8, 'upstream': 6}, 'AL-VM7v(R)': {'post': 1, 'upstream': 1}, 'AL-VM5d(R)': {'post': 11, 'upstream': 11}, 'AL-VM5v(R)': {'post': 1, 'upstream': 1}, 'AL-VC1(R)': {'post': 6, 'upstream': 6, 'mito': 3, 'dark': 3}, 'AL-VC4(R)': {'pre': 6, 'post': 35, 'downstream': 27, 'upstream': 35, 'mito': 6, 'dark': 6}, 'AL-VP1l(R)': {'pre': 1, 'post': 3, 'downstream': 5, 'upstream': 3, 'mito': 2, 'dark': 2}, 'AL-VC3l(R)': {'pre': 3, 'post': 11, 'downstream': 15, 'upstream': 11, 'mito': 2, 'dark': 2}, 'AL-VA1v(R)': {'post': 5, 'upstream': 5}, 'AL-VA7l(R)': {'post': 3, 'upstream': 3}, 'AL-VA5(R)': {'pre': 2, 'post': 8, 'downstream': 8, 'upstream': 8, 'mito': 2, 'dark': 2}, 'AL-VC2(R)': {'post': 2, 'upstream': 2}, 'AL-VA4(R)': {'post': 3, 'upstream': 3}}",,"['AL(R)', 'AL-DA1(R)', 'AL-DC1(R)', 'AL-DC2(R)', 'AL-DC3(R)', 'AL-DC4(R)', 'AL-VA1d(R)', 'AL-VA1v(R)', 'AL-VA4(R)', 'AL-VA5(R)', 'AL-VA6(R)', 'AL-VA7l(R)', 'AL-VC1(R)', 'AL-VC2(R)', 'AL-VC3l(R)', 'AL-VC4(R)', 'AL-VM5d(R)', 'AL-VM5v(R)', 'AL-VM7d(R)', 'AL-VM7v(R)', 'AL-VP1d(R)', 'AL-VP1l(R)', 'AVLP(R)', 'INP', 'LH(R)', 'SCL(R)', 'SLP(R)', 'SNP(R)', 'VLNP(R)', 'mALT(R)']","['AL(R)', 'AL-DA1(R)', 'AL-DC1(R)', 'AL-DC2(R)', 'AL-DC3(R)', 'AL-DC4(R)', 'AL-VA1d(R)', 'AL-VA5(R)', 'AL-VA6(R)', 'AL-VC3l(R)', 'AL-VC4(R)', 'AL-VM7d(R)', 'AL-VP1d(R)', 'AL-VP1l(R)', 'AVLP(R)', 'INP', 'LH(R)', 'SCL(R)', 'SLP(R)', 'SNP(R)', 'VLNP(R)', 'mALT(R)']"
856071065,VA1v_vPN_R,VA1v_vPN,604,1911,5994,1911,297,1540259450,Traced,False,Roughly traced,AVM04,416.5,"[21114, 34167, 34448]","{'SNP(R)': {'pre': 71, 'post': 12, 'downstream': 860, 'upstream': 12, 'mito': 11, 'dark': 7, 'light': 2, 'medium': 2}, 'SLP(R)': {'pre': 71, 'post': 12, 'downstream': 860, 'upstream': 12, 'mito': 11, 'dark': 7, 'light': 2, 'medium': 2}, 'INP': {'pre': 17, 'post': 2, 'downstream': 184, 'upstream': 2, 'mito': 3, 'dark': 3}, 'SCL(R)': {'pre': 17, 'post': 2, 'downstream': 184, 'upstream': 2, 'mito': 3, 'dark': 3}, 'LH(R)': {'pre': 454, 'post': 200, 'downstream': 4390, 'upstream': 200, 'mito': 95, 'dark': 92, 'light': 2, 'medium': 1}, 'VLNP(R)': {'pre': 53, 'post': 20, 'downstream': 532, 'upstream': 20, 'mito': 15, 'dark': 14, 'light': 1}, 'PLP(R)': {'pre': 13, 'post': 5, 'downstream': 117, 'upstream': 5, 'mito': 7, 'dark': 7}, 'AVLP(R)': {'pre': 40, 'post': 15, 'downstream': 415, 'upstream': 15, 'mito': 8, 'dark': 7, 'light': 1}, 'AL(R)': {'pre': 9, 'post': 1677, 'downstream': 28, 'upstream': 1677, 'mito': 103, 'dark': 102, 'medium': 1}, 'AL-VA1v(R)': {'pre': 9, 'post': 1503, 'downstream': 28, 'upstream': 1503, 'mito': 76, 'dark': 76}, 'AL-VA1d(R)': {'post': 48, 'upstream': 48, 'mito': 2, 'dark': 2}, 'AL-VA6(R)': {'post': 34, 'upstream': 34}, 'AL-VP1d(R)': {'post': 4, 'upstream': 4, 'mito': 3, 'dark': 3}, 'AL-VA7l(R)': {'post': 26, 'upstream': 26, 'mito': 1, 'dark': 1}, 'AL-VP1l(R)': {'post': 1, 'upstream': 1, 'mito': 2, 'dark': 2}, 'AL-VA7m(R)': {'post': 1, 'upstream': 1}, 'AL-VA5(R)': {'post': 27, 'upstream': 27, 'mito': 4, 'dark': 3, 'medium': 1}, 'AL-VP3(R)': {'post': 4, 'upstream': 4}, 'AL-VL1(R)': {'post': 20, 'upstream': 20, 'mito': 1, 'dark': 1}}",,"['AL(R)', 'AL-VA1d(R)', 'AL-VA1v(R)', 'AL-VA5(R)', 'AL-VA6(R)', 'AL-VA7l(R)', 'AL-VA7m(R)', 'AL-VL1(R)', 'AL-VP1d(R)', 'AL-VP1l(R)', 'AL-VP3(R)', 'AVLP(R)', 'INP', 'LH(R)', 'PLP(R)', 'SCL(R)', 'SLP(R)', 'SNP(R)', 'VLNP(R)']","['AL(R)', 'AL-VA1v(R)', 'AVLP(R)', 'INP', 'LH(R)', 'PLP(R)', 'SCL(R)', 'SLP(R)', 'SNP(R)', 'VLNP(R)']"
882353566,M_vPNml68_R,M_vPNml68,207,294,2294,294,134,448538549,Traced,False,Roughly traced,AVM04,376.5,"[18683, 34016, 34928]","{'LH(R)': {'pre': 202, 'post': 47, 'downstream': 2282, 'upstream': 47, 'mito': 45, 'dark': 43, 'light': 1, 'medium': 1}, 'VLNP(R)': {'pre': 2, 'downstream': 7, 'mito': 1, 'dark': 1}, 'AVLP(R)': {'pre': 2, 'downstream': 7, 'mito': 1, 'dark': 1}, 'AL(R)': {'pre': 3, 'post': 246, 'downstream': 5, 'upstream': 246, 'mito': 64, 'dark': 64}, 'AL-DC3(R)': {'pre': 2, 'post': 56, 'downstream': 3, 'upstream': 56, 'mito': 22, 'dark': 22}, 'AL-VA1d(R)': {'pre': 1, 'post': 80, 'downstream': 2, 'upstream': 80, 'mito': 20, 'dark': 20}, 'AL-VA6(R)': {'post': 63, 'upstream': 63, 'mito': 7, 'dark': 7}, 'AL-DL2v(R)': {'post': 2, 'upstream': 2}, 'AL-VP1d(R)': {'post': 8, 'upstream': 8, 'mito': 5, 'dark': 5}, 'AL-VA1v(R)': {'post': 32, 'upstream': 32, 'mito': 7, 'dark': 7}}",,"['AL(R)', 'AL-DC3(R)', 'AL-DL2v(R)', 'AL-VA1d(R)', 'AL-VA1v(R)', 'AL-VA6(R)', 'AL-VP1d(R)', 'LH(R)']","['AL(R)', 'AL-DC3(R)', 'AL-VA1d(R)', 'AVLP(R)', 'LH(R)', 'VLNP(R)']"
886812643,M_vPNml55_R,M_vPNml55,438,788,4915,788,278,973721883,Traced,False,Roughly traced,AVM04,466.5,"[19973, 33882, 33936]","{'SNP(R)': {'pre': 26, 'post': 4, 'downstream': 266, 'upstream': 4, 'mito': 4, 'dark': 4}, 'SLP(R)': {'pre': 26, 'post': 4, 'downstream': 266, 'upstream': 4, 'mito': 4, 'dark': 4}, 'INP': {'pre': 46, 'post': 3, 'downstream': 561, 'upstream': 3, 'mito': 13, 'dark': 12, 'medium': 1}, 'SCL(R)': {'pre': 46, 'post': 3, 'downstream': 561, 'upstream': 3, 'mito': 13, 'dark': 12, 'medium': 1}, 'LH(R)': {'pre': 318, 'post': 75, 'downstream': 3850, 'upstream': 75, 'mito': 93, 'dark': 91, 'medium': 2}, 'VLNP(R)': {'pre': 5, 'post': 2, 'downstream': 46, 'upstream': 2, 'mito': 5, 'dark': 5}, 'PLP(R)': {'pre': 5, 'post': 2, 'downstream': 46, 'upstream': 2, 'mito': 5, 'dark': 5}, 'AL(R)': {'pre': 41, 'post': 702, 'downstream': 185, 'upstream': 702, 'mito': 119, 'dark': 118, 'medium': 1}, 'AL-DL3(R)': {'post': 60, 'upstream': 60, 'mito': 4, 'dark': 4}, 'AL-DL4(R)': {'post': 23, 'upstream': 23, 'mito': 4, 'dark': 4}, 'AL-DA1(R)': {'pre': 36, 'post': 539, 'downstream': 162, 'upstream': 539, 'mito': 84, 'dark': 84}, 'AL-DC3(R)': {'pre': 2, 'post': 12, 'downstream': 10, 'upstream': 12, 'mito': 4, 'dark': 4}, 'AL-VP1d(R)': {'post': 6, 'upstream': 6, 'mito': 5, 'dark': 5}, 'AL-VA1d(R)': {'pre': 2, 'post': 11, 'downstream': 9, 'upstream': 11, 'mito': 4, 'dark': 4}, 'AL-VA6(R)': {'post': 13, 'upstream': 13}, 'AL-VL2a(R)': {'post': 3, 'upstream': 3}, 'AL-VA1v(R)': {'pre': 1, 'post': 17, 'downstream': 4, 'upstream': 17, 'mito': 2, 'dark': 2}, 'AL-VL2p(R)': {'post': 1, 'upstream': 1}}",,"['AL(R)', 'AL-DA1(R)', 'AL-DC3(R)', 'AL-DL3(R)', 'AL-DL4(R)', 'AL-VA1d(R)', 'AL-VA1v(R)', 'AL-VA6(R)', 'AL-VL2a(R)', 'AL-VL2p(R)', 'AL-VP1d(R)', 'INP', 'LH(R)', 'PLP(R)', 'SCL(R)', 'SLP(R)', 'SNP(R)', 'VLNP(R)']","['AL(R)', 'AL-DA1(R)', 'AL-DC3(R)', 'AL-VA1d(R)', 'AL-VA1v(R)', 'INP', 'LH(R)', 'PLP(R)', 'SCL(R)', 'SLP(R)', 'SNP(R)', 'VLNP(R)']"
887105351,VA1v_vPN_R,VA1v_vPN,526,2139,5454,2139,317,1525476365,Traced,False,Roughly traced,AVM04,386.5,"[21102, 33686, 33344]","{'SNP(R)': {'pre': 70, 'post': 15, 'downstream': 777, 'upstream': 15, 'mito': 9, 'dark': 5, 'light': 3, 'medium': 1}, 'SLP(R)': {'pre': 70, 'post': 15, 'downstream': 777, 'upstream': 15, 'mito': 9, 'dark': 5, 'light': 3, 'medium': 1}, 'INP': {'pre': 16, 'post': 4, 'downstream': 163, 'upstream': 4, 'mito': 3, 'dark': 3}, 'SCL(R)': {'pre': 16, 'post': 4, 'downstream': 163, 'upstream': 4, 'mito': 3, 'dark': 3}, 'LH(R)': {'pre': 405, 'post': 154, 'downstream': 4203, 'upstream': 154, 'mito': 89, 'dark': 86, 'light': 1, 'medium': 2}, 'VLNP(R)': {'pre': 31, 'post': 14, 'downstream': 301, 'upstream': 14, 'mito': 5, 'dark': 5}, 'AVLP(R)': {'pre': 31, 'post': 14, 'downstream': 301, 'upstream': 14, 'mito': 4, 'dark': 4}, 'LX(R)': {'post': 1, 'upstream': 1, 'mito': 8, 'dark': 8}, 'LAL(R)': {'post': 1, 'upstream': 1, 'mito': 8, 'dark': 8}, 'LAL(-GA)(R)': {'post': 1, 'upstream': 1, 'mito': 8, 'dark': 8}, 'AL(R)': {'pre': 3, 'post': 1950, 'downstream': 9, 'upstream': 1950, 'mito': 134, 'dark': 134}, 'AL-DC3(R)': {'post': 1, 'upstream': 1}, 'AL-VP1d(R)': {'post': 10, 'upstream': 10, 'mito': 2, 'dark': 2}, 'AL-VA1v(R)': {'pre': 3, 'post': 1740, 'downstream': 9, 'upstream': 1740, 'mito': 105, 'dark': 105}, 'AL-VA1d(R)': {'post': 6, 'upstream': 6}, 'AL-VL2a(R)': {'post': 75, 'upstream': 75, 'mito': 7, 'dark': 7}, 'AL-VA7l(R)': {'post': 1, 'upstream': 1}, 'AL-VP3(R)': {'post': 1, 'upstream': 1, 'mito': 2, 'dark': 2}, 'AL-VA5(R)': {'post': 17, 'upstream': 17, 'mito': 1, 'dark': 1}, 'AL-VL1(R)': {'post': 36, 'upstream': 36, 'mito': 2, 'dark': 2}}",,"['AL(R)', 'AL-DC3(R)', 'AL-VA1d(R)', 'AL-VA1v(R)', 'AL-VA5(R)', 'AL-VA7l(R)', 'AL-VL1(R)', 'AL-VL2a(R)', 'AL-VP1d(R)', 'AL-VP3(R)', 'AVLP(R)', 'INP', 'LAL(-GA)(R)', 'LAL(R)', 'LH(R)', 'LX(R)', 'SCL(R)', 'SLP(R)', 'SNP(R)', 'VLNP(R)']","['AL(R)', 'AL-VA1v(R)', 'AVLP(R)', 'INP', 'LH(R)', 'SCL(R)', 'SLP(R)', 'SNP(R)', 'VLNP(R)']"
947513805,M_vPNml62_R,M_vPNml62,105,311,1024,311,73,231092492,Traced,False,Roughly traced,AVM04,,,"{'INP': {'pre': 8, 'post': 6, 'downstream': 78, 'upstream': 6, 'mito': 2, 'dark': 2}, 'SCL(R)': {'pre': 8, 'post': 6, 'downstream': 78, 'upstream': 6, 'mito': 2, 'dark': 2}, 'LH(R)': {'pre': 87, 'post': 29, 'downstream': 905, 'upstream': 29, 'mito': 24, 'dark': 24}, 'VLNP(R)': {'post': 2, 'upstream': 2, 'mito': 1, 'dark': 1}, 'PLP(R)': {'post': 2, 'upstream': 2}, 'AL(R)': {'pre': 10, 'post': 274, 'downstream': 41, 'upstream': 274, 'mito': 34, 'dark': 21, 'light': 4, 'medium': 9}, 'AL-VP4(R)': {'post': 1, 'upstream': 1}, 'AL-VP1l(R)': {'post': 7, 'upstream': 7, 'mito': 1, 'dark': 1}, 'AL-VP1d(R)': {'pre': 1, 'post': 46, 'downstream': 4, 'upstream': 46, 'mito': 6, 'dark': 4, 'light': 1, 'medium': 1}, 'AL-VC5(R)': {'pre': 3, 'post': 22, 'downstream': 13, 'upstream': 22, 'mito': 2, 'light': 1, 'medium': 1}, 'AL-VP1m(R)': {'post': 115, 'upstream': 115, 'mito': 13, 'dark': 9, 'medium': 4}, 'AL-VP3(R)': {'pre': 1, 'post': 7, 'downstream': 4, 'upstream': 7, 'mito': 1, 'dark': 1}, 'AL-VP5(R)': {'pre': 2, 'post': 55, 'downstream': 11, 'upstream': 55, 'mito': 7, 'dark': 4, 'light': 1, 'medium': 2}, 'AL-VP2(R)': {'pre': 1, 'post': 8, 'downstream': 4, 'upstream': 8, 'mito': 3, 'dark': 2, 'medium': 1}, 'AL-VC3l(R)': {'pre': 1, 'downstream': 4}, 'AL-VC2(R)': {'pre': 1, 'post': 8, 'downstream': 1, 'upstream': 8, 'mito': 1, 'light': 1}}",VP1m+VP1d vPN (Marin et al. Curr Biol 2020),"['AL(R)', 'AL-VC2(R)', 'AL-VC5(R)', 'AL-VP1d(R)', 'AL-VP1l(R)', 'AL-VP1m(R)', 'AL-VP2(R)', 'AL-VP3(R)', 'AL-VP4(R)', 'AL-VP5(R)', 'INP', 'LH(R)', 'PLP(R)', 'SCL(R)', 'VLNP(R)']","['AL(R)', 'AL-VC2(R)', 'AL-VC3l(R)', 'AL-VC5(R)', 'AL-VP1d(R)', 'AL-VP2(R)', 'AL-VP3(R)', 'AL-VP5(R)', 'INP', 'LH(R)', 'SCL(R)']"
948834414,VL2a_vPN_R,VL2a_vPN,169,775,1837,775,153,398845057,Traced,False,Roughly traced,AVM04,,,"{'LH(R)': {'pre': 168, 'post': 57, 'downstream': 1834, 'upstream': 57, 'mito': 50, 'dark': 45, 'light': 2, 'medium': 3}, 'VLNP(R)': {'post': 1, 'upstream': 1}, 'PLP(R)': {'post': 1, 'upstream': 1}, 'AL(R)': {'pre': 1, 'post': 714, 'downstream': 3, 'upstream': 714, 'mito': 73, 'dark': 73}, 'AL-VL2a(R)': {'pre': 1, 'post': 683, 'downstream': 3, 'upstream': 683, 'mito': 63, 'dark': 63}, 'AL-VL2p(R)': {'post': 21, 'upstream': 21, 'mito': 3, 'dark': 3}, 'AL-VA1v(R)': {'post': 1, 'upstream': 1}}",,"['AL(R)', 'AL-VA1v(R)', 'AL-VL2a(R)', 'AL-VL2p(R)', 'LH(R)', 'PLP(R)', 'VLNP(R)']","['AL(R)', 'AL-VL2a(R)', 'LH(R)']"
975457916,M_vPNml60_R,M_vPNml60,151,298,1477,298,108,242629315,Traced,False,Roughly traced,AVM04,,,"{'LH(R)': {'pre': 127, 'post': 22, 'downstream': 1378, 'upstream': 22, 'mito': 24, 'dark': 22, 'medium': 2}, 'LX(R)': {'pre': 3, 'post': 39, 'downstream': 15, 'upstream': 39, 'mito': 11, 'dark': 11}, 'LAL(R)': {'pre': 3, 'post': 39, 'downstream': 15, 'upstream': 39, 'mito': 11, 'dark': 11}, 'LAL(-GA)(R)': {'pre': 3, 'post': 39, 'downstream': 15, 'upstream': 39, 'mito': 11, 'dark': 11}, 'AL(R)': {'pre': 21, 'post': 234, 'downstream': 84, 'upstream': 234, 'mito': 54, 'dark': 50, 'light': 1, 'medium': 3}, 'AL-DA2(R)': {'post': 6, 'upstream': 6, 'mito': 1, 'dark': 1}, 'AL-VP1d(R)': {'pre': 5, 'post': 139, 'downstream': 22, 'upstream': 139, 'mito': 30, 'dark': 29, 'medium': 1}, 'AL-DC1(R)': {'post': 7, 'upstream': 7, 'mito': 1, 'dark': 1}, 'AL-VA6(R)': {'post': 1, 'upstream': 1}, 'AL-DC2(R)': {'pre': 1, 'post': 5, 'downstream': 4, 'upstream': 5, 'mito': 1, 'dark': 1}, 'AL-VP4(R)': {'pre': 9, 'post': 21, 'downstream': 34, 'upstream': 21, 'mito': 9, 'dark': 6, 'light': 1, 'medium': 2}, 'AL-DP1l(R)': {'pre': 1, 'post': 2, 'downstream': 5, 'upstream': 2, 'mito': 1, 'dark': 1}, 'AL-VP1m(R)': {'post': 16, 'upstream': 16, 'mito': 2, 'dark': 2}, 'AL-VP1l(R)': {'pre': 1, 'post': 10, 'downstream': 3, 'upstream': 10, 'mito': 2, 'dark': 2}, 'AL-VP2(R)': {'post': 1, 'upstream': 1}, 'AL-VC5(R)': {'pre': 1, 'post': 5, 'downstream': 4, 'upstream': 5, 'mito': 2, 'dark': 2}, 'AL-VL2p(R)': {'post': 3, 'upstream': 3}, 'AL-VC1(R)': {'pre': 1, 'downstream': 5, 'mito': 1, 'dark': 1}, 'AL-VL1(R)': {'pre': 1, 'post': 6, 'downstream': 5, 'upstream': 6}, 'AL-VP5(R)': {'post': 5, 'upstream': 5, 'mito': 1, 'dark': 1}, 'PENP': {'post': 1, 'upstream': 1}, 'SAD': {'post': 1, 'upstream': 1}, 'AMMC': {'post': 1, 'upstream': 1}}",VP1d++ vPN (Marin et al. Curr Biol 2020),"['AL(R)', 'AL-DA2(R)', 'AL-DC1(R)', 'AL-DC2(R)', 'AL-DP1l(R)', 'AL-VA6(R)', 'AL-VC5(R)', 'AL-VL1(R)', 'AL-VL2p(R)', 'AL-VP1d(R)', 'AL-VP1l(R)', 'AL-VP1m(R)', 'AL-VP2(R)', 'AL-VP4(R)', 'AL-VP5(R)', 'AMMC', 'LAL(-GA)(R)', 'LAL(R)', 'LH(R)', 'LX(R)', 'PENP', 'SAD']","['AL(R)', 'AL-DC2(R)', 'AL-DP1l(R)', 'AL-VC1(R)', 'AL-VC5(R)', 'AL-VL1(R)', 'AL-VP1d(R)', 'AL-VP1l(R)', 'AL-VP4(R)', 'LAL(-GA)(R)', 'LAL(R)', 'LH(R)', 'LX(R)']"
976830572,M_vPNml60_R,M_vPNml60,155,399,1676,399,128,274464747,Traced,False,Roughly traced,AVM04,,,"{'LH(R)': {'pre': 133, 'post': 25, 'downstream': 1578, 'upstream': 25, 'mito': 28, 'dark': 21, 'medium': 7}, 'INP': {'pre': 1, 'post': 1, 'downstream': 11, 'upstream': 1, 'mito': 3, 'dark': 3}, 'SCL(R)': {'pre': 1, 'post': 1, 'downstream': 11, 'upstream': 1, 'mito': 3, 'dark': 3}, 'VLNP(R)': {'pre': 1, 'post': 1, 'downstream': 13, 'upstream': 1}, 'AVLP(R)': {'pre': 1, 'post': 1, 'downstream': 13, 'upstream': 1}, 'mALT(R)': {'post': 1, 'upstream': 1, 'mito': 2, 'dark': 2}, 'AL(R)': {'pre': 20, 'post': 368, 'downstream': 74, 'upstream': 368, 'mito': 77, 'dark': 72, 'light': 1, 'medium': 4}, 'AL-DM4(R)': {'post': 14, 'upstream': 14, 'mito': 4, 'dark': 4}, 'AL-DP1m(R)': {'post': 9, 'upstream': 9, 'mito': 4, 'dark': 4}, 'AL-DC4(R)': {'post': 5, 'upstream': 5, 'mito': 1, 'dark': 1}, 'AL-VP1d(R)': {'pre': 3, 'post': 205, 'downstream': 13, 'upstream': 205, 'mito': 37, 'dark': 37}, 'AL-DL2v(R)': {'pre': 1, 'post': 2, 'downstream': 3, 'upstream': 2, 'mito': 1, 'dark': 1}, 'AL-VP4(R)': {'pre': 1, 'post': 12, 'downstream': 2, 'upstream': 12, 'mito': 5, 'dark': 4, 'light': 1}, 'AL-DP1l(R)': {'pre': 1, 'post': 10, 'downstream': 5, 'upstream': 10, 'mito': 2, 'dark': 1, 'medium': 1}, 'AL-VP1m(R)': {'post': 27, 'upstream': 27, 'mito': 3, 'dark': 3}, 'AL-VC5(R)': {'pre': 2, 'post': 13, 'downstream': 6, 'upstream': 13, 'mito': 3, 'dark': 2, 'medium': 1}, 'AL-VL2p(R)': {'pre': 2, 'post': 19, 'downstream': 10, 'upstream': 19, 'mito': 1, 'dark': 1}, 'AL-VP1l(R)': {'pre': 1, 'post': 20, 'downstream': 3, 'upstream': 20, 'mito': 7, 'dark': 7}, 'AL-VC3l(R)': {'pre': 1, 'post': 1, 'downstream': 2, 'upstream': 1, 'mito': 1, 'dark': 1}, 'AL-VP2(R)': {'pre': 2, 'post': 4, 'downstream': 6, 'upstream': 4, 'mito': 1, 'dark': 1}, 'AL-VL1(R)': {'pre': 1, 'post': 5, 'downstream': 3, 'upstream': 5}, 'AL-VC2(R)': {'pre': 1, 'post': 3, 'downstream': 4, 'upstream': 3, 'mito': 2, 'dark': 2}}",VP1d++ vPN (Marin et al. Curr Biol 2020),"['AL(R)', 'AL-DC4(R)', 'AL-DL2v(R)', 'AL-DM4(R)', 'AL-DP1l(R)', 'AL-DP1m(R)', 'AL-VC2(R)', 'AL-VC3l(R)', 'AL-VC5(R)', 'AL-VL1(R)', 'AL-VL2p(R)', 'AL-VP1d(R)', 'AL-VP1l(R)', 'AL-VP1m(R)', 'AL-VP2(R)', 'AL-VP4(R)', 'AVLP(R)', 'INP', 'LH(R)', 'SCL(R)', 'VLNP(R)', 'mALT(R)']","['AL(R)', 'AL-DL2v(R)', 'AL-DP1l(R)', 'AL-VC2(R)', 'AL-VC3l(R)', 'AL-VC5(R)', 'AL-VL1(R)', 'AL-VL2p(R)', 'AL-VP1d(R)', 'AL-VP1l(R)', 'AL-VP2(R)', 'AL-VP4(R)', 'AVLP(R)', 'INP', 'LH(R)', 'SCL(R)', 'VLNP(R)']"
977866721,M_vPNml65_R,M_vPNml65,234,594,1854,594,204,506915032,Traced,False,Roughly traced,AVM04,,,"{'INP': {'pre': 6, 'post': 2, 'downstream': 59, 'upstream': 2, 'mito': 1, 'dark': 1}, 'SCL(R)': {'pre': 6, 'post': 2, 'downstream': 59, 'upstream': 2, 'mito': 1, 'dark': 1}, 'LH(R)': {'pre': 137, 'post': 103, 'downstream': 1106, 'upstream': 103, 'mito': 44, 'dark': 43, 'light': 1}, 'VLNP(R)': {'pre': 54, 'post': 24, 'downstream': 496, 'upstream': 24, 'mito': 23, 'dark': 23}, 'PLP(R)': {'pre': 21, 'post': 15, 'downstream': 204, 'upstream': 15, 'mito': 15, 'dark': 15}, 'AVLP(R)': {'pre': 33, 'post': 9, 'downstream': 292, 'upstream': 9, 'mito': 8, 'dark': 8}, 'AL(R)': {'pre': 37, 'post': 464, 'downstream': 193, 'upstream': 464, 'mito': 107, 'dark': 107}, 'AL-DL2d(R)': {'pre': 2, 'post': 50, 'downstream': 12, 'upstream': 50, 'mito': 5, 'dark': 5}, 'AL-DA1(R)': {'pre': 4, 'post': 1, 'downstream': 15, 'upstream': 1, 'mito': 1, 'dark': 1}, 'AL-DP1l(R)': {'pre': 3, 'post': 25, 'downstream': 13, 'upstream': 25, 'mito': 6, 'dark': 6}, 'AL-DC3(R)': {'post': 10, 'upstream': 10, 'mito': 1, 'dark': 1}, 'AL-VP1d(R)': {'post': 1, 'upstream': 1, 'mito': 1, 'dark': 1}, 'AL-VL2a(R)': {'pre': 1, 'post': 97, 'downstream': 4, 'upstream': 97, 'mito': 17, 'dark': 17}, 'AL-VL2p(R)': {'pre': 14, 'post': 121, 'downstream': 79, 'upstream': 121, 'mito': 37, 'dark': 37}, 'AL-VP4(R)': {'pre': 1, 'post': 1, 'downstream': 5, 'upstream': 1, 'mito': 2, 'dark': 2}, 'AL-VA1v(R)': {'pre': 1, 'post': 13, 'downstream': 8, 'upstream': 13, 'mito': 5, 'dark': 5}, 'AL-DL2v(R)': {'post': 1, 'upstream': 1}, 'AL-VA6(R)': {'post': 4, 'upstream': 4}, 'AL-VA7l(R)': {'post': 19, 'upstream': 19, 'mito': 3, 'dark': 3}, 'AL-VC2(R)': {'pre': 1, 'post': 23, 'downstream': 5, 'upstream': 23, 'mito': 3, 'dark': 3}, 'AL-VA5(R)': {'pre': 1, 'post': 12, 'downstream': 5, 'upstream': 12, 'mito': 4, 'dark': 4}, 'AL-VL1(R)': {'pre': 4, 'post': 28, 'downstream': 22, 'upstream': 28, 'mito': 7, 'dark': 7}, 'AL-VA3(R)': {'pre': 3, 'post': 18, 'downstream': 15, 'upstream': 18, 'mito': 3, 'dark': 3}, 'AL-VA4(R)': {'post': 18, 'upstream': 18, 'mito': 3, 'dark': 3}}",,"['AL(R)', 'AL-DA1(R)', 'AL-DC3(R)', 'AL-DL2d(R)', 'AL-DL2v(R)', 'AL-DP1l(R)', 'AL-VA1v(R)', 'AL-VA3(R)', 'AL-VA4(R)', 'AL-VA5(R)', 'AL-VA6(R)', 'AL-VA7l(R)', 'AL-VC2(R)', 'AL-VL1(R)', 'AL-VL2a(R)', 'AL-VL2p(R)', 'AL-VP1d(R)', 'AL-VP4(R)', 'AVLP(R)', 'INP', 'LH(R)', 'PLP(R)', 'SCL(R)', 'VLNP(R)']","['AL(R)', 'AL-DA1(R)', 'AL-DL2d(R)', 'AL-DP1l(R)', 'AL-VA1v(R)', 'AL-VA3(R)', 'AL-VA5(R)', 'AL-VC2(R)', 'AL-VL1(R)', 'AL-VL2a(R)', 'AL-VL2p(R)', 'AL-VP4(R)', 'AVLP(R)', 'INP', 'LH(R)', 'PLP(R)', 'SCL(R)', 'VLNP(R)']"
1006258344,VM5d_adPN_R,VM5d_adPN,538,1848,4057,1848,216,859941054,Traced,False,Roughly traced,AVM01,,,"{'LH(R)': {'pre': 162, 'post': 105, 'downstream': 1341, 'upstream': 105, 'mito': 35, 'dark': 25, 'light': 3, 'medium': 7}, 'MB(R)': {'pre': 168, 'post': 81, 'downstream': 1573, 'upstream': 81, 'mito': 12, 'dark': 12}, 'CA(R)': {'pre': 168, 'post': 81, 'downstream': 1573, 'upstream': 81, 'mito': 12, 'dark': 12}, 'MB(+ACA)(R)': {'pre': 168, 'post': 81, 'downstream': 1573, 'upstream': 81, 'mito': 12, 'dark': 12}, 'mALT(R)': {'pre': 5, 'post': 21, 'downstream': 30, 'upstream': 21, 'mito': 39, 'dark': 36, 'light': 2, 'medium': 1}, 'AL(R)': {'pre': 203, 'post': 1639, 'downstream': 1113, 'upstream': 1639, 'mito': 117, 'dark': 108, 'light': 1, 'medium': 8}, 'AL-VM5d(R)': {'pre': 164, 'post': 1435, 'downstream': 890, 'upstream': 1435, 'mito': 88, 'dark': 80, 'light': 1, 'medium': 7}, 'AL-VM7v(R)': {'pre': 2, 'post': 51, 'downstream': 7, 'upstream': 51, 'mito': 10, 'dark': 10}, 'AL-DM5(R)': {'pre': 2, 'post': 9, 'downstream': 11, 'upstream': 9}, 'AL-DC2(R)': {'pre': 8, 'post': 42, 'downstream': 47, 'upstream': 42, 'mito': 5, 'dark': 5}, 'AL-VM7d(R)': {'post': 4, 'upstream': 4}, 'AL-VM5v(R)': {'pre': 25, 'post': 79, 'downstream': 148, 'upstream': 79, 'mito': 11, 'dark': 10, 'medium': 1}, 'AL-VC4(R)': {'pre': 2, 'post': 19, 'downstream': 10, 'upstream': 19, 'mito': 1, 'dark': 1}}",,"['AL(R)', 'AL-DC2(R)', 'AL-DM5(R)', 'AL-VC4(R)', 'AL-VM5d(R)', 'AL-VM5v(R)', 'AL-VM7d(R)', 'AL-VM7v(R)', 'CA(R)', 'LH(R)', 'MB(+ACA)(R)', 'MB(R)', 'mALT(R)']","['AL(R)', 'AL-DC2(R)', 'AL-DM5(R)', 'AL-VC4(R)', 'AL-VM5d(R)', 'AL-VM5v(R)', 'AL-VM7v(R)', 'CA(R)', 'LH(R)', 'MB(+ACA)(R)', 'MB(R)', 'mALT(R)']"
1037293275,M_l2PNm16_R,M_l2PNm16,1122,3207,9094,3207,594,1908079669,Traced,False,Roughly traced,AVM03,,,"{'MB(R)': {'pre': 40, 'post': 18, 'downstream': 441, 'upstream': 18, 'mito': 9, 'dark': 9}, 'CA(R)': {'pre': 40, 'post': 18, 'downstream': 441, 'upstream': 18, 'mito': 9, 'dark': 9}, 'MB(+ACA)(R)': {'pre': 42, 'post': 19, 'downstream': 460, 'upstream': 19, 'mito': 9, 'dark': 9}, 'SNP(R)': {'pre': 24, 'post': 13, 'downstream': 229, 'upstream': 13, 'mito': 4, 'dark': 4}, 'SLP(R)': {'pre': 12, 'post': 8, 'downstream': 123, 'upstream': 8, 'mito': 1, 'dark': 1}, 'dACA(R)': {'pre': 2, 'post': 1, 'downstream': 19, 'upstream': 1}, 'SMP(R)': {'pre': 12, 'post': 5, 'downstream': 106, 'upstream': 5, 'mito': 3, 'dark': 3}, 'mALT(R)': {'pre': 4, 'post': 13, 'downstream': 9, 'upstream': 13, 'mito': 30, 'dark': 29, 'medium': 1}, 'INP': {'pre': 101, 'post': 45, 'downstream': 984, 'upstream': 45, 'mito': 27, 'dark': 26, 'medium': 1}, 'SCL(R)': {'pre': 101, 'post': 45, 'downstream': 984, 'upstream': 45, 'mito': 27, 'dark': 26, 'medium': 1}, 'VLNP(R)': {'pre': 524, 'post': 219, 'downstream': 4991, 'upstream': 219, 'mito': 106, 'dark': 82, 'light': 1, 'medium': 23}, 'PLP(R)': {'pre': 524, 'post': 219, 'downstream': 4991, 'upstream': 219, 'mito': 106, 'dark': 82, 'light': 1, 'medium': 23}, 'LH(R)': {'pre': 27, 'post': 11, 'downstream': 296, 'upstream': 11, 'mito': 5, 'dark': 5}, 'AL(R)': {'pre': 382, 'post': 2723, 'downstream': 2034, 'upstream': 2723, 'mito': 379, 'dark': 372, 'light': 1, 'medium': 6}, 'AL-DA1(R)': {'pre': 3, 'post': 26, 'downstream': 15, 'upstream': 26, 'mito': 3, 'dark': 3}, 'AL-DC1(R)': {'pre': 1, 'post': 13, 'downstream': 3, 'upstream': 13, 'mito': 5, 'dark': 5}, 'AL-DM4(R)': {'post': 18, 'upstream': 18, 'mito': 3, 'dark': 3}, 'AL-DC3(R)': {'pre': 5, 'post': 37, 'downstream': 26, 'upstream': 37, 'mito': 10, 'dark': 10}, 'AL-VP1d(R)': {'pre': 15, 'post': 233, 'downstream': 87, 'upstream': 233, 'mito': 17, 'dark': 17}, 'AL-VA1d(R)': {'pre': 20, 'post': 60, 'downstream': 96, 'upstream': 60, 'mito': 10, 'dark': 10}, 'AL-VP4(R)': {'pre': 13, 'post': 103, 'downstream': 80, 'upstream': 103, 'mito': 21, 'dark': 21}, 'AL-VA6(R)': {'pre': 3, 'post': 83, 'downstream': 11, 'upstream': 83, 'mito': 7, 'dark': 7}, 'AL-DP1l(R)': {'post': 4, 'upstream': 4, 'mito': 2, 'dark': 2}, 'AL-VL2p(R)': {'pre': 15, 'post': 136, 'downstream': 67, 'upstream': 136, 'mito': 21, 'dark': 21}, 'AL-VA1v(R)': {'pre': 32, 'post': 157, 'downstream': 154, 'upstream': 157, 'mito': 29, 'dark': 29}, 'AL-VP2(R)': {'pre': 55, 'post': 262, 'downstream': 323, 'upstream': 262, 'mito': 49, 'dark': 48, 'medium': 1}, 'AL-DC2(R)': {'post': 6, 'upstream': 6}, 'AL-VC5(R)': {'pre': 32, 'post': 236, 'downstream': 164, 'upstream': 236, 'mito': 32, 'dark': 30, 'medium': 2}, 'AL-VL2a(R)': {'pre': 11, 'post': 82, 'downstream': 53, 'upstream': 82, 'mito': 14, 'dark': 14}, 'AL-VC1(R)': {'pre': 1, 'post': 85, 'downstream': 5, 'upstream': 85, 'mito': 4, 'dark': 4}, 'AL-VP1m(R)': {'pre': 7, 'post': 146, 'downstream': 35, 'upstream': 146, 'mito': 16, 'dark': 15, 'medium': 1}, 'AL-VP3(R)': {'pre': 37, 'post': 195, 'downstream': 205, 'upstream': 195, 'mito': 22, 'dark': 22}, 'AL-VC2(R)': {'pre': 6, 'post': 54, 'downstream': 31, 'upstream': 54, 'mito': 5, 'dark': 5}, 'AL-VP1l(R)': {'pre': 6, 'post': 67, 'downstream': 23, 'upstream': 67, 'mito': 8, 'dark': 8}, 'AL-VA7l(R)': {'post': 10, 'upstream': 10}, 'VMNP': {'pre': 15, 'post': 133, 'downstream': 72, 'upstream': 133, 'mito': 17, 'dark': 17}, 'VES(R)': {'pre': 15, 'post': 133, 'downstream': 72, 'upstream': 133, 'mito': 17, 'dark': 17}, 'AL-VA7m(R)': {'post': 31, 'upstream': 31, 'mito': 2, 'dark': 2}, 'AL-VC3l(R)': {'pre': 4, 'post': 18, 'downstream': 23, 'upstream': 18, 'mito': 3, 'dark': 3}, 'AL-VP5(R)': {'pre': 23, 'post': 111, 'downstream': 124, 'upstream': 111, 'mito': 10, 'dark': 10}, 'AL-VA5(R)': {'pre': 2, 'post': 36, 'downstream': 7, 'upstream': 36, 'mito': 9, 'dark': 9}, 'AL-VL1(R)': {'pre': 31, 'post': 118, 'downstream': 160, 'upstream': 118, 'mito': 29, 'dark': 27, 'light': 1, 'medium': 1}, 'AL-VM4(R)': {'post': 5, 'upstream': 5}, 'AL-VM1(R)': {'pre': 2, 'post': 29, 'downstream': 10, 'upstream': 29, 'mito': 2, 'dark': 2}, 'PENP': {'pre': 5, 'post': 30, 'downstream': 38, 'upstream': 30, 'mito': 4, 'dark': 4}, 'FLA(R)': {'pre': 5, 'post': 2, 'downstream': 38, 'upstream': 2, 'mito': 1, 'dark': 1}, 'AL-V(R)': {'pre': 1, 'post': 25, 'downstream': 11, 'upstream': 25, 'mito': 3, 'dark': 3}, 'SAD': {'post': 28, 'upstream': 28, 'mito': 3, 'dark': 3}, 'SAD(-AMMC)': {'post': 28, 'upstream': 28, 'mito': 2, 'dark': 2}}",VM1++ l2PN (Marin et al. Curr Biol 2020),"['AL(R)', 'AL-DA1(R)', 'AL-DC1(R)', 'AL-DC2(R)', 'AL-DC3(R)', 'AL-DM4(R)', 'AL-DP1l(R)', 'AL-V(R)', 'AL-VA1d(R)', 'AL-VA1v(R)', 'AL-VA5(R)', 'AL-VA6(R)', 'AL-VA7l(R)', 'AL-VA7m(R)', 'AL-VC1(R)', 'AL-VC2(R)', 'AL-VC3l(R)', 'AL-VC5(R)', 'AL-VL1(R)', 'AL-VL2a(R)', 'AL-VL2p(R)', 'AL-VM1(R)', 'AL-VM4(R)', 'AL-VP1d(R)', 'AL-VP1l(R)', 'AL-VP1m(R)', 'AL-VP2(R)', 'AL-VP3(R)', 'AL-VP4(R)', 'AL-VP5(R)', 'CA(R)', 'FLA(R)', 'INP', 'LH(R)', 'MB(+ACA)(R)', 'MB(R)', 'PENP', 'PLP(R)', 'SAD', 'SAD(-AMMC)', 'SCL(R)', 'SLP(R)', 'SMP(R)', 'SNP(R)', 'VES(R)', 'VLNP(R)', 'VMNP', 'dACA(R)', 'mALT(R)']","['AL(R)', 'AL-DA1(R)', 'AL-DC1(R)', 'AL-DC3(R)', 'AL-V(R)', 'AL-VA1d(R)', 'AL-VA1v(R)', 'AL-VA5(R)', 'AL-VA6(R)', 'AL-VC1(R)', 'AL-VC2(R)', 'AL-VC3l(R)', 'AL-VC5(R)', 'AL-VL1(R)', 'AL-VL2a(R)', 'AL-VL2p(R)', 'AL-VM1(R)', 'AL-VP1d(R)', 'AL-VP1l(R)', 'AL-VP1m(R)', 'AL-VP2(R)', 'AL-VP3(R)', 'AL-VP4(R)', 'AL-VP5(R)', 'CA(R)', 'FLA(R)', 'INP', 'LH(R)', 'MB(+ACA)(R)', 'MB(R)', 'PENP', 'PLP(R)', 'SCL(R)', 'SLP(R)', 'SMP(R)', 'SNP(R)', 'VES(R)', 'VLNP(R)', 'VMNP', 'dACA(R)', 'mALT(R)']"
1037518512,M_vPNml67_R,M_vPNml67,136,487,1503,487,117,311299262,Traced,False,Roughly traced,AVM04,,,"{'LH(R)': {'pre': 131, 'post': 62, 'downstream': 1454, 'upstream': 62, 'mito': 41, 'dark': 31, 'light': 1, 'medium': 9}, 'VLNP(R)': {'pre': 4, 'post': 1, 'downstream': 44, 'upstream': 1, 'mito': 1, 'light': 1}, 'AVLP(R)': {'pre': 4, 'post': 1, 'downstream': 44, 'upstream': 1, 'mito': 1, 'light': 1}, 'AL(R)': {'pre': 1, 'post': 424, 'downstream': 5, 'upstream': 424, 'mito': 50, 'dark': 48, 'light': 1, 'medium': 1}, 'AL-DC3(R)': {'post': 212, 'upstream': 212, 'mito': 23, 'dark': 21, 'light': 1, 'medium': 1}, 'AL-VA6(R)': {'pre': 1, 'post': 73, 'downstream': 5, 'upstream': 73, 'mito': 9, 'dark': 9}, 'AL-DC2(R)': {'post': 22, 'upstream': 22, 'mito': 2, 'dark': 2}, 'AL-VM5v(R)': {'post': 2, 'upstream': 2}, 'AL-VC1(R)': {'post': 54, 'upstream': 54, 'mito': 8, 'dark': 8}, 'AL-VC2(R)': {'post': 50, 'upstream': 50, 'mito': 2, 'dark': 2}}",,"['AL(R)', 'AL-DC2(R)', 'AL-DC3(R)', 'AL-VA6(R)', 'AL-VC1(R)', 'AL-VC2(R)', 'AL-VM5v(R)', 'AVLP(R)', 'LH(R)', 'VLNP(R)']","['AL(R)', 'AL-VA6(R)', 'AVLP(R)', 'LH(R)', 'VLNP(R)']"
1039237469,M_vPNml61_R,M_vPNml61,146,380,1842,380,104,259513076,Traced,False,Roughly traced,AVM04,,,"{'LH(R)': {'pre': 132, 'post': 54, 'downstream': 1799, 'upstream': 54, 'mito': 35, 'dark': 33, 'medium': 2}, 'AL(R)': {'pre': 12, 'post': 326, 'downstream': 38, 'upstream': 326, 'mito': 51, 'dark': 38, 'light': 3, 'medium': 10}, 'AL-DL2v(R)': {'post': 2, 'upstream': 2}, 'AL-VP1d(R)': {'post': 132, 'upstream': 132, 'mito': 20, 'dark': 19, 'light': 1}, 'AL-VP1l(R)': {'post': 7, 'upstream': 7}, 'AL-VP1m(R)': {'pre': 2, 'post': 69, 'downstream': 5, 'upstream': 69, 'mito': 8, 'dark': 7, 'medium': 1}, 'AL-VC5(R)': {'pre': 7, 'post': 75, 'downstream': 22, 'upstream': 75, 'mito': 15, 'dark': 9, 'light': 1, 'medium': 5}, 'AL-VP2(R)': {'pre': 1, 'post': 22, 'downstream': 4, 'upstream': 22, 'mito': 4, 'dark': 1, 'light': 1, 'medium': 2}, 'AL-VC2(R)': {'post': 4, 'upstream': 4, 'mito': 1, 'dark': 1}, 'AL-VL1(R)': {'pre': 1, 'downstream': 4}, 'PENP': {'pre': 2, 'downstream': 5}, 'SAD': {'pre': 2, 'downstream': 5}, 'AMMC': {'pre': 2, 'downstream': 5}}",VP1d+VP1l vPN (Marin et al. Curr Biol 2020),"['AL(R)', 'AL-DL2v(R)', 'AL-VC2(R)', 'AL-VC5(R)', 'AL-VP1d(R)', 'AL-VP1l(R)', 'AL-VP1m(R)', 'AL-VP2(R)', 'LH(R)']","['AL(R)', 'AL-VC5(R)', 'AL-VL1(R)', 'AL-VP1m(R)', 'AL-VP2(R)', 'AMMC', 'LH(R)', 'PENP', 'SAD']"
1069929827,M_vPNml57_R,M_vPNml57,180,235,1879,235,133,426671218,Traced,False,Roughly traced,AVM04,331.0,"[19787, 35321, 35400]","{'LH(R)': {'pre': 177, 'post': 28, 'downstream': 1846, 'upstream': 28, 'mito': 60, 'dark': 51, 'light': 1, 'medium': 8}, 'SNP(R)': {'pre': 3, 'downstream': 33, 'mito': 1, 'medium': 1}, 'SLP(R)': {'pre': 3, 'downstream': 33, 'mito': 1, 'medium': 1}, 'AL(R)': {'post': 206, 'upstream': 206, 'mito': 49, 'dark': 44, 'medium': 5}, 'AL-DM1(R)': {'post': 48, 'upstream': 48, 'mito': 6, 'dark': 5, 'medium': 1}, 'AL-DP1m(R)': {'post': 38, 'upstream': 38, 'mito': 14, 'dark': 11, 'medium': 3}, 'AL-DM4(R)': {'post': 68, 'upstream': 68, 'mito': 11, 'dark': 11}, 'AL-DL2v(R)': {'post': 4, 'upstream': 4, 'mito': 1, 'dark': 1}, 'AL-DL2d(R)': {'post': 25, 'upstream': 25, 'mito': 7, 'dark': 7}, 'AL-DP1l(R)': {'post': 16, 'upstream': 16, 'mito': 6, 'dark': 5, 'medium': 1}, 'AL-VL2a(R)': {'post': 4, 'upstream': 4}, 'AL-VP1d(R)': {'post': 3, 'upstream': 3, 'mito': 2, 'dark': 2}}",,"['AL(R)', 'AL-DL2d(R)', 'AL-DL2v(R)', 'AL-DM1(R)', 'AL-DM4(R)', 'AL-DP1l(R)', 'AL-DP1m(R)', 'AL-VL2a(R)', 'AL-VP1d(R)', 'LH(R)']","['LH(R)', 'SLP(R)', 'SNP(R)']"
1070613107,M_vPNml61_R,M_vPNml61,116,341,1242,341,93,305293744,Traced,False,Roughly traced,AVM04,396.5,"[17862, 34742, 36528]","{'LH(R)': {'pre': 101, 'post': 27, 'downstream': 1182, 'upstream': 27, 'mito': 21, 'dark': 21}, 'VLNP(R)': {'post': 1, 'upstream': 1, 'mito': 1, 'dark': 1}, 'PLP(R)': {'post': 1, 'upstream': 1}, 'LX(R)': {'pre': 1, 'downstream': 2, 'mito': 3, 'dark': 1, 'light': 1, 'medium': 1}, 'LAL(R)': {'pre': 1, 'downstream': 2, 'mito': 3, 'dark': 1, 'light': 1, 'medium': 1}, 'LAL(-GA)(R)': {'pre': 1, 'downstream': 2, 'mito': 3, 'dark': 1, 'light': 1, 'medium': 1}, 'AL(R)': {'pre': 14, 'post': 311, 'downstream': 58, 'upstream': 311, 'mito': 47, 'dark': 27, 'light': 6, 'medium': 14}, 'AL-VP1d(R)': {'pre': 2, 'post': 135, 'downstream': 12, 'upstream': 135, 'mito': 16, 'dark': 12, 'light': 2, 'medium': 2}, 'AL-VP1l(R)': {'pre': 1, 'post': 13, 'downstream': 2, 'upstream': 13, 'mito': 3, 'dark': 2, 'medium': 1}, 'AL-VC1(R)': {'post': 3, 'upstream': 3}, 'AL-VP2(R)': {'pre': 1, 'post': 3, 'downstream': 4, 'upstream': 3, 'mito': 1, 'dark': 1}, 'AL-VC5(R)': {'pre': 6, 'post': 63, 'downstream': 23, 'upstream': 63, 'mito': 13, 'dark': 4, 'light': 1, 'medium': 8}, 'AL-VP1m(R)': {'pre': 2, 'post': 50, 'downstream': 10, 'upstream': 50, 'mito': 11, 'dark': 6, 'light': 2, 'medium': 3}, 'AL-VP5(R)': {'pre': 2, 'post': 39, 'downstream': 7, 'upstream': 39, 'mito': 3, 'dark': 2, 'light': 1}, 'AL-VP3(R)': {'post': 1, 'upstream': 1}, 'AL-V(R)': {'post': 3, 'upstream': 3}, 'PENP': {'post': 1, 'upstream': 1, 'mito': 2, 'dark': 1, 'medium': 1}, 'SAD': {'post': 1, 'upstream': 1, 'mito': 2, 'dark': 1, 'medium': 1}, 'AMMC': {'post': 1, 'upstream': 1, 'mito': 2, 'dark': 1, 'medium': 1}}",,"['AL(R)', 'AL-V(R)', 'AL-VC1(R)', 'AL-VC5(R)', 'AL-VP1d(R)', 'AL-VP1l(R)', 'AL-VP1m(R)', 'AL-VP2(R)', 'AL-VP3(R)', 'AL-VP5(R)', 'AMMC', 'LH(R)', 'PENP', 'PLP(R)', 'SAD', 'VLNP(R)']","['AL(R)', 'AL-VC5(R)', 'AL-VP1d(R)', 'AL-VP1l(R)', 'AL-VP1m(R)', 'AL-VP2(R)', 'AL-VP5(R)', 'LAL(-GA)(R)', 'LAL(R)', 'LH(R)', 'LX(R)']"
1099911913,M_vPNml64_R,M_vPNml64,269,1476,2176,1476,217,911961096,Traced,False,Roughly traced,AVM04,451.5,"[19358, 34265, 34576]","{'LH(R)': {'pre': 153, 'post': 70, 'downstream': 1405, 'upstream': 70, 'mito': 39, 'dark': 35, 'light': 2, 'medium': 2}, 'VLNP(R)': {'pre': 29, 'post': 13, 'downstream': 288, 'upstream': 13, 'mito': 9, 'dark': 7, 'light': 1, 'medium': 1}, 'PLP(R)': {'pre': 22, 'post': 7, 'downstream': 217, 'upstream': 7, 'mito': 5, 'dark': 3, 'light': 1, 'medium': 1}, 'AVLP(R)': {'pre': 7, 'post': 6, 'downstream': 71, 'upstream': 6, 'mito': 4, 'dark': 4}, 'AL(R)': {'pre': 87, 'post': 1393, 'downstream': 483, 'upstream': 1393, 'mito': 128, 'dark': 121, 'light': 3, 'medium': 4}, 'AL-DC1(R)': {'pre': 2, 'post': 2, 'downstream': 12, 'upstream': 2, 'mito': 1, 'dark': 1}, 'AL-DA1(R)': {'pre': 2, 'post': 8, 'downstream': 10, 'upstream': 8, 'mito': 1, 'dark': 1}, 'AL-DC3(R)': {'pre': 5, 'post': 4, 'downstream': 31, 'upstream': 4, 'mito': 3, 'dark': 3}, 'AL-VA1d(R)': {'pre': 2, 'post': 250, 'downstream': 11, 'upstream': 250, 'mito': 21, 'dark': 20, 'medium': 1}, 'AL-VP1d(R)': {'pre': 2, 'post': 5, 'downstream': 13, 'upstream': 5, 'mito': 2, 'dark': 2}, 'AL-VA1v(R)': {'pre': 5, 'post': 918, 'downstream': 22, 'upstream': 918, 'mito': 50, 'dark': 49, 'medium': 1}, 'AL-VA6(R)': {'pre': 2, 'downstream': 14, 'mito': 4, 'dark': 4}, 'AL-VL2a(R)': {'pre': 16, 'post': 72, 'downstream': 79, 'upstream': 72, 'mito': 14, 'dark': 14}, 'AL-VL2p(R)': {'pre': 12, 'post': 22, 'downstream': 71, 'upstream': 22, 'mito': 6, 'dark': 6}, 'AL-VA7l(R)': {'post': 1, 'upstream': 1}, 'AL-VP3(R)': {'post': 1, 'upstream': 1}, 'AL-VA5(R)': {'post': 5, 'upstream': 5}, 'AL-VL1(R)': {'pre': 23, 'post': 66, 'downstream': 140, 'upstream': 66, 'mito': 13, 'dark': 11, 'light': 1, 'medium': 1}, 'AL-VC5(R)': {'pre': 3, 'post': 11, 'downstream': 21, 'upstream': 11, 'mito': 1, 'light': 1}, 'AL-VC2(R)': {'pre': 2, 'post': 2, 'downstream': 7, 'upstream': 2, 'mito': 1, 'dark': 1}, 'AL-VA4(R)': {'post': 1, 'upstream': 1}}",,"['AL(R)', 'AL-DA1(R)', 'AL-DC1(R)', 'AL-DC3(R)', 'AL-VA1d(R)', 'AL-VA1v(R)', 'AL-VA4(R)', 'AL-VA5(R)', 'AL-VA7l(R)', 'AL-VC2(R)', 'AL-VC5(R)', 'AL-VL1(R)', 'AL-VL2a(R)', 'AL-VL2p(R)', 'AL-VP1d(R)', 'AL-VP3(R)', 'AVLP(R)', 'LH(R)', 'PLP(R)', 'VLNP(R)']","['AL(R)', 'AL-DA1(R)', 'AL-DC1(R)', 'AL-DC3(R)', 'AL-VA1d(R)', 'AL-VA1v(R)', 'AL-VA6(R)', 'AL-VC2(R)', 'AL-VC5(R)', 'AL-VL1(R)', 'AL-VL2a(R)', 'AL-VL2p(R)', 'AL-VP1d(R)', 'AVLP(R)', 'LH(R)', 'PLP(R)', 'VLNP(R)']"
1102334088,M_lv2PN9t49_R,M_lv2PN9t49,758,2166,6719,2166,457,1286597515,Traced,False,Roughly traced,,,,"{'LH(R)': {'pre': 26, 'post': 4, 'downstream': 230, 'upstream': 4, 'mito': 2, 'medium': 2}, 'VLNP(R)': {'pre': 684, 'post': 260, 'downstream': 6090, 'upstream': 260, 'mito': 158, 'dark': 58, 'light': 18, 'medium': 82}, 'PLP(R)': {'pre': 396, 'post': 141, 'downstream': 3622, 'upstream': 141, 'mito': 101, 'dark': 39, 'light': 16, 'medium': 46}, 'AL(R)': {'pre': 4, 'post': 1449, 'downstream': 16, 'upstream': 1449, 'mito': 190, 'dark': 179, 'light': 2, 'medium': 9}, 'AL-DA1(R)': {'post': 94, 'upstream': 94, 'mito': 12, 'dark': 11, 'light': 1}, 'AL-DL1(R)': {'pre': 1, 'downstream': 2, 'mito': 2, 'dark': 2}, 'AL-DC4(R)': {'post': 7, 'upstream': 7, 'mito': 4, 'dark': 4}, 'AL-DC3(R)': {'pre': 1, 'post': 46, 'downstream': 5, 'upstream': 46, 'mito': 2, 'dark': 2}, 'LX(R)': {'pre': 32, 'post': 27, 'downstream': 284, 'upstream': 27, 'mito': 19, 'dark': 13, 'light': 1, 'medium': 5}, 'LAL(R)': {'pre': 32, 'post': 27, 'downstream': 284, 'upstream': 27, 'mito': 19, 'dark': 13, 'light': 1, 'medium': 5}, 'LAL(-GA)(R)': {'pre': 32, 'post': 27, 'downstream': 284, 'upstream': 27, 'mito': 19, 'dark': 13, 'light': 1, 'medium': 5}, 'AL-DC1(R)': {'post': 3, 'upstream': 3, 'mito': 3, 'dark': 3}, 'AL-VP1d(R)': {'post': 183, 'upstream': 183, 'mito': 20, 'dark': 18, 'medium': 2}, 'AL-VA6(R)': {'post': 66, 'upstream': 66, 'mito': 7, 'dark': 7}, 'AL-VP4(R)': {'post': 51, 'upstream': 51, 'mito': 8, 'dark': 8}, 'AL-DM4(R)': {'post': 1, 'upstream': 1, 'mito': 1, 'dark': 1}, 'AL-VA1d(R)': {'post': 13, 'upstream': 13}, 'AL-DP1m(R)': {'post': 1, 'upstream': 1}, 'AL-VP1m(R)': {'post': 82, 'upstream': 82, 'mito': 11, 'dark': 8, 'medium': 3}, 'AL-VA1v(R)': {'post': 25, 'upstream': 25, 'mito': 2, 'dark': 2}, 'AL-VP2(R)': {'post': 115, 'upstream': 115, 'mito': 26, 'dark': 26}, 'AL-DC2(R)': {'post': 2, 'upstream': 2}, 'VMNP': {'pre': 11, 'post': 242, 'downstream': 93, 'upstream': 242, 'mito': 53, 'dark': 48, 'light': 1, 'medium': 4}, 'VES(R)': {'pre': 1, 'post': 242, 'downstream': 4, 'upstream': 242, 'mito': 51, 'dark': 46, 'light': 1, 'medium': 4}, 'AL-VC1(R)': {'post': 37, 'upstream': 37, 'mito': 3, 'dark': 3}, 'AL-VC5(R)': {'post': 66, 'upstream': 66, 'mito': 6, 'dark': 6}, 'AL-VC3l(R)': {'post': 11, 'upstream': 11}, 'SPS(R)': {'pre': 10, 'downstream': 89, 'mito': 2, 'dark': 2}, 'WED(R)': {'pre': 288, 'post': 119, 'downstream': 2468, 'upstream': 119, 'mito': 57, 'dark': 19, 'light': 2, 'medium': 36}, 'AL-VP1l(R)': {'pre': 1, 'post': 17, 'downstream': 3, 'upstream': 17, 'mito': 2, 'dark': 2}, 'AL-VC2(R)': {'post': 48, 'upstream': 48, 'mito': 7, 'dark': 6, 'medium': 1}, 'AL-VL2a(R)': {'post': 9, 'upstream': 9}, 'AL-VA7l(R)': {'post': 12, 'upstream': 12}, 'AL-VP5(R)': {'post': 38, 'upstream': 38, 'mito': 9, 'dark': 8, 'medium': 1}, 'AL-VL2p(R)': {'post': 6, 'upstream': 6, 'mito': 1, 'dark': 1}, 'AL-VL1(R)': {'post': 101, 'upstream': 101, 'mito': 8, 'dark': 7, 'medium': 1}, 'AL-VA5(R)': {'post': 6, 'upstream': 6}, 'AL-VA4(R)': {'post': 16, 'upstream': 16, 'mito': 2, 'dark': 2}, 'AL-V(R)': {'post': 24, 'upstream': 24, 'mito': 2, 'dark': 2}, 'PENP': {'post': 176, 'upstream': 176, 'mito': 20, 'dark': 16, 'medium': 4}, 'SAD': {'post': 176, 'upstream': 176, 'mito': 20, 'dark': 16, 'medium': 4}, 'SAD(-AMMC)': {'post': 176, 'upstream': 176, 'mito': 20, 'dark': 16, 'medium': 4}, 'GNG': {'post': 6, 'upstream': 6, 'mito': 1, 'dark': 1}}",VP2++ lv2PN (Marin et al. Curr Biol 2020),"['AL(R)', 'AL-DA1(R)', 'AL-DC1(R)', 'AL-DC2(R)', 'AL-DC3(R)', 'AL-DC4(R)', 'AL-DM4(R)', 'AL-DP1m(R)', 'AL-V(R)', 'AL-VA1d(R)', 'AL-VA1v(R)', 'AL-VA4(R)', 'AL-VA5(R)', 'AL-VA6(R)', 'AL-VA7l(R)', 'AL-VC1(R)', 'AL-VC2(R)', 'AL-VC3l(R)', 'AL-VC5(R)', 'AL-VL1(R)', 'AL-VL2a(R)', 'AL-VL2p(R)', 'AL-VP1d(R)', 'AL-VP1l(R)', 'AL-VP1m(R)', 'AL-VP2(R)', 'AL-VP4(R)', 'AL-VP5(R)', 'GNG', 'LAL(-GA)(R)', 'LAL(R)', 'LH(R)', 'LX(R)', 'PENP', 'PLP(R)', 'SAD', 'SAD(-AMMC)', 'VES(R)', 'VLNP(R)', 'VMNP', 'WED(R)']","['AL(R)', 'AL-DC3(R)', 'AL-DL1(R)', 'AL-VP1l(R)', 'LAL(-GA)(R)', 'LAL(R)', 'LH(R)', 'LX(R)', 'PLP(R)', 'SPS(R)', 'VES(R)', 'VLNP(R)', 'VMNP', 'WED(R)']"
1225100939,VP2+VC5_l2PN(lALT)_R,VP2+VC5_l2PN,535,726,4412,726,261,1244855529,Traced,False,Roughly traced,AVM03,441.5,"[13288, 33384, 32248]","{'VLNP(R)': {'pre': 423, 'post': 174, 'downstream': 3761, 'upstream': 174, 'mito': 92, 'dark': 89, 'light': 3}, 'PLP(R)': {'pre': 171, 'post': 78, 'downstream': 1470, 'upstream': 78, 'mito': 40, 'dark': 37, 'light': 3}, 'AVLP(R)': {'post': 1, 'upstream': 1, 'mito': 4, 'dark': 4}, 'PVLP(R)': {'post': 2, 'upstream': 2, 'mito': 7, 'dark': 7}, 'AL(R)': {'pre': 96, 'post': 520, 'downstream': 568, 'upstream': 520, 'mito': 92, 'dark': 88, 'light': 1, 'medium': 3}, 'AL-VP2(R)': {'pre': 39, 'post': 162, 'downstream': 210, 'upstream': 162, 'mito': 33, 'dark': 31, 'light': 1, 'medium': 1}, 'AL-VP4(R)': {'pre': 5, 'post': 13, 'downstream': 37, 'upstream': 13, 'mito': 1, 'dark': 1}, 'AL(L)': {'pre': 2, 'post': 19, 'downstream': 11, 'upstream': 19, 'mito': 8, 'dark': 8}, 'AL-VC5(R)': {'pre': 33, 'post': 299, 'downstream': 197, 'upstream': 299, 'mito': 51, 'dark': 50, 'medium': 1}, 'WED(R)': {'pre': 252, 'post': 93, 'downstream': 2291, 'upstream': 93, 'mito': 41, 'dark': 41}, 'AL-VP3(R)': {'pre': 7, 'post': 15, 'downstream': 49, 'upstream': 15, 'mito': 2, 'dark': 1, 'medium': 1}, 'AL-VP5(R)': {'pre': 8, 'post': 18, 'downstream': 48, 'upstream': 18, 'mito': 1, 'dark': 1}, 'PENP': {'post': 2, 'upstream': 2, 'mito': 1, 'dark': 1}, 'FLA(R)': {'post': 1, 'upstream': 1}, 'AL-VP1d(R)': {'post': 2, 'upstream': 2}, 'AL-VP1m(R)': {'pre': 3, 'post': 2, 'downstream': 19, 'upstream': 2}, 'VMNP': {'pre': 9, 'post': 5, 'downstream': 47, 'upstream': 5, 'mito': 7, 'dark': 7}, 'VES(R)': {'pre': 9, 'post': 5, 'downstream': 47, 'upstream': 5, 'mito': 7, 'dark': 7}, 'SAD': {'post': 1, 'upstream': 1, 'mito': 1, 'dark': 1}, 'SAD(-AMMC)': {'post': 1, 'upstream': 1, 'mito': 1, 'dark': 1}}",biPN-3 (Lin et al. PLoS Biol 2012),"['AL(L)', 'AL(R)', 'AL-VC5(R)', 'AL-VP1d(R)', 'AL-VP1m(R)', 'AL-VP2(R)', 'AL-VP3(R)', 'AL-VP4(R)', 'AL-VP5(R)', 'AVLP(R)', 'FLA(R)', 'PENP', 'PLP(R)', 'PVLP(R)', 'SAD', 'SAD(-AMMC)', 'VES(R)', 'VLNP(R)', 'VMNP', 'WED(R)']","['AL(L)', 'AL(R)', 'AL-VC5(R)', 'AL-VP1m(R)', 'AL-VP2(R)', 'AL-VP3(R)', 'AL-VP4(R)', 'AL-VP5(R)', 'PLP(R)', 'VES(R)', 'VLNP(R)', 'VMNP', 'WED(R)']"
1316245799,M_spPN4t9_R,M_spPN4t9,1245,2673,11291,2673,757,3127248565,Traced,False,Roughly traced,PVM01,426.0,"[17418, 11958, 19000]","{'SNP(R)': {'pre': 291, 'post': 145, 'downstream': 3166, 'upstream': 145, 'mito': 89, 'dark': 63, 'light': 16, 'medium': 10}, 'SIP(R)': {'pre': 165, 'post': 73, 'downstream': 1813, 'upstream': 73, 'mito': 62, 'dark': 52, 'light': 5, 'medium': 5}, 'SMP(R)': {'pre': 78, 'post': 54, 'downstream': 852, 'upstream': 54, 'mito': 18, 'dark': 6, 'light': 9, 'medium': 3}, 'SLP(R)': {'pre': 48, 'post': 18, 'downstream': 501, 'upstream': 18, 'mito': 9, 'dark': 5, 'light': 2, 'medium': 2}, 'INP': {'pre': 258, 'post': 111, 'downstream': 2823, 'upstream': 111, 'mito': 121, 'dark': 90, 'light': 22, 'medium': 9}, 'SCL(R)': {'pre': 111, 'post': 53, 'downstream': 1153, 'upstream': 53, 'mito': 59, 'dark': 53, 'light': 2, 'medium': 4}, 'CRE(R)': {'pre': 147, 'post': 53, 'downstream': 1670, 'upstream': 53, 'mito': 44, 'dark': 19, 'light': 20, 'medium': 5}, 'CRE(-ROB,-RUB)(R)': {'pre': 147, 'post': 53, 'downstream': 1670, 'upstream': 53, 'mito': 44, 'dark': 19, 'light': 20, 'medium': 5}, 'LH(R)': {'pre': 233, 'post': 95, 'downstream': 2359, 'upstream': 95, 'mito': 52, 'dark': 37, 'light': 4, 'medium': 11}, 'VLNP(R)': {'pre': 62, 'post': 74, 'downstream': 631, 'upstream': 74, 'mito': 12, 'dark': 11, 'light': 1}, 'AVLP(R)': {'post': 4, 'upstream': 4, 'mito': 3, 'dark': 3}, 'PLP(R)': {'pre': 55, 'post': 34, 'downstream': 589, 'upstream': 34, 'mito': 6, 'dark': 5, 'light': 1}, 'ICL(R)': {'post': 5, 'upstream': 5, 'mito': 18, 'dark': 18}, 'VMNP': {'pre': 37, 'post': 211, 'downstream': 265, 'upstream': 211, 'mito': 25, 'dark': 25}, 'SPS(R)': {'pre': 1, 'post': 1, 'downstream': 1, 'upstream': 1, 'mito': 2, 'dark': 2}, 'mALT(R)': {'pre': 3, 'post': 5, 'downstream': 12, 'upstream': 5, 'mito': 24, 'dark': 24}, 'AL(R)': {'pre': 345, 'post': 1871, 'downstream': 1915, 'upstream': 1871, 'mito': 355, 'dark': 351, 'medium': 4}, 'AL-DP1m(R)': {'pre': 78, 'post': 241, 'downstream': 337, 'upstream': 241, 'mito': 61, 'dark': 59, 'medium': 2}, 'AL-DC4(R)': {'post': 11, 'upstream': 11, 'mito': 1, 'dark': 1}, 'AL-DM1(R)': {'pre': 3, 'post': 12, 'downstream': 15, 'upstream': 12}, 'AL-DP1l(R)': {'pre': 27, 'post': 177, 'downstream': 134, 'upstream': 177, 'mito': 34, 'dark': 33, 'medium': 1}, 'AL-DA1(R)': {'pre': 2, 'post': 19, 'downstream': 11, 'upstream': 19, 'mito': 3, 'dark': 3}, 'AL-DL2v(R)': {'pre': 5, 'post': 33, 'downstream': 22, 'upstream': 33, 'mito': 3, 'dark': 3}, 'AL-DM4(R)': {'pre': 2, 'post': 30, 'downstream': 8, 'upstream': 30, 'mito': 3, 'dark': 3}, 'LX(R)': {'pre': 1, 'post': 35, 'downstream': 9, 'upstream': 35, 'mito': 3, 'dark': 3}, 'LAL(R)': {'pre': 1, 'post': 35, 'downstream': 9, 'upstream': 35, 'mito': 3, 'dark': 3}, 'LAL(-GA)(R)': {'pre': 1, 'post': 35, 'downstream': 9, 'upstream': 35, 'mito': 3, 'dark': 3}, 'AL-VA1d(R)': {'pre': 5, 'post': 29, 'downstream': 34, 'upstream': 29, 'mito': 5, 'dark': 5}, 'AL-DC3(R)': {'post': 29, 'upstream': 29, 'mito': 6, 'dark': 6}, 'AL-VM7d(R)': {'post': 18, 'upstream': 18, 'mito': 2, 'dark': 2}, 'AL-VP1d(R)': {'pre': 26, 'post': 173, 'downstream': 168, 'upstream': 173, 'mito': 36, 'dark': 36}, 'WED(R)': {'pre': 3, 'post': 19, 'downstream': 20, 'upstream': 19, 'mito': 3, 'dark': 3}, 'AL-VL2a(R)': {'pre': 4, 'post': 36, 'downstream': 22, 'upstream': 36, 'mito': 4, 'dark': 4}, 'PVLP(R)': {'pre': 4, 'post': 17, 'downstream': 22, 'upstream': 17}, 'AL-VA1v(R)': {'pre': 1, 'post': 24, 'downstream': 6, 'upstream': 24, 'mito': 2, 'dark': 2}, 'AL-VC3l(R)': {'pre': 8, 'post': 55, 'downstream': 37, 'upstream': 55, 'mito': 12, 'dark': 12}, 'AL-VC5(R)': {'pre': 16, 'post': 178, 'downstream': 77, 'upstream': 178, 'mito': 35, 'dark': 34, 'medium': 1}, 'VES(R)': {'pre': 36, 'post': 210, 'downstream': 264, 'upstream': 210, 'mito': 23, 'dark': 23}, 'AL-VL2p(R)': {'pre': 5, 'post': 90, 'downstream': 27, 'upstream': 90, 'mito': 15, 'dark': 15}, 'AL-VP2(R)': {'pre': 19, 'post': 71, 'downstream': 120, 'upstream': 71, 'mito': 18, 'dark': 17, 'medium': 1}, 'AL-VP1m(R)': {'pre': 14, 'post': 53, 'downstream': 84, 'upstream': 53, 'mito': 10, 'dark': 10}, 'AL-VP1l(R)': {'pre': 1, 'post': 11, 'downstream': 4, 'upstream': 11, 'mito': 3, 'dark': 3}, 'AL-VP4(R)': {'pre': 5, 'post': 15, 'downstream': 27, 'upstream': 15, 'mito': 5, 'dark': 5}, 'AL-VC1(R)': {'pre': 1, 'post': 17, 'downstream': 7, 'upstream': 17}, 'AL-VA7m(R)': {'post': 5, 'upstream': 5}, 'AL-VP5(R)': {'pre': 1, 'post': 24, 'downstream': 8, 'upstream': 24, 'mito': 2, 'dark': 2}, 'AL-VC4(R)': {'pre': 4, 'post': 6, 'downstream': 18, 'upstream': 6, 'mito': 1, 'dark': 1}, 'AL-VA2(R)': {'post': 4, 'upstream': 4, 'mito': 1, 'dark': 1}, 'AL-VC2(R)': {'pre': 10, 'post': 67, 'downstream': 66, 'upstream': 67, 'mito': 7, 'dark': 7}, 'AL-VL1(R)': {'pre': 1, 'post': 34, 'downstream': 9, 'upstream': 34, 'mito': 3, 'dark': 3}, 'AL-VA3(R)': {'post': 8, 'upstream': 8, 'mito': 2, 'dark': 2}, 'AL-VA4(R)': {'pre': 4, 'post': 15, 'downstream': 21, 'upstream': 15, 'mito': 1, 'dark': 1}, 'AL-VM4(R)': {'pre': 3, 'post': 9, 'downstream': 15, 'upstream': 9, 'mito': 2, 'dark': 2}, 'AL-VA5(R)': {'pre': 3, 'post': 15, 'downstream': 11, 'upstream': 15, 'mito': 3, 'dark': 3}, 'AL-VM3(R)': {'post': 9, 'upstream': 9, 'mito': 1, 'dark': 1}, 'PENP': {'pre': 15, 'post': 108, 'downstream': 111, 'upstream': 108, 'mito': 13, 'dark': 13}, 'SAD': {'pre': 15, 'post': 108, 'downstream': 111, 'upstream': 108, 'mito': 13, 'dark': 13}, 'SAD(-AMMC)': {'pre': 15, 'post': 108, 'downstream': 111, 'upstream': 108, 'mito': 13, 'dark': 13}, 'AL-V(R)': {'post': 13, 'upstream': 13}, 'GNG': {'post': 1, 'upstream': 1}}",AL-t4PN1 (Tanaka et al. JCN 2012),"['AL(R)', 'AL-DA1(R)', 'AL-DC3(R)', 'AL-DC4(R)', 'AL-DL2v(R)', 'AL-DM1(R)', 'AL-DM4(R)', 'AL-DP1l(R)', 'AL-DP1m(R)', 'AL-V(R)', 'AL-VA1d(R)', 'AL-VA1v(R)', 'AL-VA2(R)', 'AL-VA3(R)', 'AL-VA4(R)', 'AL-VA5(R)', 'AL-VA7m(R)', 'AL-VC1(R)', 'AL-VC2(R)', 'AL-VC3l(R)', 'AL-VC4(R)', 'AL-VC5(R)', 'AL-VL1(R)', 'AL-VL2a(R)', 'AL-VL2p(R)', 'AL-VM3(R)', 'AL-VM4(R)', 'AL-VM7d(R)', 'AL-VP1d(R)', 'AL-VP1l(R)', 'AL-VP1m(R)', 'AL-VP2(R)', 'AL-VP4(R)', 'AL-VP5(R)', 'AVLP(R)', 'CRE(-ROB,-RUB)(R)', 'CRE(R)', 'GNG', 'ICL(R)', 'INP', 'LAL(-GA)(R)', 'LAL(R)', 'LH(R)', 'LX(R)', 'PENP', 'PLP(R)', 'PVLP(R)', 'SAD', 'SAD(-AMMC)', 'SCL(R)', 'SIP(R)', 'SLP(R)', 'SMP(R)', 'SNP(R)', 'SPS(R)', 'VES(R)', 'VLNP(R)', 'VMNP', 'WED(R)', 'mALT(R)']","['AL(R)', 'AL-DA1(R)', 'AL-DL2v(R)', 'AL-DM1(R)', 'AL-DM4(R)', 'AL-DP1l(R)', 'AL-DP1m(R)', 'AL-VA1d(R)', 'AL-VA1v(R)', 'AL-VA4(R)', 'AL-VA5(R)', 'AL-VC1(R)', 'AL-VC2(R)', 'AL-VC3l(R)', 'AL-VC4(R)', 'AL-VC5(R)', 'AL-VL1(R)', 'AL-VL2a(R)', 'AL-VL2p(R)', 'AL-VM4(R)', 'AL-VP1d(R)', 'AL-VP1l(R)', 'AL-VP1m(R)', 'AL-VP2(R)', 'AL-VP4(R)', 'AL-VP5(R)', 'CRE(-ROB,-RUB)(R)', 'CRE(R)', 'INP', 'LAL(-GA)(R)', 'LAL(R)', 'LH(R)', 'LX(R)', 'PENP', 'PLP(R)', 'PVLP(R)', 'SAD', 'SAD(-AMMC)', 'SCL(R)', 'SIP(R)', 'SLP(R)', 'SMP(R)', 'SNP(R)', 'SPS(R)', 'VES(R)', 'VLNP(R)', 'VMNP', 'WED(R)', 'mALT(R)']"
1322012611,M_vPNml64_R,M_vPNml64,276,792,2075,792,216,891226075,Traced,False,Roughly traced,AVM04,451.5,"[19962, 34489, 34800]","{'LH(R)': {'pre': 136, 'post': 53, 'downstream': 1198, 'upstream': 53, 'mito': 38, 'dark': 38}, 'VLNP(R)': {'pre': 46, 'post': 9, 'downstream': 382, 'upstream': 9, 'mito': 12, 'dark': 11, 'medium': 1}, 'PLP(R)': {'pre': 29, 'post': 8, 'downstream': 232, 'upstream': 8, 'mito': 7, 'dark': 6, 'medium': 1}, 'AVLP(R)': {'pre': 17, 'post': 1, 'downstream': 150, 'upstream': 1, 'mito': 5, 'dark': 5}, 'AL(R)': {'pre': 93, 'post': 728, 'downstream': 492, 'upstream': 728, 'mito': 117, 'dark': 112, 'light': 3, 'medium': 2}, 'AL-DA1(R)': {'pre': 12, 'post': 27, 'downstream': 56, 'upstream': 27, 'mito': 5, 'dark': 5}, 'AL-DL1(R)': {'post': 6, 'upstream': 6, 'mito': 1, 'dark': 1}, 'AL-DC3(R)': {'pre': 5, 'post': 11, 'downstream': 26, 'upstream': 11, 'mito': 3, 'dark': 3}, 'AL-DL2v(R)': {'pre': 3, 'post': 1, 'downstream': 15, 'upstream': 1, 'mito': 3, 'dark': 2, 'light': 1}, 'AL-VA1d(R)': {'post': 26, 'upstream': 26, 'mito': 7, 'dark': 7}, 'AL-VL2a(R)': {'pre': 14, 'post': 73, 'downstream': 71, 'upstream': 73, 'mito': 15, 'dark': 15}, 'AL-VA1v(R)': {'pre': 3, 'post': 446, 'downstream': 15, 'upstream': 446, 'mito': 39, 'dark': 39}, 'AL-VP1d(R)': {'post': 7, 'upstream': 7}, 'AL-VL2p(R)': {'pre': 16, 'post': 20, 'downstream': 96, 'upstream': 20, 'mito': 7, 'dark': 7}, 'AL-VP4(R)': {'pre': 8, 'post': 8, 'downstream': 43, 'upstream': 8, 'mito': 4, 'dark': 2, 'light': 2}, 'AL-VL1(R)': {'pre': 12, 'post': 36, 'downstream': 63, 'upstream': 36, 'mito': 8, 'dark': 7, 'medium': 1}, 'AL-VA5(R)': {'post': 10, 'upstream': 10, 'mito': 2, 'dark': 2}, 'AL-VC2(R)': {'pre': 5, 'post': 16, 'downstream': 28, 'upstream': 16, 'mito': 2, 'dark': 2}, 'AL-VA3(R)': {'pre': 6, 'post': 15, 'downstream': 31, 'upstream': 15, 'mito': 2, 'dark': 2}}",,"['AL(R)', 'AL-DA1(R)', 'AL-DC3(R)', 'AL-DL1(R)', 'AL-DL2v(R)', 'AL-VA1d(R)', 'AL-VA1v(R)', 'AL-VA3(R)', 'AL-VA5(R)', 'AL-VC2(R)', 'AL-VL1(R)', 'AL-VL2a(R)', 'AL-VL2p(R)', 'AL-VP1d(R)', 'AL-VP4(R)', 'AVLP(R)', 'LH(R)', 'PLP(R)', 'VLNP(R)']","['AL(R)', 'AL-DA1(R)', 'AL-DC3(R)', 'AL-DL2v(R)', 'AL-VA1v(R)', 'AL-VA3(R)', 'AL-VC2(R)', 'AL-VL1(R)', 'AL-VL2a(R)', 'AL-VL2p(R)', 'AL-VP4(R)', 'AVLP(R)', 'LH(R)', 'PLP(R)', 'VLNP(R)']"
1322353714,M_vPNml66_R,M_vPNml66,90,247,860,247,93,343171710,Traced,False,Roughly traced,AVM04,341.5,"[18189, 33894, 35968]","{'LH(R)': {'pre': 86, 'post': 41, 'downstream': 842, 'upstream': 41, 'mito': 27, 'dark': 26, 'medium': 1}, 'INP': {'pre': 1, 'downstream': 5, 'mito': 2, 'dark': 2}, 'SCL(R)': {'pre': 1, 'downstream': 5, 'mito': 2, 'dark': 2}, 'AL(R)': {'pre': 2, 'post': 205, 'downstream': 10, 'upstream': 205, 'mito': 39, 'dark': 33, 'light': 1, 'medium': 5}, 'AL-DC3(R)': {'post': 9, 'upstream': 9}, 'AL-DC2(R)': {'post': 22, 'upstream': 22, 'mito': 6, 'dark': 6}, 'AL-DC1(R)': {'post': 5, 'upstream': 5, 'mito': 1, 'dark': 1}, 'AL-VA6(R)': {'post': 39, 'upstream': 39, 'mito': 5, 'dark': 5}, 'AL-VP1d(R)': {'pre': 1, 'post': 25, 'downstream': 7, 'upstream': 25, 'mito': 3, 'dark': 2, 'medium': 1}, 'AL-DC4(R)': {'post': 1, 'upstream': 1}, 'AL-VC1(R)': {'post': 24, 'upstream': 24, 'mito': 4, 'dark': 3, 'light': 1}, 'AL-VP4(R)': {'post': 1, 'upstream': 1}, 'AL-VP1l(R)': {'post': 9, 'upstream': 9, 'mito': 3, 'dark': 2, 'medium': 1}, 'AL-VP1m(R)': {'pre': 1, 'post': 36, 'downstream': 3, 'upstream': 36, 'mito': 7, 'dark': 5, 'medium': 2}, 'AL-VC2(R)': {'post': 4, 'upstream': 4, 'mito': 2, 'dark': 2}, 'AL-VP3(R)': {'post': 8, 'upstream': 8, 'mito': 2, 'dark': 2}, 'AL-VC5(R)': {'post': 6, 'upstream': 6, 'mito': 2, 'dark': 2}, 'AL-VP5(R)': {'post': 4, 'upstream': 4}, 'AL-VA3(R)': {'post': 2, 'upstream': 2}, 'PENP': {'pre': 1, 'post': 1, 'downstream': 3, 'upstream': 1}, 'SAD': {'pre': 1, 'post': 1, 'downstream': 3, 'upstream': 1}, 'AMMC': {'pre': 1, 'post': 1, 'downstream': 3, 'upstream': 1}}",VP1m++ vPN (Marin et al. Curr Biol 2020),"['AL(R)', 'AL-DC1(R)', 'AL-DC2(R)', 'AL-DC3(R)', 'AL-DC4(R)', 'AL-VA3(R)', 'AL-VA6(R)', 'AL-VC1(R)', 'AL-VC2(R)', 'AL-VC5(R)', 'AL-VP1d(R)', 'AL-VP1l(R)', 'AL-VP1m(R)', 'AL-VP3(R)', 'AL-VP4(R)', 'AL-VP5(R)', 'AMMC', 'LH(R)', 'PENP', 'SAD']","['AL(R)', 'AL-VP1d(R)', 'AL-VP1m(R)', 'AMMC', 'INP', 'LH(R)', 'PENP', 'SAD', 'SCL(R)']"
1322353824,M_vPNml75_R,M_vPNml75,130,162,1307,162,99,266266573,Traced,False,Roughly traced,AVM04,,,"{'LH(R)': {'pre': 129, 'post': 22, 'downstream': 1305, 'upstream': 22, 'mito': 32, 'dark': 31, 'medium': 1}, 'AL(R)': {'post': 140, 'upstream': 140, 'mito': 43, 'dark': 42, 'medium': 1}, 'AL-DL5(R)': {'post': 6, 'upstream': 6, 'mito': 1, 'dark': 1}, 'AL-D(R)': {'post': 4, 'upstream': 4, 'mito': 4, 'dark': 4}, 'AL-DL1(R)': {'post': 10, 'upstream': 10, 'mito': 4, 'dark': 3, 'medium': 1}, 'AL-DC1(R)': {'post': 9, 'upstream': 9, 'mito': 4, 'dark': 4}, 'AL-DC4(R)': {'post': 3, 'upstream': 3, 'mito': 2, 'dark': 2}, 'AL-VP1d(R)': {'post': 6, 'upstream': 6, 'mito': 4, 'dark': 4}, 'AL-VA6(R)': {'post': 2, 'upstream': 2}, 'AL-DC2(R)': {'post': 2, 'upstream': 2}, 'AL-VC1(R)': {'post': 34, 'upstream': 34, 'mito': 8, 'dark': 8}, 'AL-VL2a(R)': {'post': 12, 'upstream': 12, 'mito': 1, 'dark': 1}, 'AL-VP1m(R)': {'post': 7, 'upstream': 7, 'mito': 1, 'dark': 1}, 'AL-VC2(R)': {'post': 12, 'upstream': 12, 'mito': 4, 'dark': 4}, 'AL-VA3(R)': {'post': 8, 'upstream': 8}, 'AL-VA5(R)': {'post': 4, 'upstream': 4, 'mito': 2, 'dark': 2}, 'AL-VL1(R)': {'post': 11, 'upstream': 11, 'mito': 1, 'dark': 1}}",,"['AL(R)', 'AL-D(R)', 'AL-DC1(R)', 'AL-DC2(R)', 'AL-DC4(R)', 'AL-DL1(R)', 'AL-DL5(R)', 'AL-VA3(R)', 'AL-VA5(R)', 'AL-VA6(R)', 'AL-VC1(R)', 'AL-VC2(R)', 'AL-VL1(R)', 'AL-VL2a(R)', 'AL-VP1d(R)', 'AL-VP1m(R)', 'LH(R)']",['LH(R)']
1322353841,M_vPNml77_R,M_vPNml77,168,234,1640,234,131,318244528,Traced,False,Roughly traced,AVM04,,,"{'LH(R)': {'pre': 165, 'post': 29, 'downstream': 1633, 'upstream': 29, 'mito': 58, 'dark': 57, 'medium': 1}, 'AL(R)': {'pre': 1, 'post': 205, 'downstream': 4, 'upstream': 205, 'mito': 51, 'dark': 49, 'medium': 2}, 'AL-D(R)': {'post': 44, 'upstream': 44, 'mito': 10, 'dark': 10}, 'AL-DL5(R)': {'post': 1, 'upstream': 1, 'mito': 1, 'dark': 1}, 'AL-DC1(R)': {'post': 12, 'upstream': 12, 'mito': 6, 'dark': 6}, 'AL-DL1(R)': {'post': 8, 'upstream': 8, 'mito': 1, 'dark': 1}, 'AL-VA6(R)': {'post': 3, 'upstream': 3}, 'AL-VP1d(R)': {'post': 5, 'upstream': 5, 'mito': 1, 'dark': 1}, 'AL-VC1(R)': {'post': 79, 'upstream': 79, 'mito': 14, 'dark': 13, 'medium': 1}, 'AL-VP1m(R)': {'post': 1, 'upstream': 1, 'mito': 1, 'dark': 1}, 'AL-VC2(R)': {'post': 12, 'upstream': 12, 'mito': 3, 'dark': 3}, 'AL-VA3(R)': {'pre': 1, 'post': 37, 'downstream': 4, 'upstream': 37, 'mito': 8, 'dark': 7, 'medium': 1}, 'PENP': {'pre': 2, 'downstream': 3}, 'SAD': {'pre': 2, 'downstream': 3}, 'AMMC': {'pre': 2, 'downstream': 3}}",,"['AL(R)', 'AL-D(R)', 'AL-DC1(R)', 'AL-DL1(R)', 'AL-DL5(R)', 'AL-VA3(R)', 'AL-VA6(R)', 'AL-VC1(R)', 'AL-VC2(R)', 'AL-VP1d(R)', 'AL-VP1m(R)', 'LH(R)']","['AL(R)', 'AL-VA3(R)', 'AMMC', 'LH(R)', 'PENP', 'SAD']"
1411784734,M_lvPNm25_R,M_lvPNm25,426,799,4045,799,298,799164517,Traced,False,Roughly traced,AVM06,260.0,"[14147, 32815, 35840]","{'SNP(R)': {'pre': 394, 'post': 97, 'downstream': 3770, 'upstream': 97, 'mito': 109, 'dark': 109}, 'SIP(R)': {'pre': 218, 'post': 55, 'downstream': 2027, 'upstream': 55, 'mito': 62, 'dark': 62}, 'SMP(R)': {'pre': 176, 'post': 42, 'downstream': 1743, 'upstream': 42, 'mito': 47, 'dark': 47}, 'INP': {'pre': 27, 'post': 2, 'downstream': 261, 'upstream': 2, 'mito': 10, 'dark': 9, 'medium': 1}, 'ATL(R)': {'pre': 1, 'downstream': 1, 'mito': 4, 'dark': 4}, 'CRE(R)': {'pre': 26, 'post': 2, 'downstream': 260, 'upstream': 2, 'mito': 6, 'dark': 5, 'medium': 1}, 'CRE(-ROB,-RUB)(R)': {'pre': 26, 'post': 2, 'downstream': 260, 'upstream': 2, 'mito': 6, 'dark': 5, 'medium': 1}, 'AL(R)': {'pre': 2, 'post': 686, 'downstream': 5, 'upstream': 686, 'mito': 151, 'dark': 147, 'medium': 4}, 'AL-DL5(R)': {'post': 19, 'upstream': 19, 'mito': 4, 'dark': 4}, 'AL-DM1(R)': {'post': 84, 'upstream': 84, 'mito': 8, 'dark': 7, 'medium': 1}, 'AL-DM4(R)': {'post': 32, 'upstream': 32, 'mito': 11, 'dark': 11}, 'LX(R)': {'post': 1, 'upstream': 1}, 'LAL(R)': {'post': 1, 'upstream': 1}, 'LAL(-GA)(R)': {'post': 1, 'upstream': 1}, 'AL-DC4(R)': {'post': 31, 'upstream': 31, 'mito': 8, 'dark': 8}, 'AL-DP1m(R)': {'post': 114, 'upstream': 114, 'mito': 23, 'dark': 22, 'medium': 1}, 'AL-DC1(R)': {'post': 4, 'upstream': 4, 'mito': 2, 'dark': 2}, 'AL-DM6(R)': {'post': 31, 'upstream': 31, 'mito': 7, 'dark': 7}, 'mALT(R)': {'pre': 3, 'post': 5, 'downstream': 9, 'upstream': 5, 'mito': 18, 'dark': 18}, 'AL-DL2v(R)': {'post': 31, 'upstream': 31, 'mito': 8, 'dark': 8}, 'AL-DC2(R)': {'post': 35, 'upstream': 35, 'mito': 6, 'dark': 5, 'medium': 1}, 'AL-DP1l(R)': {'post': 21, 'upstream': 21, 'mito': 5, 'dark': 5}, 'AL-DL2d(R)': {'post': 9, 'upstream': 9, 'mito': 1, 'dark': 1}, 'AL-VL2a(R)': {'post': 29, 'upstream': 29, 'mito': 4, 'dark': 4}, 'AL-VC3l(R)': {'post': 19, 'upstream': 19, 'mito': 7, 'dark': 7}, 'AL-VM7v(R)': {'post': 6, 'upstream': 6, 'mito': 1, 'dark': 1}, 'AL-VA1d(R)': {'post': 1, 'upstream': 1}, 'AL-VC1(R)': {'post': 10, 'upstream': 10, 'mito': 1, 'dark': 1}, 'AL-VA1v(R)': {'post': 7, 'upstream': 7, 'mito': 2, 'dark': 2}, 'AL-VC5(R)': {'post': 17, 'upstream': 17, 'mito': 5, 'dark': 5}, 'AL-VP2(R)': {'post': 2, 'upstream': 2, 'mito': 1, 'dark': 1}, 'AL-VL2p(R)': {'post': 36, 'upstream': 36, 'mito': 12, 'dark': 12}, 'AL-VP1d(R)': {'post': 21, 'upstream': 21, 'mito': 4, 'dark': 4}, 'AL-VC4(R)': {'post': 4, 'upstream': 4, 'mito': 2, 'dark': 2}, 'AL-VP1m(R)': {'post': 1, 'upstream': 1}, 'AL-VC3m(R)': {'post': 1, 'upstream': 1}, 'AL-VA2(R)': {'post': 33, 'upstream': 33, 'mito': 7, 'dark': 7}, 'AL-VC2(R)': {'pre': 1, 'post': 37, 'downstream': 3, 'upstream': 37, 'mito': 7, 'dark': 7}, 'AL-VM3(R)': {'post': 8, 'upstream': 8, 'mito': 1, 'dark': 1}, 'AL-VA4(R)': {'post': 6, 'upstream': 6, 'mito': 3, 'dark': 2, 'medium': 1}, 'AL-VA3(R)': {'post': 3, 'upstream': 3}, 'PENP': {'post': 6, 'upstream': 6, 'mito': 3, 'dark': 2, 'medium': 1}, 'SAD': {'post': 6, 'upstream': 6, 'mito': 3, 'dark': 2, 'medium': 1}, 'AMMC': {'post': 6, 'upstream': 6, 'mito': 3, 'dark': 2, 'medium': 1}}",,"['AL(R)', 'AL-DC1(R)', 'AL-DC2(R)', 'AL-DC4(R)', 'AL-DL2d(R)', 'AL-DL2v(R)', 'AL-DL5(R)', 'AL-DM1(R)', 'AL-DM4(R)', 'AL-DM6(R)', 'AL-DP1l(R)', 'AL-DP1m(R)', 'AL-VA1d(R)', 'AL-VA1v(R)', 'AL-VA2(R)', 'AL-VA3(R)', 'AL-VA4(R)', 'AL-VC1(R)', 'AL-VC2(R)', 'AL-VC3l(R)', 'AL-VC3m(R)', 'AL-VC4(R)', 'AL-VC5(R)', 'AL-VL2a(R)', 'AL-VL2p(R)', 'AL-VM3(R)', 'AL-VM7v(R)', 'AL-VP1d(R)', 'AL-VP1m(R)', 'AL-VP2(R)', 'AMMC', 'CRE(-ROB,-RUB)(R)', 'CRE(R)', 'INP', 'LAL(-GA)(R)', 'LAL(R)', 'LX(R)', 'PENP', 'SAD', 'SIP(R)', 'SMP(R)', 'SNP(R)', 'mALT(R)']","['AL(R)', 'AL-VC2(R)', 'ATL(R)', 'CRE(-ROB,-RUB)(R)', 'CRE(R)', 'INP', 'SIP(R)', 'SMP(R)', 'SNP(R)', 'mALT(R)']"
1415825344,M_vPNml63_R,M_vPNml63,311,1481,3311,1481,230,903842449,Traced,False,Roughly traced,AVM04,436.5,"[19195, 33816, 34352]","{'LH(R)': {'pre': 211, 'post': 78, 'downstream': 2517, 'upstream': 78, 'mito': 51, 'dark': 47, 'light': 3, 'medium': 1}, 'VLNP(R)': {'pre': 15, 'post': 19, 'downstream': 188, 'upstream': 19, 'mito': 7, 'dark': 7}, 'PLP(R)': {'pre': 12, 'post': 19, 'downstream': 145, 'upstream': 19, 'mito': 6, 'dark': 6}, 'AVLP(R)': {'pre': 3, 'downstream': 43, 'mito': 1, 'dark': 1}, 'AL(R)': {'pre': 85, 'post': 1381, 'downstream': 606, 'upstream': 1381, 'mito': 129, 'dark': 127, 'light': 2}, 'AL-D(R)': {'post': 6, 'upstream': 6}, 'AL-DC1(R)': {'pre': 4, 'post': 19, 'downstream': 29, 'upstream': 19, 'mito': 3, 'dark': 3}, 'AL-DC3(R)': {'pre': 29, 'post': 263, 'downstream': 198, 'upstream': 263, 'mito': 27, 'dark': 26, 'light': 1}, 'AL-VP1d(R)': {'pre': 2, 'post': 10, 'downstream': 24, 'upstream': 10, 'mito': 4, 'dark': 4}, 'AL-VA1d(R)': {'pre': 10, 'post': 808, 'downstream': 71, 'upstream': 808, 'mito': 57, 'dark': 57}, 'AL-VA6(R)': {'post': 48, 'upstream': 48}, 'AL-DA1(R)': {'post': 3, 'upstream': 3}, 'AL-VA1v(R)': {'pre': 10, 'post': 62, 'downstream': 72, 'upstream': 62, 'mito': 17, 'dark': 17}, 'AL-VL2a(R)': {'pre': 7, 'post': 20, 'downstream': 46, 'upstream': 20, 'mito': 2, 'dark': 2}, 'AL-VC1(R)': {'post': 11, 'upstream': 11}, 'AL-VA5(R)': {'pre': 1, 'post': 11, 'downstream': 5, 'upstream': 11, 'mito': 1, 'dark': 1}, 'AL-VL2p(R)': {'post': 1, 'upstream': 1}, 'AL-VL1(R)': {'pre': 11, 'post': 42, 'downstream': 87, 'upstream': 42, 'mito': 3, 'dark': 3}, 'AL-VC2(R)': {'post': 26, 'upstream': 26}, 'AL-VA4(R)': {'post': 2, 'upstream': 2}, 'AL-VP1l(R)': {'post': 1, 'upstream': 1}}",,"['AL(R)', 'AL-D(R)', 'AL-DA1(R)', 'AL-DC1(R)', 'AL-DC3(R)', 'AL-VA1d(R)', 'AL-VA1v(R)', 'AL-VA4(R)', 'AL-VA5(R)', 'AL-VA6(R)', 'AL-VC1(R)', 'AL-VC2(R)', 'AL-VL1(R)', 'AL-VL2a(R)', 'AL-VL2p(R)', 'AL-VP1d(R)', 'AL-VP1l(R)', 'LH(R)', 'PLP(R)', 'VLNP(R)']","['AL(R)', 'AL-DC1(R)', 'AL-DC3(R)', 'AL-VA1d(R)', 'AL-VA1v(R)', 'AL-VA5(R)', 'AL-VL1(R)', 'AL-VL2a(R)', 'AL-VP1d(R)', 'AVLP(R)', 'LH(R)', 'PLP(R)', 'VLNP(R)']"
1415829574,M_vPNml72_R,M_vPNml72,121,653,1242,653,132,473272619,Traced,False,Roughly traced,AVM04,386.5,"[19104, 34538, 35840]","{'INP': {'pre': 18, 'post': 28, 'downstream': 233, 'upstream': 28, 'mito': 4, 'dark': 3, 'medium': 1}, 'SCL(R)': {'pre': 18, 'post': 28, 'downstream': 233, 'upstream': 28, 'mito': 4, 'dark': 3, 'medium': 1}, 'LH(R)': {'pre': 60, 'post': 57, 'downstream': 629, 'upstream': 57, 'mito': 18, 'dark': 14, 'medium': 4}, 'VLNP(R)': {'pre': 35, 'post': 46, 'downstream': 344, 'upstream': 46, 'mito': 9, 'dark': 6, 'medium': 3}, 'PLP(R)': {'pre': 35, 'post': 46, 'downstream': 344, 'upstream': 46, 'mito': 9, 'dark': 6, 'medium': 3}, 'AL(R)': {'pre': 6, 'post': 517, 'downstream': 27, 'upstream': 517, 'mito': 65, 'dark': 61, 'light': 1, 'medium': 3}, 'AL-D(R)': {'post': 35, 'upstream': 35, 'mito': 4, 'dark': 4}, 'AL-DC1(R)': {'post': 12, 'upstream': 12, 'mito': 1, 'dark': 1}, 'AL-DL5(R)': {'post': 1, 'upstream': 1, 'mito': 1, 'dark': 1}, 'AL-DC4(R)': {'pre': 1, 'post': 199, 'downstream': 5, 'upstream': 199, 'mito': 16, 'dark': 16}, 'AL-DP1m(R)': {'post': 46, 'upstream': 46, 'mito': 9, 'dark': 8, 'medium': 1}, 'AL-DM4(R)': {'post': 53, 'upstream': 53, 'mito': 4, 'dark': 4}, 'AL-VP4(R)': {'pre': 4, 'post': 3, 'downstream': 14, 'upstream': 3, 'mito': 3, 'dark': 3}, 'AL-VM7d(R)': {'post': 68, 'upstream': 68, 'mito': 10, 'dark': 8, 'medium': 2}, 'AL-DC2(R)': {'post': 20, 'upstream': 20, 'mito': 2, 'dark': 2}, 'AL-VM5d(R)': {'post': 46, 'upstream': 46, 'mito': 5, 'dark': 5}, 'AL-VM7v(R)': {'post': 7, 'upstream': 7}, 'AL-DM5(R)': {'post': 1, 'upstream': 1}, 'AL-VP1d(R)': {'post': 4, 'upstream': 4, 'mito': 3, 'dark': 3}, 'AL-VC3l(R)': {'post': 8, 'upstream': 8, 'mito': 3, 'dark': 3}}",,"['AL(R)', 'AL-D(R)', 'AL-DC1(R)', 'AL-DC2(R)', 'AL-DC4(R)', 'AL-DL5(R)', 'AL-DM4(R)', 'AL-DM5(R)', 'AL-DP1m(R)', 'AL-VC3l(R)', 'AL-VM5d(R)', 'AL-VM7d(R)', 'AL-VM7v(R)', 'AL-VP1d(R)', 'AL-VP4(R)', 'INP', 'LH(R)', 'PLP(R)', 'SCL(R)', 'VLNP(R)']","['AL(R)', 'AL-DC4(R)', 'AL-VP4(R)', 'INP', 'LH(R)', 'PLP(R)', 'SCL(R)', 'VLNP(R)']"
1442819296,VC3m_lvPN_R,VC3m_lvPN,1098,1715,9303,1715,363,1802003316,Traced,False,Roughly traced,AVM06,531.5,"[16147, 29228, 32072]","{'MB(R)': {'pre': 256, 'post': 64, 'downstream': 2580, 'upstream': 64, 'mito': 21, 'dark': 20, 'light': 1}, 'CA(R)': {'pre': 256, 'post': 64, 'downstream': 2580, 'upstream': 64, 'mito': 21, 'dark': 20, 'light': 1}, 'MB(+ACA)(R)': {'pre': 257, 'post': 66, 'downstream': 2583, 'upstream': 66, 'mito': 26, 'dark': 25, 'light': 1}, 'LH(R)': {'pre': 563, 'post': 220, 'downstream': 5274, 'upstream': 220, 'mito': 100, 'dark': 98, 'medium': 2}, 'SNP(R)': {'pre': 11, 'post': 9, 'downstream': 64, 'upstream': 9, 'mito': 21, 'dark': 21}, 'SLP(R)': {'pre': 10, 'post': 9, 'downstream': 59, 'upstream': 9, 'mito': 15, 'dark': 15}, 'dACA(R)': {'pre': 1, 'post': 2, 'downstream': 3, 'upstream': 2, 'mito': 5, 'dark': 5}, 'mALT(R)': {'pre': 4, 'post': 3, 'downstream': 13, 'upstream': 3, 'mito': 35, 'dark': 34, 'medium': 1}, 'SMP(R)': {'pre': 1, 'downstream': 5, 'mito': 6, 'dark': 6}, 'INP': {'post': 2, 'upstream': 2, 'mito': 2, 'dark': 2}, 'SCL(R)': {'post': 2, 'upstream': 2, 'mito': 2, 'dark': 2}, 'AL(R)': {'pre': 264, 'post': 1417, 'downstream': 1372, 'upstream': 1417, 'mito': 146, 'dark': 144, 'medium': 2}, 'AL-VC3l(R)': {'pre': 25, 'post': 111, 'downstream': 142, 'upstream': 111, 'mito': 10, 'dark': 10}, 'AL-VP4(R)': {'pre': 1, 'post': 1, 'downstream': 3, 'upstream': 1, 'mito': 4, 'dark': 4}, 'AL-VC5(R)': {'pre': 105, 'post': 460, 'downstream': 527, 'upstream': 460, 'mito': 62, 'dark': 62}, 'AL-VP1d(R)': {'post': 4, 'upstream': 4, 'mito': 1, 'dark': 1}, 'AL-VP2(R)': {'post': 5, 'upstream': 5, 'mito': 2, 'dark': 2}, 'AL-VC1(R)': {'post': 10, 'upstream': 10, 'mito': 1, 'dark': 1}, 'AL-VP1m(R)': {'post': 1, 'upstream': 1, 'mito': 3, 'dark': 3}, 'AL-VC3m(R)': {'pre': 127, 'post': 798, 'downstream': 670, 'upstream': 798, 'mito': 60, 'dark': 58, 'medium': 2}, 'AL-VP5(R)': {'post': 1, 'upstream': 1, 'mito': 1, 'dark': 1}, 'AL-VM1(R)': {'pre': 1, 'post': 15, 'downstream': 6, 'upstream': 15}, 'AL-VM4(R)': {'pre': 5, 'post': 11, 'downstream': 24, 'upstream': 11, 'mito': 2, 'dark': 2}}",,"['AL(R)', 'AL-VC1(R)', 'AL-VC3l(R)', 'AL-VC3m(R)', 'AL-VC5(R)', 'AL-VM1(R)', 'AL-VM4(R)', 'AL-VP1d(R)', 'AL-VP1m(R)', 'AL-VP2(R)', 'AL-VP4(R)', 'AL-VP5(R)', 'CA(R)', 'INP', 'LH(R)', 'MB(+ACA)(R)', 'MB(R)', 'SCL(R)', 'SLP(R)', 'SNP(R)', 'dACA(R)', 'mALT(R)']","['AL(R)', 'AL-VC3l(R)', 'AL-VC3m(R)', 'AL-VC5(R)', 'AL-VM1(R)', 'AL-VM4(R)', 'AL-VP4(R)', 'CA(R)', 'LH(R)', 'MB(+ACA)(R)', 'MB(R)', 'SLP(R)', 'SMP(R)', 'SNP(R)', 'dACA(R)', 'mALT(R)']"
1447201088,DC4_vPN_R,DC4_vPN,107,474,1054,474,106,259378860,Traced,False,Roughly traced,AVM04,,,"{'LH(R)': {'pre': 104, 'post': 79, 'downstream': 1021, 'upstream': 79, 'mito': 36, 'dark': 36}, 'INP': {'pre': 3, 'downstream': 33, 'mito': 1, 'dark': 1}, 'SCL(R)': {'pre': 3, 'downstream': 33, 'mito': 1, 'dark': 1}, 'AL(R)': {'post': 391, 'upstream': 391, 'mito': 57, 'dark': 57}, 'AL-DC4(R)': {'post': 325, 'upstream': 325, 'mito': 31, 'dark': 31}, 'AL-DC2(R)': {'post': 4, 'upstream': 4, 'mito': 1, 'dark': 1}, 'AL-VP1d(R)': {'post': 8, 'upstream': 8, 'mito': 4, 'dark': 4}, 'AL-DP1m(R)': {'post': 3, 'upstream': 3, 'mito': 1, 'dark': 1}, 'AL-VM7d(R)': {'post': 2, 'upstream': 2, 'mito': 1, 'dark': 1}, 'AL-VM7v(R)': {'post': 1, 'upstream': 1, 'mito': 1, 'dark': 1}, 'AL-VC3l(R)': {'post': 12, 'upstream': 12, 'mito': 4, 'dark': 4}, 'AL-VC5(R)': {'post': 5, 'upstream': 5, 'mito': 1, 'dark': 1}, 'AL-VP1m(R)': {'post': 8, 'upstream': 8, 'mito': 2, 'dark': 2}, 'AL-VC3m(R)': {'post': 2, 'upstream': 2, 'mito': 1, 'dark': 1}, 'AL-VM4(R)': {'post': 1, 'upstream': 1, 'mito': 2, 'dark': 2}, 'AL-VC2(R)': {'post': 2, 'upstream': 2}}",,"['AL(R)', 'AL-DC2(R)', 'AL-DC4(R)', 'AL-DP1m(R)', 'AL-VC2(R)', 'AL-VC3l(R)', 'AL-VC3m(R)', 'AL-VC5(R)', 'AL-VM4(R)', 'AL-VM7d(R)', 'AL-VM7v(R)', 'AL-VP1d(R)', 'AL-VP1m(R)', 'LH(R)']","['INP', 'LH(R)', 'SCL(R)']"
1447205602,M_vPNml83_R,M_vPNml83,177,319,1685,319,159,534139866,Traced,False,Roughly traced,AVM04,416.5,"[18046, 32829, 36552]","{'LH(R)': {'pre': 162, 'post': 49, 'downstream': 1553, 'upstream': 49, 'mito': 66, 'dark': 63, 'medium': 3}, 'SNP(R)': {'pre': 10, 'post': 3, 'downstream': 90, 'upstream': 3, 'mito': 3, 'dark': 3}, 'SLP(R)': {'pre': 10, 'post': 3, 'downstream': 90, 'upstream': 3, 'mito': 3, 'dark': 3}, 'INP': {'pre': 5, 'downstream': 42, 'mito': 1, 'dark': 1}, 'SCL(R)': {'pre': 5, 'downstream': 42, 'mito': 1, 'dark': 1}, 'AL(R)': {'post': 266, 'upstream': 266, 'mito': 61, 'dark': 60, 'medium': 1}, 'AL-DM6(R)': {'post': 40, 'upstream': 40, 'mito': 9, 'dark': 9}, 'AL-DM1(R)': {'post': 2, 'upstream': 2, 'mito': 1, 'dark': 1}, 'AL-DM2(R)': {'post': 4, 'upstream': 4, 'mito': 2, 'dark': 2}, 'AL-DC4(R)': {'post': 30, 'upstream': 30, 'mito': 3, 'dark': 3}, 'AL-DP1m(R)': {'post': 3, 'upstream': 3, 'mito': 1, 'dark': 1}, 'AL-DC2(R)': {'post': 11, 'upstream': 11, 'mito': 4, 'dark': 4}, 'AL-DC1(R)': {'post': 5, 'upstream': 5}, 'AL-VM7d(R)': {'post': 58, 'upstream': 58, 'mito': 9, 'dark': 9}, 'AL-VM7v(R)': {'post': 23, 'upstream': 23, 'mito': 7, 'dark': 7}, 'AL-VM5d(R)': {'post': 20, 'upstream': 20, 'mito': 3, 'dark': 3}, 'AL-VC3l(R)': {'post': 42, 'upstream': 42, 'mito': 13, 'dark': 12, 'medium': 1}, 'AL-VP4(R)': {'post': 1, 'upstream': 1, 'mito': 1, 'dark': 1}, 'AL-VP1d(R)': {'post': 1, 'upstream': 1, 'mito': 1, 'dark': 1}, 'AL-VC4(R)': {'post': 6, 'upstream': 6, 'mito': 2, 'dark': 2}, 'AL-VC1(R)': {'post': 17, 'upstream': 17, 'mito': 3, 'dark': 3}, 'AL-VM3(R)': {'post': 1, 'upstream': 1, 'mito': 1, 'dark': 1}}",,"['AL(R)', 'AL-DC1(R)', 'AL-DC2(R)', 'AL-DC4(R)', 'AL-DM1(R)', 'AL-DM2(R)', 'AL-DM6(R)', 'AL-DP1m(R)', 'AL-VC1(R)', 'AL-VC3l(R)', 'AL-VC4(R)', 'AL-VM3(R)', 'AL-VM5d(R)', 'AL-VM7d(R)', 'AL-VM7v(R)', 'AL-VP1d(R)', 'AL-VP4(R)', 'LH(R)', 'SLP(R)', 'SNP(R)']","['INP', 'LH(R)', 'SCL(R)', 'SLP(R)', 'SNP(R)']"
1447205712,M_vPNml77_R,M_vPNml77,186,174,1888,174,121,303442651,Traced,False,Roughly traced,AVM04,,,"{'LH(R)': {'pre': 184, 'post': 27, 'downstream': 1877, 'upstream': 27, 'mito': 54, 'dark': 51, 'medium': 3}, 'VLNP(R)': {'pre': 1, 'downstream': 9, 'mito': 2, 'dark': 2}, 'AVLP(R)': {'pre': 1, 'downstream': 9, 'mito': 2, 'dark': 2}, 'mALT(R)': {'post': 1, 'upstream': 1, 'mito': 2, 'dark': 2}, 'AL(R)': {'post': 143, 'upstream': 143, 'mito': 48, 'dark': 46, 'light': 2}, 'AL-DC2(R)': {'post': 2, 'upstream': 2, 'mito': 4, 'dark': 4}, 'AL-VM5v(R)': {'post': 27, 'upstream': 27, 'mito': 9, 'dark': 7, 'light': 2}, 'AL-VA6(R)': {'post': 1, 'upstream': 1}, 'AL-VC1(R)': {'post': 90, 'upstream': 90, 'mito': 24, 'dark': 24}, 'AL-VP1l(R)': {'post': 1, 'upstream': 1, 'mito': 1, 'dark': 1}, 'AL-VP1m(R)': {'post': 3, 'upstream': 3, 'mito': 5, 'dark': 5}, 'AL-VA7m(R)': {'post': 5, 'upstream': 5, 'mito': 1, 'dark': 1}, 'AL-VC2(R)': {'post': 12, 'upstream': 12, 'mito': 3, 'dark': 3}, 'AL-VC3l(R)': {'post': 1, 'upstream': 1}, 'AL-VA3(R)': {'post': 1, 'upstream': 1}, 'PENP': {'post': 1, 'upstream': 1}, 'SAD': {'post': 1, 'upstream': 1}, 'AMMC': {'post': 1, 'upstream': 1}}",,"['AL(R)', 'AL-DC2(R)', 'AL-VA3(R)', 'AL-VA6(R)', 'AL-VA7m(R)', 'AL-VC1(R)', 'AL-VC2(R)', 'AL-VC3l(R)', 'AL-VM5v(R)', 'AL-VP1l(R)', 'AL-VP1m(R)', 'AMMC', 'LH(R)', 'PENP', 'SAD', 'mALT(R)']","['AVLP(R)', 'LH(R)', 'VLNP(R)']"
1504889437,M_lvPNm38_R,M_lvPNm38,177,254,1147,254,133,420250047,Traced,False,Roughly traced,AVM06,376.5,"[13491, 31990, 33472]","{'SNP(R)': {'pre': 54, 'post': 24, 'downstream': 366, 'upstream': 24, 'mito': 24, 'dark': 24}, 'SLP(R)': {'pre': 54, 'post': 23, 'downstream': 366, 'upstream': 23, 'mito': 22, 'dark': 22}, 'LH(R)': {'pre': 120, 'post': 45, 'downstream': 772, 'upstream': 45, 'mito': 36, 'dark': 36}, 'SMP(R)': {'post': 1, 'upstream': 1, 'mito': 2, 'dark': 2}, 'AL(R)': {'pre': 1, 'post': 185, 'downstream': 3, 'upstream': 185, 'mito': 46, 'dark': 46}, 'AL-VP4(R)': {'post': 2, 'upstream': 2, 'mito': 1, 'dark': 1}, 'AL-VP1l(R)': {'pre': 1, 'post': 1, 'downstream': 3, 'upstream': 1, 'mito': 1, 'dark': 1}, 'AL-VP1d(R)': {'post': 3, 'upstream': 3, 'mito': 2, 'dark': 2}, 'AL-VC5(R)': {'post': 90, 'upstream': 90, 'mito': 24, 'dark': 24}, 'AL-VP1m(R)': {'post': 1, 'upstream': 1, 'mito': 2, 'dark': 2}, 'AL-VL1(R)': {'post': 73, 'upstream': 73, 'mito': 11, 'dark': 11}, 'AL-VC2(R)': {'post': 2, 'upstream': 2, 'mito': 1, 'dark': 1}, 'AL-VP2(R)': {'post': 1, 'upstream': 1}, 'AL-VA4(R)': {'post': 2, 'upstream': 2}, 'AL-VA3(R)': {'post': 10, 'upstream': 10, 'mito': 4, 'dark': 4}}",VC5+ lvPN2 (Marin et al. Curr Biol 2020),"['AL(R)', 'AL-VA3(R)', 'AL-VA4(R)', 'AL-VC2(R)', 'AL-VC5(R)', 'AL-VL1(R)', 'AL-VP1d(R)', 'AL-VP1l(R)', 'AL-VP1m(R)', 'AL-VP2(R)', 'AL-VP4(R)', 'LH(R)', 'SLP(R)', 'SMP(R)', 'SNP(R)']","['AL(R)', 'AL-VP1l(R)', 'LH(R)', 'SLP(R)', 'SNP(R)']"
1536947502,D_adPN_R,D_adPN,924,2420,7071,2420,335,1806879434,Traced,False,Roughly traced,AVM01,541.5,"[21585, 36342, 22176]","{'MB(R)': {'pre': 156, 'post': 55, 'downstream': 1498, 'upstream': 55, 'mito': 8, 'dark': 8}, 'CA(R)': {'pre': 156, 'post': 55, 'downstream': 1498, 'upstream': 55, 'mito': 8, 'dark': 8}, 'MB(+ACA)(R)': {'pre': 156, 'post': 55, 'downstream': 1498, 'upstream': 55, 'mito': 8, 'dark': 8}, 'mALT(R)': {'pre': 14, 'post': 23, 'downstream': 55, 'upstream': 23, 'mito': 65, 'dark': 65}, 'LH(R)': {'pre': 383, 'post': 186, 'downstream': 3589, 'upstream': 186, 'mito': 56, 'dark': 52, 'light': 4}, 'AL(R)': {'pre': 371, 'post': 2155, 'downstream': 1929, 'upstream': 2155, 'mito': 161, 'dark': 157, 'light': 2, 'medium': 2}, 'AL-D(R)': {'pre': 329, 'post': 2030, 'downstream': 1726, 'upstream': 2030, 'mito': 124, 'dark': 120, 'light': 2, 'medium': 2}, 'AL-DL4(R)': {'pre': 1, 'post': 8, 'downstream': 9, 'upstream': 8, 'mito': 2, 'dark': 2}, 'AL-DL5(R)': {'pre': 2, 'post': 10, 'downstream': 6, 'upstream': 10, 'mito': 2, 'dark': 2}, 'AL-DL1(R)': {'pre': 11, 'post': 28, 'downstream': 44, 'upstream': 28, 'mito': 7, 'dark': 7}, 'AL-DC1(R)': {'pre': 23, 'post': 61, 'downstream': 112, 'upstream': 61, 'mito': 14, 'dark': 14}, 'AL-DA4m(R)': {'post': 1, 'upstream': 1}, 'AL-DC2(R)': {'post': 2, 'upstream': 2, 'mito': 1, 'dark': 1}, 'AL-VP1d(R)': {'pre': 1, 'post': 6, 'downstream': 7, 'upstream': 6, 'mito': 8, 'dark': 8}, 'AL-DC4(R)': {'pre': 3, 'post': 5, 'downstream': 18, 'upstream': 5, 'mito': 1, 'dark': 1}, 'AL-DP1m(R)': {'pre': 1, 'post': 2, 'downstream': 7, 'upstream': 2, 'mito': 1, 'dark': 1}}",,"['AL(R)', 'AL-D(R)', 'AL-DA4m(R)', 'AL-DC1(R)', 'AL-DC2(R)', 'AL-DC4(R)', 'AL-DL1(R)', 'AL-DL4(R)', 'AL-DL5(R)', 'AL-DP1m(R)', 'AL-VP1d(R)', 'CA(R)', 'LH(R)', 'MB(+ACA)(R)', 'MB(R)', 'mALT(R)']","['AL(R)', 'AL-D(R)', 'AL-DC1(R)', 'AL-DC4(R)', 'AL-DL1(R)', 'AL-DL4(R)', 'AL-DL5(R)', 'AL-DP1m(R)', 'AL-VP1d(R)', 'CA(R)', 'LH(R)', 'MB(+ACA)(R)', 'MB(R)', 'mALT(R)']"
1539978151,M_vPNml76_R,M_vPNml76,152,306,1779,306,127,441777837,Traced,False,Roughly traced,AVM04,376.5,"[18805, 33430, 34992]","{'LH(R)': {'pre': 149, 'post': 21, 'downstream': 1769, 'upstream': 21, 'mito': 43, 'dark': 43}, 'AL(R)': {'pre': 2, 'post': 285, 'downstream': 9, 'upstream': 285, 'mito': 60, 'dark': 60}, 'AL-D(R)': {'post': 1, 'upstream': 1}, 'AL-DC1(R)': {'post': 4, 'upstream': 4, 'mito': 1, 'dark': 1}, 'AL-DC3(R)': {'post': 19, 'upstream': 19, 'mito': 6, 'dark': 6}, 'AL-VA6(R)': {'post': 117, 'upstream': 117, 'mito': 22, 'dark': 22}, 'AL-DL2v(R)': {'post': 2, 'upstream': 2, 'mito': 1, 'dark': 1}, 'AL-VP1d(R)': {'pre': 2, 'post': 18, 'downstream': 9, 'upstream': 18, 'mito': 10, 'dark': 10}, 'AL-DC2(R)': {'post': 10, 'upstream': 10, 'mito': 1, 'dark': 1}, 'AL-VL2a(R)': {'post': 16, 'upstream': 16, 'mito': 4, 'dark': 4}, 'AL-VC1(R)': {'post': 40, 'upstream': 40, 'mito': 4, 'dark': 4}, 'AL-VA1v(R)': {'post': 5, 'upstream': 5, 'mito': 2, 'dark': 2}, 'AL-VC2(R)': {'post': 6, 'upstream': 6}, 'AL-VA7l(R)': {'post': 20, 'upstream': 20, 'mito': 3, 'dark': 3}, 'AL-VA7m(R)': {'post': 21, 'upstream': 21, 'mito': 3, 'dark': 3}}",,"['AL(R)', 'AL-D(R)', 'AL-DC1(R)', 'AL-DC2(R)', 'AL-DC3(R)', 'AL-DL2v(R)', 'AL-VA1v(R)', 'AL-VA6(R)', 'AL-VA7l(R)', 'AL-VA7m(R)', 'AL-VC1(R)', 'AL-VC2(R)', 'AL-VL2a(R)', 'AL-VP1d(R)', 'LH(R)']","['AL(R)', 'AL-VP1d(R)', 'LH(R)']"
1570684665,M_vPNml54_R,M_vPNml54,114,145,1080,145,92,234022103,Traced,False,Roughly traced,AVM04,,,"{'SNP(R)': {'pre': 45, 'post': 24, 'downstream': 419, 'upstream': 24, 'mito': 16, 'dark': 9, 'light': 1, 'medium': 6}, 'SLP(R)': {'pre': 45, 'post': 24, 'downstream': 419, 'upstream': 24, 'mito': 16, 'dark': 9, 'light': 1, 'medium': 6}, 'LH(R)': {'pre': 58, 'post': 34, 'downstream': 567, 'upstream': 34, 'mito': 26, 'dark': 21, 'medium': 5}, 'VLNP(R)': {'pre': 11, 'post': 3, 'downstream': 94, 'upstream': 3, 'mito': 5, 'dark': 5}, 'PLP(R)': {'pre': 11, 'post': 3, 'downstream': 94, 'upstream': 3, 'mito': 5, 'dark': 5}, 'AL(R)': {'post': 84, 'upstream': 84, 'mito': 30, 'dark': 29, 'medium': 1}, 'AL-DC1(R)': {'post': 1, 'upstream': 1}, 'AL-DC2(R)': {'post': 49, 'upstream': 49, 'mito': 14, 'dark': 14}, 'AL-VM5d(R)': {'post': 11, 'upstream': 11, 'mito': 4, 'dark': 4}, 'AL-VM7v(R)': {'post': 1, 'upstream': 1, 'mito': 2, 'dark': 2}, 'AL-VA6(R)': {'post': 1, 'upstream': 1, 'mito': 1, 'dark': 1}, 'AL-VP1l(R)': {'post': 1, 'upstream': 1}, 'AL-VC1(R)': {'post': 7, 'upstream': 7, 'mito': 1, 'dark': 1}, 'AL-VC3l(R)': {'post': 1, 'upstream': 1, 'mito': 1, 'dark': 1}, 'AL-VC4(R)': {'post': 9, 'upstream': 9, 'mito': 3, 'dark': 3}, 'AL-VC2(R)': {'post': 1, 'upstream': 1}}",,"['AL(R)', 'AL-DC1(R)', 'AL-DC2(R)', 'AL-VA6(R)', 'AL-VC1(R)', 'AL-VC2(R)', 'AL-VC3l(R)', 'AL-VC4(R)', 'AL-VM5d(R)', 'AL-VM7v(R)', 'AL-VP1l(R)', 'LH(R)', 'PLP(R)', 'SLP(R)', 'SNP(R)', 'VLNP(R)']","['LH(R)', 'PLP(R)', 'SLP(R)', 'SNP(R)', 'VLNP(R)']"
1570685033,M_vPNml54_R,M_vPNml54,100,234,933,234,96,253907772,Traced,False,Roughly traced,AVM04,,,"{'SNP(R)': {'pre': 73, 'post': 54, 'downstream': 698, 'upstream': 54, 'mito': 38, 'dark': 26, 'light': 2, 'medium': 10}, 'SLP(R)': {'pre': 73, 'post': 54, 'downstream': 698, 'upstream': 54, 'mito': 38, 'dark': 26, 'light': 2, 'medium': 10}, 'LH(R)': {'pre': 26, 'post': 31, 'downstream': 230, 'upstream': 31, 'mito': 17, 'dark': 12, 'medium': 5}, 'mALT(R)': {'post': 1, 'upstream': 1, 'mito': 2, 'medium': 2}, 'AL(R)': {'pre': 1, 'post': 147, 'downstream': 5, 'upstream': 147, 'mito': 29, 'dark': 27, 'light': 2}, 'AL-DA1(R)': {'post': 3, 'upstream': 3}, 'AL-DC1(R)': {'post': 2, 'upstream': 2, 'mito': 1, 'light': 1}, 'AL-DC3(R)': {'post': 3, 'upstream': 3, 'mito': 2, 'dark': 2}, 'AL-DC4(R)': {'post': 8, 'upstream': 8, 'mito': 4, 'dark': 4}, 'AL-DC2(R)': {'pre': 1, 'post': 103, 'downstream': 5, 'upstream': 103, 'mito': 13, 'dark': 13}, 'AL-VP1d(R)': {'post': 4, 'upstream': 4}, 'AL-VP1m(R)': {'post': 1, 'upstream': 1}, 'AL-VC1(R)': {'post': 4, 'upstream': 4}, 'AL-VM5v(R)': {'post': 2, 'upstream': 2, 'mito': 1, 'dark': 1}, 'AL-VA6(R)': {'post': 3, 'upstream': 3, 'mito': 3, 'dark': 2, 'light': 1}, 'AL-VC2(R)': {'post': 1, 'upstream': 1}, 'AL-VP4(R)': {'post': 3, 'upstream': 3, 'mito': 2, 'dark': 2}}",,"['AL(R)', 'AL-DA1(R)', 'AL-DC1(R)', 'AL-DC2(R)', 'AL-DC3(R)', 'AL-DC4(R)', 'AL-VA6(R)', 'AL-VC1(R)', 'AL-VC2(R)', 'AL-VM5v(R)', 'AL-VP1d(R)', 'AL-VP1m(R)', 'AL-VP4(R)', 'LH(R)', 'SLP(R)', 'SNP(R)', 'mALT(R)']","['AL(R)', 'AL-DC2(R)', 'LH(R)', 'SLP(R)', 'SNP(R)']"
1570685132,M_vPNml76_R,M_vPNml76,149,322,1671,322,119,358332793,Traced,False,Roughly traced,AVM04,411.5,"[21054, 35540, 33760]","{'LH(R)': {'pre': 142, 'post': 18, 'downstream': 1628, 'upstream': 18, 'mito': 43, 'dark': 41, 'medium': 2}, 'VLNP(R)': {'pre': 2, 'downstream': 27, 'mito': 1, 'dark': 1}, 'PLP(R)': {'pre': 2, 'downstream': 27, 'mito': 1, 'dark': 1}, 'AL(R)': {'post': 302, 'upstream': 302, 'mito': 50, 'dark': 50}, 'AL-D(R)': {'post': 115, 'upstream': 115, 'mito': 14, 'dark': 14}, 'AL-DL5(R)': {'post': 3, 'upstream': 3}, 'AL-DL1(R)': {'post': 31, 'upstream': 31, 'mito': 8, 'dark': 8}, 'AL-DL4(R)': {'post': 4, 'upstream': 4}, 'AL-DA1(R)': {'post': 6, 'upstream': 6, 'mito': 1, 'dark': 1}, 'AL-DC1(R)': {'post': 29, 'upstream': 29, 'mito': 7, 'dark': 7}, 'AL-DA4m(R)': {'post': 11, 'upstream': 11}, 'AL-DA4l(R)': {'post': 4, 'upstream': 4, 'mito': 1, 'dark': 1}, 'AL-DC3(R)': {'post': 8, 'upstream': 8, 'mito': 3, 'dark': 3}, 'AL-VP1d(R)': {'post': 8, 'upstream': 8, 'mito': 1, 'dark': 1}, 'AL-VA6(R)': {'post': 16, 'upstream': 16, 'mito': 1, 'dark': 1}, 'AL-VP1m(R)': {'post': 1, 'upstream': 1, 'mito': 1, 'dark': 1}, 'AL-VP4(R)': {'post': 1, 'upstream': 1, 'mito': 2, 'dark': 2}, 'AL-VC1(R)': {'post': 50, 'upstream': 50, 'mito': 7, 'dark': 7}, 'AL-VC2(R)': {'post': 7, 'upstream': 7}}",,"['AL(R)', 'AL-D(R)', 'AL-DA1(R)', 'AL-DA4l(R)', 'AL-DA4m(R)', 'AL-DC1(R)', 'AL-DC3(R)', 'AL-DL1(R)', 'AL-DL4(R)', 'AL-DL5(R)', 'AL-VA6(R)', 'AL-VC1(R)', 'AL-VC2(R)', 'AL-VP1d(R)', 'AL-VP1m(R)', 'AL-VP4(R)', 'LH(R)']","['LH(R)', 'PLP(R)', 'VLNP(R)']"
1570685224,M_vPNml53_R,M_vPNml53,142,209,1406,209,105,312186973,Traced,False,Roughly traced,AVM04,,,"{'SNP(R)': {'pre': 132, 'post': 120, 'downstream': 1309, 'upstream': 120, 'mito': 63, 'dark': 46, 'light': 2, 'medium': 15}, 'SLP(R)': {'pre': 132, 'post': 120, 'downstream': 1309, 'upstream': 120, 'mito': 63, 'dark': 46, 'light': 2, 'medium': 15}, 'LH(R)': {'pre': 10, 'post': 13, 'downstream': 97, 'upstream': 13, 'mito': 11, 'dark': 10, 'medium': 1}, 'AL(R)': {'post': 75, 'upstream': 75, 'mito': 17, 'dark': 13, 'medium': 4}, 'AL-DA2(R)': {'post': 43, 'upstream': 43, 'mito': 5, 'dark': 4, 'medium': 1}, 'AL-DC2(R)': {'post': 6, 'upstream': 6, 'mito': 4, 'dark': 4}, 'AL-DC4(R)': {'post': 8, 'upstream': 8, 'mito': 2, 'dark': 1, 'medium': 1}, 'AL-VP1d(R)': {'post': 1, 'upstream': 1}, 'AL-VP4(R)': {'post': 8, 'upstream': 8, 'mito': 4, 'dark': 2, 'medium': 2}, 'AL-VP1l(R)': {'post': 1, 'upstream': 1}}",,"['AL(R)', 'AL-DA2(R)', 'AL-DC2(R)', 'AL-DC4(R)', 'AL-VP1d(R)', 'AL-VP1l(R)', 'AL-VP4(R)', 'LH(R)', 'SLP(R)', 'SNP(R)']","['LH(R)', 'SLP(R)', 'SNP(R)']"
1570685257,M_vPNml72_R,M_vPNml72,125,328,1191,328,105,422460082,Traced,False,Roughly traced,AVM04,341.5,"[19403, 32524, 34496]","{'LH(R)': {'pre': 70, 'post': 48, 'downstream': 715, 'upstream': 48, 'mito': 21, 'dark': 19, 'medium': 2}, 'SNP(R)': {'pre': 33, 'post': 11, 'downstream': 279, 'upstream': 11, 'mito': 6, 'dark': 4, 'medium': 2}, 'SLP(R)': {'pre': 33, 'post': 11, 'downstream': 279, 'upstream': 11, 'mito': 6, 'dark': 4, 'medium': 2}, 'INP': {'pre': 19, 'post': 22, 'downstream': 179, 'upstream': 22, 'mito': 4, 'dark': 3, 'medium': 1}, 'SCL(R)': {'pre': 19, 'post': 22, 'downstream': 179, 'upstream': 22, 'mito': 4, 'dark': 3, 'medium': 1}, 'VLNP(R)': {'pre': 1, 'post': 2, 'downstream': 14, 'upstream': 2, 'mito': 3, 'dark': 3}, 'PLP(R)': {'pre': 1, 'post': 2, 'downstream': 14, 'upstream': 2, 'mito': 1, 'dark': 1}, 'AL(R)': {'pre': 1, 'post': 244, 'downstream': 3, 'upstream': 244, 'mito': 50, 'dark': 50}, 'AL-D(R)': {'post': 16, 'upstream': 16, 'mito': 3, 'dark': 3}, 'AL-DC1(R)': {'post': 46, 'upstream': 46, 'mito': 6, 'dark': 6}, 'AL-DC4(R)': {'post': 31, 'upstream': 31, 'mito': 11, 'dark': 11}, 'AL-DP1m(R)': {'post': 38, 'upstream': 38, 'mito': 7, 'dark': 7}, 'AL-DC2(R)': {'post': 15, 'upstream': 15, 'mito': 1, 'dark': 1}, 'AL-VP1d(R)': {'pre': 1, 'post': 9, 'downstream': 3, 'upstream': 9, 'mito': 3, 'dark': 3}, 'AL-VM7d(R)': {'post': 22, 'upstream': 22, 'mito': 5, 'dark': 5}, 'AL-VM5d(R)': {'post': 36, 'upstream': 36, 'mito': 5, 'dark': 5}, 'AL-VM7v(R)': {'post': 13, 'upstream': 13, 'mito': 5, 'dark': 5}, 'AL-VC3l(R)': {'post': 15, 'upstream': 15, 'mito': 4, 'dark': 4}, 'AL-VP4(R)': {'post': 3, 'upstream': 3}}",,"['AL(R)', 'AL-D(R)', 'AL-DC1(R)', 'AL-DC2(R)', 'AL-DC4(R)', 'AL-DP1m(R)', 'AL-VC3l(R)', 'AL-VM5d(R)', 'AL-VM7d(R)', 'AL-VM7v(R)', 'AL-VP1d(R)', 'AL-VP4(R)', 'INP', 'LH(R)', 'PLP(R)', 'SCL(R)', 'SLP(R)', 'SNP(R)', 'VLNP(R)']","['AL(R)', 'AL-VP1d(R)', 'INP', 'LH(R)', 'PLP(R)', 'SCL(R)', 'SLP(R)', 'SNP(R)', 'VLNP(R)']"
1570685283,DM3_vPN_R,DM3_vPN,137,268,1206,268,102,257193604,Traced,False,Roughly traced,AVM04,,,"{'LH(R)': {'pre': 137, 'post': 122, 'downstream': 1206, 'upstream': 122, 'mito': 56, 'dark': 46, 'medium': 10}, 'AL(R)': {'post': 143, 'upstream': 143, 'mito': 31, 'dark': 31}, 'AL-DM3(R)': {'post': 64, 'upstream': 64, 'mito': 6, 'dark': 6}, 'AL-DM1(R)': {'post': 1, 'upstream': 1, 'mito': 2, 'dark': 2}, 'AL-DL5(R)': {'post': 4, 'upstream': 4}, 'AL-DC4(R)': {'post': 60, 'upstream': 60, 'mito': 14, 'dark': 14}, 'AL-DP1m(R)': {'post': 3, 'upstream': 3, 'mito': 1, 'dark': 1}, 'AL-VP4(R)': {'post': 2, 'upstream': 2, 'mito': 3, 'dark': 3}, 'AL-VC4(R)': {'post': 1, 'upstream': 1, 'mito': 1, 'dark': 1}, 'AL-VC3l(R)': {'post': 6, 'upstream': 6, 'mito': 1, 'dark': 1}}",,"['AL(R)', 'AL-DC4(R)', 'AL-DL5(R)', 'AL-DM1(R)', 'AL-DM3(R)', 'AL-DP1m(R)', 'AL-VC3l(R)', 'AL-VC4(R)', 'AL-VP4(R)', 'LH(R)']",['LH(R)']
1571025824,M_vPNml86_R,M_vPNml86,125,163,1069,163,79,205592300,Traced,False,Roughly traced,AVM04,,,"{'LH(R)': {'pre': 125, 'post': 119, 'downstream': 1069, 'upstream': 119, 'mito': 51, 'dark': 41, 'light': 1, 'medium': 9}, 'AL(R)': {'post': 44, 'upstream': 44, 'mito': 17, 'dark': 16, 'medium': 1}, 'AL-DM3(R)': {'post': 12, 'upstream': 12, 'mito': 3, 'dark': 3}, 'AL-DL5(R)': {'post': 5, 'upstream': 5, 'mito': 2, 'dark': 2}, 'AL-DC4(R)': {'post': 17, 'upstream': 17, 'mito': 9, 'dark': 8, 'medium': 1}, 'AL-DP1m(R)': {'post': 2, 'upstream': 2}, 'AL-VM7v(R)': {'post': 1, 'upstream': 1}, 'AL-VP1d(R)': {'post': 1, 'upstream': 1, 'mito': 1, 'dark': 1}, 'AL-VP4(R)': {'post': 2, 'upstream': 2, 'mito': 1, 'dark': 1}}",,"['AL(R)', 'AL-DC4(R)', 'AL-DL5(R)', 'AL-DM3(R)', 'AL-DP1m(R)', 'AL-VM7v(R)', 'AL-VP1d(R)', 'AL-VP4(R)', 'LH(R)']",['LH(R)']
1609542060,DL3_lPN_R,DL3_lPN,1157,3619,9563,3619,625,2203383447,Traced,False,Roughly traced,AVM02,441.5,"[13687, 35945, 26064]","{'SNP(R)': {'pre': 121, 'post': 29, 'downstream': 1335, 'upstream': 29, 'mito': 22, 'dark': 19, 'medium': 3}, 'SLP(R)': {'pre': 121, 'post': 29, 'downstream': 1335, 'upstream': 29, 'mito': 22, 'dark': 19, 'medium': 3}, 'MB(R)': {'pre': 126, 'post': 75, 'downstream': 1155, 'upstream': 75, 'mito': 14, 'dark': 14}, 'CA(R)': {'pre': 126, 'post': 75, 'downstream': 1155, 'upstream': 75, 'mito': 14, 'dark': 14}, 'MB(+ACA)(R)': {'pre': 126, 'post': 75, 'downstream': 1155, 'upstream': 75, 'mito': 14, 'dark': 14}, 'mALT(R)': {'pre': 27, 'post': 16, 'downstream': 156, 'upstream': 16, 'mito': 73, 'dark': 72, 'medium': 1}, 'LH(R)': {'pre': 554, 'post': 233, 'downstream': 5334, 'upstream': 233, 'mito': 121, 'dark': 119, 'medium': 2}, 'INP': {'pre': 19, 'post': 2, 'downstream': 155, 'upstream': 2, 'mito': 5, 'dark': 5}, 'SCL(R)': {'pre': 19, 'post': 2, 'downstream': 155, 'upstream': 2, 'mito': 5, 'dark': 5}, 'AL(R)': {'pre': 309, 'post': 3264, 'downstream': 1427, 'upstream': 3264, 'mito': 290, 'dark': 284, 'light': 2, 'medium': 4}, 'AL-DL3(R)': {'pre': 284, 'post': 3027, 'downstream': 1295, 'upstream': 3027, 'mito': 231, 'dark': 227, 'light': 2, 'medium': 2}, 'AL-DL4(R)': {'pre': 11, 'post': 90, 'downstream': 51, 'upstream': 90, 'mito': 11, 'dark': 11}, 'AL-D(R)': {'post': 3, 'upstream': 3, 'mito': 3, 'dark': 3}, 'AL-DA1(R)': {'pre': 14, 'post': 139, 'downstream': 81, 'upstream': 139, 'mito': 33, 'dark': 31, 'medium': 2}, 'AL-DL1(R)': {'post': 2, 'upstream': 2, 'mito': 4, 'dark': 4}, 'AL-VP1d(R)': {'post': 3, 'upstream': 3, 'mito': 8, 'dark': 8}}",,"['AL(R)', 'AL-D(R)', 'AL-DA1(R)', 'AL-DL1(R)', 'AL-DL3(R)', 'AL-DL4(R)', 'AL-VP1d(R)', 'CA(R)', 'INP', 'LH(R)', 'MB(+ACA)(R)', 'MB(R)', 'SCL(R)', 'SLP(R)', 'SNP(R)', 'mALT(R)']","['AL(R)', 'AL-DA1(R)', 'AL-DL3(R)', 'AL-DL4(R)', 'CA(R)', 'INP', 'LH(R)', 'MB(+ACA)(R)', 'MB(R)', 'SCL(R)', 'SLP(R)', 'SNP(R)', 'mALT(R)']"
1609883245,DL3_lPN_R,DL3_lPN,458,1552,3606,1552,258,890025573,Traced,False,Roughly traced,AVM02,376.5,"[15266, 36441, 23448]","{'LH(R)': {'pre': 317, 'post': 129, 'downstream': 2870, 'upstream': 129, 'mito': 63, 'dark': 62, 'medium': 1}, 'mALT(R)': {'pre': 4, 'post': 11, 'downstream': 13, 'upstream': 11, 'mito': 30, 'dark': 30}, 'SNP(R)': {'post': 4, 'upstream': 4, 'mito': 1, 'dark': 1}, 'SLP(R)': {'post': 4, 'upstream': 4, 'mito': 1, 'dark': 1}, 'INP': {'post': 2, 'upstream': 2, 'mito': 1, 'dark': 1}, 'SCL(R)': {'post': 2, 'upstream': 2, 'mito': 1, 'dark': 1}, 'AL(R)': {'pre': 135, 'post': 1405, 'downstream': 720, 'upstream': 1405, 'mito': 132, 'dark': 127, 'light': 2, 'medium': 3}, 'AL-DL3(R)': {'pre': 69, 'post': 1244, 'downstream': 341, 'upstream': 1244, 'mito': 83, 'dark': 82, 'medium': 1}, 'AL-DL4(R)': {'pre': 22, 'post': 42, 'downstream': 146, 'upstream': 42, 'mito': 9, 'dark': 9}, 'AL-D(R)': {'post': 2, 'upstream': 2, 'mito': 1, 'dark': 1}, 'AL-DA1(R)': {'pre': 42, 'post': 116, 'downstream': 229, 'upstream': 116, 'mito': 34, 'dark': 30, 'light': 2, 'medium': 2}, 'AL-DL2v(R)': {'pre': 1, 'downstream': 2}, 'AL-VP1d(R)': {'pre': 1, 'downstream': 2, 'mito': 5, 'dark': 5}}",,"['AL(R)', 'AL-D(R)', 'AL-DA1(R)', 'AL-DL3(R)', 'AL-DL4(R)', 'INP', 'LH(R)', 'SCL(R)', 'SLP(R)', 'SNP(R)', 'mALT(R)']","['AL(R)', 'AL-DA1(R)', 'AL-DL2v(R)', 'AL-DL3(R)', 'AL-DL4(R)', 'AL-VP1d(R)', 'LH(R)', 'mALT(R)']"
1630051981,VA4_lPN_R,VA4_lPN,2026,3757,16464,3757,670,3489346451,Traced,False,Roughly traced,AVM02,556.5,"[13051, 34769, 26888]","{'LH(R)': {'pre': 802, 'post': 542, 'downstream': 6701, 'upstream': 542, 'mito': 134, 'dark': 106, 'medium': 28}, 'MB(R)': {'pre': 541, 'post': 251, 'downstream': 5706, 'upstream': 251, 'mito': 68, 'dark': 65, 'light': 2, 'medium': 1}, 'CA(R)': {'pre': 541, 'post': 251, 'downstream': 5706, 'upstream': 251, 'mito': 68, 'dark': 65, 'light': 2, 'medium': 1}, 'MB(+ACA)(R)': {'pre': 541, 'post': 251, 'downstream': 5706, 'upstream': 251, 'mito': 68, 'dark': 65, 'light': 2, 'medium': 1}, 'mALT(R)': {'pre': 7, 'post': 13, 'downstream': 24, 'upstream': 13, 'mito': 103, 'dark': 98, 'light': 2, 'medium': 3}, 'AL(R)': {'pre': 659, 'post': 2946, 'downstream': 3861, 'upstream': 2946, 'mito': 286, 'dark': 257, 'light': 3, 'medium': 26}, 'AL-VP1d(R)': {'pre': 1, 'post': 5, 'downstream': 2, 'upstream': 5, 'mito': 16, 'dark': 16}, 'AL-VP4(R)': {'post': 2, 'upstream': 2, 'mito': 6, 'dark': 6}, 'AL-VC5(R)': {'post': 1, 'upstream': 1, 'mito': 9, 'dark': 9}, 'AL-VC3l(R)': {'pre': 1, 'post': 7, 'downstream': 4, 'upstream': 7, 'mito': 6, 'dark': 6}, 'AL-VC2(R)': {'pre': 103, 'post': 226, 'downstream': 644, 'upstream': 226, 'mito': 28, 'dark': 27, 'medium': 1}, 'AL-VA4(R)': {'pre': 515, 'post': 2499, 'downstream': 2970, 'upstream': 2499, 'mito': 200, 'dark': 174, 'light': 3, 'medium': 23}, 'AL-VA3(R)': {'pre': 12, 'post': 119, 'downstream': 71, 'upstream': 119, 'mito': 3, 'dark': 2, 'medium': 1}, 'AL-VA5(R)': {'post': 3, 'upstream': 3}, 'AL-VL1(R)': {'pre': 27, 'post': 79, 'downstream': 170, 'upstream': 79, 'mito': 15, 'dark': 14, 'medium': 1}, 'AL-V(R)': {'post': 2, 'upstream': 2}}",,"['AL(R)', 'AL-V(R)', 'AL-VA3(R)', 'AL-VA4(R)', 'AL-VA5(R)', 'AL-VC2(R)', 'AL-VC3l(R)', 'AL-VC5(R)', 'AL-VL1(R)', 'AL-VP1d(R)', 'AL-VP4(R)', 'CA(R)', 'LH(R)', 'MB(+ACA)(R)', 'MB(R)', 'mALT(R)']","['AL(R)', 'AL-VA3(R)', 'AL-VA4(R)', 'AL-VC2(R)', 'AL-VC3l(R)', 'AL-VL1(R)', 'AL-VP1d(R)', 'CA(R)', 'LH(R)', 'MB(+ACA)(R)', 'MB(R)', 'mALT(R)']"
1630734360,M_lPNm11A_R,M_lPNm11A,226,365,1545,365,156,590722004,Traced,False,Roughly traced,AVM02,346.5,"[14746, 35411, 28688]","{'mALT(R)': {'pre': 18, 'post': 14, 'downstream': 105, 'upstream': 14, 'mito': 23, 'dark': 23}, 'INP': {'pre': 25, 'post': 8, 'downstream': 194, 'upstream': 8, 'mito': 9, 'dark': 8, 'medium': 1}, 'SCL(R)': {'pre': 25, 'post': 7, 'downstream': 194, 'upstream': 7, 'mito': 9, 'dark': 8, 'medium': 1}, 'SNP(R)': {'pre': 5, 'downstream': 42, 'mito': 4, 'dark': 3, 'light': 1}, 'SLP(R)': {'pre': 5, 'downstream': 42, 'mito': 4, 'dark': 3, 'light': 1}, 'VLNP(R)': {'pre': 125, 'post': 27, 'downstream': 976, 'upstream': 27, 'mito': 45, 'dark': 45}, 'PLP(R)': {'pre': 81, 'post': 22, 'downstream': 648, 'upstream': 22, 'mito': 30, 'dark': 30}, 'ICL(R)': {'post': 1, 'upstream': 1}, 'AL(R)': {'pre': 48, 'post': 305, 'downstream': 192, 'upstream': 305, 'mito': 58, 'dark': 55, 'light': 2, 'medium': 1}, 'AL-DM4(R)': {'post': 2, 'upstream': 2, 'mito': 1, 'light': 1}, 'AL-VP4(R)': {'pre': 10, 'post': 75, 'downstream': 32, 'upstream': 75, 'mito': 12, 'dark': 12}, 'AL-DP1m(R)': {'post': 14, 'upstream': 14, 'mito': 1, 'dark': 1}, 'AL-DL2v(R)': {'post': 1, 'upstream': 1, 'mito': 1, 'dark': 1}, 'AL-VP1d(R)': {'pre': 8, 'post': 14, 'downstream': 34, 'upstream': 14, 'mito': 4, 'dark': 4}, 'AL-DP1l(R)': {'pre': 2, 'post': 4, 'downstream': 9, 'upstream': 4, 'mito': 1, 'dark': 1}, 'AL-VP1l(R)': {'pre': 3, 'post': 18, 'downstream': 13, 'upstream': 18, 'mito': 3, 'dark': 3}, 'WED(R)': {'pre': 44, 'post': 5, 'downstream': 328, 'upstream': 5, 'mito': 15, 'dark': 15}, 'AL-VP2(R)': {'pre': 9, 'post': 31, 'downstream': 41, 'upstream': 31, 'mito': 9, 'dark': 9}, 'AL-VP3(R)': {'pre': 2, 'post': 28, 'downstream': 8, 'upstream': 28, 'mito': 1, 'dark': 1}, 'AL-VC5(R)': {'pre': 3, 'post': 26, 'downstream': 10, 'upstream': 26, 'mito': 5, 'dark': 5}, 'AL-VP1m(R)': {'pre': 5, 'post': 6, 'downstream': 21, 'upstream': 6, 'mito': 2, 'dark': 1, 'medium': 1}, 'AL-VA5(R)': {'pre': 1, 'post': 10, 'downstream': 4, 'upstream': 10, 'mito': 2, 'dark': 2}, 'AL-VL1(R)': {'pre': 2, 'post': 56, 'downstream': 7, 'upstream': 56, 'mito': 9, 'dark': 9}, 'AL-VL2p(R)': {'pre': 1, 'post': 1, 'downstream': 2, 'upstream': 1, 'mito': 1, 'dark': 1}, 'AL-VC2(R)': {'post': 1, 'upstream': 1}, 'AL-VP5(R)': {'pre': 1, 'post': 8, 'downstream': 5, 'upstream': 8, 'mito': 3, 'dark': 3}, 'AL-V(R)': {'post': 5, 'upstream': 5, 'mito': 1, 'dark': 1}, 'VMNP': {'pre': 1, 'post': 6, 'downstream': 5, 'upstream': 6, 'mito': 1, 'dark': 1}, 'VES(R)': {'pre': 1, 'post': 6, 'downstream': 5, 'upstream': 6, 'mito': 1, 'dark': 1}}",AL-mPN4 (Tanaka et al. JCN 2012) projection to LH/PLP; VP4++ lPN (Marin et al. Curr Biol 2020),"['AL(R)', 'AL-DL2v(R)', 'AL-DM4(R)', 'AL-DP1l(R)', 'AL-DP1m(R)', 'AL-V(R)', 'AL-VA5(R)', 'AL-VC2(R)', 'AL-VC5(R)', 'AL-VL1(R)', 'AL-VL2p(R)', 'AL-VP1d(R)', 'AL-VP1l(R)', 'AL-VP1m(R)', 'AL-VP2(R)', 'AL-VP3(R)', 'AL-VP4(R)', 'AL-VP5(R)', 'ICL(R)', 'INP', 'PLP(R)', 'SCL(R)', 'VES(R)', 'VLNP(R)', 'VMNP', 'WED(R)', 'mALT(R)']","['AL(R)', 'AL-DP1l(R)', 'AL-VA5(R)', 'AL-VC5(R)', 'AL-VL1(R)', 'AL-VL2p(R)', 'AL-VP1d(R)', 'AL-VP1l(R)', 'AL-VP1m(R)', 'AL-VP2(R)', 'AL-VP3(R)', 'AL-VP4(R)', 'AL-VP5(R)', 'INP', 'PLP(R)', 'SCL(R)', 'SLP(R)', 'SNP(R)', 'VES(R)', 'VLNP(R)', 'VMNP', 'WED(R)', 'mALT(R)']"
1639234609,VP1d_il2PN(dALT),VP1d_il2PN,571,1773,4740,1773,221,889510708,Traced,False,Roughly traced,,,,"{'SNP(R)': {'pre': 9, 'post': 8, 'downstream': 89, 'upstream': 8, 'mito': 14, 'dark': 14}, 'SIP(R)': {'pre': 1, 'post': 1, 'downstream': 3, 'upstream': 1, 'mito': 4, 'dark': 4}, 'SLP(R)': {'pre': 8, 'post': 5, 'downstream': 86, 'upstream': 5, 'mito': 8, 'dark': 8}, 'INP': {'pre': 50, 'post': 30, 'downstream': 432, 'upstream': 30, 'mito': 12, 'dark': 12}, 'SCL(R)': {'pre': 49, 'post': 27, 'downstream': 429, 'upstream': 27, 'mito': 9, 'dark': 9}, 'MB(R)': {'pre': 75, 'post': 16, 'downstream': 498, 'upstream': 16, 'mito': 8, 'dark': 7, 'light': 1}, 'CA(R)': {'pre': 73, 'post': 15, 'downstream': 493, 'upstream': 15, 'mito': 6, 'dark': 5, 'light': 1}, 'MB(+ACA)(R)': {'pre': 75, 'post': 16, 'downstream': 498, 'upstream': 16, 'mito': 8, 'dark': 7, 'light': 1}, 'VLNP(R)': {'pre': 82, 'post': 38, 'downstream': 837, 'upstream': 38, 'mito': 31, 'dark': 31}, 'AOTU(R)': {'post': 7, 'upstream': 7, 'mito': 8, 'dark': 8}, 'LH(R)': {'pre': 62, 'post': 16, 'downstream': 648, 'upstream': 16, 'mito': 12, 'dark': 11, 'light': 1}, 'SMP(R)': {'post': 2, 'upstream': 2, 'mito': 2, 'dark': 2}, 'PLP(R)': {'pre': 82, 'post': 28, 'downstream': 837, 'upstream': 28, 'mito': 17, 'dark': 17}, 'AVLP(R)': {'post': 3, 'upstream': 3, 'mito': 6, 'dark': 6}, 'gL(R)': {'pre': 2, 'post': 1, 'downstream': 5, 'upstream': 1, 'mito': 2, 'dark': 2}, 'g2(R)': {'pre': 2, 'post': 1, 'downstream': 5, 'upstream': 1, 'mito': 2, 'dark': 2}, 'CRE(R)': {'pre': 1, 'post': 3, 'downstream': 3, 'upstream': 3, 'mito': 3, 'dark': 3}, 'CRE(-ROB,-RUB)(R)': {'pre': 1, 'post': 3, 'downstream': 3, 'upstream': 3, 'mito': 3, 'dark': 3}, 'AL(R)': {'pre': 292, 'post': 1661, 'downstream': 2233, 'upstream': 1661, 'mito': 123, 'dark': 122, 'medium': 1}, 'AL-VP2(R)': {'pre': 1, 'post': 36, 'downstream': 9, 'upstream': 36, 'mito': 7, 'dark': 7}, 'AL-VP1d(R)': {'pre': 117, 'post': 552, 'downstream': 907, 'upstream': 552, 'mito': 26, 'dark': 25, 'medium': 1}, 'AL-VP1m(R)': {'pre': 97, 'post': 331, 'downstream': 728, 'upstream': 331, 'mito': 33, 'dark': 33}, 'AL-VC5(R)': {'pre': 77, 'post': 723, 'downstream': 589, 'upstream': 723, 'mito': 53, 'dark': 53}, 'AL-VP5(R)': {'post': 1, 'upstream': 1, 'mito': 4, 'dark': 4}, 'AL-VP1l(R)': {'post': 18, 'upstream': 18}}",,"['AL(R)', 'AL-VC5(R)', 'AL-VP1d(R)', 'AL-VP1l(R)', 'AL-VP1m(R)', 'AL-VP2(R)', 'AL-VP5(R)', 'AOTU(R)', 'AVLP(R)', 'CA(R)', 'CRE(-ROB,-RUB)(R)', 'CRE(R)', 'INP', 'LH(R)', 'MB(+ACA)(R)', 'MB(R)', 'PLP(R)', 'SCL(R)', 'SIP(R)', 'SLP(R)', 'SMP(R)', 'SNP(R)', 'VLNP(R)', 'g2(R)', 'gL(R)']","['AL(R)', 'AL-VC5(R)', 'AL-VP1d(R)', 'AL-VP1m(R)', 'AL-VP2(R)', 'CA(R)', 'CRE(-ROB,-RUB)(R)', 'CRE(R)', 'INP', 'LH(R)', 'MB(+ACA)(R)', 'MB(R)', 'PLP(R)', 'SCL(R)', 'SIP(R)', 'SLP(R)', 'SNP(R)', 'VLNP(R)', 'g2(R)', 'gL(R)']"
1639243580,VP1d_il2PN(dALT),VP1d_il2PN,609,2158,5145,2158,246,961970835,Traced,False,Roughly traced,,,,"{'SNP(R)': {'pre': 8, 'post': 9, 'downstream': 88, 'upstream': 9, 'mito': 23, 'dark': 23}, 'SIP(R)': {'pre': 1, 'post': 2, 'downstream': 3, 'upstream': 2, 'mito': 10, 'dark': 10}, 'SLP(R)': {'pre': 7, 'post': 5, 'downstream': 85, 'upstream': 5, 'mito': 13, 'dark': 13}, 'INP': {'pre': 56, 'post': 20, 'downstream': 490, 'upstream': 20, 'mito': 14, 'dark': 14}, 'SCL(R)': {'pre': 56, 'post': 20, 'downstream': 490, 'upstream': 20, 'mito': 12, 'dark': 12}, 'MB(R)': {'pre': 72, 'post': 10, 'downstream': 484, 'upstream': 10, 'mito': 4, 'dark': 4}, 'CA(R)': {'pre': 72, 'post': 10, 'downstream': 484, 'upstream': 10, 'mito': 4, 'dark': 4}, 'MB(+ACA)(R)': {'pre': 72, 'post': 10, 'downstream': 484, 'upstream': 10, 'mito': 4, 'dark': 4}, 'SMP(R)': {'post': 2, 'upstream': 2}, 'LH(R)': {'pre': 59, 'post': 17, 'downstream': 650, 'upstream': 17, 'mito': 9, 'dark': 9}, 'VLNP(R)': {'pre': 87, 'post': 55, 'downstream': 976, 'upstream': 55, 'mito': 33, 'dark': 33}, 'PLP(R)': {'pre': 87, 'post': 53, 'downstream': 976, 'upstream': 53, 'mito': 25, 'dark': 25}, 'AVLP(R)': {'post': 2, 'upstream': 2, 'mito': 6, 'dark': 6}, 'LX(R)': {'post': 2, 'upstream': 2, 'mito': 5, 'dark': 5}, 'LAL(R)': {'post': 2, 'upstream': 2, 'mito': 5, 'dark': 5}, 'LAL(-GA)(R)': {'post': 2, 'upstream': 2, 'mito': 5, 'dark': 5}, 'AL(R)': {'pre': 323, 'post': 2040, 'downstream': 2449, 'upstream': 2040, 'mito': 135, 'dark': 131, 'medium': 4}, 'AL-VC5(R)': {'pre': 67, 'post': 838, 'downstream': 524, 'upstream': 838, 'mito': 59, 'dark': 57, 'medium': 2}, 'AL-VP1d(R)': {'pre': 179, 'post': 740, 'downstream': 1320, 'upstream': 740, 'mito': 31, 'dark': 30, 'medium': 1}, 'AL-VP1m(R)': {'pre': 69, 'post': 281, 'downstream': 542, 'upstream': 281, 'mito': 23, 'dark': 22, 'medium': 1}, 'AL-VP2(R)': {'pre': 7, 'post': 52, 'downstream': 53, 'upstream': 52, 'mito': 15, 'dark': 15}, 'AL-VP1l(R)': {'pre': 1, 'post': 104, 'downstream': 10, 'upstream': 104, 'mito': 6, 'dark': 6}, 'AL-VP5(R)': {'post': 2, 'upstream': 2, 'mito': 1, 'dark': 1}, 'AL-V(R)': {'post': 23, 'upstream': 23}, 'GNG': {'post': 1, 'upstream': 1}}",,"['AL(R)', 'AL-V(R)', 'AL-VC5(R)', 'AL-VP1d(R)', 'AL-VP1l(R)', 'AL-VP1m(R)', 'AL-VP2(R)', 'AL-VP5(R)', 'AVLP(R)', 'CA(R)', 'GNG', 'INP', 'LAL(-GA)(R)', 'LAL(R)', 'LH(R)', 'LX(R)', 'MB(+ACA)(R)', 'MB(R)', 'PLP(R)', 'SCL(R)', 'SIP(R)', 'SLP(R)', 'SMP(R)', 'SNP(R)', 'VLNP(R)']","['AL(R)', 'AL-VC5(R)', 'AL-VP1d(R)', 'AL-VP1l(R)', 'AL-VP1m(R)', 'AL-VP2(R)', 'CA(R)', 'INP', 'LH(R)', 'MB(+ACA)(R)', 'MB(R)', 'PLP(R)', 'SCL(R)', 'SIP(R)', 'SLP(R)', 'SNP(R)', 'VLNP(R)']"
1640568102,DL3_lPN_R,DL3_lPN,410,1319,2953,1319,258,861696090,Traced,False,Roughly traced,AVM02,376.5,"[13888, 36035, 23248]","{'LH(R)': {'pre': 264, 'post': 138, 'downstream': 2293, 'upstream': 138, 'mito': 71, 'dark': 67, 'light': 1, 'medium': 3}, 'mALT(R)': {'pre': 2, 'post': 8, 'downstream': 6, 'upstream': 8, 'mito': 28, 'dark': 27, 'light': 1}, 'SNP(R)': {'post': 1, 'upstream': 1, 'mito': 1, 'dark': 1}, 'SLP(R)': {'post': 1, 'upstream': 1, 'mito': 1, 'dark': 1}, 'AL(R)': {'pre': 144, 'post': 1172, 'downstream': 654, 'upstream': 1172, 'mito': 125, 'dark': 117, 'light': 4, 'medium': 4}, 'AL-DL3(R)': {'pre': 102, 'post': 1005, 'downstream': 417, 'upstream': 1005, 'mito': 76, 'dark': 71, 'light': 2, 'medium': 3}, 'AL-DL4(R)': {'pre': 13, 'post': 73, 'downstream': 79, 'upstream': 73, 'mito': 12, 'dark': 12}, 'AL-D(R)': {'pre': 2, 'post': 2, 'downstream': 5, 'upstream': 2}, 'AL-DA1(R)': {'pre': 25, 'post': 81, 'downstream': 146, 'upstream': 81, 'mito': 20, 'dark': 19, 'light': 1}, 'AL-DL1(R)': {'pre': 1, 'post': 7, 'downstream': 5, 'upstream': 7, 'mito': 9, 'dark': 7, 'light': 1, 'medium': 1}, 'AL-DL2v(R)': {'post': 2, 'upstream': 2, 'mito': 2, 'dark': 2}, 'AL-VP1d(R)': {'pre': 1, 'post': 2, 'downstream': 2, 'upstream': 2, 'mito': 6, 'dark': 6}}",,"['AL(R)', 'AL-D(R)', 'AL-DA1(R)', 'AL-DL1(R)', 'AL-DL2v(R)', 'AL-DL3(R)', 'AL-DL4(R)', 'AL-VP1d(R)', 'LH(R)', 'SLP(R)', 'SNP(R)', 'mALT(R)']","['AL(R)', 'AL-D(R)', 'AL-DA1(R)', 'AL-DL1(R)', 'AL-DL3(R)', 'AL-DL4(R)', 'AL-VP1d(R)', 'LH(R)', 'mALT(R)']"
1640594274,DC1_adPN_R,DC1_adPN,3259,6590,28004,6590,1059,4279078053,Traced,False,Roughly traced,AVM01,581.5,"[20613, 36636, 21552]","{'LH(R)': {'pre': 1333, 'post': 502, 'downstream': 12924, 'upstream': 502, 'mito': 208, 'dark': 143, 'light': 22, 'medium': 43}, 'MB(R)': {'pre': 876, 'post': 300, 'downstream': 9069, 'upstream': 300, 'mito': 141, 'dark': 133, 'light': 6, 'medium': 2}, 'CA(R)': {'pre': 876, 'post': 300, 'downstream': 9069, 'upstream': 300, 'mito': 141, 'dark': 133, 'light': 6, 'medium': 2}, 'MB(+ACA)(R)': {'pre': 876, 'post': 300, 'downstream': 9069, 'upstream': 300, 'mito': 141, 'dark': 133, 'light': 6, 'medium': 2}, 'SNP(R)': {'pre': 13, 'post': 6, 'downstream': 76, 'upstream': 6, 'mito': 20, 'dark': 19, 'medium': 1}, 'SLP(R)': {'pre': 13, 'post': 6, 'downstream': 76, 'upstream': 6, 'mito': 20, 'dark': 19, 'medium': 1}, 'mALT(R)': {'pre': 16, 'post': 13, 'downstream': 31, 'upstream': 13, 'mito': 116, 'dark': 100, 'light': 1, 'medium': 15}, 'AL(R)': {'pre': 1020, 'post': 5764, 'downstream': 5901, 'upstream': 5764, 'mito': 485, 'dark': 392, 'light': 11, 'medium': 82}, 'AL-DL4(R)': {'pre': 1, 'post': 1, 'downstream': 1, 'upstream': 1, 'mito': 1, 'dark': 1}, 'CX': {'post': 2, 'upstream': 2, 'mito': 3, 'dark': 3}, 'FB': {'post': 2, 'upstream': 2, 'mito': 3, 'dark': 3}, 'FBl1': {'post': 2, 'upstream': 2, 'mito': 3, 'dark': 3}, 'AL-DL5(R)': {'post': 1, 'upstream': 1, 'mito': 1, 'medium': 1}, 'AL-DL1(R)': {'post': 1, 'upstream': 1, 'mito': 3, 'dark': 2, 'light': 1}, 'AL-DC1(R)': {'pre': 1001, 'post': 5554, 'downstream': 5786, 'upstream': 5554, 'mito': 427, 'dark': 342, 'light': 8, 'medium': 77}, 'AL-D(R)': {'post': 2, 'upstream': 2}, 'AL-DC4(R)': {'pre': 6, 'post': 81, 'downstream': 35, 'upstream': 81, 'mito': 15, 'dark': 15}, 'AL-DA4m(R)': {'post': 7, 'upstream': 7}, 'AL-DA2(R)': {'post': 32, 'upstream': 32, 'mito': 1, 'dark': 1}, 'AL-DC3(R)': {'post': 16, 'upstream': 16}, 'AL-VP1d(R)': {'pre': 1, 'post': 19, 'downstream': 2, 'upstream': 19, 'mito': 28, 'dark': 23, 'light': 2, 'medium': 3}, 'AL-DC2(R)': {'pre': 8, 'post': 37, 'downstream': 62, 'upstream': 37, 'mito': 1, 'dark': 1}, 'AL-VA6(R)': {'post': 3, 'upstream': 3}, 'AL-VP1m(R)': {'pre': 1, 'post': 2, 'downstream': 2, 'upstream': 2, 'mito': 3, 'dark': 2, 'medium': 1}, 'AL-VP4(R)': {'pre': 1, 'downstream': 6, 'mito': 4, 'dark': 4}}",,"['AL(R)', 'AL-D(R)', 'AL-DA2(R)', 'AL-DA4m(R)', 'AL-DC1(R)', 'AL-DC2(R)', 'AL-DC3(R)', 'AL-DC4(R)', 'AL-DL1(R)', 'AL-DL4(R)', 'AL-DL5(R)', 'AL-VA6(R)', 'AL-VP1d(R)', 'AL-VP1m(R)', 'CA(R)', 'CX', 'FB', 'FBl1', 'LH(R)', 'MB(+ACA)(R)', 'MB(R)', 'SLP(R)', 'SNP(R)', 'mALT(R)']","['AL(R)', 'AL-DC1(R)', 'AL-DC2(R)', 'AL-DC4(R)', 'AL-DL4(R)', 'AL-VP1d(R)', 'AL-VP1m(R)', 'AL-VP4(R)', 'CA(R)', 'LH(R)', 'MB(+ACA)(R)', 'MB(R)', 'SLP(R)', 'SNP(R)', 'mALT(R)']"
1661769627,M_l2PN3t18_R,M_l2PN3t18,689,2131,5116,2131,367,1319301554,Traced,False,Roughly traced,AVM03,441.5,"[13396, 33467, 33024]","{'VLNP(R)': {'pre': 493, 'post': 307, 'downstream': 4039, 'upstream': 307, 'mito': 94, 'dark': 91, 'light': 2, 'medium': 1}, 'PLP(R)': {'pre': 309, 'post': 200, 'downstream': 2579, 'upstream': 200, 'mito': 66, 'dark': 63, 'light': 2, 'medium': 1}, 'LH(R)': {'pre': 35, 'post': 24, 'downstream': 358, 'upstream': 24, 'mito': 6, 'dark': 6}, 'INP': {'pre': 5, 'post': 7, 'downstream': 27, 'upstream': 7, 'mito': 6, 'dark': 6}, 'ICL(R)': {'pre': 5, 'post': 7, 'downstream': 27, 'upstream': 7, 'mito': 6, 'dark': 6}, 'AVLP(R)': {'post': 1, 'upstream': 1}, 'PVLP(R)': {'pre': 2, 'post': 3, 'downstream': 20, 'upstream': 3}, 'mALT(R)': {'pre': 2, 'post': 8, 'downstream': 6, 'upstream': 8, 'mito': 13, 'dark': 12, 'medium': 1}, 'AL(R)': {'pre': 129, 'post': 1705, 'downstream': 534, 'upstream': 1705, 'mito': 211, 'dark': 210, 'medium': 1}, 'AL-VP2(R)': {'pre': 18, 'post': 164, 'downstream': 83, 'upstream': 164, 'mito': 25, 'dark': 25}, 'AL-VP4(R)': {'pre': 9, 'post': 73, 'downstream': 34, 'upstream': 73, 'mito': 9, 'dark': 9}, 'AL-VC5(R)': {'pre': 19, 'post': 799, 'downstream': 74, 'upstream': 799, 'mito': 83, 'dark': 82, 'medium': 1}, 'VMNP': {'pre': 3, 'post': 60, 'downstream': 11, 'upstream': 60, 'mito': 6, 'dark': 6}, 'VES(R)': {'pre': 3, 'post': 60, 'downstream': 11, 'upstream': 60, 'mito': 6, 'dark': 6}, 'AL-DC3(R)': {'post': 3, 'upstream': 3}, 'AL-VA1v(R)': {'pre': 3, 'post': 28, 'downstream': 17, 'upstream': 28, 'mito': 5, 'dark': 5}, 'AL-VL2a(R)': {'pre': 2, 'post': 29, 'downstream': 12, 'upstream': 29, 'mito': 3, 'dark': 3}, 'WED(R)': {'pre': 182, 'post': 103, 'downstream': 1440, 'upstream': 103, 'mito': 28, 'dark': 28}, 'AL-VL2p(R)': {'pre': 5, 'post': 75, 'downstream': 13, 'upstream': 75, 'mito': 6, 'dark': 6}, 'AL-VP1l(R)': {'post': 1, 'upstream': 1, 'mito': 2, 'dark': 2}, 'AL-VC3l(R)': {'post': 21, 'upstream': 21, 'mito': 3, 'dark': 3}, 'AL-VA7l(R)': {'post': 8, 'upstream': 8}, 'LX(R)': {'pre': 2, 'post': 8, 'downstream': 4, 'upstream': 8, 'mito': 1, 'dark': 1}, 'LAL(R)': {'pre': 2, 'post': 8, 'downstream': 4, 'upstream': 8, 'mito': 1, 'dark': 1}, 'LAL(-GA)(R)': {'pre': 2, 'post': 8, 'downstream': 4, 'upstream': 8, 'mito': 1, 'dark': 1}, 'AL-VP1d(R)': {'pre': 1, 'post': 37, 'downstream': 6, 'upstream': 37}, 'AL-VC1(R)': {'post': 21, 'upstream': 21, 'mito': 2, 'dark': 2}, 'AL-VC3m(R)': {'pre': 2, 'post': 29, 'downstream': 9, 'upstream': 29, 'mito': 5, 'dark': 5}, 'AL-VP5(R)': {'pre': 5, 'post': 25, 'downstream': 16, 'upstream': 25, 'mito': 4, 'dark': 4}, 'AL-VP3(R)': {'pre': 3, 'post': 35, 'downstream': 15, 'upstream': 35, 'mito': 6, 'dark': 6}, 'AL-VL1(R)': {'pre': 8, 'post': 56, 'downstream': 31, 'upstream': 56, 'mito': 12, 'dark': 12}, 'AL-VM4(R)': {'pre': 22, 'post': 83, 'downstream': 92, 'upstream': 83, 'mito': 14, 'dark': 14}, 'AL-VC2(R)': {'pre': 1, 'post': 16, 'downstream': 4, 'upstream': 16}, 'AL-VP1m(R)': {'post': 5, 'upstream': 5}, 'AL-VM1(R)': {'pre': 10, 'post': 46, 'downstream': 42, 'upstream': 46, 'mito': 6, 'dark': 6}, 'AL-VA4(R)': {'post': 3, 'upstream': 3}, 'AL-V(R)': {'pre': 1, 'post': 10, 'downstream': 5, 'upstream': 10, 'mito': 2, 'dark': 2}, 'PENP': {'pre': 17, 'post': 10, 'downstream': 127, 'upstream': 10, 'mito': 1, 'dark': 1}, 'SAD': {'pre': 17, 'post': 10, 'downstream': 127, 'upstream': 10, 'mito': 1, 'dark': 1}, 'SAD(-AMMC)': {'pre': 17, 'post': 10, 'downstream': 127, 'upstream': 10, 'mito': 1, 'dark': 1}}",slow hot and cold t3ALT PN (Frank et al. Nature 2015); VC5++ l2PN1 (Marin et al. Curr Biol 2020),"['AL(R)', 'AL-DC3(R)', 'AL-V(R)', 'AL-VA1v(R)', 'AL-VA4(R)', 'AL-VA7l(R)', 'AL-VC1(R)', 'AL-VC2(R)', 'AL-VC3l(R)', 'AL-VC3m(R)', 'AL-VC5(R)', 'AL-VL1(R)', 'AL-VL2a(R)', 'AL-VL2p(R)', 'AL-VM1(R)', 'AL-VM4(R)', 'AL-VP1d(R)', 'AL-VP1l(R)', 'AL-VP1m(R)', 'AL-VP2(R)', 'AL-VP3(R)', 'AL-VP4(R)', 'AL-VP5(R)', 'AVLP(R)', 'ICL(R)', 'INP', 'LAL(-GA)(R)', 'LAL(R)', 'LH(R)', 'LX(R)', 'PENP', 'PLP(R)', 'PVLP(R)', 'SAD', 'SAD(-AMMC)', 'VES(R)', 'VLNP(R)', 'VMNP', 'WED(R)', 'mALT(R)']","['AL(R)', 'AL-V(R)', 'AL-VA1v(R)', 'AL-VC2(R)', 'AL-VC3m(R)', 'AL-VC5(R)', 'AL-VL1(R)', 'AL-VL2a(R)', 'AL-VL2p(R)', 'AL-VM1(R)', 'AL-VM4(R)', 'AL-VP1d(R)', 'AL-VP2(R)', 'AL-VP3(R)', 'AL-VP4(R)', 'AL-VP5(R)', 'ICL(R)', 'INP', 'LAL(-GA)(R)', 'LAL(R)', 'LH(R)', 'LX(R)', 'PENP', 'PLP(R)', 'PVLP(R)', 'SAD', 'SAD(-AMMC)', 'VES(R)', 'VLNP(R)', 'VMNP', 'WED(R)', 'mALT(R)']"
1670597454,M_lvPNm35_R,M_lvPNm35,246,433,1943,433,152,479973025,Traced,False,Roughly traced,AVM06,406.5,"[13677, 32546, 33728]","{'SNP(R)': {'pre': 195, 'post': 75, 'downstream': 1637, 'upstream': 75, 'mito': 63, 'dark': 62, 'medium': 1}, 'SLP(R)': {'pre': 170, 'post': 59, 'downstream': 1437, 'upstream': 59, 'mito': 56, 'dark': 55, 'medium': 1}, 'SMP(R)': {'pre': 25, 'post': 16, 'downstream': 200, 'upstream': 16, 'mito': 7, 'dark': 7}, 'VLNP(R)': {'pre': 15, 'post': 2, 'downstream': 121, 'upstream': 2, 'mito': 2, 'dark': 2}, 'PLP(R)': {'pre': 15, 'post': 2, 'downstream': 121, 'upstream': 2, 'mito': 2, 'dark': 2}, 'mALT(R)': {'pre': 1, 'post': 2, 'downstream': 1, 'upstream': 2, 'mito': 17, 'dark': 17}, 'AL(R)': {'pre': 35, 'post': 352, 'downstream': 184, 'upstream': 352, 'mito': 56, 'dark': 53, 'medium': 3}, 'AL-DL5(R)': {'pre': 1, 'post': 35, 'downstream': 4, 'upstream': 35, 'mito': 6, 'dark': 6}, 'AL-DL4(R)': {'post': 70, 'upstream': 70, 'mito': 1, 'dark': 1}, 'AL-DL1(R)': {'pre': 8, 'post': 30, 'downstream': 42, 'upstream': 30, 'mito': 10, 'dark': 10}, 'AL-DP1m(R)': {'pre': 6, 'post': 7, 'downstream': 29, 'upstream': 7, 'mito': 5, 'dark': 5}, 'AL-DC1(R)': {'pre': 3, 'post': 15, 'downstream': 19, 'upstream': 15, 'mito': 2, 'dark': 1, 'medium': 1}, 'AL-DA1(R)': {'post': 8, 'upstream': 8, 'mito': 1, 'dark': 1}, 'AL-DA4m(R)': {'post': 9, 'upstream': 9}, 'AL-DM4(R)': {'post': 5, 'upstream': 5}, 'AL-VP4(R)': {'pre': 6, 'post': 73, 'downstream': 24, 'upstream': 73, 'mito': 9, 'dark': 7, 'medium': 2}, 'AL-DP1l(R)': {'pre': 2, 'post': 66, 'downstream': 11, 'upstream': 66, 'mito': 11, 'dark': 11}, 'AL-VP1d(R)': {'pre': 5, 'post': 5, 'downstream': 32, 'upstream': 5, 'mito': 5, 'dark': 5}, 'AL-VP1l(R)': {'post': 24, 'upstream': 24, 'mito': 1, 'dark': 1}}",,"['AL(R)', 'AL-DA1(R)', 'AL-DA4m(R)', 'AL-DC1(R)', 'AL-DL1(R)', 'AL-DL4(R)', 'AL-DL5(R)', 'AL-DM4(R)', 'AL-DP1l(R)', 'AL-DP1m(R)', 'AL-VP1d(R)', 'AL-VP1l(R)', 'AL-VP4(R)', 'PLP(R)', 'SLP(R)', 'SMP(R)', 'SNP(R)', 'VLNP(R)', 'mALT(R)']","['AL(R)', 'AL-DC1(R)', 'AL-DL1(R)', 'AL-DL5(R)', 'AL-DP1l(R)', 'AL-DP1m(R)', 'AL-VP1d(R)', 'AL-VP4(R)', 'PLP(R)', 'SLP(R)', 'SMP(R)', 'SNP(R)', 'VLNP(R)', 'mALT(R)']"
1670934213,DL4_adPN_R,DL4_adPN,1540,2993,12687,2993,587,2463303180,Traced,False,Roughly traced,AVM01,,,"{'SNP(R)': {'pre': 39, 'post': 28, 'downstream': 346, 'upstream': 28, 'mito': 12, 'dark': 10, 'light': 1, 'medium': 1}, 'SLP(R)': {'pre': 39, 'post': 28, 'downstream': 346, 'upstream': 28, 'mito': 12, 'dark': 10, 'light': 1, 'medium': 1}, 'LH(R)': {'pre': 917, 'post': 417, 'downstream': 8676, 'upstream': 417, 'mito': 134, 'dark': 77, 'light': 28, 'medium': 29}, 'mALT(R)': {'pre': 21, 'post': 19, 'downstream': 122, 'upstream': 19, 'mito': 89, 'dark': 78, 'light': 7, 'medium': 4}, 'MB(R)': {'pre': 102, 'post': 36, 'downstream': 969, 'upstream': 36, 'mito': 8, 'dark': 7, 'light': 1}, 'CA(R)': {'pre': 102, 'post': 36, 'downstream': 969, 'upstream': 36, 'mito': 8, 'dark': 7, 'light': 1}, 'MB(+ACA)(R)': {'pre': 102, 'post': 36, 'downstream': 969, 'upstream': 36, 'mito': 8, 'dark': 7, 'light': 1}, 'AL(R)': {'pre': 458, 'post': 2492, 'downstream': 2561, 'upstream': 2492, 'mito': 317, 'dark': 309, 'light': 2, 'medium': 6}, 'AL-DL4(R)': {'pre': 160, 'post': 1823, 'downstream': 867, 'upstream': 1823, 'mito': 154, 'dark': 153, 'light': 1}, 'AL-DL1(R)': {'pre': 163, 'post': 406, 'downstream': 922, 'upstream': 406, 'mito': 75, 'dark': 71, 'medium': 4}, 'AL-D(R)': {'pre': 6, 'post': 6, 'downstream': 31, 'upstream': 6}, 'AL-DA1(R)': {'pre': 41, 'post': 85, 'downstream': 243, 'upstream': 85, 'mito': 19, 'dark': 18, 'medium': 1}, 'AL-DA3(R)': {'post': 6, 'upstream': 6}, 'AL-DC1(R)': {'pre': 42, 'post': 63, 'downstream': 245, 'upstream': 63, 'mito': 23, 'dark': 22, 'medium': 1}, 'AL-DC3(R)': {'pre': 15, 'post': 33, 'downstream': 76, 'upstream': 33, 'mito': 7, 'dark': 7}, 'AL-VP1d(R)': {'pre': 29, 'post': 56, 'downstream': 170, 'upstream': 56, 'mito': 18, 'dark': 18}, 'AL-DC4(R)': {'pre': 1, 'post': 1, 'downstream': 3, 'upstream': 1, 'mito': 1, 'dark': 1}, 'AL-VP4(R)': {'pre': 1, 'post': 2, 'downstream': 4, 'upstream': 2, 'mito': 4, 'dark': 3, 'light': 1}}",,"['AL(R)', 'AL-D(R)', 'AL-DA1(R)', 'AL-DA3(R)', 'AL-DC1(R)', 'AL-DC3(R)', 'AL-DC4(R)', 'AL-DL1(R)', 'AL-DL4(R)', 'AL-VP1d(R)', 'AL-VP4(R)', 'CA(R)', 'LH(R)', 'MB(+ACA)(R)', 'MB(R)', 'SLP(R)', 'SNP(R)', 'mALT(R)']","['AL(R)', 'AL-D(R)', 'AL-DA1(R)', 'AL-DC1(R)', 'AL-DC3(R)', 'AL-DC4(R)', 'AL-DL1(R)', 'AL-DL4(R)', 'AL-VP1d(R)', 'AL-VP4(R)', 'CA(R)', 'LH(R)', 'MB(+ACA)(R)', 'MB(R)', 'SLP(R)', 'SNP(R)', 'mALT(R)']"
1670969304,M_lvPNm28_R,M_lvPNm28,317,496,2537,496,169,474385439,Traced,False,Roughly traced,AVM06,346.5,"[12871, 32119, 33824]","{'SNP(R)': {'pre': 153, 'post': 76, 'downstream': 1424, 'upstream': 76, 'mito': 46, 'dark': 44, 'light': 1, 'medium': 1}, 'SIP(R)': {'pre': 92, 'post': 50, 'downstream': 823, 'upstream': 50, 'mito': 28, 'dark': 26, 'light': 1, 'medium': 1}, 'MB(R)': {'post': 1, 'upstream': 1}, ""a'L(R)"": {'post': 1, 'upstream': 1}, ""a'3(R)"": {'post': 1, 'upstream': 1}, 'MB(+ACA)(R)': {'post': 1, 'upstream': 1}, 'SLP(R)': {'pre': 61, 'post': 21, 'downstream': 601, 'upstream': 21, 'mito': 15, 'dark': 15}, 'SMP(R)': {'post': 5, 'upstream': 5, 'mito': 3, 'dark': 3}, 'LH(R)': {'pre': 45, 'post': 10, 'downstream': 434, 'upstream': 10, 'mito': 10, 'dark': 10}, 'INP': {'pre': 16, 'post': 5, 'downstream': 152, 'upstream': 5, 'mito': 4, 'dark': 4}, 'SCL(R)': {'pre': 16, 'post': 5, 'downstream': 152, 'upstream': 5, 'mito': 4, 'dark': 4}, 'mALT(R)': {'pre': 2, 'post': 2, 'downstream': 3, 'upstream': 2, 'mito': 8, 'dark': 8}, 'AL(R)': {'pre': 99, 'post': 400, 'downstream': 519, 'upstream': 400, 'mito': 88, 'dark': 87, 'medium': 1}, 'AL-DM3(R)': {'pre': 2, 'post': 25, 'downstream': 16, 'upstream': 25, 'mito': 5, 'dark': 4, 'medium': 1}, 'AL-DL5(R)': {'pre': 2, 'post': 3, 'downstream': 12, 'upstream': 3, 'mito': 1, 'dark': 1}, 'AL-DM1(R)': {'pre': 6, 'post': 7, 'downstream': 30, 'upstream': 7, 'mito': 4, 'dark': 4}, 'AL-DC4(R)': {'pre': 3, 'post': 12, 'downstream': 14, 'upstream': 12, 'mito': 4, 'dark': 4}, 'AL-DM6(R)': {'pre': 3, 'post': 20, 'downstream': 14, 'upstream': 20, 'mito': 5, 'dark': 5}, 'AL-DP1m(R)': {'pre': 25, 'post': 125, 'downstream': 144, 'upstream': 125, 'mito': 22, 'dark': 22}, 'AL-DM4(R)': {'pre': 5, 'post': 20, 'downstream': 21, 'upstream': 20, 'mito': 6, 'dark': 6}, 'AL-DM2(R)': {'pre': 3, 'post': 16, 'downstream': 15, 'upstream': 16, 'mito': 4, 'dark': 4}, 'AL-DL2v(R)': {'pre': 8, 'post': 27, 'downstream': 45, 'upstream': 27, 'mito': 7, 'dark': 7}, 'AL-DC2(R)': {'post': 2, 'upstream': 2}, 'AL-DP1l(R)': {'post': 1, 'upstream': 1}, 'AL-VM7d(R)': {'post': 3, 'upstream': 3, 'mito': 1, 'dark': 1}, 'AL-VM5d(R)': {'pre': 1, 'post': 1, 'downstream': 4, 'upstream': 1}, 'AL-VC3l(R)': {'pre': 11, 'post': 13, 'downstream': 44, 'upstream': 13, 'mito': 6, 'dark': 6}, 'AL-VP4(R)': {'post': 1, 'upstream': 1}, 'AL-VP1m(R)': {'post': 3, 'upstream': 3}, 'AL-VC4(R)': {'pre': 8, 'post': 29, 'downstream': 35, 'upstream': 29, 'mito': 4, 'dark': 4}, 'AL-VP1d(R)': {'post': 4, 'upstream': 4}, 'AL-VC1(R)': {'post': 2, 'upstream': 2}, 'AL-VC2(R)': {'pre': 5, 'post': 9, 'downstream': 31, 'upstream': 9, 'mito': 6, 'dark': 6}, 'AL-VA4(R)': {'pre': 10, 'post': 42, 'downstream': 63, 'upstream': 42, 'mito': 5, 'dark': 5}, 'AL-VL1(R)': {'post': 2, 'upstream': 2}, 'AL-VA3(R)': {'pre': 6, 'post': 24, 'downstream': 29, 'upstream': 24, 'mito': 3, 'dark': 3}}",,"['AL(R)', 'AL-DC2(R)', 'AL-DC4(R)', 'AL-DL2v(R)', 'AL-DL5(R)', 'AL-DM1(R)', 'AL-DM2(R)', 'AL-DM3(R)', 'AL-DM4(R)', 'AL-DM6(R)', 'AL-DP1l(R)', 'AL-DP1m(R)', 'AL-VA3(R)', 'AL-VA4(R)', 'AL-VC1(R)', 'AL-VC2(R)', 'AL-VC3l(R)', 'AL-VC4(R)', 'AL-VL1(R)', 'AL-VM5d(R)', 'AL-VM7d(R)', 'AL-VP1d(R)', 'AL-VP1m(R)', 'AL-VP4(R)', 'INP', 'LH(R)', 'MB(+ACA)(R)', 'MB(R)', 'SCL(R)', 'SIP(R)', 'SLP(R)', 'SMP(R)', 'SNP(R)', ""a'3(R)"", ""a'L(R)"", 'mALT(R)']","['AL(R)', 'AL-DC4(R)', 'AL-DL2v(R)', 'AL-DL5(R)', 'AL-DM1(R)', 'AL-DM2(R)', 'AL-DM3(R)', 'AL-DM4(R)', 'AL-DM6(R)', 'AL-DP1m(R)', 'AL-VA3(R)', 'AL-VA4(R)', 'AL-VC2(R)', 'AL-VC3l(R)', 'AL-VC4(R)', 'AL-VM5d(R)', 'INP', 'LH(R)', 'SCL(R)', 'SIP(R)', 'SLP(R)', 'SNP(R)', 'mALT(R)']"
1670973150,M_lvPNm27_R,M_lvPNm27,311,675,2487,675,177,558723185,Traced,False,Roughly traced,AVM06,361.5,"[13436, 32849, 35032]","{'SNP(R)': {'pre': 193, 'post': 92, 'downstream': 1849, 'upstream': 92, 'mito': 64, 'dark': 64}, 'SLP(R)': {'pre': 98, 'post': 45, 'downstream': 958, 'upstream': 45, 'mito': 27, 'dark': 27}, 'SIP(R)': {'pre': 95, 'post': 42, 'downstream': 891, 'upstream': 42, 'mito': 34, 'dark': 34}, 'SMP(R)': {'post': 5, 'upstream': 5, 'mito': 3, 'dark': 3}, 'INP': {'pre': 1, 'downstream': 6, 'mito': 1, 'dark': 1}, 'SCL(R)': {'pre': 1, 'downstream': 6}, 'mALT(R)': {'pre': 1, 'post': 3, 'downstream': 6, 'upstream': 3, 'mito': 10, 'dark': 10}, 'AL(R)': {'pre': 116, 'post': 579, 'downstream': 626, 'upstream': 579, 'mito': 90, 'dark': 89, 'medium': 1}, 'AL-DM3(R)': {'pre': 11, 'post': 104, 'downstream': 54, 'upstream': 104, 'mito': 7, 'dark': 7}, 'AL-DL5(R)': {'pre': 3, 'post': 15, 'downstream': 17, 'upstream': 15, 'mito': 1, 'dark': 1}, 'AL-DM1(R)': {'pre': 36, 'post': 184, 'downstream': 203, 'upstream': 184, 'mito': 28, 'dark': 27, 'medium': 1}, 'AL-DP1m(R)': {'pre': 11, 'post': 22, 'downstream': 52, 'upstream': 22, 'mito': 12, 'dark': 12}, 'AL-DC4(R)': {'pre': 11, 'post': 40, 'downstream': 55, 'upstream': 40, 'mito': 7, 'dark': 7}, 'AL-DM2(R)': {'pre': 1, 'post': 16, 'downstream': 7, 'upstream': 16, 'mito': 2, 'dark': 2}, 'AL-VM7d(R)': {'pre': 2, 'downstream': 11, 'mito': 1, 'dark': 1}, 'AL-VC3l(R)': {'pre': 10, 'post': 47, 'downstream': 49, 'upstream': 47, 'mito': 8, 'dark': 8}, 'AL-VP1d(R)': {'post': 4, 'upstream': 4, 'mito': 2, 'dark': 2}, 'AL-VC4(R)': {'pre': 4, 'post': 28, 'downstream': 22, 'upstream': 28, 'mito': 3, 'dark': 3}, 'AL-VP1m(R)': {'post': 2, 'upstream': 2}, 'AL-VC1(R)': {'post': 2, 'upstream': 2}, 'AL-VM3(R)': {'pre': 3, 'post': 7, 'downstream': 23, 'upstream': 7, 'mito': 1, 'dark': 1}, 'AL-VA2(R)': {'pre': 2, 'post': 7, 'downstream': 12, 'upstream': 7, 'mito': 1, 'dark': 1}, 'AL-VC2(R)': {'pre': 4, 'post': 9, 'downstream': 27, 'upstream': 9, 'mito': 5, 'dark': 5}, 'AL-VA4(R)': {'pre': 16, 'post': 79, 'downstream': 82, 'upstream': 79, 'mito': 6, 'dark': 6}, 'AL-VA3(R)': {'post': 7, 'upstream': 7}, 'AL-VL1(R)': {'pre': 1, 'post': 1, 'downstream': 8, 'upstream': 1, 'mito': 1, 'dark': 1}}",,"['AL(R)', 'AL-DC4(R)', 'AL-DL5(R)', 'AL-DM1(R)', 'AL-DM2(R)', 'AL-DM3(R)', 'AL-DP1m(R)', 'AL-VA2(R)', 'AL-VA3(R)', 'AL-VA4(R)', 'AL-VC1(R)', 'AL-VC2(R)', 'AL-VC3l(R)', 'AL-VC4(R)', 'AL-VL1(R)', 'AL-VM3(R)', 'AL-VP1d(R)', 'AL-VP1m(R)', 'SIP(R)', 'SLP(R)', 'SMP(R)', 'SNP(R)', 'mALT(R)']","['AL(R)', 'AL-DC4(R)', 'AL-DL5(R)', 'AL-DM1(R)', 'AL-DM2(R)', 'AL-DM3(R)', 'AL-DP1m(R)', 'AL-VA2(R)', 'AL-VA4(R)', 'AL-VC2(R)', 'AL-VC3l(R)', 'AL-VC4(R)', 'AL-VL1(R)', 'AL-VM3(R)', 'AL-VM7d(R)', 'INP', 'SCL(R)', 'SIP(R)', 'SLP(R)', 'SNP(R)', 'mALT(R)']"
1671608112,M_ilPNm90_R,M_ilPNm90,604,1747,4758,1747,305,763657995,Traced,False,Roughly traced,,,,"{'SNP(R)': {'pre': 150, 'post': 25, 'downstream': 1373, 'upstream': 25, 'mito': 24, 'dark': 24}, 'SLP(R)': {'pre': 148, 'post': 25, 'downstream': 1360, 'upstream': 25, 'mito': 24, 'dark': 24}, 'dACA(R)': {'pre': 24, 'post': 4, 'downstream': 245, 'upstream': 4, 'mito': 3, 'dark': 3}, 'MB(+ACA)(R)': {'pre': 32, 'post': 24, 'downstream': 289, 'upstream': 24, 'mito': 5, 'dark': 5}, 'MB(R)': {'pre': 8, 'post': 20, 'downstream': 44, 'upstream': 20, 'mito': 2, 'dark': 2}, 'CA(R)': {'pre': 8, 'post': 20, 'downstream': 44, 'upstream': 20, 'mito': 2, 'dark': 2}, 'SMP(R)': {'pre': 2, 'downstream': 13}, 'LH(R)': {'pre': 52, 'post': 9, 'downstream': 405, 'upstream': 9, 'mito': 8, 'dark': 8}, 'INP': {'pre': 112, 'post': 29, 'downstream': 959, 'upstream': 29, 'mito': 21, 'dark': 21}, 'SCL(R)': {'pre': 111, 'post': 28, 'downstream': 954, 'upstream': 28, 'mito': 21, 'dark': 21}, 'VLNP(R)': {'pre': 139, 'post': 29, 'downstream': 1271, 'upstream': 29, 'mito': 25, 'dark': 24, 'medium': 1}, 'PLP(R)': {'pre': 139, 'post': 29, 'downstream': 1271, 'upstream': 29, 'mito': 25, 'dark': 24, 'medium': 1}, 'mALT(R)': {'pre': 2, 'post': 8, 'downstream': 5, 'upstream': 8, 'mito': 18, 'dark': 16, 'light': 2}, 'ICL(R)': {'pre': 1, 'post': 1, 'downstream': 5, 'upstream': 1}, 'AL(R)': {'pre': 140, 'post': 1626, 'downstream': 696, 'upstream': 1626, 'mito': 201, 'dark': 198, 'light': 1, 'medium': 2}, 'AL-DL3(R)': {'pre': 2, 'post': 26, 'downstream': 7, 'upstream': 26, 'mito': 2, 'dark': 2}, 'AL-DM1(R)': {'pre': 11, 'post': 61, 'downstream': 50, 'upstream': 61, 'mito': 8, 'dark': 8}, 'AL-DL5(R)': {'pre': 1, 'post': 35, 'downstream': 2, 'upstream': 35, 'mito': 4, 'dark': 4}, 'AL-DL4(R)': {'pre': 1, 'post': 19, 'downstream': 4, 'upstream': 19, 'mito': 1, 'dark': 1}, 'AL-D(R)': {'pre': 3, 'post': 44, 'downstream': 15, 'upstream': 44, 'mito': 5, 'dark': 5}, 'AL-DL1(R)': {'pre': 4, 'post': 79, 'downstream': 19, 'upstream': 79, 'mito': 19, 'dark': 19}, 'AL-DP1m(R)': {'pre': 4, 'post': 36, 'downstream': 11, 'upstream': 36, 'mito': 6, 'dark': 6}, 'AL-DM4(R)': {'pre': 2, 'post': 10, 'downstream': 6, 'upstream': 10, 'mito': 2, 'dark': 2}, 'AL-DC4(R)': {'pre': 3, 'post': 19, 'downstream': 11, 'upstream': 19, 'mito': 4, 'dark': 4}, 'AL-DC1(R)': {'pre': 7, 'post': 170, 'downstream': 29, 'upstream': 170, 'mito': 15, 'dark': 15}, 'AL-DA4m(R)': {'post': 16, 'upstream': 16, 'mito': 1, 'dark': 1}, 'AL-DA2(R)': {'pre': 1, 'post': 44, 'downstream': 3, 'upstream': 44, 'mito': 6, 'dark': 6}, 'AL-DA1(R)': {'post': 7, 'upstream': 7}, 'AL-DL2v(R)': {'post': 7, 'upstream': 7}, 'AL-DC2(R)': {'pre': 11, 'post': 121, 'downstream': 58, 'upstream': 121, 'mito': 12, 'dark': 12}, 'AL-VP1d(R)': {'pre': 27, 'post': 152, 'downstream': 141, 'upstream': 152, 'mito': 29, 'dark': 27, 'medium': 2}, 'AL-DA4l(R)': {'post': 1, 'upstream': 1}, 'AL-DC3(R)': {'pre': 2, 'post': 15, 'downstream': 8, 'upstream': 15, 'mito': 4, 'dark': 4}, 'AL-VP4(R)': {'post': 17, 'upstream': 17, 'mito': 2, 'dark': 2}, 'AL-VA6(R)': {'pre': 5, 'post': 34, 'downstream': 29, 'upstream': 34, 'mito': 6, 'dark': 6}, 'AL-VM7d(R)': {'pre': 1, 'post': 9, 'downstream': 4, 'upstream': 9, 'mito': 1, 'dark': 1}, 'AL-VM7v(R)': {'pre': 2, 'post': 18, 'downstream': 10, 'upstream': 18, 'mito': 2, 'dark': 2}, 'AL-VC3l(R)': {'post': 14, 'upstream': 14, 'mito': 1, 'dark': 1}, 'AL-VP1m(R)': {'pre': 15, 'post': 188, 'downstream': 95, 'upstream': 188, 'mito': 14, 'dark': 14}, 'AL-VC1(R)': {'pre': 1, 'post': 36, 'downstream': 3, 'upstream': 36, 'mito': 3, 'dark': 3}, 'AL-VC2(R)': {'pre': 1, 'post': 34, 'downstream': 3, 'upstream': 34, 'mito': 5, 'dark': 5}, 'AL-VA2(R)': {'pre': 2, 'post': 9, 'downstream': 10, 'upstream': 9, 'mito': 1, 'dark': 1}, 'AL-VP1l(R)': {'pre': 3, 'post': 39, 'downstream': 17, 'upstream': 39, 'mito': 6, 'dark': 5, 'light': 1}, 'AL-VP3(R)': {'pre': 1, 'post': 50, 'downstream': 6, 'upstream': 50, 'mito': 3, 'dark': 3}, 'AL-VC5(R)': {'pre': 15, 'post': 123, 'downstream': 80, 'upstream': 123, 'mito': 15, 'dark': 15}, 'AL-VA7m(R)': {'pre': 4, 'post': 15, 'downstream': 18, 'upstream': 15, 'mito': 2, 'dark': 2}, 'AL-VC3m(R)': {'post': 14, 'upstream': 14}, 'AL-VL1(R)': {'pre': 1, 'post': 11, 'downstream': 2, 'upstream': 11, 'mito': 2, 'dark': 2}, 'AL-VA3(R)': {'pre': 1, 'post': 3, 'downstream': 6, 'upstream': 3, 'mito': 1, 'dark': 1}, 'AL-VA5(R)': {'post': 34, 'upstream': 34, 'mito': 2, 'dark': 2}, 'AL-VP2(R)': {'post': 17, 'upstream': 17, 'mito': 3, 'dark': 3}, 'AL-V(R)': {'pre': 3, 'post': 57, 'downstream': 17, 'upstream': 57, 'mito': 4, 'dark': 4}, 'AL-VP5(R)': {'post': 5, 'upstream': 5, 'mito': 1, 'dark': 1}}",,"['AL(R)', 'AL-D(R)', 'AL-DA1(R)', 'AL-DA2(R)', 'AL-DA4l(R)', 'AL-DA4m(R)', 'AL-DC1(R)', 'AL-DC2(R)', 'AL-DC3(R)', 'AL-DC4(R)', 'AL-DL1(R)', 'AL-DL2v(R)', 'AL-DL3(R)', 'AL-DL4(R)', 'AL-DL5(R)', 'AL-DM1(R)', 'AL-DM4(R)', 'AL-DP1m(R)', 'AL-V(R)', 'AL-VA2(R)', 'AL-VA3(R)', 'AL-VA5(R)', 'AL-VA6(R)', 'AL-VA7m(R)', 'AL-VC1(R)', 'AL-VC2(R)', 'AL-VC3l(R)', 'AL-VC3m(R)', 'AL-VC5(R)', 'AL-VL1(R)', 'AL-VM7d(R)', 'AL-VM7v(R)', 'AL-VP1d(R)', 'AL-VP1l(R)', 'AL-VP1m(R)', 'AL-VP2(R)', 'AL-VP3(R)', 'AL-VP4(R)', 'AL-VP5(R)', 'CA(R)', 'ICL(R)', 'INP', 'LH(R)', 'MB(+ACA)(R)', 'MB(R)', 'PLP(R)', 'SCL(R)', 'SLP(R)', 'SNP(R)', 'VLNP(R)', 'dACA(R)', 'mALT(R)']","['AL(R)', 'AL-D(R)', 'AL-DA2(R)', 'AL-DC1(R)', 'AL-DC2(R)', 'AL-DC3(R)', 'AL-DC4(R)', 'AL-DL1(R)', 'AL-DL3(R)', 'AL-DL4(R)', 'AL-DL5(R)', 'AL-DM1(R)', 'AL-DM4(R)', 'AL-DP1m(R)', 'AL-V(R)', 'AL-VA2(R)', 'AL-VA3(R)', 'AL-VA6(R)', 'AL-VA7m(R)', 'AL-VC1(R)', 'AL-VC2(R)', 'AL-VC5(R)', 'AL-VL1(R)', 'AL-VM7d(R)', 'AL-VM7v(R)', 'AL-VP1d(R)', 'AL-VP1l(R)', 'AL-VP1m(R)', 'AL-VP3(R)', 'CA(R)', 'ICL(R)', 'INP', 'LH(R)', 'MB(+ACA)(R)', 'MB(R)', 'PLP(R)', 'SCL(R)', 'SLP(R)', 'SMP(R)', 'SNP(R)', 'VLNP(R)', 'dACA(R)', 'mALT(R)']"
1671638278,M_l2PNl20_R,M_l2PNl20,1862,6170,13663,6170,1113,4579706697,Traced,False,Roughly traced,AVM03,471.5,"[13626, 34321, 32248]","{'SNP(R)': {'pre': 510, 'post': 214, 'downstream': 4697, 'upstream': 214, 'mito': 135, 'dark': 106, 'light': 20, 'medium': 9}, 'SMP(R)': {'pre': 278, 'post': 111, 'downstream': 2515, 'upstream': 111, 'mito': 49, 'dark': 31, 'light': 13, 'medium': 5}, 'SIP(R)': {'pre': 219, 'post': 98, 'downstream': 2027, 'upstream': 98, 'mito': 82, 'dark': 72, 'light': 7, 'medium': 3}, 'SLP(R)': {'pre': 13, 'post': 5, 'downstream': 155, 'upstream': 5, 'mito': 4, 'dark': 3, 'medium': 1}, 'INP': {'pre': 177, 'post': 60, 'downstream': 1631, 'upstream': 60, 'mito': 65, 'dark': 52, 'light': 9, 'medium': 4}, 'SCL(R)': {'pre': 36, 'post': 15, 'downstream': 391, 'upstream': 15, 'mito': 37, 'dark': 35, 'medium': 2}, 'CRE(R)': {'pre': 141, 'post': 45, 'downstream': 1240, 'upstream': 45, 'mito': 28, 'dark': 17, 'light': 9, 'medium': 2}, 'CRE(-ROB,-RUB)(R)': {'pre': 141, 'post': 45, 'downstream': 1240, 'upstream': 45, 'mito': 28, 'dark': 17, 'light': 9, 'medium': 2}, 'LH(R)': {'pre': 63, 'post': 32, 'downstream': 625, 'upstream': 32, 'mito': 15, 'dark': 14, 'medium': 1}, 'VLNP(R)': {'pre': 423, 'post': 207, 'downstream': 3424, 'upstream': 207, 'mito': 143, 'dark': 139, 'light': 1, 'medium': 3}, 'AVLP(R)': {'pre': 3, 'post': 10, 'downstream': 16, 'upstream': 10, 'mito': 49, 'dark': 49}, 'PLP(R)': {'pre': 224, 'post': 130, 'downstream': 1822, 'upstream': 130, 'mito': 46, 'dark': 42, 'light': 1, 'medium': 3}, 'PVLP(R)': {'pre': 1, 'downstream': 6, 'mito': 5, 'dark': 5}, 'AL(R)': {'pre': 652, 'post': 5124, 'downstream': 3089, 'upstream': 5124, 'mito': 543, 'dark': 526, 'light': 5, 'medium': 12}, 'AL-D(R)': {'pre': 2, 'post': 119, 'downstream': 12, 'upstream': 119, 'mito': 11, 'dark': 11}, 'AL-DM1(R)': {'pre': 12, 'post': 604, 'downstream': 56, 'upstream': 604, 'mito': 37, 'dark': 37}, 'AL-DL5(R)': {'post': 10, 'upstream': 10}, 'AL-DL1(R)': {'pre': 46, 'post': 147, 'downstream': 170, 'upstream': 147, 'mito': 18, 'dark': 11, 'light': 1, 'medium': 6}, 'AL(L)': {'pre': 24, 'post': 492, 'downstream': 118, 'upstream': 492, 'mito': 72, 'dark': 72}, 'AL-DP1m(L)': {'pre': 9, 'post': 297, 'downstream': 41, 'upstream': 297, 'mito': 32, 'dark': 32}, 'AL-DM1(L)': {'pre': 4, 'post': 168, 'downstream': 20, 'upstream': 168, 'mito': 22, 'dark': 22}, 'AL-DP1m(R)': {'pre': 63, 'post': 1401, 'downstream': 306, 'upstream': 1401, 'mito': 90, 'dark': 88, 'medium': 2}, 'LX(R)': {'post': 6, 'upstream': 6, 'mito': 1, 'dark': 1}, 'LAL(R)': {'post': 6, 'upstream': 6, 'mito': 1, 'dark': 1}, 'LAL(-GA)(R)': {'post': 6, 'upstream': 6, 'mito': 1, 'dark': 1}, 'AL-DM3(R)': {'post': 1, 'upstream': 1}, 'AL-DL2d(R)': {'pre': 4, 'post': 32, 'downstream': 18, 'upstream': 32, 'mito': 7, 'dark': 7}, 'AL-DA1(R)': {'pre': 22, 'post': 45, 'downstream': 95, 'upstream': 45, 'mito': 11, 'dark': 11}, 'AL-DC4(R)': {'pre': 14, 'post': 31, 'downstream': 66, 'upstream': 31, 'mito': 7, 'dark': 7}, 'AL-DM2(R)': {'pre': 1, 'post': 85, 'downstream': 3, 'upstream': 85, 'mito': 6, 'dark': 6}, 'AL-DC1(R)': {'pre': 5, 'post': 175, 'downstream': 26, 'upstream': 175, 'mito': 12, 'dark': 12}, 'AL-DM4(L)': {'pre': 7, 'post': 15, 'downstream': 29, 'upstream': 15, 'mito': 12, 'dark': 12}, 'AL-DL2v(R)': {'pre': 22, 'post': 149, 'downstream': 113, 'upstream': 149, 'mito': 14, 'dark': 13, 'light': 1}, 'AL-DP1l(R)': {'pre': 61, 'post': 416, 'downstream': 305, 'upstream': 416, 'mito': 45, 'dark': 43, 'light': 1, 'medium': 1}, 'AL-DM4(R)': {'pre': 24, 'post': 27, 'downstream': 128, 'upstream': 27, 'mito': 9, 'dark': 9}, 'AL-DC3(R)': {'pre': 2, 'post': 4, 'downstream': 13, 'upstream': 4, 'mito': 4, 'dark': 4}, 'AL-DC2(R)': {'post': 1, 'upstream': 1, 'mito': 1, 'dark': 1}, 'AL-VP1d(R)': {'pre': 32, 'post': 30, 'downstream': 159, 'upstream': 30, 'mito': 27, 'dark': 27}, 'AL-VM7d(R)': {'pre': 7, 'post': 10, 'downstream': 34, 'upstream': 10, 'mito': 2, 'dark': 2}, 'AL-VP4(R)': {'pre': 1, 'post': 5, 'downstream': 7, 'upstream': 5}, 'AL-VL2a(R)': {'pre': 27, 'post': 358, 'downstream': 115, 'upstream': 358, 'mito': 29, 'dark': 29}, 'AL-VA1d(R)': {'pre': 2, 'downstream': 7}, 'AL-VM5v(R)': {'post': 50, 'upstream': 50, 'mito': 5, 'dark': 5}, 'AL-VA1v(R)': {'pre': 6, 'post': 6, 'downstream': 34, 'upstream': 6, 'mito': 4, 'dark': 4}, 'AL-VC5(R)': {'pre': 43, 'post': 88, 'downstream': 177, 'upstream': 88, 'mito': 22, 'dark': 21, 'medium': 1}, 'AL-VL2p(R)': {'pre': 39, 'post': 141, 'downstream': 180, 'upstream': 141, 'mito': 20, 'dark': 20}, 'AL-VA6(R)': {'pre': 2, 'post': 32, 'downstream': 7, 'upstream': 32, 'mito': 3, 'dark': 3}, 'AL-VC3l(R)': {'pre': 27, 'post': 56, 'downstream': 117, 'upstream': 56, 'mito': 10, 'dark': 10}, 'WED(R)': {'pre': 195, 'post': 67, 'downstream': 1580, 'upstream': 67, 'mito': 43, 'dark': 43}, 'AL-VM7v(R)': {'pre': 1, 'post': 1, 'downstream': 5, 'upstream': 1, 'mito': 1, 'dark': 1}, 'VMNP': {'pre': 6, 'post': 28, 'downstream': 43, 'upstream': 28, 'mito': 8, 'dark': 8}, 'VES(R)': {'pre': 6, 'post': 28, 'downstream': 43, 'upstream': 28, 'mito': 8, 'dark': 8}, 'AL-VC4(R)': {'pre': 4, 'post': 3, 'downstream': 16, 'upstream': 3, 'mito': 1, 'dark': 1}, 'AL-VC1(R)': {'pre': 8, 'post': 20, 'downstream': 36, 'upstream': 20, 'mito': 2, 'dark': 2}, 'AL-VA2(R)': {'pre': 3, 'post': 44, 'downstream': 13, 'upstream': 44, 'mito': 2, 'dark': 2}, 'AL-VA7m(R)': {'pre': 2, 'post': 10, 'downstream': 9, 'upstream': 10, 'mito': 2, 'dark': 2}, 'AL-VP2(R)': {'pre': 7, 'post': 14, 'downstream': 43, 'upstream': 14, 'mito': 8, 'dark': 8}, 'AL-VP1m(R)': {'pre': 8, 'post': 18, 'downstream': 41, 'upstream': 18, 'mito': 11, 'dark': 10, 'medium': 1}, 'AL-VP3(R)': {'pre': 5, 'post': 23, 'downstream': 24, 'upstream': 23, 'mito': 4, 'dark': 4}, 'AL-VP5(R)': {'pre': 6, 'post': 54, 'downstream': 31, 'upstream': 54, 'mito': 12, 'dark': 10, 'light': 1, 'medium': 1}, 'AL-VC2(R)': {'pre': 14, 'post': 23, 'downstream': 74, 'upstream': 23, 'mito': 6, 'dark': 6}, 'AL-VC3m(R)': {'pre': 3, 'post': 37, 'downstream': 16, 'upstream': 37, 'mito': 5, 'dark': 5}, 'AL-VL1(R)': {'pre': 12, 'post': 12, 'downstream': 57, 'upstream': 12, 'mito': 7, 'dark': 7}, 'AL-VP1l(R)': {'pre': 1, 'post': 12, 'downstream': 7, 'upstream': 12, 'mito': 7, 'dark': 7}, 'AL-VA5(R)': {'pre': 3, 'post': 104, 'downstream': 13, 'upstream': 104, 'mito': 4, 'dark': 4}, 'AL-VM4(R)': {'pre': 4, 'post': 10, 'downstream': 22, 'upstream': 10, 'mito': 2, 'dark': 2}, 'AL-VA3(R)': {'pre': 15, 'post': 234, 'downstream': 63, 'upstream': 234, 'mito': 22, 'dark': 22}, 'AL-VA4(R)': {'pre': 2, 'post': 5, 'downstream': 8, 'upstream': 5, 'mito': 1, 'dark': 1}, 'AL-VM1(R)': {'post': 16, 'upstream': 16, 'mito': 2, 'dark': 2}, 'AL-V(R)': {'pre': 21, 'post': 397, 'downstream': 108, 'upstream': 397, 'mito': 20, 'dark': 20}, 'PENP': {'pre': 5, 'post': 4, 'downstream': 28, 'upstream': 4, 'mito': 7, 'dark': 6, 'medium': 1}, 'SAD': {'pre': 5, 'post': 4, 'downstream': 28, 'upstream': 4, 'mito': 7, 'dark': 6, 'medium': 1}, 'SAD(-AMMC)': {'pre': 5, 'post': 4, 'downstream': 28, 'upstream': 4, 'mito': 7, 'dark': 6, 'medium': 1}}",,"['AL(L)', 'AL(R)', 'AL-D(R)', 'AL-DA1(R)', 'AL-DC1(R)', 'AL-DC2(R)', 'AL-DC3(R)', 'AL-DC4(R)', 'AL-DL1(R)', 'AL-DL2d(R)', 'AL-DL2v(R)', 'AL-DL5(R)', 'AL-DM1(L)', 'AL-DM1(R)', 'AL-DM2(R)', 'AL-DM3(R)', 'AL-DM4(L)', 'AL-DM4(R)', 'AL-DP1l(R)', 'AL-DP1m(L)', 'AL-DP1m(R)', 'AL-V(R)', 'AL-VA1v(R)', 'AL-VA2(R)', 'AL-VA3(R)', 'AL-VA4(R)', 'AL-VA5(R)', 'AL-VA6(R)', 'AL-VA7m(R)', 'AL-VC1(R)', 'AL-VC2(R)', 'AL-VC3l(R)', 'AL-VC3m(R)', 'AL-VC4(R)', 'AL-VC5(R)', 'AL-VL1(R)', 'AL-VL2a(R)', 'AL-VL2p(R)', 'AL-VM1(R)', 'AL-VM4(R)', 'AL-VM5v(R)', 'AL-VM7d(R)', 'AL-VM7v(R)', 'AL-VP1d(R)', 'AL-VP1l(R)', 'AL-VP1m(R)', 'AL-VP2(R)', 'AL-VP3(R)', 'AL-VP4(R)', 'AL-VP5(R)', 'AVLP(R)', 'CRE(-ROB,-RUB)(R)', 'CRE(R)', 'INP', 'LAL(-GA)(R)', 'LAL(R)', 'LH(R)', 'LX(R)', 'PENP', 'PLP(R)', 'SAD', 'SAD(-AMMC)', 'SCL(R)', 'SIP(R)', 'SLP(R)', 'SMP(R)', 'SNP(R)', 'VES(R)', 'VLNP(R)', 'VMNP', 'WED(R)']","['AL(L)', 'AL(R)', 'AL-D(R)', 'AL-DA1(R)', 'AL-DC1(R)', 'AL-DC3(R)', 'AL-DC4(R)', 'AL-DL1(R)', 'AL-DL2d(R)', 'AL-DL2v(R)', 'AL-DM1(L)', 'AL-DM1(R)', 'AL-DM2(R)', 'AL-DM4(L)', 'AL-DM4(R)', 'AL-DP1l(R)', 'AL-DP1m(L)', 'AL-DP1m(R)', 'AL-V(R)', 'AL-VA1d(R)', 'AL-VA1v(R)', 'AL-VA2(R)', 'AL-VA3(R)', 'AL-VA4(R)', 'AL-VA5(R)', 'AL-VA6(R)', 'AL-VA7m(R)', 'AL-VC1(R)', 'AL-VC2(R)', 'AL-VC3l(R)', 'AL-VC3m(R)', 'AL-VC4(R)', 'AL-VC5(R)', 'AL-VL1(R)', 'AL-VL2a(R)', 'AL-VL2p(R)', 'AL-VM4(R)', 'AL-VM7d(R)', 'AL-VM7v(R)', 'AL-VP1d(R)', 'AL-VP1l(R)', 'AL-VP1m(R)', 'AL-VP2(R)', 'AL-VP3(R)', 'AL-VP4(R)', 'AL-VP5(R)', 'AVLP(R)', 'CRE(-ROB,-RUB)(R)', 'CRE(R)', 'INP', 'LH(R)', 'PENP', 'PLP(R)', 'PVLP(R)', 'SAD', 'SAD(-AMMC)', 'SCL(R)', 'SIP(R)', 'SLP(R)', 'SMP(R)', 'SNP(R)', 'VES(R)', 'VLNP(R)', 'VMNP', 'WED(R)']"
1671952694,M_lvPNm24_R,M_lvPNm24,903,1818,9400,1818,593,1660907097,Traced,False,Roughly traced,AVM06,391.5,"[14087, 31691, 32344]","{'SNP(R)': {'pre': 733, 'post': 152, 'downstream': 7624, 'upstream': 152, 'mito': 191, 'dark': 189, 'light': 1, 'medium': 1}, 'SIP(R)': {'pre': 465, 'post': 105, 'downstream': 4802, 'upstream': 105, 'mito': 127, 'dark': 125, 'light': 1, 'medium': 1}, 'SLP(R)': {'pre': 117, 'post': 20, 'downstream': 1275, 'upstream': 20, 'mito': 24, 'dark': 24}, 'SMP(R)': {'pre': 151, 'post': 27, 'downstream': 1547, 'upstream': 27, 'mito': 40, 'dark': 40}, 'INP': {'pre': 68, 'post': 10, 'downstream': 685, 'upstream': 10, 'mito': 22, 'dark': 21, 'medium': 1}, 'ATL(R)': {'pre': 1, 'downstream': 2, 'mito': 2, 'dark': 2}, 'SCL(R)': {'pre': 37, 'post': 4, 'downstream': 385, 'upstream': 4, 'mito': 12, 'dark': 11, 'medium': 1}, 'LH(R)': {'pre': 90, 'post': 10, 'downstream': 1011, 'upstream': 10, 'mito': 19, 'dark': 19}, 'CRE(R)': {'pre': 30, 'post': 6, 'downstream': 298, 'upstream': 6, 'mito': 8, 'dark': 8}, 'CRE(-ROB,-RUB)(R)': {'pre': 30, 'post': 6, 'downstream': 298, 'upstream': 6, 'mito': 8, 'dark': 8}, 'MB(R)': {'post': 2, 'upstream': 2, 'mito': 1, 'dark': 1}, ""a'L(R)"": {'post': 2, 'upstream': 2, 'mito': 1, 'dark': 1}, ""a'1(R)"": {'post': 2, 'upstream': 2, 'mito': 1, 'dark': 1}, 'MB(+ACA)(R)': {'post': 2, 'upstream': 2, 'mito': 1, 'dark': 1}, 'AL(R)': {'pre': 11, 'post': 1630, 'downstream': 77, 'upstream': 1630, 'mito': 298, 'dark': 294, 'light': 1, 'medium': 3}, 'AL-DL3(R)': {'post': 23, 'upstream': 23, 'mito': 4, 'dark': 4}, 'AL-DM3(R)': {'post': 23, 'upstream': 23, 'mito': 2, 'dark': 2}, 'AL-D(R)': {'post': 42, 'upstream': 42, 'mito': 10, 'dark': 10}, 'AL-DL5(R)': {'post': 23, 'upstream': 23, 'mito': 5, 'dark': 5}, 'AL-DM1(R)': {'post': 82, 'upstream': 82, 'mito': 9, 'dark': 9}, 'AL-DL4(R)': {'post': 3, 'upstream': 3, 'mito': 1, 'light': 1}, 'AL-DL1(R)': {'post': 21, 'upstream': 21, 'mito': 6, 'dark': 6}, 'AL-DP1m(R)': {'post': 224, 'upstream': 224, 'mito': 29, 'dark': 28, 'medium': 1}, 'AL-DC4(R)': {'pre': 1, 'post': 138, 'downstream': 1, 'upstream': 138, 'mito': 17, 'dark': 17}, 'AL-DA1(R)': {'post': 32, 'upstream': 32, 'mito': 13, 'dark': 13}, 'AL-DM4(R)': {'post': 58, 'upstream': 58, 'mito': 10, 'dark': 10}, 'AL-DC1(R)': {'post': 96, 'upstream': 96, 'mito': 17, 'dark': 17}, 'AL-DM2(R)': {'post': 13, 'upstream': 13, 'mito': 4, 'dark': 4}, 'AL-DL2d(R)': {'post': 33, 'upstream': 33, 'mito': 2, 'dark': 2}, 'AL-DM6(R)': {'post': 24, 'upstream': 24, 'mito': 6, 'dark': 6}, 'AL-DP1l(R)': {'post': 33, 'upstream': 33, 'mito': 10, 'dark': 10}, 'AL-DA2(R)': {'post': 5, 'upstream': 5, 'mito': 1, 'dark': 1}, 'AL-DL2v(R)': {'post': 28, 'upstream': 28, 'mito': 5, 'dark': 5}, 'mALT(R)': {'post': 4, 'upstream': 4, 'mito': 24, 'dark': 24}, 'AL-DC3(R)': {'post': 29, 'upstream': 29, 'mito': 8, 'dark': 7, 'medium': 1}, 'AL-DC2(R)': {'post': 19, 'upstream': 19, 'mito': 7, 'dark': 7}, 'AL-VM7v(R)': {'pre': 1, 'post': 23, 'downstream': 3, 'upstream': 23, 'mito': 6, 'dark': 6}, 'AL-VM7d(R)': {'post': 22, 'upstream': 22, 'mito': 7, 'dark': 7}, 'AL-VM5d(R)': {'post': 14, 'upstream': 14, 'mito': 2, 'dark': 2}, 'AL-DM5(R)': {'post': 5, 'upstream': 5, 'mito': 1, 'dark': 1}, 'AL-VA6(R)': {'post': 54, 'upstream': 54, 'mito': 13, 'dark': 13}, 'AL-VA1d(R)': {'post': 32, 'upstream': 32, 'mito': 5, 'dark': 5}, 'AL-VP1d(R)': {'pre': 1, 'post': 47, 'downstream': 10, 'upstream': 47, 'mito': 9, 'dark': 9}, 'AL-VL2a(R)': {'post': 6, 'upstream': 6, 'mito': 1, 'dark': 1}, 'AL-VP1m(R)': {'post': 46, 'upstream': 46, 'mito': 6, 'dark': 6}, 'AL-VP4(R)': {'post': 7, 'upstream': 7}, 'AL-VC5(R)': {'post': 29, 'upstream': 29, 'mito': 6, 'dark': 6}, 'AL-VC3l(R)': {'post': 19, 'upstream': 19, 'mito': 5, 'dark': 5}, 'AL-VL2p(R)': {'post': 6, 'upstream': 6, 'mito': 1, 'dark': 1}, 'AL-VC1(R)': {'post': 9, 'upstream': 9, 'mito': 2, 'dark': 2}, 'AL-VA1v(R)': {'post': 11, 'upstream': 11, 'mito': 4, 'dark': 4}, 'AL-VP2(R)': {'post': 10, 'upstream': 10, 'mito': 5, 'dark': 5}, 'AL-VC4(R)': {'post': 26, 'upstream': 26, 'mito': 8, 'dark': 8}, 'AL-VA2(R)': {'post': 40, 'upstream': 40, 'mito': 7, 'dark': 7}, 'AL-VA7m(R)': {'post': 7, 'upstream': 7}, 'AL-VC2(R)': {'post': 15, 'upstream': 15, 'mito': 2, 'dark': 2}, 'AL-VP1l(R)': {'pre': 2, 'post': 7, 'downstream': 18, 'upstream': 7, 'mito': 2, 'dark': 2}, 'AL-VM3(R)': {'post': 14, 'upstream': 14, 'mito': 2, 'dark': 2}, 'AL-VA5(R)': {'post': 7, 'upstream': 7, 'mito': 1, 'dark': 1}, 'AL-VA3(R)': {'post': 16, 'upstream': 16, 'mito': 1, 'dark': 1}, 'AL-VP5(R)': {'post': 8, 'upstream': 8, 'mito': 1, 'dark': 1}, 'AL-VA4(R)': {'post': 2, 'upstream': 2, 'mito': 2, 'dark': 2}, 'AL-VL1(R)': {'post': 5, 'upstream': 5, 'mito': 1, 'dark': 1}, 'AL-V(R)': {'post': 116, 'upstream': 116, 'mito': 11, 'dark': 10, 'medium': 1}, 'PENP': {'post': 1, 'upstream': 1}, 'SAD': {'post': 1, 'upstream': 1}, 'SAD(-AMMC)': {'post': 1, 'upstream': 1}, 'GNG': {'post': 9, 'upstream': 9, 'mito': 3, 'dark': 3}}",,"['AL(R)', 'AL-D(R)', 'AL-DA1(R)', 'AL-DA2(R)', 'AL-DC1(R)', 'AL-DC2(R)', 'AL-DC3(R)', 'AL-DC4(R)', 'AL-DL1(R)', 'AL-DL2d(R)', 'AL-DL2v(R)', 'AL-DL3(R)', 'AL-DL4(R)', 'AL-DL5(R)', 'AL-DM1(R)', 'AL-DM2(R)', 'AL-DM3(R)', 'AL-DM4(R)', 'AL-DM5(R)', 'AL-DM6(R)', 'AL-DP1l(R)', 'AL-DP1m(R)', 'AL-V(R)', 'AL-VA1d(R)', 'AL-VA1v(R)', 'AL-VA2(R)', 'AL-VA3(R)', 'AL-VA4(R)', 'AL-VA5(R)', 'AL-VA6(R)', 'AL-VA7m(R)', 'AL-VC1(R)', 'AL-VC2(R)', 'AL-VC3l(R)', 'AL-VC4(R)', 'AL-VC5(R)', 'AL-VL1(R)', 'AL-VL2a(R)', 'AL-VL2p(R)', 'AL-VM3(R)', 'AL-VM5d(R)', 'AL-VM7d(R)', 'AL-VM7v(R)', 'AL-VP1d(R)', 'AL-VP1l(R)', 'AL-VP1m(R)', 'AL-VP2(R)', 'AL-VP4(R)', 'AL-VP5(R)', 'CRE(-ROB,-RUB)(R)', 'CRE(R)', 'GNG', 'INP', 'LH(R)', 'MB(+ACA)(R)', 'MB(R)', 'PENP', 'SAD', 'SAD(-AMMC)', 'SCL(R)', 'SIP(R)', 'SLP(R)', 'SMP(R)', 'SNP(R)', ""a'1(R)"", ""a'L(R)"", 'mALT(R)']","['AL(R)', 'AL-DC4(R)', 'AL-VM7v(R)', 'AL-VP1d(R)', 'AL-VP1l(R)', 'ATL(R)', 'CRE(-ROB,-RUB)(R)', 'CRE(R)', 'INP', 'LH(R)', 'SCL(R)', 'SIP(R)', 'SLP(R)', 'SMP(R)', 'SNP(R)']"
1672293837,M_lvPNm29_R,M_lvPNm29,258,448,2422,448,166,426357081,Traced,False,Roughly traced,AVM06,281.5,"[13404, 33591, 34032]","{'SNP(R)': {'pre': 173, 'post': 70, 'downstream': 1667, 'upstream': 70, 'mito': 50, 'dark': 50}, 'SIP(R)': {'pre': 144, 'post': 53, 'downstream': 1379, 'upstream': 53, 'mito': 41, 'dark': 41}, 'SMP(R)': {'post': 4, 'upstream': 4, 'mito': 2, 'dark': 2}, 'SLP(R)': {'pre': 29, 'post': 13, 'downstream': 288, 'upstream': 13, 'mito': 7, 'dark': 7}, 'INP': {'pre': 20, 'post': 3, 'downstream': 214, 'upstream': 3, 'mito': 7, 'dark': 7}, 'SCL(R)': {'pre': 20, 'post': 3, 'downstream': 214, 'upstream': 3, 'mito': 7, 'dark': 7}, 'MB(R)': {'pre': 3, 'post': 2, 'downstream': 27, 'upstream': 2, 'mito': 1, 'dark': 1}, ""a'L(R)"": {'pre': 3, 'post': 2, 'downstream': 27, 'upstream': 2, 'mito': 1, 'dark': 1}, ""a'2(R)"": {'pre': 3, 'post': 2, 'downstream': 27, 'upstream': 2, 'mito': 1, 'dark': 1}, 'MB(+ACA)(R)': {'pre': 3, 'post': 2, 'downstream': 27, 'upstream': 2, 'mito': 1, 'dark': 1}, 'LH(R)': {'pre': 40, 'post': 10, 'downstream': 432, 'upstream': 10, 'mito': 8, 'dark': 8}, 'mALT(R)': {'post': 1, 'upstream': 1, 'mito': 13, 'dark': 13}, 'AL(R)': {'pre': 22, 'post': 361, 'downstream': 82, 'upstream': 361, 'mito': 77, 'dark': 77}, 'AL-DL3(R)': {'post': 15, 'upstream': 15, 'mito': 1, 'dark': 1}, 'AL-DL4(R)': {'post': 2, 'upstream': 2, 'mito': 1, 'dark': 1}, 'AL-DA1(R)': {'pre': 17, 'post': 178, 'downstream': 65, 'upstream': 178, 'mito': 42, 'dark': 42}, 'AL-DC3(R)': {'pre': 1, 'post': 13, 'downstream': 4, 'upstream': 13, 'mito': 4, 'dark': 4}, 'AL-VA1d(R)': {'pre': 1, 'post': 4, 'downstream': 1, 'upstream': 4, 'mito': 4, 'dark': 4}, 'AL-VA1v(R)': {'post': 3, 'upstream': 3, 'mito': 1, 'dark': 1}, 'AL-VP1m(R)': {'post': 3, 'upstream': 3, 'mito': 1, 'dark': 1}, 'AL-VC4(R)': {'pre': 1, 'post': 22, 'downstream': 3, 'upstream': 22, 'mito': 2, 'dark': 2}, 'AL-VC3l(R)': {'post': 10, 'upstream': 10, 'mito': 2, 'dark': 2}, 'AL-VA2(R)': {'pre': 2, 'post': 67, 'downstream': 9, 'upstream': 67, 'mito': 8, 'dark': 8}, 'AL-VM3(R)': {'post': 9, 'upstream': 9, 'mito': 1, 'dark': 1}, 'AL-VP1d(R)': {'post': 2, 'upstream': 2, 'mito': 2, 'dark': 2}, 'AL-VC1(R)': {'post': 1, 'upstream': 1, 'mito': 1, 'dark': 1}, 'AL-VC2(R)': {'post': 11, 'upstream': 11, 'mito': 1, 'dark': 1}, 'AL-VA3(R)': {'post': 5, 'upstream': 5}, 'AL-VA4(R)': {'post': 6, 'upstream': 6, 'mito': 2, 'dark': 2}, 'PENP': {'post': 1, 'upstream': 1}, 'SAD': {'post': 1, 'upstream': 1}, 'AMMC': {'post': 1, 'upstream': 1}}",,"['AL(R)', 'AL-DA1(R)', 'AL-DC3(R)', 'AL-DL3(R)', 'AL-DL4(R)', 'AL-VA1d(R)', 'AL-VA1v(R)', 'AL-VA2(R)', 'AL-VA3(R)', 'AL-VA4(R)', 'AL-VC1(R)', 'AL-VC2(R)', 'AL-VC3l(R)', 'AL-VC4(R)', 'AL-VM3(R)', 'AL-VP1d(R)', 'AL-VP1m(R)', 'AMMC', 'INP', 'LH(R)', 'MB(+ACA)(R)', 'MB(R)', 'PENP', 'SAD', 'SCL(R)', 'SIP(R)', 'SLP(R)', 'SMP(R)', 'SNP(R)', ""a'2(R)"", ""a'L(R)"", 'mALT(R)']","['AL(R)', 'AL-DA1(R)', 'AL-DC3(R)', 'AL-VA1d(R)', 'AL-VA2(R)', 'AL-VC4(R)', 'INP', 'LH(R)', 'MB(+ACA)(R)', 'MB(R)', 'SCL(R)', 'SIP(R)', 'SLP(R)', 'SNP(R)', ""a'2(R)"", ""a'L(R)""]"
1692817033,VA7l_adPN_R,VA7l_adPN,1834,2985,14482,2985,595,2599906617,Traced,False,Roughly traced,AVM01,,,"{'LH(R)': {'pre': 682, 'post': 274, 'downstream': 5875, 'upstream': 274, 'mito': 156, 'dark': 131, 'light': 2, 'medium': 23}, 'MB(R)': {'pre': 366, 'post': 109, 'downstream': 3509, 'upstream': 109, 'mito': 52, 'dark': 51, 'medium': 1}, 'CA(R)': {'pre': 366, 'post': 109, 'downstream': 3509, 'upstream': 109, 'mito': 52, 'dark': 51, 'medium': 1}, 'MB(+ACA)(R)': {'pre': 366, 'post': 109, 'downstream': 3509, 'upstream': 109, 'mito': 52, 'dark': 51, 'medium': 1}, 'SNP(R)': {'pre': 13, 'post': 10, 'downstream': 109, 'upstream': 10, 'mito': 10, 'dark': 8, 'medium': 2}, 'SLP(R)': {'pre': 13, 'post': 10, 'downstream': 109, 'upstream': 10, 'mito': 10, 'dark': 8, 'medium': 2}, 'mALT(R)': {'pre': 5, 'post': 13, 'downstream': 17, 'upstream': 13, 'mito': 57, 'dark': 56, 'medium': 1}, 'AL(R)': {'pre': 768, 'post': 2578, 'downstream': 4972, 'upstream': 2578, 'mito': 291, 'dark': 271, 'medium': 20}, 'AL-DC4(R)': {'pre': 1, 'post': 1, 'downstream': 5, 'upstream': 1, 'mito': 3, 'dark': 3}, 'AL-VP1d(R)': {'pre': 10, 'post': 27, 'downstream': 67, 'upstream': 27, 'mito': 4, 'dark': 4}, 'AL-VM5v(R)': {'post': 6, 'upstream': 6, 'mito': 9, 'dark': 9}, 'AL-VC1(R)': {'pre': 54, 'post': 108, 'downstream': 368, 'upstream': 108, 'mito': 17, 'dark': 17}, 'AL-VA6(R)': {'pre': 26, 'post': 42, 'downstream': 167, 'upstream': 42, 'mito': 5, 'dark': 4, 'medium': 1}, 'AL-VA1v(R)': {'pre': 38, 'post': 63, 'downstream': 222, 'upstream': 63, 'mito': 9, 'dark': 9}, 'AL-VC2(R)': {'pre': 95, 'post': 325, 'downstream': 611, 'upstream': 325, 'mito': 22, 'dark': 22}, 'AL-VA7l(R)': {'pre': 437, 'post': 1738, 'downstream': 2822, 'upstream': 1738, 'mito': 181, 'dark': 166, 'medium': 15}, 'AL-VA7m(R)': {'pre': 4, 'post': 15, 'downstream': 18, 'upstream': 15, 'mito': 2, 'dark': 2}, 'AL-VA5(R)': {'pre': 44, 'post': 128, 'downstream': 308, 'upstream': 128, 'mito': 14, 'dark': 13, 'medium': 1}, 'AL-VA3(R)': {'pre': 3, 'post': 15, 'downstream': 17, 'upstream': 15}}",,"['AL(R)', 'AL-DC4(R)', 'AL-VA1v(R)', 'AL-VA3(R)', 'AL-VA5(R)', 'AL-VA6(R)', 'AL-VA7l(R)', 'AL-VA7m(R)', 'AL-VC1(R)', 'AL-VC2(R)', 'AL-VM5v(R)', 'AL-VP1d(R)', 'CA(R)', 'LH(R)', 'MB(+ACA)(R)', 'MB(R)', 'SLP(R)', 'SNP(R)', 'mALT(R)']","['AL(R)', 'AL-DC4(R)', 'AL-VA1v(R)', 'AL-VA3(R)', 'AL-VA5(R)', 'AL-VA6(R)', 'AL-VA7l(R)', 'AL-VA7m(R)', 'AL-VC1(R)', 'AL-VC2(R)', 'AL-VP1d(R)', 'CA(R)', 'LH(R)', 'MB(+ACA)(R)', 'MB(R)', 'SLP(R)', 'SNP(R)', 'mALT(R)']"
1693486219,M_lPNm13_R,M_lPNm13,279,420,1963,420,167,536061546,Traced,False,Roughly traced,AVM02,306.5,"[14320, 35481, 23488]","{'SNP(R)': {'pre': 99, 'post': 37, 'downstream': 814, 'upstream': 37, 'mito': 29, 'dark': 29}, 'SLP(R)': {'pre': 54, 'post': 19, 'downstream': 423, 'upstream': 19, 'mito': 16, 'dark': 16}, 'dACA(R)': {'pre': 14, 'post': 3, 'downstream': 143, 'upstream': 3, 'mito': 3, 'dark': 3}, 'MB(+ACA)(R)': {'pre': 14, 'post': 3, 'downstream': 143, 'upstream': 3, 'mito': 3, 'dark': 3}, 'SMP(R)': {'pre': 45, 'post': 18, 'downstream': 391, 'upstream': 18, 'mito': 13, 'dark': 13}, 'INP': {'pre': 53, 'post': 24, 'downstream': 385, 'upstream': 24, 'mito': 20, 'dark': 20}, 'ATL(R)': {'pre': 1, 'post': 3, 'downstream': 8, 'upstream': 3, 'mito': 1, 'dark': 1}, 'mALT(R)': {'pre': 16, 'post': 9, 'downstream': 101, 'upstream': 9, 'mito': 20, 'dark': 20}, 'SCL(R)': {'pre': 52, 'post': 21, 'downstream': 377, 'upstream': 21, 'mito': 19, 'dark': 19}, 'LH(R)': {'pre': 7, 'post': 1, 'downstream': 53, 'upstream': 1, 'mito': 3, 'dark': 3}, 'VLNP(R)': {'pre': 54, 'post': 29, 'downstream': 448, 'upstream': 29, 'mito': 17, 'dark': 17}, 'PLP(R)': {'pre': 54, 'post': 29, 'downstream': 448, 'upstream': 29, 'mito': 17, 'dark': 17}, 'AL(R)': {'pre': 50, 'post': 319, 'downstream': 162, 'upstream': 319, 'mito': 70, 'dark': 69, 'medium': 1}, 'AL-D(R)': {'post': 5, 'upstream': 5, 'mito': 1, 'dark': 1}, 'AL-DL4(R)': {'post': 1, 'upstream': 1}, 'AL-DC4(R)': {'pre': 7, 'post': 49, 'downstream': 24, 'upstream': 49, 'mito': 9, 'dark': 9}, 'AL-DC1(R)': {'post': 1, 'upstream': 1}, 'AL-DC3(R)': {'post': 1, 'upstream': 1}, 'AL-DA1(R)': {'post': 1, 'upstream': 1, 'mito': 1, 'dark': 1}, 'AL-VP1d(R)': {'pre': 9, 'post': 32, 'downstream': 35, 'upstream': 32, 'mito': 11, 'dark': 11}, 'AL-DP1m(R)': {'post': 8, 'upstream': 8, 'mito': 3, 'dark': 3}, 'AL-VP4(R)': {'pre': 1, 'post': 14, 'downstream': 3, 'upstream': 14, 'mito': 6, 'dark': 6}, 'AL-VP1l(R)': {'pre': 9, 'post': 5, 'downstream': 24, 'upstream': 5, 'mito': 5, 'dark': 5}, 'AL-VC1(R)': {'post': 10, 'upstream': 10, 'mito': 1, 'dark': 1}, 'AL-VA1v(R)': {'pre': 2, 'post': 3, 'downstream': 7, 'upstream': 3, 'mito': 2, 'dark': 2}, 'AL-VP3(R)': {'pre': 1, 'post': 2, 'downstream': 3, 'upstream': 2, 'mito': 1, 'dark': 1}, 'AL-VL2a(R)': {'pre': 1, 'post': 2, 'downstream': 4, 'upstream': 2, 'mito': 1, 'dark': 1}, 'AL-VC2(R)': {'post': 4, 'upstream': 4}, 'AL-VA7l(R)': {'post': 1, 'upstream': 1, 'mito': 1, 'dark': 1}, 'AL-VA5(R)': {'pre': 3, 'post': 5, 'downstream': 12, 'upstream': 5, 'mito': 1, 'dark': 1}, 'AL-VL1(R)': {'pre': 9, 'post': 140, 'downstream': 26, 'upstream': 140, 'mito': 18, 'dark': 17, 'medium': 1}, 'AL-V(R)': {'pre': 1, 'post': 5, 'downstream': 3, 'upstream': 5, 'mito': 2, 'dark': 2}}",,"['AL(R)', 'AL-D(R)', 'AL-DA1(R)', 'AL-DC1(R)', 'AL-DC3(R)', 'AL-DC4(R)', 'AL-DL4(R)', 'AL-DP1m(R)', 'AL-V(R)', 'AL-VA1v(R)', 'AL-VA5(R)', 'AL-VA7l(R)', 'AL-VC1(R)', 'AL-VC2(R)', 'AL-VL1(R)', 'AL-VL2a(R)', 'AL-VP1d(R)', 'AL-VP1l(R)', 'AL-VP3(R)', 'AL-VP4(R)', 'ATL(R)', 'INP', 'LH(R)', 'MB(+ACA)(R)', 'PLP(R)', 'SCL(R)', 'SLP(R)', 'SMP(R)', 'SNP(R)', 'VLNP(R)', 'dACA(R)', 'mALT(R)']","['AL(R)', 'AL-DC4(R)', 'AL-V(R)', 'AL-VA1v(R)', 'AL-VA5(R)', 'AL-VL1(R)', 'AL-VL2a(R)', 'AL-VP1d(R)', 'AL-VP1l(R)', 'AL-VP3(R)', 'AL-VP4(R)', 'ATL(R)', 'INP', 'LH(R)', 'MB(+ACA)(R)', 'PLP(R)', 'SCL(R)', 'SLP(R)', 'SMP(R)', 'SNP(R)', 'VLNP(R)', 'dACA(R)', 'mALT(R)']"
1693827279,M_adPNm8_R,M_adPNm8,291,896,2280,896,144,585093309,Traced,False,Roughly traced,AVM01,366.5,"[22420, 35697, 21472]","{'LH(R)': {'pre': 185, 'post': 80, 'downstream': 1663, 'upstream': 80, 'mito': 27, 'dark': 27}, 'mALT(R)': {'pre': 1, 'post': 1, 'downstream': 3, 'upstream': 1, 'mito': 17, 'dark': 17}, 'SNP(R)': {'pre': 8, 'post': 5, 'downstream': 69, 'upstream': 5, 'mito': 3, 'dark': 3}, 'SLP(R)': {'pre': 8, 'post': 5, 'downstream': 69, 'upstream': 5, 'mito': 2, 'dark': 2}, 'INP': {'pre': 13, 'post': 1, 'downstream': 102, 'upstream': 1, 'mito': 2, 'dark': 2}, 'SCL(R)': {'pre': 13, 'post': 1, 'downstream': 102, 'upstream': 1, 'mito': 2, 'dark': 2}, 'AL(R)': {'pre': 84, 'post': 807, 'downstream': 443, 'upstream': 807, 'mito': 80, 'dark': 79, 'medium': 1}, 'AL-DL2d(R)': {'post': 2, 'upstream': 2}, 'AL-DP1m(R)': {'pre': 5, 'post': 15, 'downstream': 30, 'upstream': 15, 'mito': 5, 'dark': 5}, 'AL-DL2v(R)': {'pre': 28, 'post': 414, 'downstream': 136, 'upstream': 414, 'mito': 33, 'dark': 33}, 'AL-DP1l(R)': {'pre': 21, 'post': 269, 'downstream': 119, 'upstream': 269, 'mito': 26, 'dark': 26}, 'AL-DC4(R)': {'post': 15, 'upstream': 15, 'mito': 1, 'dark': 1}, 'AL-DC1(R)': {'post': 1, 'upstream': 1}, 'AL-VP1d(R)': {'post': 12, 'upstream': 12}, 'AL-VL2a(R)': {'pre': 7, 'post': 31, 'downstream': 32, 'upstream': 31, 'mito': 7, 'dark': 6, 'medium': 1}, 'AL-VL2p(R)': {'pre': 3, 'post': 3, 'downstream': 12, 'upstream': 3}, 'AL-VC2(R)': {'pre': 1, 'post': 4, 'downstream': 6, 'upstream': 4, 'mito': 1, 'dark': 1}, 'AL-VA4(R)': {'post': 12, 'upstream': 12}, 'AL-VL1(R)': {'post': 4, 'upstream': 4}}",,"['AL(R)', 'AL-DC1(R)', 'AL-DC4(R)', 'AL-DL2d(R)', 'AL-DL2v(R)', 'AL-DP1l(R)', 'AL-DP1m(R)', 'AL-VA4(R)', 'AL-VC2(R)', 'AL-VL1(R)', 'AL-VL2a(R)', 'AL-VL2p(R)', 'AL-VP1d(R)', 'INP', 'LH(R)', 'SCL(R)', 'SLP(R)', 'SNP(R)', 'mALT(R)']","['AL(R)', 'AL-DL2v(R)', 'AL-DP1l(R)', 'AL-DP1m(R)', 'AL-VC2(R)', 'AL-VL2a(R)', 'AL-VL2p(R)', 'INP', 'LH(R)', 'SCL(R)', 'SLP(R)', 'SNP(R)', 'mALT(R)']"
1694850602,M_vPNml89_R,M_vPNml89,156,52,1755,52,87,317951856,Traced,False,Roughly traced,AVM04,341.5,"[18751, 34586, 36688]","{'LH(R)': {'pre': 154, 'post': 12, 'downstream': 1751, 'upstream': 12, 'mito': 46, 'dark': 30, 'light': 1, 'medium': 15}, 'AL(R)': {'post': 35, 'upstream': 35, 'mito': 21, 'dark': 21}, 'AL-VM5d(R)': {'post': 2, 'upstream': 2, 'mito': 2, 'dark': 2}, 'AL-VP1d(R)': {'post': 1, 'upstream': 1, 'mito': 1, 'dark': 1}, 'AL-VC4(R)': {'post': 12, 'upstream': 12, 'mito': 7, 'dark': 7}, 'AL-VM7v(R)': {'post': 1, 'upstream': 1}, 'AL-VC3l(R)': {'post': 6, 'upstream': 6, 'mito': 5, 'dark': 5}, 'AL-VM3(R)': {'post': 13, 'upstream': 13, 'mito': 3, 'dark': 3}, 'PENP': {'pre': 1, 'post': 3, 'downstream': 1, 'upstream': 3}, 'SAD': {'pre': 1, 'post': 3, 'downstream': 1, 'upstream': 3}, 'AMMC': {'pre': 1, 'post': 3, 'downstream': 1, 'upstream': 3}}",,"['AL(R)', 'AL-VC3l(R)', 'AL-VC4(R)', 'AL-VM3(R)', 'AL-VM5d(R)', 'AL-VM7v(R)', 'AL-VP1d(R)', 'AMMC', 'LH(R)', 'PENP', 'SAD']","['AMMC', 'LH(R)', 'PENP', 'SAD']"
1700307582,M_l2PNl21_R,M_l2PNl21,1062,3017,8885,3017,690,2340951861,Traced,False,Traced,AVM03,476.5,"[14571, 35228, 32000]","{'SNP(R)': {'pre': 146, 'post': 49, 'downstream': 1420, 'upstream': 49, 'mito': 30, 'dark': 10, 'light': 11, 'medium': 9}, 'SIP(R)': {'pre': 48, 'post': 10, 'downstream': 470, 'upstream': 10, 'mito': 9, 'dark': 3, 'light': 3, 'medium': 3}, 'SLP(R)': {'pre': 98, 'post': 39, 'downstream': 950, 'upstream': 39, 'mito': 21, 'dark': 7, 'light': 8, 'medium': 6}, 'LH(R)': {'pre': 409, 'post': 95, 'downstream': 3828, 'upstream': 95, 'mito': 82, 'dark': 43, 'light': 15, 'medium': 24}, 'INP': {'pre': 191, 'post': 71, 'downstream': 1876, 'upstream': 71, 'mito': 45, 'dark': 24, 'light': 13, 'medium': 8}, 'SCL(R)': {'pre': 191, 'post': 71, 'downstream': 1876, 'upstream': 71, 'mito': 45, 'dark': 24, 'light': 13, 'medium': 8}, 'VLNP(R)': {'pre': 65, 'post': 30, 'downstream': 544, 'upstream': 30, 'mito': 65, 'dark': 60, 'light': 2, 'medium': 3}, 'AVLP(R)': {'pre': 20, 'post': 14, 'downstream': 114, 'upstream': 14, 'mito': 47, 'dark': 47}, 'PLP(R)': {'pre': 42, 'post': 13, 'downstream': 423, 'upstream': 13, 'mito': 6, 'dark': 1, 'light': 2, 'medium': 3}, 'AL(R)': {'pre': 246, 'post': 2723, 'downstream': 1191, 'upstream': 2723, 'mito': 385, 'dark': 321, 'light': 18, 'medium': 46}, 'AL-DL5(R)': {'post': 28, 'upstream': 28, 'mito': 6, 'dark': 6}, 'AL-DM1(R)': {'pre': 2, 'post': 139, 'downstream': 15, 'upstream': 139, 'mito': 17, 'dark': 16, 'light': 1}, 'AL-D(R)': {'pre': 7, 'post': 65, 'downstream': 31, 'upstream': 65, 'mito': 7, 'dark': 4, 'medium': 3}, 'AL-DL4(R)': {'post': 2, 'upstream': 2}, 'AL-DM3(R)': {'post': 16, 'upstream': 16, 'mito': 3, 'dark': 3}, 'AL-DL1(R)': {'post': 2, 'upstream': 2, 'mito': 1, 'dark': 1}, 'AL-DP1m(R)': {'pre': 42, 'post': 664, 'downstream': 174, 'upstream': 664, 'mito': 107, 'dark': 97, 'light': 3, 'medium': 7}, 'AL-DC4(R)': {'pre': 7, 'post': 97, 'downstream': 36, 'upstream': 97, 'mito': 13, 'dark': 12, 'light': 1}, 'AL-DC1(R)': {'pre': 4, 'post': 67, 'downstream': 18, 'upstream': 67, 'mito': 11, 'dark': 10, 'medium': 1}, 'LX(R)': {'post': 2, 'upstream': 2, 'mito': 1, 'dark': 1}, 'LAL(R)': {'post': 2, 'upstream': 2, 'mito': 1, 'dark': 1}, 'LAL(-GA)(R)': {'post': 2, 'upstream': 2, 'mito': 1, 'dark': 1}, 'AL-DM6(R)': {'post': 6, 'upstream': 6}, 'AL-DA3(R)': {'post': 7, 'upstream': 7}, 'AL-DL2d(R)': {'post': 73, 'upstream': 73, 'mito': 5, 'dark': 5}, 'AL-DL2v(R)': {'pre': 9, 'post': 121, 'downstream': 36, 'upstream': 121, 'mito': 21, 'dark': 18, 'medium': 3}, 'AL-DP1l(R)': {'pre': 10, 'post': 114, 'downstream': 44, 'upstream': 114, 'mito': 20, 'dark': 16, 'light': 3, 'medium': 1}, 'AL-DA1(R)': {'post': 2, 'upstream': 2}, 'AL-VP1d(R)': {'pre': 22, 'post': 35, 'downstream': 118, 'upstream': 35, 'mito': 14, 'dark': 9, 'light': 2, 'medium': 3}, 'AL-DC3(R)': {'pre': 2, 'post': 13, 'downstream': 10, 'upstream': 13, 'mito': 2, 'dark': 1, 'light': 1}, 'PVLP(R)': {'pre': 3, 'post': 3, 'downstream': 7, 'upstream': 3, 'mito': 12, 'dark': 12}, 'AL-VA1d(R)': {'post': 10, 'upstream': 10, 'mito': 1, 'dark': 1}, 'AL-VP4(R)': {'post': 9, 'upstream': 9, 'mito': 5, 'dark': 5}, 'AL-VL2a(R)': {'pre': 3, 'post': 6, 'downstream': 12, 'upstream': 6, 'mito': 5, 'dark': 4, 'medium': 1}, 'AL-VA6(R)': {'post': 6, 'upstream': 6, 'mito': 1, 'dark': 1}, 'AL-VA1v(R)': {'post': 1, 'upstream': 1}, 'AL-VL2p(R)': {'pre': 1, 'post': 31, 'downstream': 4, 'upstream': 31, 'mito': 5, 'dark': 4, 'medium': 1}, 'AL-VM5v(R)': {'post': 3, 'upstream': 3}, 'AL-VP1m(R)': {'pre': 14, 'post': 63, 'downstream': 66, 'upstream': 63, 'mito': 11, 'dark': 9, 'light': 1, 'medium': 1}, 'AL-VC5(R)': {'pre': 6, 'post': 74, 'downstream': 24, 'upstream': 74, 'mito': 13, 'dark': 9, 'medium': 4}, 'VMNP': {'pre': 1, 'post': 15, 'downstream': 7, 'upstream': 15, 'mito': 14, 'dark': 12, 'medium': 2}, 'VES(R)': {'pre': 1, 'post': 15, 'downstream': 7, 'upstream': 15, 'mito': 14, 'dark': 12, 'medium': 2}, 'AL-VA2(R)': {'pre': 52, 'post': 506, 'downstream': 316, 'upstream': 506, 'mito': 35, 'dark': 33, 'light': 1, 'medium': 1}, 'AL-VP1l(R)': {'pre': 5, 'post': 12, 'downstream': 20, 'upstream': 12, 'mito': 2, 'dark': 1, 'medium': 1}, 'AL-VC4(R)': {'post': 3, 'upstream': 3, 'mito': 3, 'dark': 3}, 'AL-VA7m(R)': {'pre': 3, 'post': 17, 'downstream': 9, 'upstream': 17, 'mito': 2, 'dark': 1, 'medium': 1}, 'AL-VP3(R)': {'post': 2, 'upstream': 2, 'mito': 3, 'dark': 2, 'medium': 1}, 'AL-VC2(R)': {'pre': 11, 'post': 77, 'downstream': 49, 'upstream': 77, 'mito': 15, 'dark': 10, 'light': 1, 'medium': 4}, 'AL-VC1(R)': {'pre': 5, 'post': 20, 'downstream': 25, 'upstream': 20, 'mito': 3, 'medium': 3}, 'AL-VC3l(R)': {'pre': 1, 'post': 13, 'downstream': 4, 'upstream': 13}, 'AL-VA3(R)': {'pre': 5, 'post': 82, 'downstream': 21, 'upstream': 82, 'mito': 10, 'dark': 8, 'medium': 2}, 'AL-VP2(R)': {'pre': 2, 'post': 5, 'downstream': 6, 'upstream': 5, 'mito': 3, 'dark': 2, 'medium': 1}, 'AL-VA5(R)': {'post': 5, 'upstream': 5}, 'AL-VL1(R)': {'pre': 2, 'post': 8, 'downstream': 9, 'upstream': 8, 'mito': 2, 'dark': 2}, 'AL-VP5(R)': {'pre': 1, 'post': 13, 'downstream': 2, 'upstream': 13, 'mito': 4, 'dark': 3, 'medium': 1}, 'AL-VA4(R)': {'pre': 2, 'post': 73, 'downstream': 12, 'upstream': 73, 'mito': 6, 'dark': 5, 'medium': 1}, 'AL-V(R)': {'pre': 8, 'post': 177, 'downstream': 51, 'upstream': 177, 'mito': 14, 'dark': 8, 'light': 2, 'medium': 4}, 'PENP': {'pre': 3, 'post': 20, 'downstream': 17, 'upstream': 20, 'mito': 4, 'dark': 3, 'medium': 1}, 'SAD': {'pre': 3, 'post': 20, 'downstream': 17, 'upstream': 20, 'mito': 3, 'dark': 2, 'medium': 1}, 'SAD(-AMMC)': {'pre': 3, 'post': 20, 'downstream': 17, 'upstream': 20, 'mito': 3, 'dark': 2, 'medium': 1}, 'GNG': {'post': 7, 'upstream': 7}}",,"['AL(R)', 'AL-D(R)', 'AL-DA1(R)', 'AL-DA3(R)', 'AL-DC1(R)', 'AL-DC3(R)', 'AL-DC4(R)', 'AL-DL1(R)', 'AL-DL2d(R)', 'AL-DL2v(R)', 'AL-DL4(R)', 'AL-DL5(R)', 'AL-DM1(R)', 'AL-DM3(R)', 'AL-DM6(R)', 'AL-DP1l(R)', 'AL-DP1m(R)', 'AL-V(R)', 'AL-VA1d(R)', 'AL-VA1v(R)', 'AL-VA2(R)', 'AL-VA3(R)', 'AL-VA4(R)', 'AL-VA5(R)', 'AL-VA6(R)', 'AL-VA7m(R)', 'AL-VC1(R)', 'AL-VC2(R)', 'AL-VC3l(R)', 'AL-VC4(R)', 'AL-VC5(R)', 'AL-VL1(R)', 'AL-VL2a(R)', 'AL-VL2p(R)', 'AL-VM5v(R)', 'AL-VP1d(R)', 'AL-VP1l(R)', 'AL-VP1m(R)', 'AL-VP2(R)', 'AL-VP3(R)', 'AL-VP4(R)', 'AL-VP5(R)', 'AVLP(R)', 'GNG', 'INP', 'LAL(-GA)(R)', 'LAL(R)', 'LH(R)', 'LX(R)', 'PENP', 'PLP(R)', 'PVLP(R)', 'SAD', 'SAD(-AMMC)', 'SCL(R)', 'SIP(R)', 'SLP(R)', 'SNP(R)', 'VES(R)', 'VLNP(R)', 'VMNP']","['AL(R)', 'AL-D(R)', 'AL-DC1(R)', 'AL-DC3(R)', 'AL-DC4(R)', 'AL-DL2v(R)', 'AL-DM1(R)', 'AL-DP1l(R)', 'AL-DP1m(R)', 'AL-V(R)', 'AL-VA2(R)', 'AL-VA3(R)', 'AL-VA4(R)', 'AL-VA7m(R)', 'AL-VC1(R)', 'AL-VC2(R)', 'AL-VC3l(R)', 'AL-VC5(R)', 'AL-VL1(R)', 'AL-VL2a(R)', 'AL-VL2p(R)', 'AL-VP1d(R)', 'AL-VP1l(R)', 'AL-VP1m(R)', 'AL-VP2(R)', 'AL-VP5(R)', 'AVLP(R)', 'INP', 'LH(R)', 'PENP', 'PLP(R)', 'PVLP(R)', 'SAD', 'SAD(-AMMC)', 'SCL(R)', 'SIP(R)', 'SLP(R)', 'SNP(R)', 'VES(R)', 'VLNP(R)', 'VMNP']"
1700937093,DL1_adPN_R,DL1_adPN,1381,4313,10554,4313,530,2455637877,Traced,False,Roughly traced,AVM01,522.0,"[23137, 34631, 21008]","{'LH(R)': {'pre': 436, 'post': 222, 'downstream': 3840, 'upstream': 222, 'mito': 69, 'dark': 60, 'light': 2, 'medium': 7}, 'MB(R)': {'pre': 353, 'post': 155, 'downstream': 3378, 'upstream': 155, 'mito': 34, 'dark': 33, 'medium': 1}, 'CA(R)': {'pre': 353, 'post': 155, 'downstream': 3378, 'upstream': 155, 'mito': 34, 'dark': 33, 'medium': 1}, 'MB(+ACA)(R)': {'pre': 353, 'post': 155, 'downstream': 3378, 'upstream': 155, 'mito': 34, 'dark': 33, 'medium': 1}, 'mALT(R)': {'pre': 10, 'post': 24, 'downstream': 21, 'upstream': 24, 'mito': 90, 'dark': 90}, 'AL(R)': {'pre': 582, 'post': 3912, 'downstream': 3315, 'upstream': 3912, 'mito': 267, 'dark': 252, 'light': 4, 'medium': 11}, 'AL-DL1(R)': {'pre': 544, 'post': 3575, 'downstream': 3088, 'upstream': 3575, 'mito': 222, 'dark': 208, 'light': 3, 'medium': 11}, 'AL-DL4(R)': {'post': 4, 'upstream': 4}, 'AL-DP1m(R)': {'pre': 11, 'post': 76, 'downstream': 71, 'upstream': 76, 'mito': 12, 'dark': 11, 'light': 1}, 'AL-DL5(R)': {'pre': 1, 'post': 1, 'downstream': 3, 'upstream': 1}, 'AL-DL2d(R)': {'pre': 9, 'post': 118, 'downstream': 50, 'upstream': 118, 'mito': 15, 'dark': 15}, 'AL-DC1(R)': {'pre': 2, 'post': 9, 'downstream': 5, 'upstream': 9, 'mito': 2, 'dark': 2}, 'AL-DL2v(R)': {'pre': 14, 'post': 115, 'downstream': 90, 'upstream': 115, 'mito': 10, 'dark': 10}, 'AL-DC4(R)': {'post': 2, 'upstream': 2}, 'AL-VP1d(R)': {'pre': 1, 'post': 11, 'downstream': 8, 'upstream': 11, 'mito': 2, 'dark': 2}}",,"['AL(R)', 'AL-DC1(R)', 'AL-DC4(R)', 'AL-DL1(R)', 'AL-DL2d(R)', 'AL-DL2v(R)', 'AL-DL4(R)', 'AL-DL5(R)', 'AL-DP1m(R)', 'AL-VP1d(R)', 'CA(R)', 'LH(R)', 'MB(+ACA)(R)', 'MB(R)', 'mALT(R)']","['AL(R)', 'AL-DC1(R)', 'AL-DL1(R)', 'AL-DL2d(R)', 'AL-DL2v(R)', 'AL-DL5(R)', 'AL-DP1m(R)', 'AL-VP1d(R)', 'CA(R)', 'LH(R)', 'MB(+ACA)(R)', 'MB(R)', 'mALT(R)']"
1700946301,DL1_adPN_R,DL1_adPN,1479,4430,11213,4430,485,2076063203,Traced,False,Roughly traced,AVM01,,,"{'LH(R)': {'pre': 473, 'post': 235, 'downstream': 4175, 'upstream': 235, 'mito': 70, 'dark': 62, 'light': 2, 'medium': 6}, 'MB(R)': {'pre': 337, 'post': 128, 'downstream': 3215, 'upstream': 128, 'mito': 30, 'dark': 29, 'light': 1}, 'CA(R)': {'pre': 337, 'post': 128, 'downstream': 3215, 'upstream': 128, 'mito': 30, 'dark': 29, 'light': 1}, 'MB(+ACA)(R)': {'pre': 337, 'post': 128, 'downstream': 3215, 'upstream': 128, 'mito': 30, 'dark': 29, 'light': 1}, 'mALT(R)': {'pre': 52, 'post': 38, 'downstream': 343, 'upstream': 38, 'mito': 98, 'dark': 97, 'medium': 1}, 'AL(R)': {'pre': 617, 'post': 4028, 'downstream': 3480, 'upstream': 4028, 'mito': 270, 'dark': 260, 'light': 3, 'medium': 7}, 'AL-DL1(R)': {'pre': 571, 'post': 3694, 'downstream': 3230, 'upstream': 3694, 'mito': 230, 'dark': 220, 'light': 3, 'medium': 7}, 'AL-DL4(R)': {'pre': 2, 'post': 15, 'downstream': 9, 'upstream': 15, 'mito': 1, 'dark': 1}, 'AL-DP1m(R)': {'post': 4, 'upstream': 4}, 'AL-DL2d(R)': {'pre': 17, 'post': 114, 'downstream': 88, 'upstream': 114, 'mito': 9, 'dark': 9}, 'AL-DC1(R)': {'post': 4, 'upstream': 4}, 'AL-DL2v(R)': {'pre': 22, 'post': 170, 'downstream': 125, 'upstream': 170, 'mito': 16, 'dark': 16}, 'AL-VP1d(R)': {'post': 7, 'upstream': 7, 'mito': 5, 'dark': 5}, 'AL-DC2(R)': {'pre': 2, 'post': 8, 'downstream': 10, 'upstream': 8, 'mito': 1, 'dark': 1}}",,"['AL(R)', 'AL-DC1(R)', 'AL-DC2(R)', 'AL-DL1(R)', 'AL-DL2d(R)', 'AL-DL2v(R)', 'AL-DL4(R)', 'AL-DP1m(R)', 'AL-VP1d(R)', 'CA(R)', 'LH(R)', 'MB(+ACA)(R)', 'MB(R)', 'mALT(R)']","['AL(R)', 'AL-DC2(R)', 'AL-DL1(R)', 'AL-DL2d(R)', 'AL-DL2v(R)', 'AL-DL4(R)', 'CA(R)', 'LH(R)', 'MB(+ACA)(R)', 'MB(R)', 'mALT(R)']"
1701299822,M_imPNl92_R,M_imPNl92,689,2345,5934,2345,325,1081161184,Traced,False,Roughly traced,,,,"{'INP': {'pre': 19, 'post': 15, 'downstream': 192, 'upstream': 15, 'mito': 2, 'dark': 2}, 'SCL(R)': {'pre': 19, 'post': 15, 'downstream': 192, 'upstream': 15, 'mito': 2, 'dark': 2}, 'LH(R)': {'pre': 341, 'post': 264, 'downstream': 3447, 'upstream': 264, 'mito': 64, 'dark': 63, 'light': 1}, 'VLNP(R)': {'pre': 128, 'post': 195, 'downstream': 1263, 'upstream': 195, 'mito': 44, 'dark': 44}, 'PLP(R)': {'pre': 125, 'post': 190, 'downstream': 1252, 'upstream': 190, 'mito': 27, 'dark': 27}, 'AVLP(R)': {'pre': 2, 'post': 1, 'downstream': 6, 'upstream': 1, 'mito': 10, 'dark': 10}, 'PVLP(R)': {'pre': 1, 'post': 4, 'downstream': 5, 'upstream': 4, 'mito': 7, 'dark': 7}, 'AL(R)': {'pre': 201, 'post': 1860, 'downstream': 1032, 'upstream': 1860, 'mito': 196, 'dark': 195, 'medium': 1}, 'AL-DL5(R)': {'pre': 3, 'post': 73, 'downstream': 22, 'upstream': 73, 'mito': 6, 'dark': 5, 'medium': 1}, 'AL-DL1(R)': {'pre': 2, 'post': 119, 'downstream': 5, 'upstream': 119, 'mito': 13, 'dark': 13}, 'AL-D(R)': {'pre': 1, 'post': 19, 'downstream': 4, 'upstream': 19, 'mito': 1, 'dark': 1}, 'AL-DP1m(R)': {'pre': 15, 'post': 164, 'downstream': 85, 'upstream': 164, 'mito': 18, 'dark': 18}, 'AL-DM1(R)': {'post': 14, 'upstream': 14, 'mito': 1, 'dark': 1}, 'AL-DC4(R)': {'post': 13, 'upstream': 13, 'mito': 1, 'dark': 1}, 'AL-DC1(R)': {'pre': 8, 'post': 235, 'downstream': 44, 'upstream': 235, 'mito': 19, 'dark': 19}, 'AL-DM4(R)': {'post': 13, 'upstream': 13, 'mito': 1, 'dark': 1}, 'AL-DM6(R)': {'post': 2, 'upstream': 2}, 'AL-DL2d(R)': {'post': 49, 'upstream': 49, 'mito': 4, 'dark': 4}, 'AL-DL2v(R)': {'pre': 2, 'post': 6, 'downstream': 7, 'upstream': 6, 'mito': 1, 'dark': 1}, 'AL-DC3(R)': {'pre': 10, 'post': 27, 'downstream': 57, 'upstream': 27, 'mito': 5, 'dark': 5}, 'AL-VP1d(R)': {'pre': 32, 'post': 57, 'downstream': 167, 'upstream': 57, 'mito': 16, 'dark': 16}, 'AL-DP1l(R)': {'pre': 8, 'post': 19, 'downstream': 33, 'upstream': 19, 'mito': 8, 'dark': 8}, 'AL-VA6(R)': {'pre': 15, 'post': 54, 'downstream': 81, 'upstream': 54, 'mito': 12, 'dark': 12}, 'AL-DC2(R)': {'pre': 1, 'post': 58, 'downstream': 6, 'upstream': 58, 'mito': 3, 'dark': 3}, 'AL-VM5d(R)': {'post': 29, 'upstream': 29, 'mito': 1, 'dark': 1}, 'AL-VM7v(R)': {'pre': 1, 'post': 13, 'downstream': 3, 'upstream': 13, 'mito': 1, 'dark': 1}, 'AL-VL2a(R)': {'pre': 1, 'post': 8, 'downstream': 8, 'upstream': 8}, 'AL-VM7d(R)': {'post': 13, 'upstream': 13, 'mito': 1, 'dark': 1}, 'AL-VP4(R)': {'pre': 1, 'post': 5, 'downstream': 5, 'upstream': 5}, 'AL-VM5v(R)': {'post': 39, 'upstream': 39, 'mito': 3, 'dark': 3}, 'AL-VC3l(R)': {'pre': 4, 'post': 49, 'downstream': 17, 'upstream': 49, 'mito': 3, 'dark': 3}, 'AL-VC1(R)': {'pre': 25, 'post': 80, 'downstream': 125, 'upstream': 80, 'mito': 10, 'dark': 10}, 'AL-VP1m(R)': {'pre': 9, 'post': 24, 'downstream': 50, 'upstream': 24, 'mito': 5, 'dark': 5}, 'AL-VP2(R)': {'post': 8, 'upstream': 8, 'mito': 2, 'dark': 2}, 'AL-VP1l(R)': {'pre': 10, 'post': 18, 'downstream': 61, 'upstream': 18, 'mito': 5, 'dark': 5}, 'AL-VL2p(R)': {'post': 13, 'upstream': 13, 'mito': 1, 'dark': 1}, 'AL-VC2(R)': {'pre': 6, 'post': 184, 'downstream': 33, 'upstream': 184, 'mito': 8, 'dark': 8}, 'AL-VA7m(R)': {'pre': 1, 'post': 55, 'downstream': 5, 'upstream': 55, 'mito': 5, 'dark': 5}, 'AL-VA7l(R)': {'post': 58, 'upstream': 58}, 'AL-VC5(R)': {'pre': 8, 'post': 64, 'downstream': 41, 'upstream': 64, 'mito': 8, 'dark': 8}, 'AL-VC3m(R)': {'post': 1, 'upstream': 1}, 'AL-VP3(R)': {'post': 51, 'upstream': 51, 'mito': 1, 'dark': 1}, 'AL-VA5(R)': {'pre': 1, 'post': 27, 'downstream': 5, 'upstream': 27, 'mito': 2, 'dark': 2}, 'AL-VA4(R)': {'post': 51, 'upstream': 51, 'mito': 2, 'dark': 2}, 'AL-VA3(R)': {'pre': 2, 'post': 69, 'downstream': 12, 'upstream': 69, 'mito': 4, 'dark': 4}, 'AL-VL1(R)': {'pre': 2, 'post': 7, 'downstream': 10, 'upstream': 7, 'mito': 2, 'dark': 2}, 'AL-VP5(R)': {'pre': 3, 'post': 28, 'downstream': 17, 'upstream': 28, 'mito': 5, 'dark': 5}, 'AL-VM1(R)': {'post': 6, 'upstream': 6}, 'AL-V(R)': {'pre': 3, 'post': 5, 'downstream': 18, 'upstream': 5, 'mito': 1, 'dark': 1}, 'PENP': {'post': 8, 'upstream': 8, 'mito': 9, 'dark': 9}, 'SAD': {'post': 8, 'upstream': 8, 'mito': 9, 'dark': 9}, 'SAD(-AMMC)': {'post': 8, 'upstream': 8, 'mito': 9, 'dark': 9}}",,"['AL(R)', 'AL-D(R)', 'AL-DC1(R)', 'AL-DC2(R)', 'AL-DC3(R)', 'AL-DC4(R)', 'AL-DL1(R)', 'AL-DL2d(R)', 'AL-DL2v(R)', 'AL-DL5(R)', 'AL-DM1(R)', 'AL-DM4(R)', 'AL-DM6(R)', 'AL-DP1l(R)', 'AL-DP1m(R)', 'AL-V(R)', 'AL-VA3(R)', 'AL-VA4(R)', 'AL-VA5(R)', 'AL-VA6(R)', 'AL-VA7l(R)', 'AL-VA7m(R)', 'AL-VC1(R)', 'AL-VC2(R)', 'AL-VC3l(R)', 'AL-VC3m(R)', 'AL-VC5(R)', 'AL-VL1(R)', 'AL-VL2a(R)', 'AL-VL2p(R)', 'AL-VM1(R)', 'AL-VM5d(R)', 'AL-VM5v(R)', 'AL-VM7d(R)', 'AL-VM7v(R)', 'AL-VP1d(R)', 'AL-VP1l(R)', 'AL-VP1m(R)', 'AL-VP2(R)', 'AL-VP3(R)', 'AL-VP4(R)', 'AL-VP5(R)', 'AVLP(R)', 'INP', 'LH(R)', 'PENP', 'PLP(R)', 'PVLP(R)', 'SAD', 'SAD(-AMMC)', 'SCL(R)', 'VLNP(R)']","['AL(R)', 'AL-D(R)', 'AL-DC1(R)', 'AL-DC2(R)', 'AL-DC3(R)', 'AL-DL1(R)', 'AL-DL2v(R)', 'AL-DL5(R)', 'AL-DP1l(R)', 'AL-DP1m(R)', 'AL-V(R)', 'AL-VA3(R)', 'AL-VA5(R)', 'AL-VA6(R)', 'AL-VA7m(R)', 'AL-VC1(R)', 'AL-VC2(R)', 'AL-VC3l(R)', 'AL-VC5(R)', 'AL-VL1(R)', 'AL-VL2a(R)', 'AL-VM7v(R)', 'AL-VP1d(R)', 'AL-VP1l(R)', 'AL-VP1m(R)', 'AL-VP4(R)', 'AL-VP5(R)', 'AVLP(R)', 'INP', 'LH(R)', 'PLP(R)', 'PVLP(R)', 'SCL(R)', 'VLNP(R)']"
1701325725,M_vPNml73_R,M_vPNml73,152,296,1505,296,122,442290912,Traced,False,Roughly traced,AVM04,386.5,"[19919, 34731, 34144]","{'LH(R)': {'pre': 124, 'post': 73, 'downstream': 1256, 'upstream': 73, 'mito': 37, 'dark': 33, 'medium': 4}, 'mALT(R)': {'post': 5, 'upstream': 5, 'mito': 5, 'dark': 4, 'light': 1}, 'SNP(R)': {'pre': 26, 'post': 12, 'downstream': 244, 'upstream': 12, 'mito': 6, 'dark': 3, 'light': 1, 'medium': 2}, 'SLP(R)': {'pre': 26, 'post': 12, 'downstream': 244, 'upstream': 12, 'mito': 6, 'dark': 3, 'light': 1, 'medium': 2}, 'VLNP(R)': {'pre': 2, 'post': 1, 'downstream': 5, 'upstream': 1, 'mito': 2, 'dark': 2}, 'AVLP(R)': {'pre': 2, 'post': 1, 'downstream': 5, 'upstream': 1, 'mito': 2, 'dark': 2}, 'AL(R)': {'post': 203, 'upstream': 203, 'mito': 55, 'dark': 55}, 'AL-DM3(R)': {'post': 12, 'upstream': 12, 'mito': 3, 'dark': 3}, 'AL-DL5(R)': {'post': 1, 'upstream': 1}, 'AL-DC4(R)': {'post': 35, 'upstream': 35, 'mito': 12, 'dark': 12}, 'AL-DP1m(R)': {'post': 23, 'upstream': 23, 'mito': 9, 'dark': 9}, 'AL-DC1(R)': {'post': 13, 'upstream': 13, 'mito': 4, 'dark': 4}, 'AL-DM2(R)': {'post': 4, 'upstream': 4}, 'AL-DC2(R)': {'post': 18, 'upstream': 18, 'mito': 3, 'dark': 3}, 'AL-VM7v(R)': {'post': 14, 'upstream': 14, 'mito': 2, 'dark': 2}, 'AL-VM5d(R)': {'post': 45, 'upstream': 45, 'mito': 4, 'dark': 4}, 'AL-VM7d(R)': {'post': 15, 'upstream': 15, 'mito': 9, 'dark': 9}, 'AL-VP1d(R)': {'post': 3, 'upstream': 3, 'mito': 3, 'dark': 3}, 'AL-VC3l(R)': {'post': 15, 'upstream': 15, 'mito': 4, 'dark': 4}, 'AL-VP4(R)': {'post': 1, 'upstream': 1, 'mito': 1, 'dark': 1}}",,"['AL(R)', 'AL-DC1(R)', 'AL-DC2(R)', 'AL-DC4(R)', 'AL-DL5(R)', 'AL-DM2(R)', 'AL-DM3(R)', 'AL-DP1m(R)', 'AL-VC3l(R)', 'AL-VM5d(R)', 'AL-VM7d(R)', 'AL-VM7v(R)', 'AL-VP1d(R)', 'AL-VP4(R)', 'AVLP(R)', 'LH(R)', 'SLP(R)', 'SNP(R)', 'VLNP(R)', 'mALT(R)']","['AVLP(R)', 'LH(R)', 'SLP(R)', 'SNP(R)', 'VLNP(R)']"
1702306047,M_ilPN8t91_R,M_ilPN8t91,490,1401,4310,1401,281,597369899,Traced,False,Roughly traced,,,,"{'SNP(R)': {'pre': 109, 'post': 36, 'downstream': 1012, 'upstream': 36, 'mito': 20, 'dark': 20}, 'SLP(R)': {'pre': 109, 'post': 36, 'downstream': 1012, 'upstream': 36, 'mito': 20, 'dark': 20}, 'dACA(R)': {'pre': 34, 'post': 7, 'downstream': 311, 'upstream': 7, 'mito': 5, 'dark': 5}, 'MB(+ACA)(R)': {'pre': 34, 'post': 8, 'downstream': 311, 'upstream': 8, 'mito': 5, 'dark': 5}, 'MB(R)': {'post': 1, 'upstream': 1}, 'CA(R)': {'post': 1, 'upstream': 1}, 'INP': {'pre': 120, 'post': 29, 'downstream': 1032, 'upstream': 29, 'mito': 33, 'dark': 32, 'light': 1}, 'SCL(R)': {'pre': 117, 'post': 26, 'downstream': 1019, 'upstream': 26, 'mito': 26, 'dark': 26}, 'LH(R)': {'pre': 37, 'post': 5, 'downstream': 386, 'upstream': 5, 'mito': 6, 'dark': 6}, 'VLNP(R)': {'pre': 152, 'post': 27, 'downstream': 1540, 'upstream': 27, 'mito': 27, 'dark': 27}, 'PLP(R)': {'pre': 152, 'post': 27, 'downstream': 1540, 'upstream': 27, 'mito': 27, 'dark': 27}, 'ICL(R)': {'pre': 3, 'post': 3, 'downstream': 13, 'upstream': 3, 'mito': 7, 'dark': 6, 'light': 1}, 'mALT(R)': {'pre': 1, 'post': 3, 'downstream': 1, 'upstream': 3, 'mito': 14, 'dark': 12, 'light': 2}, 'AL(R)': {'pre': 71, 'post': 1295, 'downstream': 339, 'upstream': 1295, 'mito': 173, 'dark': 168, 'light': 3, 'medium': 2}, 'AL-DL3(R)': {'pre': 3, 'post': 49, 'downstream': 9, 'upstream': 49, 'mito': 2, 'dark': 2}, 'AL-DL5(R)': {'pre': 2, 'post': 87, 'downstream': 10, 'upstream': 87, 'mito': 8, 'dark': 8}, 'AL-DL4(R)': {'pre': 2, 'post': 35, 'downstream': 12, 'upstream': 35, 'mito': 4, 'dark': 4}, 'AL-DL1(R)': {'pre': 4, 'post': 50, 'downstream': 12, 'upstream': 50, 'mito': 11, 'dark': 11}, 'AL-DM1(R)': {'pre': 6, 'post': 32, 'downstream': 32, 'upstream': 32, 'mito': 6, 'dark': 6}, 'AL-D(R)': {'post': 34, 'upstream': 34, 'mito': 4, 'dark': 4}, 'AL-DM3(R)': {'post': 5, 'upstream': 5}, 'AL-DA1(R)': {'pre': 2, 'post': 20, 'downstream': 7, 'upstream': 20, 'mito': 6, 'dark': 6}, 'AL-DC4(R)': {'pre': 4, 'post': 63, 'downstream': 15, 'upstream': 63, 'mito': 9, 'dark': 9}, 'AL-DP1m(R)': {'pre': 1, 'post': 16, 'downstream': 3, 'upstream': 16, 'mito': 5, 'dark': 5}, 'AL-DM4(R)': {'pre': 1, 'post': 5, 'downstream': 5, 'upstream': 5, 'mito': 1, 'dark': 1}, 'AL-DC1(R)': {'pre': 5, 'post': 121, 'downstream': 27, 'upstream': 121, 'mito': 9, 'dark': 9}, 'AL-DA2(R)': {'pre': 3, 'post': 37, 'downstream': 11, 'upstream': 37, 'mito': 7, 'dark': 7}, 'AL-DA4m(R)': {'post': 10, 'upstream': 10}, 'AL-DC3(R)': {'pre': 4, 'post': 28, 'downstream': 14, 'upstream': 28, 'mito': 5, 'dark': 5}, 'AL-DA4l(R)': {'post': 1, 'upstream': 1, 'mito': 1, 'dark': 1}, 'AL-VP1d(R)': {'pre': 14, 'post': 88, 'downstream': 84, 'upstream': 88, 'mito': 24, 'dark': 23, 'medium': 1}, 'AL-DC2(R)': {'pre': 3, 'post': 49, 'downstream': 14, 'upstream': 49, 'mito': 8, 'dark': 8}, 'AL-VA6(R)': {'pre': 3, 'post': 74, 'downstream': 17, 'upstream': 74, 'mito': 4, 'dark': 4}, 'AL-VP4(R)': {'post': 7, 'upstream': 7, 'mito': 2, 'dark': 2}, 'AL-VP1m(R)': {'pre': 2, 'post': 48, 'downstream': 7, 'upstream': 48, 'mito': 5, 'dark': 5}, 'AL-VC1(R)': {'pre': 2, 'post': 85, 'downstream': 9, 'upstream': 85, 'mito': 9, 'dark': 9}, 'AL-VP1l(R)': {'post': 35, 'upstream': 35, 'mito': 7, 'dark': 4, 'light': 3}, 'AL-VC5(R)': {'pre': 2, 'post': 44, 'downstream': 11, 'upstream': 44, 'mito': 9, 'dark': 9}, 'AL-VP3(R)': {'post': 34, 'upstream': 34, 'mito': 5, 'dark': 5}, 'AL-VC2(R)': {'pre': 1, 'post': 92, 'downstream': 5, 'upstream': 92, 'mito': 8, 'dark': 8}, 'AL-VP2(R)': {'post': 10, 'upstream': 10, 'mito': 2, 'dark': 2}, 'AL-VA7l(R)': {'post': 3, 'upstream': 3}, 'AL-VC3m(R)': {'post': 1, 'upstream': 1}, 'AL-VM1(R)': {'pre': 1, 'post': 16, 'downstream': 6, 'upstream': 16, 'mito': 4, 'dark': 3, 'medium': 1}, 'AL-VM4(R)': {'post': 14, 'upstream': 14}, 'AL-V(R)': {'pre': 3, 'post': 77, 'downstream': 17, 'upstream': 77, 'mito': 5, 'dark': 5}, 'AL-VP5(R)': {'post': 4, 'upstream': 4, 'mito': 1, 'dark': 1}, 'PENP': {'post': 1, 'upstream': 1, 'mito': 2, 'dark': 2}, 'SAD': {'post': 1, 'upstream': 1, 'mito': 2, 'dark': 2}, 'SAD(-AMMC)': {'post': 1, 'upstream': 1, 'mito': 2, 'dark': 2}}",DA2++ ilPN (Marin et al. Curr Biol 2020),"['AL(R)', 'AL-D(R)', 'AL-DA1(R)', 'AL-DA2(R)', 'AL-DA4l(R)', 'AL-DA4m(R)', 'AL-DC1(R)', 'AL-DC2(R)', 'AL-DC3(R)', 'AL-DC4(R)', 'AL-DL1(R)', 'AL-DL3(R)', 'AL-DL4(R)', 'AL-DL5(R)', 'AL-DM1(R)', 'AL-DM3(R)', 'AL-DM4(R)', 'AL-DP1m(R)', 'AL-V(R)', 'AL-VA6(R)', 'AL-VA7l(R)', 'AL-VC1(R)', 'AL-VC2(R)', 'AL-VC3m(R)', 'AL-VC5(R)', 'AL-VM1(R)', 'AL-VM4(R)', 'AL-VP1d(R)', 'AL-VP1l(R)', 'AL-VP1m(R)', 'AL-VP2(R)', 'AL-VP3(R)', 'AL-VP4(R)', 'AL-VP5(R)', 'CA(R)', 'ICL(R)', 'INP', 'LH(R)', 'MB(+ACA)(R)', 'MB(R)', 'PENP', 'PLP(R)', 'SAD', 'SAD(-AMMC)', 'SCL(R)', 'SLP(R)', 'SNP(R)', 'VLNP(R)', 'dACA(R)', 'mALT(R)']","['AL(R)', 'AL-DA1(R)', 'AL-DA2(R)', 'AL-DC1(R)', 'AL-DC2(R)', 'AL-DC3(R)', 'AL-DC4(R)', 'AL-DL1(R)', 'AL-DL3(R)', 'AL-DL4(R)', 'AL-DL5(R)', 'AL-DM1(R)', 'AL-DM4(R)', 'AL-DP1m(R)', 'AL-V(R)', 'AL-VA6(R)', 'AL-VC1(R)', 'AL-VC2(R)', 'AL-VC5(R)', 'AL-VM1(R)', 'AL-VP1d(R)', 'AL-VP1m(R)', 'ICL(R)', 'INP', 'LH(R)', 'MB(+ACA)(R)', 'PLP(R)', 'SCL(R)', 'SLP(R)', 'SNP(R)', 'VLNP(R)', 'dACA(R)', 'mALT(R)']"
1703683361,DA3_adPN_R,DA3_adPN,613,1038,4267,1038,288,1108622752,Traced,False,Roughly traced,AVM01,456.5,"[22061, 35355, 21288]","{'SNP(R)': {'pre': 182, 'post': 110, 'downstream': 1300, 'upstream': 110, 'mito': 43, 'dark': 42, 'medium': 1}, 'SLP(R)': {'pre': 182, 'post': 110, 'downstream': 1300, 'upstream': 110, 'mito': 43, 'dark': 42, 'medium': 1}, 'LH(R)': {'pre': 301, 'post': 151, 'downstream': 2227, 'upstream': 151, 'mito': 61, 'dark': 61}, 'MB(R)': {'pre': 24, 'post': 12, 'downstream': 221, 'upstream': 12, 'mito': 3, 'dark': 3}, 'CA(R)': {'pre': 24, 'post': 12, 'downstream': 221, 'upstream': 12, 'mito': 3, 'dark': 3}, 'MB(+ACA)(R)': {'pre': 24, 'post': 12, 'downstream': 221, 'upstream': 12, 'mito': 3, 'dark': 3}, 'mALT(R)': {'pre': 20, 'post': 24, 'downstream': 74, 'upstream': 24, 'mito': 38, 'dark': 37, 'medium': 1}, 'VLNP(R)': {'pre': 7, 'post': 6, 'downstream': 68, 'upstream': 6, 'mito': 1, 'dark': 1}, 'PLP(R)': {'pre': 7, 'post': 6, 'downstream': 68, 'upstream': 6, 'mito': 1, 'dark': 1}, 'AL(R)': {'pre': 79, 'post': 734, 'downstream': 377, 'upstream': 734, 'mito': 108, 'dark': 95, 'light': 4, 'medium': 9}, 'AL-D(R)': {'post': 5, 'upstream': 5, 'mito': 3, 'dark': 1, 'light': 1, 'medium': 1}, 'AL-DA3(R)': {'pre': 60, 'post': 624, 'downstream': 293, 'upstream': 624, 'mito': 70, 'dark': 63, 'light': 3, 'medium': 4}, 'AL-DL4(R)': {'pre': 1, 'post': 12, 'downstream': 3, 'upstream': 12, 'mito': 7, 'dark': 7}, 'AL-DA1(R)': {'pre': 17, 'post': 80, 'downstream': 78, 'upstream': 80, 'mito': 14, 'dark': 12, 'medium': 2}, 'AL-DA4l(R)': {'post': 1, 'upstream': 1, 'mito': 2, 'dark': 1, 'medium': 1}, 'AL-DC1(R)': {'pre': 1, 'post': 7, 'downstream': 3, 'upstream': 7, 'mito': 8, 'dark': 7, 'medium': 1}, 'AL-VP1d(R)': {'post': 3, 'upstream': 3, 'mito': 2, 'dark': 2}}",,"['AL(R)', 'AL-D(R)', 'AL-DA1(R)', 'AL-DA3(R)', 'AL-DA4l(R)', 'AL-DC1(R)', 'AL-DL4(R)', 'AL-VP1d(R)', 'CA(R)', 'LH(R)', 'MB(+ACA)(R)', 'MB(R)', 'PLP(R)', 'SLP(R)', 'SNP(R)', 'VLNP(R)', 'mALT(R)']","['AL(R)', 'AL-DA1(R)', 'AL-DA3(R)', 'AL-DC1(R)', 'AL-DL4(R)', 'CA(R)', 'LH(R)', 'MB(+ACA)(R)', 'MB(R)', 'PLP(R)', 'SLP(R)', 'SNP(R)', 'VLNP(R)', 'mALT(R)']"
1723506321,M_l2PNm14_R,M_l2PNm14,957,1922,9529,1922,557,1800268431,Traced,False,Roughly traced,AVM03,441.5,"[13727, 33545, 32552]","{'SNP(R)': {'pre': 465, 'post': 353, 'downstream': 4871, 'upstream': 353, 'mito': 125, 'dark': 123, 'light': 2}, 'SIP(R)': {'pre': 303, 'post': 230, 'downstream': 3269, 'upstream': 230, 'mito': 75, 'dark': 74, 'light': 1}, 'SMP(R)': {'pre': 98, 'post': 79, 'downstream': 923, 'upstream': 79, 'mito': 29, 'dark': 29}, 'SLP(R)': {'pre': 64, 'post': 44, 'downstream': 679, 'upstream': 44, 'mito': 21, 'dark': 20, 'light': 1}, 'LH(R)': {'pre': 13, 'post': 11, 'downstream': 139, 'upstream': 11, 'mito': 4, 'dark': 4}, 'INP': {'pre': 338, 'post': 265, 'downstream': 3473, 'upstream': 265, 'mito': 87, 'dark': 87}, 'SCL(R)': {'pre': 207, 'post': 129, 'downstream': 2226, 'upstream': 129, 'mito': 47, 'dark': 47}, 'ATL(R)': {'pre': 119, 'post': 124, 'downstream': 1132, 'upstream': 124, 'mito': 37, 'dark': 37}, 'VLNP(R)': {'pre': 76, 'post': 62, 'downstream': 788, 'upstream': 62, 'mito': 20, 'dark': 20}, 'PLP(R)': {'pre': 76, 'post': 62, 'downstream': 788, 'upstream': 62, 'mito': 20, 'dark': 20}, 'IB': {'pre': 12, 'post': 12, 'downstream': 115, 'upstream': 12, 'mito': 3, 'dark': 3}, 'mALT(R)': {'post': 1, 'upstream': 1, 'mito': 27, 'dark': 26, 'medium': 1}, 'AL(R)': {'pre': 62, 'post': 1196, 'downstream': 246, 'upstream': 1196, 'mito': 235, 'dark': 229, 'medium': 6}, 'AL-DL5(R)': {'post': 2, 'upstream': 2, 'mito': 3, 'dark': 3}, 'AL-DC4(R)': {'pre': 4, 'post': 12, 'downstream': 16, 'upstream': 12, 'mito': 7, 'dark': 7}, 'AL-D(R)': {'post': 4, 'upstream': 4}, 'AL-DC1(R)': {'pre': 1, 'post': 90, 'downstream': 3, 'upstream': 90, 'mito': 21, 'dark': 18, 'medium': 3}, 'VMNP': {'pre': 1, 'post': 13, 'downstream': 2, 'upstream': 13, 'mito': 8, 'dark': 8}, 'VES(R)': {'pre': 1, 'post': 13, 'downstream': 2, 'upstream': 13, 'mito': 7, 'dark': 7}, 'AL-DP1m(R)': {'pre': 6, 'post': 11, 'downstream': 24, 'upstream': 11, 'mito': 8, 'dark': 8}, 'AL-DM4(R)': {'pre': 1, 'post': 8, 'downstream': 2, 'upstream': 8, 'mito': 4, 'dark': 4}, 'AL-DA2(R)': {'post': 24, 'upstream': 24, 'mito': 4, 'dark': 4}, 'AL-DL1(R)': {'pre': 1, 'post': 4, 'downstream': 6, 'upstream': 4, 'mito': 1, 'dark': 1}, 'AL-VP1d(R)': {'pre': 14, 'post': 97, 'downstream': 62, 'upstream': 97, 'mito': 27, 'dark': 27}, 'AL-DM1(R)': {'pre': 1, 'post': 2, 'downstream': 3, 'upstream': 2, 'mito': 1, 'dark': 1}, 'AL-VP4(R)': {'pre': 2, 'post': 13, 'downstream': 7, 'upstream': 13, 'mito': 10, 'dark': 10}, 'AL-DC3(R)': {'post': 5, 'upstream': 5}, 'AL-DC2(R)': {'pre': 2, 'post': 47, 'downstream': 7, 'upstream': 47, 'mito': 6, 'dark': 6}, 'AL-VM7d(R)': {'pre': 1, 'post': 12, 'downstream': 4, 'upstream': 12, 'mito': 5, 'dark': 5}, 'AL-VA6(R)': {'post': 129, 'upstream': 129, 'mito': 15, 'dark': 15}, 'AL-VP1m(R)': {'pre': 2, 'post': 135, 'downstream': 11, 'upstream': 135, 'mito': 16, 'dark': 16}, 'AL-VM7v(R)': {'post': 6, 'upstream': 6, 'mito': 3, 'dark': 3}, 'AL-VP2(R)': {'pre': 12, 'post': 80, 'downstream': 38, 'upstream': 80, 'mito': 17, 'dark': 16, 'medium': 1}, 'AL-VC1(R)': {'post': 25, 'upstream': 25, 'mito': 5, 'dark': 5}, 'AL-VC5(R)': {'pre': 1, 'post': 14, 'downstream': 3, 'upstream': 14, 'mito': 4, 'dark': 4}, 'AL-VC3l(R)': {'post': 1, 'upstream': 1, 'mito': 1, 'medium': 1}, 'AL-VP1l(R)': {'pre': 1, 'post': 20, 'downstream': 7, 'upstream': 20, 'mito': 7, 'dark': 7}, 'AL-VC2(R)': {'post': 33, 'upstream': 33, 'mito': 1, 'dark': 1}, 'AL-VP5(R)': {'pre': 2, 'post': 136, 'downstream': 4, 'upstream': 136, 'mito': 25, 'dark': 25}, 'AL-VP3(R)': {'post': 8, 'upstream': 8}, 'AL-V(R)': {'pre': 2, 'post': 215, 'downstream': 8, 'upstream': 215, 'mito': 26, 'dark': 25, 'medium': 1}, 'PENP': {'pre': 2, 'post': 1, 'downstream': 10, 'upstream': 1, 'mito': 3, 'dark': 3}, 'SAD': {'pre': 2, 'post': 1, 'downstream': 10, 'upstream': 1, 'mito': 3, 'dark': 3}, 'SAD(-AMMC)': {'pre': 2, 'post': 1, 'downstream': 10, 'upstream': 1, 'mito': 3, 'dark': 3}, 'GNG': {'post': 17, 'upstream': 17, 'mito': 6, 'dark': 6}}",,"['AL(R)', 'AL-D(R)', 'AL-DA2(R)', 'AL-DC1(R)', 'AL-DC2(R)', 'AL-DC3(R)', 'AL-DC4(R)', 'AL-DL1(R)', 'AL-DL5(R)', 'AL-DM1(R)', 'AL-DM4(R)', 'AL-DP1m(R)', 'AL-V(R)', 'AL-VA6(R)', 'AL-VC1(R)', 'AL-VC2(R)', 'AL-VC3l(R)', 'AL-VC5(R)', 'AL-VM7d(R)', 'AL-VM7v(R)', 'AL-VP1d(R)', 'AL-VP1l(R)', 'AL-VP1m(R)', 'AL-VP2(R)', 'AL-VP3(R)', 'AL-VP4(R)', 'AL-VP5(R)', 'ATL(R)', 'GNG', 'IB', 'INP', 'LH(R)', 'PENP', 'PLP(R)', 'SAD', 'SAD(-AMMC)', 'SCL(R)', 'SIP(R)', 'SLP(R)', 'SMP(R)', 'SNP(R)', 'VES(R)', 'VLNP(R)', 'VMNP', 'mALT(R)']","['AL(R)', 'AL-DC1(R)', 'AL-DC2(R)', 'AL-DC4(R)', 'AL-DL1(R)', 'AL-DM1(R)', 'AL-DM4(R)', 'AL-DP1m(R)', 'AL-V(R)', 'AL-VC5(R)', 'AL-VM7d(R)', 'AL-VP1d(R)', 'AL-VP1l(R)', 'AL-VP1m(R)', 'AL-VP2(R)', 'AL-VP4(R)', 'AL-VP5(R)', 'ATL(R)', 'IB', 'INP', 'LH(R)', 'PENP', 'PLP(R)', 'SAD', 'SAD(-AMMC)', 'SCL(R)', 'SIP(R)', 'SLP(R)', 'SMP(R)', 'SNP(R)', 'VES(R)', 'VLNP(R)', 'VMNP']"
1727979406,VP1d+VP4_l2PN1_R,VP1d+VP4_l2PN1,2307,4910,19861,4910,780,4107666210,Traced,False,Roughly traced,AVM03,496.5,"[12805, 33517, 29728]","{'MB(R)': {'pre': 608, 'post': 412, 'downstream': 5976, 'upstream': 412, 'mito': 67, 'dark': 56, 'light': 3, 'medium': 8}, 'CA(R)': {'pre': 608, 'post': 412, 'downstream': 5976, 'upstream': 412, 'mito': 67, 'dark': 56, 'light': 3, 'medium': 8}, 'MB(+ACA)(R)': {'pre': 614, 'post': 414, 'downstream': 6043, 'upstream': 414, 'mito': 69, 'dark': 58, 'light': 3, 'medium': 8}, 'SNP(R)': {'pre': 68, 'post': 43, 'downstream': 651, 'upstream': 43, 'mito': 9, 'dark': 6, 'light': 1, 'medium': 2}, 'SLP(R)': {'pre': 68, 'post': 43, 'downstream': 651, 'upstream': 43, 'mito': 9, 'dark': 6, 'light': 1, 'medium': 2}, 'lACA(R)': {'post': 1, 'upstream': 1, 'mito': 1, 'dark': 1}, 'dACA(R)': {'pre': 6, 'post': 1, 'downstream': 67, 'upstream': 1, 'mito': 1, 'dark': 1}, 'mALT(R)': {'pre': 5, 'post': 7, 'downstream': 13, 'upstream': 7, 'mito': 17, 'dark': 16, 'medium': 1}, 'INP': {'pre': 116, 'post': 89, 'downstream': 1201, 'upstream': 89, 'mito': 21, 'dark': 18, 'medium': 3}, 'SCL(R)': {'pre': 116, 'post': 89, 'downstream': 1201, 'upstream': 89, 'mito': 21, 'dark': 18, 'medium': 3}, 'LH(R)': {'pre': 507, 'post': 386, 'downstream': 5089, 'upstream': 386, 'mito': 82, 'dark': 58, 'light': 7, 'medium': 17}, 'VLNP(R)': {'pre': 244, 'post': 179, 'downstream': 2333, 'upstream': 179, 'mito': 62, 'dark': 43, 'light': 5, 'medium': 14}, 'PLP(R)': {'pre': 194, 'post': 158, 'downstream': 1973, 'upstream': 158, 'mito': 25, 'dark': 12, 'light': 5, 'medium': 8}, 'AVLP(R)': {'pre': 48, 'post': 18, 'downstream': 344, 'upstream': 18, 'mito': 30, 'dark': 25, 'medium': 5}, 'PVLP(R)': {'pre': 2, 'post': 3, 'downstream': 16, 'upstream': 3, 'mito': 7, 'dark': 6, 'medium': 1}, 'AL(R)': {'pre': 736, 'post': 3730, 'downstream': 4460, 'upstream': 3730, 'mito': 373, 'dark': 353, 'light': 2, 'medium': 18}, 'AL-DL1(R)': {'pre': 10, 'post': 33, 'downstream': 47, 'upstream': 33, 'mito': 5, 'dark': 5}, 'AL-DL5(R)': {'pre': 1, 'post': 8, 'downstream': 3, 'upstream': 8, 'mito': 2, 'dark': 1, 'medium': 1}, 'AL-D(R)': {'pre': 1, 'downstream': 5}, 'AL-DC1(R)': {'pre': 9, 'post': 21, 'downstream': 42, 'upstream': 21, 'mito': 3, 'dark': 2, 'medium': 1}, 'AL-DP1m(R)': {'pre': 28, 'post': 88, 'downstream': 135, 'upstream': 88, 'mito': 9, 'dark': 9}, 'AL(L)': {'pre': 19, 'post': 59, 'downstream': 125, 'upstream': 59, 'mito': 16, 'dark': 16}, 'AL-DM4(L)': {'pre': 18, 'post': 57, 'downstream': 120, 'upstream': 57, 'mito': 13, 'dark': 13}, 'AL-DL4(R)': {'post': 1, 'upstream': 1}, 'AL-DM4(R)': {'pre': 3, 'post': 44, 'downstream': 14, 'upstream': 44, 'mito': 10, 'dark': 9, 'light': 1}, 'AL-VP4(R)': {'pre': 119, 'post': 513, 'downstream': 748, 'upstream': 513, 'mito': 56, 'dark': 50, 'medium': 6}, 'AL-DL2v(R)': {'pre': 1, 'post': 28, 'downstream': 6, 'upstream': 28, 'mito': 5, 'dark': 5}, 'AL-DC4(R)': {'post': 2, 'upstream': 2}, 'AL-VP1d(R)': {'pre': 337, 'post': 1819, 'downstream': 2190, 'upstream': 1819, 'mito': 132, 'dark': 126, 'medium': 6}, 'AL-DC3(R)': {'pre': 11, 'post': 83, 'downstream': 59, 'upstream': 83, 'mito': 9, 'dark': 9}, 'AL-DA1(R)': {'post': 1, 'upstream': 1}, 'AL-DP1m(L)': {'pre': 1, 'post': 2, 'downstream': 5, 'upstream': 2, 'mito': 3, 'dark': 3}, 'AL-VA6(R)': {'pre': 4, 'post': 25, 'downstream': 24, 'upstream': 25, 'mito': 2, 'dark': 2}, 'AL-DP1l(R)': {'pre': 5, 'post': 26, 'downstream': 32, 'upstream': 26, 'mito': 1, 'dark': 1}, 'AL-VM7d(R)': {'post': 2, 'upstream': 2}, 'AL-VC3l(R)': {'post': 4, 'upstream': 4}, 'AL-VL2p(R)': {'pre': 19, 'post': 112, 'downstream': 85, 'upstream': 112, 'mito': 17, 'dark': 15, 'light': 1, 'medium': 1}, 'AL-VA1d(R)': {'post': 1, 'upstream': 1}, 'AL-VA1v(R)': {'pre': 1, 'post': 25, 'downstream': 7, 'upstream': 25}, 'AL-DC2(R)': {'post': 4, 'upstream': 4}, 'AL-VL2a(R)': {'pre': 12, 'post': 51, 'downstream': 61, 'upstream': 51, 'mito': 5, 'dark': 5}, 'AL-VC5(R)': {'pre': 2, 'post': 20, 'downstream': 7, 'upstream': 20}, 'AL-VP1m(R)': {'pre': 23, 'post': 173, 'downstream': 148, 'upstream': 173, 'mito': 11, 'dark': 11}, 'AL-VM7v(R)': {'pre': 3, 'post': 23, 'downstream': 13, 'upstream': 23, 'mito': 2, 'dark': 2}, 'AL-VC1(R)': {'pre': 7, 'post': 63, 'downstream': 48, 'upstream': 63, 'mito': 6, 'dark': 6}, 'AL-VP1l(R)': {'pre': 20, 'post': 85, 'downstream': 113, 'upstream': 85, 'mito': 15, 'dark': 13, 'medium': 2}, 'AL-VC2(R)': {'post': 8, 'upstream': 8, 'mito': 1, 'dark': 1}, 'AL-VA7l(R)': {'pre': 1, 'post': 8, 'downstream': 5, 'upstream': 8}, 'AL-VA7m(R)': {'post': 1, 'upstream': 1}, 'AL-VP3(R)': {'pre': 1, 'post': 2, 'downstream': 3, 'upstream': 2, 'mito': 10, 'dark': 9, 'medium': 1}, 'AL-VA5(R)': {'pre': 8, 'post': 17, 'downstream': 56, 'upstream': 17, 'mito': 8, 'dark': 8}, 'AL-VL1(R)': {'pre': 32, 'post': 121, 'downstream': 168, 'upstream': 121, 'mito': 18, 'dark': 18}, 'AL-VA3(R)': {'post': 1, 'upstream': 1}, 'VMNP': {'pre': 1, 'post': 2, 'downstream': 5, 'upstream': 2, 'mito': 9, 'dark': 9}, 'VES(R)': {'pre': 1, 'post': 2, 'downstream': 5, 'upstream': 2, 'mito': 9, 'dark': 9}}",biPN-2 (Lin et al. PLoS Biol 2012),"['AL(L)', 'AL(R)', 'AL-DA1(R)', 'AL-DC1(R)', 'AL-DC2(R)', 'AL-DC3(R)', 'AL-DC4(R)', 'AL-DL1(R)', 'AL-DL2v(R)', 'AL-DL4(R)', 'AL-DL5(R)', 'AL-DM4(L)', 'AL-DM4(R)', 'AL-DP1l(R)', 'AL-DP1m(L)', 'AL-DP1m(R)', 'AL-VA1d(R)', 'AL-VA1v(R)', 'AL-VA3(R)', 'AL-VA5(R)', 'AL-VA6(R)', 'AL-VA7l(R)', 'AL-VA7m(R)', 'AL-VC1(R)', 'AL-VC2(R)', 'AL-VC3l(R)', 'AL-VC5(R)', 'AL-VL1(R)', 'AL-VL2a(R)', 'AL-VL2p(R)', 'AL-VM7d(R)', 'AL-VM7v(R)', 'AL-VP1d(R)', 'AL-VP1l(R)', 'AL-VP1m(R)', 'AL-VP3(R)', 'AL-VP4(R)', 'AVLP(R)', 'CA(R)', 'INP', 'LH(R)', 'MB(+ACA)(R)', 'MB(R)', 'PLP(R)', 'PVLP(R)', 'SCL(R)', 'SLP(R)', 'SNP(R)', 'VES(R)', 'VLNP(R)', 'VMNP', 'dACA(R)', 'lACA(R)', 'mALT(R)']","['AL(L)', 'AL(R)', 'AL-D(R)', 'AL-DC1(R)', 'AL-DC3(R)', 'AL-DL1(R)', 'AL-DL2v(R)', 'AL-DL5(R)', 'AL-DM4(L)', 'AL-DM4(R)', 'AL-DP1l(R)', 'AL-DP1m(L)', 'AL-DP1m(R)', 'AL-VA1v(R)', 'AL-VA5(R)', 'AL-VA6(R)', 'AL-VA7l(R)', 'AL-VC1(R)', 'AL-VC5(R)', 'AL-VL1(R)', 'AL-VL2a(R)', 'AL-VL2p(R)', 'AL-VM7v(R)', 'AL-VP1d(R)', 'AL-VP1l(R)', 'AL-VP1m(R)', 'AL-VP3(R)', 'AL-VP4(R)', 'AVLP(R)', 'CA(R)', 'INP', 'LH(R)', 'MB(+ACA)(R)', 'MB(R)', 'PLP(R)', 'PVLP(R)', 'SCL(R)', 'SLP(R)', 'SNP(R)', 'VES(R)', 'VLNP(R)', 'VMNP', 'dACA(R)', 'mALT(R)']"
1730656082,M_lvPNm26_R,M_lvPNm26,319,707,3030,707,229,613722418,Traced,False,Roughly traced,AVM06,381.5,"[13684, 31357, 33128]","{'SNP(R)': {'pre': 277, 'post': 121, 'downstream': 2642, 'upstream': 121, 'mito': 90, 'dark': 89, 'light': 1}, 'SIP(R)': {'pre': 186, 'post': 71, 'downstream': 1781, 'upstream': 71, 'mito': 59, 'dark': 59}, 'SMP(R)': {'pre': 91, 'post': 50, 'downstream': 861, 'upstream': 50, 'mito': 31, 'dark': 30, 'light': 1}, 'INP': {'pre': 38, 'post': 17, 'downstream': 374, 'upstream': 17, 'mito': 9, 'dark': 8, 'medium': 1}, 'CRE(R)': {'pre': 38, 'post': 17, 'downstream': 374, 'upstream': 17, 'mito': 8, 'dark': 7, 'medium': 1}, 'CRE(-ROB,-RUB)(R)': {'pre': 38, 'post': 17, 'downstream': 374, 'upstream': 17, 'mito': 8, 'dark': 7, 'medium': 1}, 'AL(R)': {'pre': 4, 'post': 568, 'downstream': 14, 'upstream': 568, 'mito': 98, 'dark': 98}, 'AL-DM1(R)': {'post': 173, 'upstream': 173, 'mito': 25, 'dark': 25}, 'AL-DP1m(R)': {'post': 193, 'upstream': 193, 'mito': 27, 'dark': 27}, 'AL-DL5(R)': {'post': 2, 'upstream': 2}, 'AL-DC4(R)': {'post': 19, 'upstream': 19, 'mito': 10, 'dark': 10}, 'AL-DM3(R)': {'post': 2, 'upstream': 2}, 'AL-DC1(R)': {'post': 67, 'upstream': 67, 'mito': 7, 'dark': 7}, 'AL-DM4(R)': {'post': 2, 'upstream': 2, 'mito': 2, 'dark': 2}, 'AL-DM2(R)': {'pre': 1, 'post': 51, 'downstream': 6, 'upstream': 51, 'mito': 6, 'dark': 6}, 'mALT(R)': {'post': 1, 'upstream': 1, 'mito': 12, 'dark': 12}, 'AL-DP1l(R)': {'post': 1, 'upstream': 1}, 'AL-VC3l(R)': {'post': 4, 'upstream': 4, 'mito': 6, 'dark': 6}, 'AL-VP2(R)': {'post': 1, 'upstream': 1, 'mito': 2, 'dark': 2}, 'AL-VC5(R)': {'post': 1, 'upstream': 1, 'mito': 1, 'dark': 1}, 'AL-VP5(R)': {'post': 1, 'upstream': 1}, 'AL-VA2(R)': {'pre': 3, 'post': 37, 'downstream': 8, 'upstream': 37, 'mito': 3, 'dark': 3}, 'AL-VC4(R)': {'post': 3, 'upstream': 3}, 'AL-VC2(R)': {'post': 7, 'upstream': 7, 'mito': 2, 'dark': 2}, 'AL-VM3(R)': {'post': 4, 'upstream': 4}}",,"['AL(R)', 'AL-DC1(R)', 'AL-DC4(R)', 'AL-DL5(R)', 'AL-DM1(R)', 'AL-DM2(R)', 'AL-DM3(R)', 'AL-DM4(R)', 'AL-DP1l(R)', 'AL-DP1m(R)', 'AL-VA2(R)', 'AL-VC2(R)', 'AL-VC3l(R)', 'AL-VC4(R)', 'AL-VC5(R)', 'AL-VM3(R)', 'AL-VP2(R)', 'AL-VP5(R)', 'CRE(-ROB,-RUB)(R)', 'CRE(R)', 'INP', 'SIP(R)', 'SMP(R)', 'SNP(R)', 'mALT(R)']","['AL(R)', 'AL-DM2(R)', 'AL-VA2(R)', 'CRE(-ROB,-RUB)(R)', 'CRE(R)', 'INP', 'SIP(R)', 'SMP(R)', 'SNP(R)']"
1732313117,M_lvPNm40_R,M_lvPNm40,265,435,1934,435,122,316044971,Traced,False,Roughly traced,AVM06,,,"{'SNP(R)': {'pre': 57, 'post': 21, 'downstream': 516, 'upstream': 21, 'mito': 13, 'dark': 13}, 'SLP(R)': {'pre': 57, 'post': 21, 'downstream': 516, 'upstream': 21, 'mito': 13, 'dark': 13}, 'LH(R)': {'pre': 96, 'post': 36, 'downstream': 778, 'upstream': 36, 'mito': 23, 'dark': 23}, 'mALT(R)': {'pre': 2, 'post': 4, 'downstream': 10, 'upstream': 4, 'mito': 17, 'dark': 17}, 'INP': {'pre': 20, 'post': 8, 'downstream': 166, 'upstream': 8, 'mito': 7, 'dark': 7}, 'SCL(R)': {'pre': 20, 'post': 8, 'downstream': 166, 'upstream': 8, 'mito': 7, 'dark': 7}, 'AL(R)': {'pre': 89, 'post': 364, 'downstream': 462, 'upstream': 364, 'mito': 61, 'dark': 61}, 'AL-DL1(R)': {'pre': 15, 'post': 103, 'downstream': 82, 'upstream': 103, 'mito': 12, 'dark': 12}, 'AL-DL2v(R)': {'pre': 2, 'post': 6, 'downstream': 12, 'upstream': 6, 'mito': 2, 'dark': 2}, 'AL-DL2d(R)': {'pre': 1, 'post': 5, 'downstream': 4, 'upstream': 5}, 'AL-DC3(R)': {'pre': 14, 'post': 9, 'downstream': 70, 'upstream': 9, 'mito': 4, 'dark': 4}, 'AL-VA1d(R)': {'pre': 12, 'post': 54, 'downstream': 66, 'upstream': 54, 'mito': 6, 'dark': 6}, 'AL-VA6(R)': {'pre': 2, 'post': 7, 'downstream': 9, 'upstream': 7, 'mito': 1, 'dark': 1}, 'AL-DC2(R)': {'post': 10, 'upstream': 10}, 'AL-VL2a(R)': {'post': 3, 'upstream': 3, 'mito': 1, 'dark': 1}, 'AL-VC1(R)': {'pre': 4, 'post': 15, 'downstream': 18, 'upstream': 15, 'mito': 8, 'dark': 8}, 'AL-VP1d(R)': {'pre': 1, 'post': 1, 'downstream': 6, 'upstream': 1, 'mito': 1, 'dark': 1}, 'AL-VA1v(R)': {'post': 3, 'upstream': 3}, 'AL-VP1l(R)': {'post': 1, 'upstream': 1, 'mito': 2, 'dark': 2}, 'AL-VC2(R)': {'pre': 13, 'post': 25, 'downstream': 62, 'upstream': 25, 'mito': 8, 'dark': 8}, 'AL-VA7l(R)': {'pre': 2, 'post': 34, 'downstream': 11, 'upstream': 34, 'mito': 3, 'dark': 3}, 'AL-VA7m(R)': {'pre': 3, 'post': 60, 'downstream': 16, 'upstream': 60, 'mito': 5, 'dark': 5}, 'AL-VA5(R)': {'pre': 3, 'post': 6, 'downstream': 19, 'upstream': 6, 'mito': 2, 'dark': 2}, 'AL-VA4(R)': {'pre': 2, 'post': 5, 'downstream': 13, 'upstream': 5, 'mito': 1, 'dark': 1}, 'AL-VA3(R)': {'post': 4, 'upstream': 4}, 'PENP': {'post': 2, 'upstream': 2}, 'SAD': {'post': 2, 'upstream': 2}, 'AMMC': {'post': 2, 'upstream': 2}}",,"['AL(R)', 'AL-DC2(R)', 'AL-DC3(R)', 'AL-DL1(R)', 'AL-DL2d(R)', 'AL-DL2v(R)', 'AL-VA1d(R)', 'AL-VA1v(R)', 'AL-VA3(R)', 'AL-VA4(R)', 'AL-VA5(R)', 'AL-VA6(R)', 'AL-VA7l(R)', 'AL-VA7m(R)', 'AL-VC1(R)', 'AL-VC2(R)', 'AL-VL2a(R)', 'AL-VP1d(R)', 'AL-VP1l(R)', 'AMMC', 'INP', 'LH(R)', 'PENP', 'SAD', 'SCL(R)', 'SLP(R)', 'SNP(R)', 'mALT(R)']","['AL(R)', 'AL-DC3(R)', 'AL-DL1(R)', 'AL-DL2d(R)', 'AL-DL2v(R)', 'AL-VA1d(R)', 'AL-VA4(R)', 'AL-VA5(R)', 'AL-VA6(R)', 'AL-VA7l(R)', 'AL-VA7m(R)', 'AL-VC1(R)', 'AL-VC2(R)', 'AL-VP1d(R)', 'INP', 'LH(R)', 'SCL(R)', 'SLP(R)', 'SNP(R)', 'mALT(R)']"
1733370882,M_spPN5t10_R,M_spPN5t10,282,1690,1126,1690,392,1548404584,Traced,False,Roughly traced,PVM01,376.0,"[18081, 12308, 19824]","{'AL(R)': {'pre': 244, 'post': 1423, 'downstream': 954, 'upstream': 1423, 'mito': 252, 'dark': 251, 'medium': 1}, 'AL-DL5(R)': {'post': 14, 'upstream': 14, 'mito': 1, 'dark': 1}, 'GC': {'pre': 1, 'post': 5, 'downstream': 2, 'upstream': 5, 'mito': 7, 'dark': 6, 'light': 1}, 'AL-D(R)': {'pre': 5, 'post': 34, 'downstream': 16, 'upstream': 34, 'mito': 4, 'dark': 4}, 'AL-DM1(R)': {'pre': 8, 'post': 39, 'downstream': 29, 'upstream': 39, 'mito': 6, 'dark': 6}, 'AL-DL4(R)': {'post': 2, 'upstream': 2}, 'AL-DA1(R)': {'pre': 6, 'post': 33, 'downstream': 22, 'upstream': 33, 'mito': 7, 'dark': 7}, 'AL-DM3(R)': {'post': 2, 'upstream': 2}, 'AL-DP1m(R)': {'pre': 20, 'post': 77, 'downstream': 77, 'upstream': 77, 'mito': 19, 'dark': 19}, 'AL-DC1(R)': {'pre': 6, 'post': 58, 'downstream': 26, 'upstream': 58, 'mito': 7, 'dark': 7}, 'AL-DC4(R)': {'pre': 13, 'post': 95, 'downstream': 46, 'upstream': 95, 'mito': 11, 'dark': 11}, 'AL-DA3(R)': {'post': 11, 'upstream': 11}, 'AL-DL1(R)': {'pre': 1, 'post': 5, 'downstream': 5, 'upstream': 5, 'mito': 4, 'dark': 3, 'medium': 1}, 'AL-DA4m(R)': {'post': 2, 'upstream': 2}, 'AL-DA2(R)': {'post': 2, 'upstream': 2}, 'AL-DM6(R)': {'post': 13, 'upstream': 13, 'mito': 1, 'dark': 1}, 'AL-DM4(R)': {'pre': 5, 'post': 25, 'downstream': 13, 'upstream': 25, 'mito': 4, 'dark': 4}, 'LX(R)': {'pre': 27, 'post': 203, 'downstream': 129, 'upstream': 203, 'mito': 37, 'dark': 36, 'light': 1}, 'LAL(R)': {'pre': 27, 'post': 203, 'downstream': 129, 'upstream': 203, 'mito': 37, 'dark': 36, 'light': 1}, 'LAL(-GA)(R)': {'pre': 27, 'post': 203, 'downstream': 129, 'upstream': 203, 'mito': 37, 'dark': 36, 'light': 1}, 'AL-DC3(R)': {'pre': 7, 'post': 49, 'downstream': 29, 'upstream': 49, 'mito': 8, 'dark': 8}, 'AL-DM2(R)': {'post': 1, 'upstream': 1}, 'AL-DC2(R)': {'pre': 14, 'post': 82, 'downstream': 52, 'upstream': 82, 'mito': 14, 'dark': 14}, 'AL-VP1d(R)': {'pre': 29, 'post': 82, 'downstream': 122, 'upstream': 82, 'mito': 23, 'dark': 23}, 'VMNP': {'pre': 8, 'post': 50, 'downstream': 34, 'upstream': 50, 'mito': 25, 'dark': 25}, 'SPS(L)': {'pre': 1, 'post': 1, 'downstream': 3, 'upstream': 1, 'mito': 5, 'dark': 5}, 'AL-VM7d(R)': {'pre': 3, 'post': 12, 'downstream': 10, 'upstream': 12, 'mito': 3, 'dark': 3}, 'AL-VA6(R)': {'pre': 6, 'post': 79, 'downstream': 22, 'upstream': 79, 'mito': 11, 'dark': 11}, 'AL-DL2v(R)': {'pre': 2, 'post': 9, 'downstream': 8, 'upstream': 9, 'mito': 2, 'dark': 2}, 'AL-DP1l(R)': {'pre': 2, 'downstream': 5, 'mito': 1, 'dark': 1}, 'AL-VM7v(R)': {'post': 6, 'upstream': 6}, 'AL-VC3l(R)': {'pre': 7, 'post': 24, 'downstream': 23, 'upstream': 24, 'mito': 8, 'dark': 8}, 'AL-VC5(R)': {'pre': 8, 'post': 46, 'downstream': 31, 'upstream': 46, 'mito': 12, 'dark': 12}, 'VES(L)': {'post': 1, 'upstream': 1}, 'VES(R)': {'pre': 7, 'post': 48, 'downstream': 31, 'upstream': 48, 'mito': 20, 'dark': 20}, 'AL-VC1(R)': {'pre': 18, 'post': 116, 'downstream': 62, 'upstream': 116, 'mito': 15, 'dark': 15}, 'AL-VP1m(R)': {'pre': 12, 'post': 49, 'downstream': 56, 'upstream': 49, 'mito': 8, 'dark': 8}, 'AL-VC4(R)': {'pre': 3, 'post': 23, 'downstream': 10, 'upstream': 23, 'mito': 6, 'dark': 6}, 'AL-VP1l(R)': {'pre': 4, 'post': 20, 'downstream': 17, 'upstream': 20, 'mito': 2, 'dark': 2}, 'AL-VM5v(R)': {'post': 3, 'upstream': 3}, 'AL-VC2(R)': {'pre': 8, 'post': 53, 'downstream': 32, 'upstream': 53, 'mito': 7, 'dark': 7}, 'AL-VP2(R)': {'pre': 7, 'post': 44, 'downstream': 28, 'upstream': 44, 'mito': 11, 'dark': 11}, 'AL-VP3(R)': {'post': 10, 'upstream': 10, 'mito': 1, 'dark': 1}, 'AL-VP4(R)': {'post': 2, 'upstream': 2, 'mito': 1, 'dark': 1}, 'AL-VP5(R)': {'post': 11, 'upstream': 11, 'mito': 1, 'dark': 1}, 'AL-VC3m(R)': {'post': 9, 'upstream': 9}, 'AL-VA7l(R)': {'pre': 1, 'post': 4, 'downstream': 6, 'upstream': 4, 'mito': 2, 'dark': 2}, 'AL-VA2(R)': {'pre': 4, 'post': 8, 'downstream': 18, 'upstream': 8, 'mito': 3, 'dark': 3}, 'AL-VA7m(R)': {'pre': 1, 'post': 8, 'downstream': 3, 'upstream': 8}, 'AL-VL1(R)': {'pre': 3, 'post': 13, 'downstream': 13, 'upstream': 13, 'mito': 3, 'dark': 3}, 'AL-VM3(R)': {'pre': 1, 'post': 5, 'downstream': 3, 'upstream': 5, 'mito': 1, 'dark': 1}, 'AL-VA4(R)': {'pre': 2, 'post': 18, 'downstream': 9, 'upstream': 18, 'mito': 1, 'dark': 1}, 'AL-VA5(R)': {'post': 1, 'upstream': 1}, 'AL-VA3(R)': {'post': 2, 'upstream': 2}, 'AL-V(R)': {'pre': 15, 'post': 118, 'downstream': 65, 'upstream': 118, 'mito': 16, 'dark': 16}, 'PENP': {'pre': 1, 'post': 4, 'downstream': 5, 'upstream': 4, 'mito': 1, 'dark': 1}, 'SAD': {'pre': 1, 'post': 4, 'downstream': 5, 'upstream': 4, 'mito': 1, 'dark': 1}, 'SAD(-AMMC)': {'pre': 1, 'post': 4, 'downstream': 5, 'upstream': 4, 'mito': 1, 'dark': 1}}",,"['AL(R)', 'AL-D(R)', 'AL-DA1(R)', 'AL-DA2(R)', 'AL-DA3(R)', 'AL-DA4m(R)', 'AL-DC1(R)', 'AL-DC2(R)', 'AL-DC3(R)', 'AL-DC4(R)', 'AL-DL1(R)', 'AL-DL2v(R)', 'AL-DL4(R)', 'AL-DL5(R)', 'AL-DM1(R)', 'AL-DM2(R)', 'AL-DM3(R)', 'AL-DM4(R)', 'AL-DM6(R)', 'AL-DP1m(R)', 'AL-V(R)', 'AL-VA2(R)', 'AL-VA3(R)', 'AL-VA4(R)', 'AL-VA5(R)', 'AL-VA6(R)', 'AL-VA7l(R)', 'AL-VA7m(R)', 'AL-VC1(R)', 'AL-VC2(R)', 'AL-VC3l(R)', 'AL-VC3m(R)', 'AL-VC4(R)', 'AL-VC5(R)', 'AL-VL1(R)', 'AL-VM3(R)', 'AL-VM5v(R)', 'AL-VM7d(R)', 'AL-VM7v(R)', 'AL-VP1d(R)', 'AL-VP1l(R)', 'AL-VP1m(R)', 'AL-VP2(R)', 'AL-VP3(R)', 'AL-VP4(R)', 'AL-VP5(R)', 'GC', 'LAL(-GA)(R)', 'LAL(R)', 'LX(R)', 'PENP', 'SAD', 'SAD(-AMMC)', 'SPS(L)', 'VES(L)', 'VES(R)', 'VMNP']","['AL(R)', 'AL-D(R)', 'AL-DA1(R)', 'AL-DC1(R)', 'AL-DC2(R)', 'AL-DC3(R)', 'AL-DC4(R)', 'AL-DL1(R)', 'AL-DL2v(R)', 'AL-DM1(R)', 'AL-DM4(R)', 'AL-DP1l(R)', 'AL-DP1m(R)', 'AL-V(R)', 'AL-VA2(R)', 'AL-VA4(R)', 'AL-VA6(R)', 'AL-VA7l(R)', 'AL-VA7m(R)', 'AL-VC1(R)', 'AL-VC2(R)', 'AL-VC3l(R)', 'AL-VC4(R)', 'AL-VC5(R)', 'AL-VL1(R)', 'AL-VM3(R)', 'AL-VM7d(R)', 'AL-VP1d(R)', 'AL-VP1l(R)', 'AL-VP1m(R)', 'AL-VP2(R)', 'GC', 'LAL(-GA)(R)', 'LAL(R)', 'LX(R)', 'PENP', 'SAD', 'SAD(-AMMC)', 'SPS(L)', 'VES(R)', 'VMNP']"
1733677514,M_l2PNm16_R,M_l2PNm16,1131,2924,9336,2924,637,2193574666,Traced,False,Roughly traced,AVM03,441.5,"[13641, 33752, 33560]","{'SNP(R)': {'pre': 34, 'post': 18, 'downstream': 369, 'upstream': 18, 'mito': 13, 'dark': 13}, 'SLP(R)': {'pre': 22, 'post': 13, 'downstream': 243, 'upstream': 13, 'mito': 11, 'dark': 11}, 'dACA(R)': {'pre': 2, 'post': 3, 'downstream': 29, 'upstream': 3, 'mito': 2, 'dark': 2}, 'MB(+ACA)(R)': {'pre': 49, 'post': 20, 'downstream': 489, 'upstream': 20, 'mito': 10, 'dark': 9, 'light': 1}, 'MB(R)': {'pre': 47, 'post': 17, 'downstream': 460, 'upstream': 17, 'mito': 8, 'dark': 7, 'light': 1}, 'CA(R)': {'pre': 47, 'post': 17, 'downstream': 460, 'upstream': 17, 'mito': 8, 'dark': 7, 'light': 1}, 'SMP(R)': {'pre': 12, 'post': 5, 'downstream': 126, 'upstream': 5, 'mito': 2, 'dark': 2}, 'INP': {'pre': 111, 'post': 54, 'downstream': 1167, 'upstream': 54, 'mito': 34, 'dark': 34}, 'SCL(R)': {'pre': 110, 'post': 54, 'downstream': 1166, 'upstream': 54, 'mito': 31, 'dark': 31}, 'ATL(R)': {'pre': 1, 'downstream': 1, 'mito': 3, 'dark': 3}, 'LH(R)': {'pre': 21, 'post': 13, 'downstream': 226, 'upstream': 13, 'mito': 4, 'dark': 4}, 'VLNP(R)': {'pre': 498, 'post': 217, 'downstream': 4964, 'upstream': 217, 'mito': 98, 'dark': 90, 'light': 1, 'medium': 7}, 'PLP(R)': {'pre': 498, 'post': 217, 'downstream': 4964, 'upstream': 217, 'mito': 98, 'dark': 90, 'light': 1, 'medium': 7}, 'mALT(R)': {'pre': 2, 'post': 5, 'downstream': 5, 'upstream': 5, 'mito': 16, 'dark': 16}, 'AL(R)': {'pre': 405, 'post': 2477, 'downstream': 2064, 'upstream': 2477, 'mito': 412, 'dark': 400, 'light': 2, 'medium': 10}, 'AL-DL3(R)': {'pre': 7, 'post': 28, 'downstream': 27, 'upstream': 28, 'mito': 4, 'dark': 3, 'medium': 1}, 'AL-D(R)': {'pre': 6, 'post': 49, 'downstream': 33, 'upstream': 49, 'mito': 8, 'dark': 8}, 'AL-DL5(R)': {'pre': 5, 'post': 3, 'downstream': 22, 'upstream': 3, 'mito': 2, 'dark': 2}, 'AL-DL1(R)': {'pre': 3, 'post': 40, 'downstream': 14, 'upstream': 40, 'mito': 14, 'dark': 14}, 'AL-DP1m(R)': {'pre': 3, 'post': 14, 'downstream': 16, 'upstream': 14, 'mito': 3, 'dark': 3}, 'AL-DC1(R)': {'pre': 2, 'post': 48, 'downstream': 10, 'upstream': 48, 'mito': 9, 'dark': 9}, 'AL-DA1(R)': {'pre': 2, 'post': 15, 'downstream': 11, 'upstream': 15, 'mito': 2, 'dark': 1, 'medium': 1}, 'AL-DC4(R)': {'pre': 3, 'post': 49, 'downstream': 10, 'upstream': 49, 'mito': 9, 'dark': 9}, 'AL-DL2d(R)': {'pre': 1, 'post': 1, 'downstream': 6, 'upstream': 1, 'mito': 1, 'dark': 1}, 'AL-DL2v(R)': {'pre': 5, 'post': 18, 'downstream': 21, 'upstream': 18, 'mito': 5, 'dark': 4, 'medium': 1}, 'AL-DM4(R)': {'post': 7, 'upstream': 7, 'mito': 1, 'dark': 1}, 'AL-DC3(R)': {'pre': 13, 'post': 73, 'downstream': 64, 'upstream': 73, 'mito': 18, 'dark': 17, 'medium': 1}, 'AL-DM6(R)': {'post': 1, 'upstream': 1}, 'AL-VP1d(R)': {'pre': 20, 'post': 163, 'downstream': 100, 'upstream': 163, 'mito': 21, 'dark': 20, 'medium': 1}, 'AL-VP4(R)': {'pre': 11, 'post': 58, 'downstream': 57, 'upstream': 58, 'mito': 16, 'dark': 16}, 'AL-DC2(R)': {'post': 16, 'upstream': 16}, 'AL-VA1d(R)': {'pre': 13, 'post': 64, 'downstream': 63, 'upstream': 64, 'mito': 12, 'dark': 11, 'medium': 1}, 'AL-VA6(R)': {'pre': 3, 'post': 92, 'downstream': 16, 'upstream': 92, 'mito': 9, 'dark': 9}, 'AL-DP1l(R)': {'pre': 2, 'post': 18, 'downstream': 8, 'upstream': 18, 'mito': 6, 'dark': 6}, 'AL-VP2(R)': {'pre': 20, 'post': 134, 'downstream': 109, 'upstream': 134, 'mito': 22, 'dark': 21, 'medium': 1}, 'AL-VA1v(R)': {'pre': 60, 'post': 261, 'downstream': 230, 'upstream': 261, 'mito': 38, 'dark': 38}, 'AL-VC5(R)': {'pre': 10, 'post': 73, 'downstream': 53, 'upstream': 73, 'mito': 12, 'dark': 12}, 'AL-VC1(R)': {'pre': 7, 'post': 72, 'downstream': 32, 'upstream': 72, 'mito': 10, 'dark': 10}, 'AL-VL2p(R)': {'pre': 5, 'post': 74, 'downstream': 19, 'upstream': 74, 'mito': 17, 'dark': 17}, 'AL-VP1m(R)': {'pre': 7, 'post': 86, 'downstream': 42, 'upstream': 86, 'mito': 13, 'dark': 13}, 'AL-VL2a(R)': {'pre': 23, 'post': 78, 'downstream': 108, 'upstream': 78, 'mito': 20, 'dark': 19, 'medium': 1}, 'AL-VM7v(R)': {'post': 1, 'upstream': 1}, 'AL-VP1l(R)': {'pre': 7, 'post': 51, 'downstream': 40, 'upstream': 51, 'mito': 6, 'dark': 6}, 'AL-VP3(R)': {'pre': 37, 'post': 150, 'downstream': 208, 'upstream': 150, 'mito': 21, 'dark': 20, 'light': 1}, 'AL-VC2(R)': {'pre': 5, 'post': 48, 'downstream': 28, 'upstream': 48, 'mito': 7, 'dark': 7}, 'AL-VA7l(R)': {'post': 7, 'upstream': 7}, 'VMNP': {'pre': 8, 'post': 81, 'downstream': 48, 'upstream': 81, 'mito': 12, 'dark': 12}, 'VES(R)': {'pre': 8, 'post': 81, 'downstream': 48, 'upstream': 81, 'mito': 12, 'dark': 12}, 'AL-VP5(R)': {'pre': 16, 'post': 122, 'downstream': 88, 'upstream': 122, 'mito': 17, 'dark': 16, 'light': 1}, 'AL-VC3l(R)': {'pre': 3, 'post': 1, 'downstream': 14, 'upstream': 1, 'mito': 2, 'dark': 2}, 'AL-VA7m(R)': {'post': 1, 'upstream': 1}, 'AL-VA5(R)': {'pre': 3, 'post': 25, 'downstream': 15, 'upstream': 25, 'mito': 3, 'dark': 3}, 'AL-VL1(R)': {'pre': 31, 'post': 154, 'downstream': 184, 'upstream': 154, 'mito': 26, 'dark': 26}, 'AL-VA3(R)': {'post': 2, 'upstream': 2}, 'AL-VA4(R)': {'post': 4, 'upstream': 4}, 'AL-V(R)': {'pre': 4, 'post': 32, 'downstream': 27, 'upstream': 32, 'mito': 2, 'dark': 2}, 'PENP': {'pre': 5, 'post': 41, 'downstream': 33, 'upstream': 41, 'mito': 5, 'dark': 5}, 'SAD': {'pre': 5, 'post': 41, 'downstream': 33, 'upstream': 41, 'mito': 5, 'dark': 5}, 'SAD(-AMMC)': {'pre': 5, 'post': 41, 'downstream': 33, 'upstream': 41, 'mito': 5, 'dark': 5}}",,"['AL(R)', 'AL-D(R)', 'AL-DA1(R)', 'AL-DC1(R)', 'AL-DC2(R)', 'AL-DC3(R)', 'AL-DC4(R)', 'AL-DL1(R)', 'AL-DL2d(R)', 'AL-DL2v(R)', 'AL-DL3(R)', 'AL-DL5(R)', 'AL-DM4(R)', 'AL-DM6(R)', 'AL-DP1l(R)', 'AL-DP1m(R)', 'AL-V(R)', 'AL-VA1d(R)', 'AL-VA1v(R)', 'AL-VA3(R)', 'AL-VA4(R)', 'AL-VA5(R)', 'AL-VA6(R)', 'AL-VA7l(R)', 'AL-VA7m(R)', 'AL-VC1(R)', 'AL-VC2(R)', 'AL-VC3l(R)', 'AL-VC5(R)', 'AL-VL1(R)', 'AL-VL2a(R)', 'AL-VL2p(R)', 'AL-VM7v(R)', 'AL-VP1d(R)', 'AL-VP1l(R)', 'AL-VP1m(R)', 'AL-VP2(R)', 'AL-VP3(R)', 'AL-VP4(R)', 'AL-VP5(R)', 'CA(R)', 'INP', 'LH(R)', 'MB(+ACA)(R)', 'MB(R)', 'PENP', 'PLP(R)', 'SAD', 'SAD(-AMMC)', 'SCL(R)', 'SLP(R)', 'SMP(R)', 'SNP(R)', 'VES(R)', 'VLNP(R)', 'VMNP', 'dACA(R)', 'mALT(R)']","['AL(R)', 'AL-D(R)', 'AL-DA1(R)', 'AL-DC1(R)', 'AL-DC3(R)', 'AL-DC4(R)', 'AL-DL1(R)', 'AL-DL2d(R)', 'AL-DL2v(R)', 'AL-DL3(R)', 'AL-DL5(R)', 'AL-DP1l(R)', 'AL-DP1m(R)', 'AL-V(R)', 'AL-VA1d(R)', 'AL-VA1v(R)', 'AL-VA5(R)', 'AL-VA6(R)', 'AL-VC1(R)', 'AL-VC2(R)', 'AL-VC3l(R)', 'AL-VC5(R)', 'AL-VL1(R)', 'AL-VL2a(R)', 'AL-VL2p(R)', 'AL-VP1d(R)', 'AL-VP1l(R)', 'AL-VP1m(R)', 'AL-VP2(R)', 'AL-VP3(R)', 'AL-VP4(R)', 'AL-VP5(R)', 'ATL(R)', 'CA(R)', 'INP', 'LH(R)', 'MB(+ACA)(R)', 'MB(R)', 'PENP', 'PLP(R)', 'SAD', 'SAD(-AMMC)', 'SCL(R)', 'SLP(R)', 'SMP(R)', 'SNP(R)', 'VES(R)', 'VLNP(R)', 'VMNP', 'dACA(R)', 'mALT(R)']"
1734350788,DA1_lPN_R,DA1_lPN,621,2084,4903,2084,298,1174705998,Traced,False,Roughly traced,AVM02,441.5,"[15033, 36558, 28376]","{'MB(R)': {'pre': 90, 'post': 35, 'downstream': 941, 'upstream': 35, 'mito': 7, 'dark': 7}, 'CA(R)': {'pre': 90, 'post': 35, 'downstream': 941, 'upstream': 35, 'mito': 7, 'dark': 7}, 'MB(+ACA)(R)': {'pre': 90, 'post': 35, 'downstream': 941, 'upstream': 35, 'mito': 7, 'dark': 7}, 'mALT(R)': {'pre': 9, 'post': 12, 'downstream': 78, 'upstream': 12, 'mito': 52, 'dark': 52}, 'INP': {'pre': 6, 'post': 2, 'downstream': 60, 'upstream': 2, 'mito': 1, 'dark': 1}, 'SCL(R)': {'pre': 6, 'post': 2, 'downstream': 60, 'upstream': 2, 'mito': 1, 'dark': 1}, 'LH(R)': {'pre': 284, 'post': 102, 'downstream': 2680, 'upstream': 102, 'mito': 44, 'dark': 40, 'medium': 4}, 'AL(R)': {'pre': 232, 'post': 1933, 'downstream': 1144, 'upstream': 1933, 'mito': 161, 'dark': 160, 'light': 1}, 'AL-DL3(R)': {'pre': 5, 'post': 32, 'downstream': 13, 'upstream': 32, 'mito': 2, 'dark': 2}, 'AL-DA1(R)': {'pre': 225, 'post': 1889, 'downstream': 1118, 'upstream': 1889, 'mito': 149, 'dark': 148, 'light': 1}, 'AL-DL4(R)': {'post': 2, 'upstream': 2}, 'AL-DC3(R)': {'post': 3, 'upstream': 3}, 'AL-VP1d(R)': {'post': 1, 'upstream': 1, 'mito': 8, 'dark': 8}, 'AL-VA1d(R)': {'pre': 2, 'post': 6, 'downstream': 13, 'upstream': 6, 'mito': 2, 'dark': 2}}",,"['AL(R)', 'AL-DA1(R)', 'AL-DC3(R)', 'AL-DL3(R)', 'AL-DL4(R)', 'AL-VA1d(R)', 'AL-VP1d(R)', 'CA(R)', 'INP', 'LH(R)', 'MB(+ACA)(R)', 'MB(R)', 'SCL(R)', 'mALT(R)']","['AL(R)', 'AL-DA1(R)', 'AL-DL3(R)', 'AL-VA1d(R)', 'CA(R)', 'INP', 'LH(R)', 'MB(+ACA)(R)', 'MB(R)', 'SCL(R)', 'mALT(R)']"
1734350908,DA1_lPN_R,DA1_lPN,725,2317,5846,2317,313,1382228240,Traced,False,Roughly traced,AVM02,371.5,"[15549, 35967, 23184]","{'MB(R)': {'pre': 102, 'post': 34, 'downstream': 962, 'upstream': 34, 'mito': 9, 'dark': 9}, 'CA(R)': {'pre': 102, 'post': 34, 'downstream': 962, 'upstream': 34, 'mito': 9, 'dark': 9}, 'MB(+ACA)(R)': {'pre': 102, 'post': 34, 'downstream': 962, 'upstream': 34, 'mito': 9, 'dark': 9}, 'mALT(R)': {'pre': 5, 'post': 10, 'downstream': 32, 'upstream': 10, 'mito': 49, 'dark': 49}, 'INP': {'pre': 12, 'downstream': 104, 'mito': 3, 'dark': 3}, 'SCL(R)': {'pre': 12, 'downstream': 104, 'mito': 3, 'dark': 3}, 'LH(R)': {'pre': 357, 'post': 101, 'downstream': 3364, 'upstream': 101, 'mito': 59, 'dark': 58, 'medium': 1}, 'AL(R)': {'pre': 249, 'post': 2171, 'downstream': 1384, 'upstream': 2171, 'mito': 150, 'dark': 148, 'medium': 2}, 'AL-DA1(R)': {'pre': 233, 'post': 2074, 'downstream': 1309, 'upstream': 2074, 'mito': 114, 'dark': 113, 'medium': 1}, 'AL-DC3(R)': {'pre': 2, 'post': 7, 'downstream': 8, 'upstream': 7, 'mito': 4, 'dark': 4}, 'AL-VA1d(R)': {'pre': 14, 'post': 86, 'downstream': 67, 'upstream': 86, 'mito': 18, 'dark': 18}, 'AL-VA1v(R)': {'post': 2, 'upstream': 2}, 'AL-VP1d(R)': {'post': 1, 'upstream': 1, 'mito': 8, 'dark': 8}}",,"['AL(R)', 'AL-DA1(R)', 'AL-DC3(R)', 'AL-VA1d(R)', 'AL-VA1v(R)', 'AL-VP1d(R)', 'CA(R)', 'LH(R)', 'MB(+ACA)(R)', 'MB(R)', 'mALT(R)']","['AL(R)', 'AL-DA1(R)', 'AL-DC3(R)', 'AL-VA1d(R)', 'CA(R)', 'INP', 'LH(R)', 'MB(+ACA)(R)', 'MB(R)', 'SCL(R)', 'mALT(R)']"
1734420152,DL2v_adPN_R,DL2v_adPN,670,2087,4944,2087,297,1399327840,Traced,False,Roughly traced,AVM01,541.5,"[23228, 34807, 22048]","{'LH(R)': {'pre': 369, 'post': 180, 'downstream': 3089, 'upstream': 180, 'mito': 62, 'dark': 54, 'light': 3, 'medium': 5}, 'mALT(R)': {'pre': 6, 'post': 14, 'downstream': 21, 'upstream': 14, 'mito': 48, 'dark': 48}, 'MB(R)': {'pre': 64, 'post': 21, 'downstream': 607, 'upstream': 21, 'mito': 2, 'dark': 2}, 'CA(R)': {'pre': 64, 'post': 21, 'downstream': 607, 'upstream': 21, 'mito': 2, 'dark': 2}, 'MB(+ACA)(R)': {'pre': 64, 'post': 21, 'downstream': 607, 'upstream': 21, 'mito': 2, 'dark': 2}, 'AL(R)': {'pre': 230, 'post': 1871, 'downstream': 1225, 'upstream': 1871, 'mito': 149, 'dark': 144, 'light': 2, 'medium': 3}, 'AL-DL2v(R)': {'pre': 206, 'post': 1675, 'downstream': 1096, 'upstream': 1675, 'mito': 111, 'dark': 108, 'light': 2, 'medium': 1}, 'AL-DL2d(R)': {'post': 15, 'upstream': 15, 'mito': 1, 'dark': 1}, 'AL-DP1l(R)': {'pre': 13, 'post': 95, 'downstream': 63, 'upstream': 95, 'mito': 11, 'dark': 11}, 'AL-DC2(R)': {'post': 1, 'upstream': 1}, 'AL-VP1d(R)': {'post': 3, 'upstream': 3, 'mito': 10, 'dark': 10}, 'AL-DP1m(R)': {'post': 1, 'upstream': 1, 'mito': 4, 'dark': 4}, 'AL-VL2a(R)': {'pre': 11, 'post': 81, 'downstream': 66, 'upstream': 81, 'mito': 10, 'dark': 9, 'medium': 1}}",,"['AL(R)', 'AL-DC2(R)', 'AL-DL2d(R)', 'AL-DL2v(R)', 'AL-DP1l(R)', 'AL-DP1m(R)', 'AL-VL2a(R)', 'AL-VP1d(R)', 'CA(R)', 'LH(R)', 'MB(+ACA)(R)', 'MB(R)', 'mALT(R)']","['AL(R)', 'AL-DL2v(R)', 'AL-DP1l(R)', 'AL-VL2a(R)', 'CA(R)', 'LH(R)', 'MB(+ACA)(R)', 'MB(R)', 'mALT(R)']"
1755556097,VP3+VP1l_ivPN,VP3+VP1l_ivPN,814,1734,7030,1734,273,1222847544,Traced,False,Roughly traced,,,,"{'SNP(R)': {'pre': 22, 'post': 13, 'downstream': 165, 'upstream': 13, 'mito': 9, 'dark': 9}, 'SMP(R)': {'pre': 9, 'post': 9, 'downstream': 47, 'upstream': 9, 'mito': 7, 'dark': 7}, 'mALT(R)': {'pre': 6, 'post': 16, 'downstream': 22, 'upstream': 16, 'mito': 51, 'dark': 51}, 'LH(R)': {'pre': 118, 'post': 30, 'downstream': 1217, 'upstream': 30, 'mito': 18, 'dark': 18}, 'INP': {'pre': 181, 'post': 52, 'downstream': 1793, 'upstream': 52, 'mito': 30, 'dark': 26, 'light': 1, 'medium': 3}, 'SCL(R)': {'pre': 181, 'post': 52, 'downstream': 1793, 'upstream': 52, 'mito': 30, 'dark': 26, 'light': 1, 'medium': 3}, 'SLP(R)': {'pre': 13, 'post': 4, 'downstream': 118, 'upstream': 4, 'mito': 2, 'dark': 2}, 'MB(R)': {'pre': 125, 'post': 47, 'downstream': 1282, 'upstream': 47, 'mito': 8, 'dark': 6, 'light': 1, 'medium': 1}, 'CA(R)': {'pre': 125, 'post': 47, 'downstream': 1282, 'upstream': 47, 'mito': 8, 'dark': 6, 'light': 1, 'medium': 1}, 'MB(+ACA)(R)': {'pre': 125, 'post': 47, 'downstream': 1282, 'upstream': 47, 'mito': 8, 'dark': 6, 'light': 1, 'medium': 1}, 'VLNP(R)': {'pre': 77, 'post': 16, 'downstream': 943, 'upstream': 16, 'mito': 8, 'dark': 6, 'light': 2}, 'PLP(R)': {'pre': 77, 'post': 16, 'downstream': 943, 'upstream': 16, 'mito': 8, 'dark': 6, 'light': 2}, 'AL(R)': {'pre': 285, 'post': 1549, 'downstream': 1608, 'upstream': 1549, 'mito': 135, 'dark': 129, 'medium': 6}, 'AL-VP4(R)': {'post': 1, 'upstream': 1}, 'AL-VP3(R)': {'pre': 210, 'post': 1029, 'downstream': 1183, 'upstream': 1029, 'mito': 88, 'dark': 84, 'medium': 4}, 'AL-VP1l(R)': {'pre': 73, 'post': 455, 'downstream': 416, 'upstream': 455, 'mito': 27, 'dark': 25, 'medium': 2}, 'AL-VP1d(R)': {'post': 3, 'upstream': 3}, 'VMNP': {'post': 9, 'upstream': 9}, 'VES(R)': {'post': 9, 'upstream': 9}, 'LX(R)': {'post': 1, 'upstream': 1}, 'LAL(R)': {'post': 1, 'upstream': 1}, 'LAL(-GA)(R)': {'post': 1, 'upstream': 1}, 'AL-VP1m(R)': {'post': 5, 'upstream': 5, 'mito': 4, 'dark': 4}, 'AL-VP2(R)': {'pre': 1, 'post': 1, 'downstream': 4, 'upstream': 1, 'mito': 7, 'dark': 7}, 'AL-VL1(R)': {'post': 1, 'upstream': 1}, 'AL-VP5(R)': {'post': 35, 'upstream': 35, 'mito': 8, 'dark': 8}, 'GNG': {'post': 1, 'upstream': 1, 'mito': 4, 'dark': 4}}",slow cold mALT PN (Frank et al. Nature 2015),"['AL(R)', 'AL-VL1(R)', 'AL-VP1d(R)', 'AL-VP1l(R)', 'AL-VP1m(R)', 'AL-VP2(R)', 'AL-VP3(R)', 'AL-VP4(R)', 'AL-VP5(R)', 'CA(R)', 'GNG', 'INP', 'LAL(-GA)(R)', 'LAL(R)', 'LH(R)', 'LX(R)', 'MB(+ACA)(R)', 'MB(R)', 'PLP(R)', 'SCL(R)', 'SLP(R)', 'SMP(R)', 'SNP(R)', 'VES(R)', 'VLNP(R)', 'VMNP', 'mALT(R)']","['AL(R)', 'AL-VP1l(R)', 'AL-VP2(R)', 'AL-VP3(R)', 'CA(R)', 'INP', 'LH(R)', 'MB(+ACA)(R)', 'MB(R)', 'PLP(R)', 'SCL(R)', 'SLP(R)', 'SMP(R)', 'SNP(R)', 'VLNP(R)', 'mALT(R)']"
1755556277,M_l2PN3t18_R,M_l2PN3t18,689,2100,5039,2100,371,1341795331,Traced,False,Roughly traced,AVM03,441.5,"[13195, 34543, 30472]","{'VLNP(R)': {'pre': 559, 'post': 353, 'downstream': 4302, 'upstream': 353, 'mito': 106, 'dark': 104, 'light': 2}, 'PLP(R)': {'pre': 301, 'post': 207, 'downstream': 2347, 'upstream': 207, 'mito': 69, 'dark': 67, 'light': 2}, 'LH(R)': {'pre': 20, 'post': 17, 'downstream': 218, 'upstream': 17, 'mito': 2, 'dark': 1, 'light': 1}, 'INP': {'pre': 5, 'post': 7, 'downstream': 24, 'upstream': 7, 'mito': 7, 'dark': 7}, 'ICL(R)': {'pre': 5, 'post': 7, 'downstream': 24, 'upstream': 7, 'mito': 7, 'dark': 7}, 'mALT(R)': {'post': 7, 'upstream': 7, 'mito': 14, 'dark': 14}, 'PVLP(R)': {'pre': 15, 'post': 9, 'downstream': 102, 'upstream': 9, 'mito': 1, 'dark': 1}, 'VMNP': {'pre': 3, 'post': 32, 'downstream': 18, 'upstream': 32, 'mito': 9, 'dark': 9}, 'VES(R)': {'pre': 3, 'post': 32, 'downstream': 18, 'upstream': 32, 'mito': 9, 'dark': 9}, 'AL(R)': {'pre': 77, 'post': 1662, 'downstream': 309, 'upstream': 1662, 'mito': 199, 'dark': 196, 'medium': 3}, 'AL-VM7d(R)': {'post': 8, 'upstream': 8, 'mito': 1, 'dark': 1}, 'AL-DP1l(R)': {'post': 8, 'upstream': 8, 'mito': 1, 'dark': 1}, 'AL-VA6(R)': {'post': 9, 'upstream': 9}, 'AL-VP4(R)': {'pre': 4, 'post': 42, 'downstream': 15, 'upstream': 42, 'mito': 10, 'dark': 10}, 'AL-VA1d(R)': {'post': 4, 'upstream': 4}, 'AL-VP1d(R)': {'pre': 1, 'post': 29, 'downstream': 4, 'upstream': 29, 'mito': 5, 'dark': 5}, 'AL-VC3l(R)': {'pre': 1, 'post': 9, 'downstream': 2, 'upstream': 9, 'mito': 3, 'dark': 3}, 'AL-VP2(R)': {'pre': 14, 'post': 154, 'downstream': 59, 'upstream': 154, 'mito': 26, 'dark': 26}, 'AL-DC3(R)': {'post': 11, 'upstream': 11, 'mito': 4, 'dark': 4}, 'AL-VA1v(R)': {'pre': 2, 'post': 21, 'downstream': 14, 'upstream': 21, 'mito': 2, 'dark': 2}, 'AL-VL2a(R)': {'post': 50, 'upstream': 50, 'mito': 7, 'dark': 6, 'medium': 1}, 'AL-VC5(R)': {'pre': 12, 'post': 621, 'downstream': 45, 'upstream': 621, 'mito': 66, 'dark': 66}, 'WED(R)': {'pre': 243, 'post': 137, 'downstream': 1853, 'upstream': 137, 'mito': 36, 'dark': 36}, 'AL-VC1(R)': {'pre': 1, 'post': 13, 'downstream': 3, 'upstream': 13, 'mito': 2, 'dark': 2}, 'AL-VP1m(R)': {'post': 24, 'upstream': 24, 'mito': 2, 'dark': 2}, 'AL-VL2p(R)': {'pre': 2, 'post': 25, 'downstream': 9, 'upstream': 25, 'mito': 6, 'dark': 6}, 'AL-VP3(R)': {'pre': 4, 'post': 66, 'downstream': 13, 'upstream': 66, 'mito': 9, 'dark': 8, 'medium': 1}, 'AL-VP5(R)': {'pre': 3, 'post': 89, 'downstream': 15, 'upstream': 89, 'mito': 7, 'dark': 7}, 'AL-VC3m(R)': {'pre': 3, 'post': 58, 'downstream': 16, 'upstream': 58, 'mito': 4, 'dark': 4}, 'AL-VA5(R)': {'pre': 1, 'post': 36, 'downstream': 2, 'upstream': 36, 'mito': 3, 'dark': 3}, 'AL-VL1(R)': {'pre': 5, 'post': 37, 'downstream': 18, 'upstream': 37, 'mito': 8, 'dark': 7, 'medium': 1}, 'AL-VP1l(R)': {'pre': 2, 'post': 8, 'downstream': 8, 'upstream': 8, 'mito': 1, 'dark': 1}, 'AL-VA7l(R)': {'post': 8, 'upstream': 8}, 'AL-VC2(R)': {'post': 40, 'upstream': 40, 'mito': 4, 'dark': 4}, 'AL-VM4(R)': {'pre': 6, 'post': 51, 'downstream': 27, 'upstream': 51, 'mito': 3, 'dark': 3}, 'AL-VA3(R)': {'post': 36, 'upstream': 36, 'mito': 3, 'dark': 3}, 'AL-VA4(R)': {'post': 5, 'upstream': 5}, 'AL-VM1(R)': {'post': 11, 'upstream': 11, 'mito': 1, 'dark': 1}, 'AL-V(R)': {'pre': 2, 'post': 9, 'downstream': 5, 'upstream': 9}, 'PENP': {'pre': 22, 'post': 20, 'downstream': 158, 'upstream': 20, 'mito': 3, 'dark': 3}, 'SAD': {'pre': 22, 'post': 20, 'downstream': 158, 'upstream': 20, 'mito': 3, 'dark': 3}, 'SAD(-AMMC)': {'pre': 22, 'post': 20, 'downstream': 158, 'upstream': 20, 'mito': 3, 'dark': 3}}",slow hot and cold t3ALT PN (Frank et al. Nature 2015); VC5++ l2PN1 (Marin et al. Curr Biol 2020),"['AL(R)', 'AL-DC3(R)', 'AL-DP1l(R)', 'AL-V(R)', 'AL-VA1d(R)', 'AL-VA1v(R)', 'AL-VA3(R)', 'AL-VA4(R)', 'AL-VA5(R)', 'AL-VA6(R)', 'AL-VA7l(R)', 'AL-VC1(R)', 'AL-VC2(R)', 'AL-VC3l(R)', 'AL-VC3m(R)', 'AL-VC5(R)', 'AL-VL1(R)', 'AL-VL2a(R)', 'AL-VL2p(R)', 'AL-VM1(R)', 'AL-VM4(R)', 'AL-VM7d(R)', 'AL-VP1d(R)', 'AL-VP1l(R)', 'AL-VP1m(R)', 'AL-VP2(R)', 'AL-VP3(R)', 'AL-VP4(R)', 'AL-VP5(R)', 'ICL(R)', 'INP', 'LH(R)', 'PENP', 'PLP(R)', 'PVLP(R)', 'SAD', 'SAD(-AMMC)', 'VES(R)', 'VLNP(R)', 'VMNP', 'WED(R)', 'mALT(R)']","['AL(R)', 'AL-V(R)', 'AL-VA1v(R)', 'AL-VA5(R)', 'AL-VC1(R)', 'AL-VC3l(R)', 'AL-VC3m(R)', 'AL-VC5(R)', 'AL-VL1(R)', 'AL-VL2p(R)', 'AL-VM4(R)', 'AL-VP1d(R)', 'AL-VP1l(R)', 'AL-VP2(R)', 'AL-VP3(R)', 'AL-VP4(R)', 'AL-VP5(R)', 'ICL(R)', 'INP', 'LH(R)', 'PENP', 'PLP(R)', 'PVLP(R)', 'SAD', 'SAD(-AMMC)', 'VES(R)', 'VLNP(R)', 'VMNP', 'WED(R)']"
1756579280,DL2d_adPN_R,DL2d_adPN,448,1330,3030,1330,178,904791158,Traced,False,Roughly traced,AVM01,501.5,"[21659, 34999, 23616]","{'mALT(R)': {'post': 15, 'upstream': 15, 'mito': 35, 'dark': 35}, 'MB(R)': {'pre': 71, 'post': 42, 'downstream': 679, 'upstream': 42, 'mito': 10, 'dark': 8, 'light': 1, 'medium': 1}, 'CA(R)': {'pre': 71, 'post': 42, 'downstream': 679, 'upstream': 42, 'mito': 10, 'dark': 8, 'light': 1, 'medium': 1}, 'MB(+ACA)(R)': {'pre': 71, 'post': 42, 'downstream': 679, 'upstream': 42, 'mito': 10, 'dark': 8, 'light': 1, 'medium': 1}, 'LH(R)': {'pre': 176, 'post': 102, 'downstream': 1333, 'upstream': 102, 'mito': 37, 'dark': 34, 'light': 1, 'medium': 2}, 'AL(R)': {'pre': 201, 'post': 1169, 'downstream': 1018, 'upstream': 1169, 'mito': 82, 'dark': 77, 'light': 1, 'medium': 4}, 'AL-DL2d(R)': {'pre': 146, 'post': 851, 'downstream': 749, 'upstream': 851, 'mito': 49, 'dark': 48, 'light': 1}, 'AL-DP1l(R)': {'pre': 48, 'post': 267, 'downstream': 239, 'upstream': 267, 'mito': 12, 'dark': 11, 'medium': 1}, 'AL-DL2v(R)': {'pre': 1, 'post': 9, 'downstream': 2, 'upstream': 9, 'mito': 8, 'dark': 5, 'medium': 3}, 'AL-DP1m(R)': {'post': 3, 'upstream': 3, 'mito': 6, 'dark': 6}, 'AL-DC4(R)': {'post': 1, 'upstream': 1, 'mito': 3, 'dark': 3}, 'AL-VL2a(R)': {'pre': 6, 'post': 38, 'downstream': 28, 'upstream': 38, 'mito': 4, 'dark': 4}}",,"['AL(R)', 'AL-DC4(R)', 'AL-DL2d(R)', 'AL-DL2v(R)', 'AL-DP1l(R)', 'AL-DP1m(R)', 'AL-VL2a(R)', 'CA(R)', 'LH(R)', 'MB(+ACA)(R)', 'MB(R)', 'mALT(R)']","['AL(R)', 'AL-DL2d(R)', 'AL-DL2v(R)', 'AL-DP1l(R)', 'AL-VL2a(R)', 'CA(R)', 'LH(R)', 'MB(+ACA)(R)', 'MB(R)']"
1759999022,M_lvPNm33_R,M_lvPNm33,225,373,1731,373,153,467141899,Traced,False,Roughly traced,AVM06,361.5,"[13381, 32055, 33928]","{'SNP(R)': {'pre': 164, 'post': 101, 'downstream': 1462, 'upstream': 101, 'mito': 56, 'dark': 55, 'light': 1}, 'SIP(R)': {'pre': 72, 'post': 46, 'downstream': 648, 'upstream': 46, 'mito': 27, 'dark': 26, 'light': 1}, 'SMP(R)': {'pre': 5, 'post': 6, 'downstream': 36, 'upstream': 6, 'mito': 3, 'dark': 3}, 'SLP(R)': {'pre': 87, 'post': 49, 'downstream': 778, 'upstream': 49, 'mito': 26, 'dark': 26}, 'AL(R)': {'pre': 61, 'post': 269, 'downstream': 269, 'upstream': 269, 'mito': 62, 'dark': 52, 'light': 1, 'medium': 9}, 'AL-DM1(R)': {'pre': 15, 'post': 112, 'downstream': 71, 'upstream': 112, 'mito': 11, 'dark': 9, 'medium': 2}, 'mALT(R)': {'post': 1, 'upstream': 1, 'mito': 11, 'dark': 11}, 'AL-DP1m(R)': {'pre': 16, 'post': 46, 'downstream': 78, 'upstream': 46, 'mito': 15, 'dark': 11, 'light': 1, 'medium': 3}, 'AL-DM4(R)': {'pre': 17, 'post': 64, 'downstream': 73, 'upstream': 64, 'mito': 14, 'dark': 12, 'medium': 2}, 'AL-DC4(R)': {'pre': 2, 'post': 8, 'downstream': 7, 'upstream': 8, 'mito': 3, 'dark': 3}, 'AL-DP1l(R)': {'pre': 5, 'post': 3, 'downstream': 18, 'upstream': 3, 'mito': 1, 'medium': 1}, 'AL-VC3l(R)': {'pre': 2, 'post': 10, 'downstream': 5, 'upstream': 10, 'mito': 5, 'dark': 4, 'medium': 1}, 'AL-VP4(R)': {'post': 1, 'upstream': 1, 'mito': 1, 'dark': 1}, 'AL-VP1l(R)': {'post': 1, 'upstream': 1}, 'AL-VC4(R)': {'pre': 3, 'post': 4, 'downstream': 12, 'upstream': 4, 'mito': 3, 'dark': 3}, 'AL-VM7v(R)': {'pre': 1, 'downstream': 5}, 'AL-VP1m(R)': {'post': 1, 'upstream': 1}, 'VMNP': {'post': 1, 'upstream': 1}, 'VES(R)': {'post': 1, 'upstream': 1}}",,"['AL(R)', 'AL-DC4(R)', 'AL-DM1(R)', 'AL-DM4(R)', 'AL-DP1l(R)', 'AL-DP1m(R)', 'AL-VC3l(R)', 'AL-VC4(R)', 'AL-VP1l(R)', 'AL-VP1m(R)', 'AL-VP4(R)', 'SIP(R)', 'SLP(R)', 'SMP(R)', 'SNP(R)', 'VES(R)', 'VMNP', 'mALT(R)']","['AL(R)', 'AL-DC4(R)', 'AL-DM1(R)', 'AL-DM4(R)', 'AL-DP1l(R)', 'AL-DP1m(R)', 'AL-VC3l(R)', 'AL-VC4(R)', 'AL-VM7v(R)', 'SIP(R)', 'SLP(R)', 'SMP(R)', 'SNP(R)']"
1762674761,M_adPNm8_R,M_adPNm8,131,417,1178,417,105,385563276,Traced,False,Roughly traced,AVM01,301.5,"[22554, 35541, 21112]","{'mALT(R)': {'post': 3, 'upstream': 3, 'mito': 15, 'dark': 15}, 'SNP(R)': {'post': 3, 'upstream': 3, 'mito': 3, 'dark': 3}, 'SMP(R)': {'post': 1, 'upstream': 1, 'mito': 2, 'dark': 2}, 'SLP(R)': {'post': 2, 'upstream': 2, 'mito': 1, 'dark': 1}, 'LH(R)': {'pre': 80, 'post': 60, 'downstream': 894, 'upstream': 60, 'mito': 18, 'dark': 16, 'light': 2}, 'INP': {'pre': 11, 'post': 6, 'downstream': 89, 'upstream': 6, 'mito': 3, 'dark': 3}, 'SCL(R)': {'pre': 11, 'post': 6, 'downstream': 89, 'upstream': 6, 'mito': 3, 'dark': 3}, 'AL(R)': {'pre': 40, 'post': 345, 'downstream': 195, 'upstream': 345, 'mito': 54, 'dark': 53, 'medium': 1}, 'AL-DP1m(R)': {'pre': 8, 'post': 8, 'downstream': 47, 'upstream': 8, 'mito': 3, 'dark': 3}, 'AL-DL2d(R)': {'post': 22, 'upstream': 22, 'mito': 2, 'dark': 2}, 'AL-DP1l(R)': {'pre': 9, 'post': 122, 'downstream': 42, 'upstream': 122, 'mito': 21, 'dark': 21}, 'AL-DL2v(R)': {'pre': 1, 'post': 3, 'downstream': 4, 'upstream': 3, 'mito': 3, 'dark': 3}, 'AL-VP1d(R)': {'pre': 1, 'post': 3, 'downstream': 3, 'upstream': 3, 'mito': 2, 'dark': 2}, 'AL-VL2a(R)': {'pre': 15, 'post': 106, 'downstream': 69, 'upstream': 106, 'mito': 16, 'dark': 15, 'medium': 1}, 'AL-VL2p(R)': {'pre': 1, 'post': 36, 'downstream': 3, 'upstream': 36, 'mito': 4, 'dark': 4}, 'AL-VC2(R)': {'post': 1, 'upstream': 1}, 'AL-VL1(R)': {'post': 4, 'upstream': 4}, 'AL-VA4(R)': {'post': 6, 'upstream': 6}, 'AL-VA3(R)': {'post': 16, 'upstream': 16, 'mito': 1, 'dark': 1}}",,"['AL(R)', 'AL-DL2d(R)', 'AL-DL2v(R)', 'AL-DP1l(R)', 'AL-DP1m(R)', 'AL-VA3(R)', 'AL-VA4(R)', 'AL-VC2(R)', 'AL-VL1(R)', 'AL-VL2a(R)', 'AL-VL2p(R)', 'AL-VP1d(R)', 'INP', 'LH(R)', 'SCL(R)', 'SLP(R)', 'SMP(R)', 'SNP(R)', 'mALT(R)']","['AL(R)', 'AL-DL2v(R)', 'AL-DP1l(R)', 'AL-DP1m(R)', 'AL-VL2a(R)', 'AL-VL2p(R)', 'AL-VP1d(R)', 'INP', 'LH(R)', 'SCL(R)']"
1764091241,DM6_adPN_R,DM6_adPN,741,2075,5435,2075,319,1463788520,Traced,False,Roughly traced,AVM01,541.5,"[23595, 34346, 21584]","{'LH(R)': {'pre': 286, 'post': 102, 'downstream': 2414, 'upstream': 102, 'mito': 48, 'dark': 43, 'medium': 5}, 'MB(R)': {'pre': 179, 'post': 63, 'downstream': 1710, 'upstream': 63, 'mito': 14, 'dark': 13, 'medium': 1}, 'CA(R)': {'pre': 179, 'post': 63, 'downstream': 1710, 'upstream': 63, 'mito': 14, 'dark': 13, 'medium': 1}, 'MB(+ACA)(R)': {'pre': 179, 'post': 63, 'downstream': 1710, 'upstream': 63, 'mito': 14, 'dark': 13, 'medium': 1}, 'mALT(R)': {'pre': 23, 'post': 25, 'downstream': 122, 'upstream': 25, 'mito': 51, 'dark': 51}, 'AL(R)': {'pre': 253, 'post': 1884, 'downstream': 1189, 'upstream': 1884, 'mito': 167, 'dark': 162, 'medium': 5}, 'AL-DM6(R)': {'pre': 197, 'post': 1729, 'downstream': 937, 'upstream': 1729, 'mito': 126, 'dark': 123, 'medium': 3}, 'AL-DM1(R)': {'pre': 11, 'post': 14, 'downstream': 50, 'upstream': 14, 'mito': 5, 'dark': 4, 'medium': 1}, 'AL-DC1(R)': {'pre': 13, 'post': 39, 'downstream': 69, 'upstream': 39, 'mito': 3, 'dark': 2, 'medium': 1}, 'AL-DM3(R)': {'post': 1, 'upstream': 1}, 'AL-DC4(R)': {'pre': 9, 'post': 23, 'downstream': 42, 'upstream': 23, 'mito': 17, 'dark': 17}, 'AL-DM2(R)': {'pre': 8, 'post': 31, 'downstream': 36, 'upstream': 31, 'mito': 6, 'dark': 6}, 'AL-DC2(R)': {'pre': 14, 'post': 38, 'downstream': 51, 'upstream': 38, 'mito': 5, 'dark': 5}, 'AL-VM5d(R)': {'post': 6, 'upstream': 6}}",,"['AL(R)', 'AL-DC1(R)', 'AL-DC2(R)', 'AL-DC4(R)', 'AL-DM1(R)', 'AL-DM2(R)', 'AL-DM3(R)', 'AL-DM6(R)', 'AL-VM5d(R)', 'CA(R)', 'LH(R)', 'MB(+ACA)(R)', 'MB(R)', 'mALT(R)']","['AL(R)', 'AL-DC1(R)', 'AL-DC2(R)', 'AL-DC4(R)', 'AL-DM1(R)', 'AL-DM2(R)', 'AL-DM6(R)', 'CA(R)', 'LH(R)', 'MB(+ACA)(R)', 'MB(R)', 'mALT(R)']"
1765040289,DA1_lPN_R,DA1_lPN,702,2398,5521,2398,348,1380855164,Traced,False,Roughly traced,AVM02,441.5,"[14722, 35797, 28304]","{'MB(R)': {'pre': 72, 'post': 5, 'downstream': 709, 'upstream': 5, 'mito': 3, 'dark': 3}, 'CA(R)': {'pre': 72, 'post': 5, 'downstream': 709, 'upstream': 5, 'mito': 3, 'dark': 3}, 'MB(+ACA)(R)': {'pre': 72, 'post': 5, 'downstream': 709, 'upstream': 5, 'mito': 3, 'dark': 3}, 'mALT(R)': {'pre': 21, 'post': 9, 'downstream': 159, 'upstream': 9, 'mito': 46, 'dark': 45, 'medium': 1}, 'LH(R)': {'pre': 354, 'post': 83, 'downstream': 3201, 'upstream': 83, 'mito': 68, 'dark': 66, 'medium': 2}, 'SNP(R)': {'pre': 1, 'post': 1, 'downstream': 16, 'upstream': 1, 'mito': 2, 'dark': 2}, 'SLP(R)': {'pre': 1, 'post': 1, 'downstream': 16, 'upstream': 1, 'mito': 2, 'dark': 2}, 'AL(R)': {'pre': 249, 'post': 2297, 'downstream': 1417, 'upstream': 2297, 'mito': 189, 'dark': 188, 'light': 1}, 'AL-DA1(R)': {'pre': 214, 'post': 2175, 'downstream': 1204, 'upstream': 2175, 'mito': 148, 'dark': 147, 'light': 1}, 'AL-VA1d(R)': {'post': 4, 'upstream': 4, 'mito': 3, 'dark': 3}, 'AL-DC3(R)': {'pre': 1, 'post': 2, 'downstream': 4, 'upstream': 2, 'mito': 4, 'dark': 4}, 'AL-VP1d(R)': {'post': 8, 'upstream': 8, 'mito': 3, 'dark': 3}, 'AL-VA1v(R)': {'pre': 10, 'post': 68, 'downstream': 64, 'upstream': 68, 'mito': 8, 'dark': 8}, 'AL-VL2a(R)': {'pre': 1, 'post': 7, 'downstream': 3, 'upstream': 7, 'mito': 5, 'dark': 5}, 'AL-VC1(R)': {'post': 3, 'upstream': 3, 'mito': 2, 'dark': 2}, 'AL-VL1(R)': {'pre': 7, 'post': 7, 'downstream': 41, 'upstream': 7, 'mito': 4, 'dark': 4}}",,"['AL(R)', 'AL-DA1(R)', 'AL-DC3(R)', 'AL-VA1d(R)', 'AL-VA1v(R)', 'AL-VC1(R)', 'AL-VL1(R)', 'AL-VL2a(R)', 'AL-VP1d(R)', 'CA(R)', 'LH(R)', 'MB(+ACA)(R)', 'MB(R)', 'SLP(R)', 'SNP(R)', 'mALT(R)']","['AL(R)', 'AL-DA1(R)', 'AL-DC3(R)', 'AL-VA1v(R)', 'AL-VL1(R)', 'AL-VL2a(R)', 'CA(R)', 'LH(R)', 'MB(+ACA)(R)', 'MB(R)', 'SLP(R)', 'SNP(R)', 'mALT(R)']"
1765415970,M_lvPNm41_R,M_lvPNm41,330,497,2848,497,135,354278606,Traced,False,Roughly traced,AVM06,,,"{'SNP(R)': {'pre': 72, 'post': 18, 'downstream': 728, 'upstream': 18, 'mito': 14, 'dark': 14}, 'SLP(R)': {'pre': 72, 'post': 18, 'downstream': 728, 'upstream': 18, 'mito': 14, 'dark': 14}, 'INP': {'pre': 27, 'post': 6, 'downstream': 272, 'upstream': 6, 'mito': 6, 'dark': 6}, 'SCL(R)': {'pre': 27, 'post': 6, 'downstream': 272, 'upstream': 6, 'mito': 6, 'dark': 6}, 'mALT(R)': {'pre': 4, 'post': 8, 'downstream': 20, 'upstream': 8, 'mito': 14, 'dark': 14}, 'LH(R)': {'pre': 85, 'post': 21, 'downstream': 780, 'upstream': 21, 'mito': 19, 'dark': 19}, 'VLNP(R)': {'pre': 44, 'post': 13, 'downstream': 496, 'upstream': 13, 'mito': 7, 'dark': 7}, 'AVLP(R)': {'pre': 44, 'post': 13, 'downstream': 496, 'upstream': 13, 'mito': 7, 'dark': 7}, 'AL(R)': {'pre': 98, 'post': 431, 'downstream': 552, 'upstream': 431, 'mito': 74, 'dark': 74}, 'AL-D(R)': {'pre': 3, 'post': 43, 'downstream': 19, 'upstream': 43, 'mito': 5, 'dark': 5}, 'AL-DC4(R)': {'pre': 12, 'post': 142, 'downstream': 79, 'upstream': 142, 'mito': 10, 'dark': 10}, 'AL-DA1(R)': {'pre': 3, 'post': 3, 'downstream': 19, 'upstream': 3, 'mito': 1, 'dark': 1}, 'AL-DC1(R)': {'pre': 4, 'post': 3, 'downstream': 25, 'upstream': 3, 'mito': 3, 'dark': 3}, 'AL-DC3(R)': {'pre': 28, 'post': 71, 'downstream': 140, 'upstream': 71, 'mito': 16, 'dark': 16}, 'AL-DC2(R)': {'pre': 6, 'post': 11, 'downstream': 29, 'upstream': 11, 'mito': 4, 'dark': 4}, 'AL-VM5d(R)': {'pre': 3, 'post': 5, 'downstream': 15, 'upstream': 5, 'mito': 1, 'dark': 1}, 'AL-VP1d(R)': {'pre': 8, 'post': 2, 'downstream': 48, 'upstream': 2, 'mito': 4, 'dark': 4}, 'AL-VA1d(R)': {'pre': 4, 'post': 8, 'downstream': 23, 'upstream': 8, 'mito': 3, 'dark': 3}, 'AL-VA6(R)': {'pre': 4, 'post': 12, 'downstream': 26, 'upstream': 12, 'mito': 2, 'dark': 2}, 'AL-VM7v(R)': {'post': 3, 'upstream': 3, 'mito': 1, 'dark': 1}, 'AL-VA1v(R)': {'post': 3, 'upstream': 3, 'mito': 1, 'dark': 1}, 'AL-VC4(R)': {'pre': 3, 'post': 35, 'downstream': 13, 'upstream': 35, 'mito': 4, 'dark': 4}, 'AL-VC3l(R)': {'pre': 4, 'post': 7, 'downstream': 21, 'upstream': 7, 'mito': 3, 'dark': 3}, 'AL-VP1l(R)': {'post': 2, 'upstream': 2, 'mito': 2, 'dark': 2}, 'AL-VC2(R)': {'pre': 1, 'post': 5, 'downstream': 5, 'upstream': 5}, 'AL-VC1(R)': {'pre': 1, 'post': 6, 'downstream': 7, 'upstream': 6, 'mito': 2, 'dark': 2}, 'AL-VM3(R)': {'post': 5, 'upstream': 5}, 'AL-VA5(R)': {'pre': 2, 'post': 19, 'downstream': 15, 'upstream': 19, 'mito': 2, 'dark': 2}, 'AL-VL1(R)': {'post': 7, 'upstream': 7, 'mito': 1, 'dark': 1}, 'AL-VA4(R)': {'post': 1, 'upstream': 1}, 'AL-VA3(R)': {'pre': 1, 'post': 14, 'downstream': 3, 'upstream': 14}}",,"['AL(R)', 'AL-D(R)', 'AL-DA1(R)', 'AL-DC1(R)', 'AL-DC2(R)', 'AL-DC3(R)', 'AL-DC4(R)', 'AL-VA1d(R)', 'AL-VA1v(R)', 'AL-VA3(R)', 'AL-VA4(R)', 'AL-VA5(R)', 'AL-VA6(R)', 'AL-VC1(R)', 'AL-VC2(R)', 'AL-VC3l(R)', 'AL-VC4(R)', 'AL-VL1(R)', 'AL-VM3(R)', 'AL-VM5d(R)', 'AL-VM7v(R)', 'AL-VP1d(R)', 'AL-VP1l(R)', 'AVLP(R)', 'INP', 'LH(R)', 'SCL(R)', 'SLP(R)', 'SNP(R)', 'VLNP(R)', 'mALT(R)']","['AL(R)', 'AL-D(R)', 'AL-DA1(R)', 'AL-DC1(R)', 'AL-DC2(R)', 'AL-DC3(R)', 'AL-DC4(R)', 'AL-VA1d(R)', 'AL-VA3(R)', 'AL-VA5(R)', 'AL-VA6(R)', 'AL-VC1(R)', 'AL-VC2(R)', 'AL-VC3l(R)', 'AL-VC4(R)', 'AL-VM5d(R)', 'AL-VP1d(R)', 'AVLP(R)', 'INP', 'LH(R)', 'SCL(R)', 'SLP(R)', 'SNP(R)', 'VLNP(R)', 'mALT(R)']"
1788300760,VA1v_adPN_R,VA1v_adPN,992,2693,7677,2693,457,1947248271,Traced,False,Roughly traced,AVM01,541.5,"[22841, 34896, 22528]","{'MB(R)': {'pre': 95, 'post': 17, 'downstream': 832, 'upstream': 17, 'mito': 8, 'dark': 8}, 'CA(R)': {'pre': 95, 'post': 17, 'downstream': 832, 'upstream': 17, 'mito': 8, 'dark': 8}, 'MB(+ACA)(R)': {'pre': 95, 'post': 17, 'downstream': 832, 'upstream': 17, 'mito': 8, 'dark': 8}, 'mALT(R)': {'pre': 17, 'post': 9, 'downstream': 63, 'upstream': 9, 'mito': 53, 'dark': 52, 'medium': 1}, 'LH(R)': {'pre': 521, 'post': 179, 'downstream': 4739, 'upstream': 179, 'mito': 86, 'dark': 81, 'light': 1, 'medium': 4}, 'AL(R)': {'pre': 359, 'post': 2488, 'downstream': 2043, 'upstream': 2488, 'mito': 253, 'dark': 250, 'medium': 3}, 'AL-DC3(R)': {'pre': 5, 'post': 18, 'downstream': 19, 'upstream': 18, 'mito': 7, 'dark': 7}, 'AL-DC4(R)': {'post': 3, 'upstream': 3, 'mito': 9, 'dark': 9}, 'AL-DC2(R)': {'pre': 2, 'post': 6, 'downstream': 8, 'upstream': 6, 'mito': 7, 'dark': 6, 'medium': 1}, 'AL-VA1d(R)': {'pre': 9, 'post': 20, 'downstream': 43, 'upstream': 20, 'mito': 1, 'dark': 1}, 'AL-VP1d(R)': {'pre': 4, 'post': 12, 'downstream': 19, 'upstream': 12, 'mito': 2, 'dark': 2}, 'AL-VA1v(R)': {'pre': 243, 'post': 2211, 'downstream': 1417, 'upstream': 2211, 'mito': 181, 'dark': 179, 'medium': 2}, 'AL-VA6(R)': {'pre': 1, 'post': 9, 'downstream': 3, 'upstream': 9, 'mito': 11, 'dark': 11}, 'AL-VL2a(R)': {'pre': 18, 'post': 79, 'downstream': 100, 'upstream': 79, 'mito': 8, 'dark': 8}, 'AL-VA5(R)': {'pre': 1, 'post': 10, 'downstream': 3, 'upstream': 10}, 'AL-VL1(R)': {'pre': 7, 'post': 9, 'downstream': 43, 'upstream': 9, 'mito': 2, 'dark': 2}}",,"['AL(R)', 'AL-DC2(R)', 'AL-DC3(R)', 'AL-DC4(R)', 'AL-VA1d(R)', 'AL-VA1v(R)', 'AL-VA5(R)', 'AL-VA6(R)', 'AL-VL1(R)', 'AL-VL2a(R)', 'AL-VP1d(R)', 'CA(R)', 'LH(R)', 'MB(+ACA)(R)', 'MB(R)', 'mALT(R)']","['AL(R)', 'AL-DC2(R)', 'AL-DC3(R)', 'AL-VA1d(R)', 'AL-VA1v(R)', 'AL-VA5(R)', 'AL-VA6(R)', 'AL-VL1(R)', 'AL-VL2a(R)', 'AL-VP1d(R)', 'CA(R)', 'LH(R)', 'MB(+ACA)(R)', 'MB(R)', 'mALT(R)']"
1788676257,VP3+_l2PN(t10ALT)_R,VP3+_l2PN,453,691,3607,691,177,820192927,Traced,False,Roughly traced,AVM03,441.5,"[13793, 35106, 30840]","{'VLNP(R)': {'pre': 245, 'post': 42, 'downstream': 2331, 'upstream': 42, 'mito': 64, 'dark': 63, 'light': 1}, 'PLP(R)': {'pre': 60, 'post': 5, 'downstream': 569, 'upstream': 5, 'mito': 12, 'dark': 12}, 'mALT(L)': {'pre': 3, 'post': 3, 'downstream': 13, 'upstream': 3, 'mito': 6, 'dark': 6}, 'AL(R)': {'pre': 192, 'post': 609, 'downstream': 1184, 'upstream': 609, 'mito': 60, 'dark': 56, 'light': 1, 'medium': 3}, 'AL-VP2(R)': {'pre': 22, 'post': 11, 'downstream': 117, 'upstream': 11, 'mito': 9, 'dark': 8, 'medium': 1}, 'AL-VP4(R)': {'pre': 11, 'post': 9, 'downstream': 77, 'upstream': 9, 'mito': 2, 'dark': 1, 'medium': 1}, 'WED(R)': {'pre': 185, 'post': 36, 'downstream': 1762, 'upstream': 36, 'mito': 51, 'dark': 50, 'light': 1}, 'AL(L)': {'pre': 4, 'post': 1, 'downstream': 24, 'upstream': 1, 'mito': 5, 'dark': 5}, 'AL-VP3(R)': {'pre': 123, 'post': 517, 'downstream': 778, 'upstream': 517, 'mito': 42, 'dark': 41, 'medium': 1}, 'PVLP(R)': {'post': 1, 'upstream': 1, 'mito': 1, 'dark': 1}, 'AL-VP5(R)': {'pre': 18, 'post': 51, 'downstream': 107, 'upstream': 51, 'mito': 5, 'dark': 4, 'light': 1}, 'LX(R)': {'post': 4, 'upstream': 4}, 'LAL(R)': {'post': 4, 'upstream': 4}, 'LAL(-GA)(R)': {'post': 4, 'upstream': 4}, 'VMNP': {'pre': 8, 'post': 28, 'downstream': 54, 'upstream': 28, 'mito': 7, 'dark': 7}, 'VES(R)': {'pre': 8, 'post': 28, 'downstream': 54, 'upstream': 28, 'mito': 7, 'dark': 7}, 'AL-VP1l(R)': {'pre': 1, 'post': 9, 'downstream': 4, 'upstream': 9}, 'AL-VL1(R)': {'post': 3, 'upstream': 3}}",fast-cool PN (Liu et al. Nature 2015),"['AL(L)', 'AL(R)', 'AL-VL1(R)', 'AL-VP1l(R)', 'AL-VP2(R)', 'AL-VP3(R)', 'AL-VP4(R)', 'AL-VP5(R)', 'LAL(-GA)(R)', 'LAL(R)', 'LX(R)', 'PLP(R)', 'PVLP(R)', 'VES(R)', 'VLNP(R)', 'VMNP', 'WED(R)', 'mALT(L)']","['AL(L)', 'AL(R)', 'AL-VP1l(R)', 'AL-VP2(R)', 'AL-VP3(R)', 'AL-VP4(R)', 'AL-VP5(R)', 'PLP(R)', 'VES(R)', 'VLNP(R)', 'VMNP', 'WED(R)', 'mALT(L)']"
1788680591,M_l2PN10t19_R,M_l2PN10t19,580,1218,5859,1218,252,1225663129,Traced,False,Roughly traced,AVM03,381.5,"[14370, 35007, 30608]","{'VLNP(R)': {'pre': 573, 'post': 298, 'downstream': 5828, 'upstream': 298, 'mito': 110, 'dark': 93, 'light': 3, 'medium': 14}, 'PLP(R)': {'pre': 97, 'post': 75, 'downstream': 1008, 'upstream': 75, 'mito': 21, 'dark': 14, 'medium': 7}, 'mALT(L)': {'post': 4, 'upstream': 4, 'mito': 8, 'dark': 8}, 'AL(R)': {'pre': 2, 'post': 873, 'downstream': 8, 'upstream': 873, 'mito': 77, 'dark': 76, 'medium': 1}, 'AL-VP2(R)': {'pre': 1, 'post': 138, 'downstream': 4, 'upstream': 138, 'mito': 19, 'dark': 19}, 'AL(L)': {'post': 17, 'upstream': 17, 'mito': 5, 'dark': 5}, 'AL-VC5(R)': {'post': 120, 'upstream': 120, 'mito': 12, 'dark': 12}, 'WED(R)': {'pre': 475, 'post': 222, 'downstream': 4812, 'upstream': 222, 'mito': 86, 'dark': 76, 'light': 3, 'medium': 7}, 'AL-VP4(R)': {'post': 22, 'upstream': 22, 'mito': 1, 'dark': 1}, 'AL-VP3(R)': {'pre': 1, 'post': 247, 'downstream': 4, 'upstream': 247, 'mito': 19, 'dark': 19}, 'VMNP': {'post': 22, 'upstream': 22, 'mito': 8, 'dark': 8}, 'VES(R)': {'post': 22, 'upstream': 22, 'mito': 8, 'dark': 8}, 'PVLP(R)': {'pre': 1, 'post': 1, 'downstream': 8, 'upstream': 1, 'mito': 3, 'dark': 3}, 'AL-VP1d(R)': {'post': 86, 'upstream': 86, 'mito': 7, 'dark': 7}, 'AL-VP5(R)': {'post': 127, 'upstream': 127, 'mito': 15, 'dark': 15}, 'AL-VP1l(R)': {'post': 23, 'upstream': 23}, 'AL-VP1m(R)': {'post': 37, 'upstream': 37, 'mito': 1, 'dark': 1}, 'AL-VL1(R)': {'post': 18, 'upstream': 18}, 'AL-V(R)': {'post': 18, 'upstream': 18}}",VP3++ l2PN (Marin et al. Curr Biol 2020),"['AL(L)', 'AL(R)', 'AL-V(R)', 'AL-VC5(R)', 'AL-VL1(R)', 'AL-VP1d(R)', 'AL-VP1l(R)', 'AL-VP1m(R)', 'AL-VP2(R)', 'AL-VP3(R)', 'AL-VP4(R)', 'AL-VP5(R)', 'PLP(R)', 'PVLP(R)', 'VES(R)', 'VLNP(R)', 'VMNP', 'WED(R)', 'mALT(L)']","['AL(R)', 'AL-VP2(R)', 'AL-VP3(R)', 'PLP(R)', 'PVLP(R)', 'VLNP(R)', 'WED(R)']"
1788685103,M_l2PN10t19_R,M_l2PN10t19,489,591,4869,591,210,927581402,Traced,False,Roughly traced,AVM03,306.5,"[14870, 36340, 23800]","{'VLNP(R)': {'pre': 376, 'post': 187, 'downstream': 4132, 'upstream': 187, 'mito': 83, 'dark': 78, 'light': 1, 'medium': 4}, 'PLP(R)': {'pre': 109, 'post': 73, 'downstream': 1216, 'upstream': 73, 'mito': 27, 'dark': 23, 'light': 1, 'medium': 3}, 'mALT(L)': {'post': 1, 'upstream': 1, 'mito': 3, 'dark': 3}, 'AL(R)': {'pre': 108, 'post': 389, 'downstream': 713, 'upstream': 389, 'mito': 73, 'dark': 63, 'light': 3, 'medium': 7}, 'AL-VP2(R)': {'pre': 28, 'post': 61, 'downstream': 189, 'upstream': 61, 'mito': 17, 'dark': 15, 'medium': 2}, 'AL-VC5(R)': {'pre': 17, 'post': 215, 'downstream': 107, 'upstream': 215, 'mito': 31, 'dark': 29, 'light': 1, 'medium': 1}, 'WED(R)': {'pre': 267, 'post': 113, 'downstream': 2916, 'upstream': 113, 'mito': 55, 'dark': 54, 'medium': 1}, 'AL-VP5(R)': {'pre': 30, 'post': 36, 'downstream': 201, 'upstream': 36, 'mito': 6, 'dark': 5, 'medium': 1}, 'AL-VP3(R)': {'pre': 3, 'post': 13, 'downstream': 18, 'upstream': 13, 'mito': 4, 'dark': 4}, 'AL-VP1d(R)': {'pre': 7, 'post': 15, 'downstream': 55, 'upstream': 15, 'mito': 2, 'light': 1, 'medium': 1}, 'PVLP(R)': {'post': 1, 'upstream': 1, 'mito': 1, 'dark': 1}, 'AL-VC3l(R)': {'post': 4, 'upstream': 4}, 'AL-VP4(R)': {'post': 1, 'upstream': 1, 'mito': 1, 'dark': 1}, 'AL-VC2(R)': {'pre': 2, 'post': 8, 'downstream': 14, 'upstream': 8, 'mito': 2, 'dark': 1, 'light': 1}, 'AL-VP1m(R)': {'pre': 6, 'post': 3, 'downstream': 33, 'upstream': 3, 'mito': 1, 'medium': 1}, 'VMNP': {'post': 6, 'upstream': 6, 'mito': 6, 'dark': 6}, 'VES(R)': {'post': 6, 'upstream': 6, 'mito': 6, 'dark': 6}, 'AL-V(R)': {'post': 1, 'upstream': 1}, 'PENP': {'pre': 3, 'post': 1, 'downstream': 20, 'upstream': 1}, 'SAD': {'pre': 3, 'post': 1, 'downstream': 20, 'upstream': 1}, 'SAD(-AMMC)': {'pre': 3, 'post': 1, 'downstream': 20, 'upstream': 1}}",biPN-4 (Lin et al. PLoS Biol 2012); VC5++ l2PN2 (Marin et al. Curr Biol 2020),"['AL(R)', 'AL-V(R)', 'AL-VC2(R)', 'AL-VC3l(R)', 'AL-VC5(R)', 'AL-VP1d(R)', 'AL-VP1m(R)', 'AL-VP2(R)', 'AL-VP3(R)', 'AL-VP4(R)', 'AL-VP5(R)', 'PENP', 'PLP(R)', 'PVLP(R)', 'SAD', 'SAD(-AMMC)', 'VES(R)', 'VLNP(R)', 'VMNP', 'WED(R)', 'mALT(L)']","['AL(R)', 'AL-VC2(R)', 'AL-VC5(R)', 'AL-VP1d(R)', 'AL-VP1m(R)', 'AL-VP2(R)', 'AL-VP3(R)', 'AL-VP5(R)', 'PENP', 'PLP(R)', 'SAD', 'SAD(-AMMC)', 'VLNP(R)', 'WED(R)']"
1789013008,VP4+VL1_l2PN(t3ALT)_R,VP4+VL1_l2PN,1050,2265,8840,2265,621,2520412483,Traced,False,Roughly traced,AVM03,441.5,"[12661, 34032, 30296]","{'INP': {'pre': 46, 'post': 23, 'downstream': 447, 'upstream': 23, 'mito': 24, 'dark': 18, 'light': 5, 'medium': 1}, 'SCL(R)': {'pre': 42, 'post': 22, 'downstream': 439, 'upstream': 22, 'mito': 12, 'dark': 6, 'light': 5, 'medium': 1}, 'LH(R)': {'pre': 82, 'post': 25, 'downstream': 793, 'upstream': 25, 'mito': 17, 'dark': 13, 'light': 1, 'medium': 3}, 'VLNP(R)': {'pre': 761, 'post': 191, 'downstream': 6878, 'upstream': 191, 'mito': 242, 'dark': 227, 'light': 8, 'medium': 7}, 'PLP(R)': {'pre': 297, 'post': 91, 'downstream': 2726, 'upstream': 91, 'mito': 111, 'dark': 97, 'light': 8, 'medium': 6}, 'ICL(R)': {'pre': 4, 'post': 1, 'downstream': 8, 'upstream': 1, 'mito': 12, 'dark': 12}, 'mALT(R)': {'pre': 5, 'post': 3, 'downstream': 13, 'upstream': 3, 'mito': 16, 'dark': 15, 'medium': 1}, 'VMNP': {'pre': 5, 'post': 21, 'downstream': 21, 'upstream': 21, 'mito': 6, 'dark': 6}, 'VES(R)': {'pre': 5, 'post': 21, 'downstream': 21, 'upstream': 21, 'mito': 5, 'dark': 5}, 'AL(R)': {'pre': 137, 'post': 1926, 'downstream': 634, 'upstream': 1926, 'mito': 206, 'dark': 201, 'medium': 5}, 'AL-DM4(R)': {'pre': 2, 'post': 39, 'downstream': 6, 'upstream': 39, 'mito': 5, 'dark': 5}, 'AL-VP4(R)': {'pre': 30, 'post': 558, 'downstream': 138, 'upstream': 558, 'mito': 57, 'dark': 57}, 'AL(L)': {'pre': 5, 'post': 20, 'downstream': 21, 'upstream': 20, 'mito': 6, 'dark': 6}, 'AL-DM4(L)': {'post': 4, 'upstream': 4, 'mito': 1, 'dark': 1}, 'mALT(L)': {'post': 6, 'upstream': 6, 'mito': 9, 'dark': 9}, 'AL-VP2(R)': {'pre': 20, 'post': 213, 'downstream': 98, 'upstream': 213, 'mito': 26, 'dark': 22, 'medium': 4}, 'WED(R)': {'pre': 440, 'post': 93, 'downstream': 3950, 'upstream': 93, 'mito': 122, 'dark': 121, 'medium': 1}, 'AL-VP1l(R)': {'post': 6, 'upstream': 6}, 'AL-VC5(R)': {'pre': 11, 'post': 79, 'downstream': 60, 'upstream': 79, 'mito': 17, 'dark': 17}, 'PVLP(R)': {'pre': 24, 'post': 7, 'downstream': 202, 'upstream': 7, 'mito': 9, 'dark': 9}, 'AL-VP3(R)': {'pre': 13, 'post': 122, 'downstream': 56, 'upstream': 122, 'mito': 18, 'dark': 17, 'medium': 1}, 'AL-VP1d(R)': {'pre': 2, 'post': 13, 'downstream': 12, 'upstream': 13, 'mito': 2, 'dark': 2}, 'AL-VP5(R)': {'pre': 20, 'post': 228, 'downstream': 91, 'upstream': 228, 'mito': 25, 'dark': 25}, 'AL-VL1(R)': {'pre': 24, 'post': 563, 'downstream': 101, 'upstream': 563, 'mito': 44, 'dark': 44}, 'AL-VL2p(R)': {'post': 2, 'upstream': 2}, 'AL-V(R)': {'pre': 1, 'post': 49, 'downstream': 8, 'upstream': 49, 'mito': 3, 'dark': 3}, 'PENP': {'pre': 1, 'post': 29, 'downstream': 5, 'upstream': 29, 'mito': 2, 'dark': 2}, 'SAD': {'pre': 1, 'post': 29, 'downstream': 5, 'upstream': 29, 'mito': 2, 'dark': 2}, 'SAD(-AMMC)': {'pre': 1, 'post': 29, 'downstream': 5, 'upstream': 29, 'mito': 2, 'dark': 2}}",AL-t3PN1 (Tanaka et al. JCN 2012); warm-cool PN (Liu et al. Nature 2015); VP4+VP2+VL1 l2PN (Marin et al. Curr Biol 2020),"['AL(L)', 'AL(R)', 'AL-DM4(L)', 'AL-DM4(R)', 'AL-V(R)', 'AL-VC5(R)', 'AL-VL1(R)', 'AL-VL2p(R)', 'AL-VP1d(R)', 'AL-VP1l(R)', 'AL-VP2(R)', 'AL-VP3(R)', 'AL-VP4(R)', 'AL-VP5(R)', 'ICL(R)', 'INP', 'LH(R)', 'PENP', 'PLP(R)', 'PVLP(R)', 'SAD', 'SAD(-AMMC)', 'SCL(R)', 'VES(R)', 'VLNP(R)', 'VMNP', 'WED(R)', 'mALT(L)', 'mALT(R)']","['AL(L)', 'AL(R)', 'AL-DM4(R)', 'AL-V(R)', 'AL-VC5(R)', 'AL-VL1(R)', 'AL-VP1d(R)', 'AL-VP2(R)', 'AL-VP3(R)', 'AL-VP4(R)', 'AL-VP5(R)', 'ICL(R)', 'INP', 'LH(R)', 'PENP', 'PLP(R)', 'PVLP(R)', 'SAD', 'SAD(-AMMC)', 'SCL(R)', 'VES(R)', 'VLNP(R)', 'VMNP', 'WED(R)', 'mALT(R)']"
1793014716,DL2d_adPN_R,DL2d_adPN,721,2051,5071,2051,312,1342870134,Traced,False,Roughly traced,AVM01,486.5,"[23485, 34462, 22800]","{'MB(R)': {'pre': 162, 'post': 94, 'downstream': 1572, 'upstream': 94, 'mito': 14, 'dark': 13, 'medium': 1}, 'CA(R)': {'pre': 162, 'post': 94, 'downstream': 1572, 'upstream': 94, 'mito': 14, 'dark': 13, 'medium': 1}, 'MB(+ACA)(R)': {'pre': 162, 'post': 94, 'downstream': 1572, 'upstream': 94, 'mito': 14, 'dark': 13, 'medium': 1}, 'LH(R)': {'pre': 242, 'post': 136, 'downstream': 1813, 'upstream': 136, 'mito': 45, 'dark': 36, 'light': 1, 'medium': 8}, 'mALT(R)': {'pre': 3, 'post': 22, 'downstream': 13, 'upstream': 22, 'mito': 40, 'dark': 40}, 'SNP(R)': {'post': 2, 'upstream': 2, 'mito': 1, 'dark': 1}, 'SLP(R)': {'post': 1, 'upstream': 1}, 'SMP(R)': {'post': 1, 'upstream': 1, 'mito': 1, 'dark': 1}, 'AL(R)': {'pre': 313, 'post': 1796, 'downstream': 1672, 'upstream': 1796, 'mito': 178, 'dark': 168, 'light': 2, 'medium': 8}, 'AL-DL2d(R)': {'pre': 219, 'post': 1383, 'downstream': 1185, 'upstream': 1383, 'mito': 129, 'dark': 122, 'light': 1, 'medium': 6}, 'AL-DP1l(R)': {'pre': 59, 'post': 267, 'downstream': 323, 'upstream': 267, 'mito': 20, 'dark': 20}, 'AL-DL2v(R)': {'pre': 23, 'post': 97, 'downstream': 103, 'upstream': 97, 'mito': 12, 'dark': 9, 'light': 1, 'medium': 2}, 'AL-DP1m(R)': {'post': 5, 'upstream': 5, 'mito': 8, 'dark': 8}, 'AL-VL2a(R)': {'pre': 12, 'post': 44, 'downstream': 61, 'upstream': 44, 'mito': 6, 'dark': 6}}",,"['AL(R)', 'AL-DL2d(R)', 'AL-DL2v(R)', 'AL-DP1l(R)', 'AL-DP1m(R)', 'AL-VL2a(R)', 'CA(R)', 'LH(R)', 'MB(+ACA)(R)', 'MB(R)', 'SLP(R)', 'SMP(R)', 'SNP(R)', 'mALT(R)']","['AL(R)', 'AL-DL2d(R)', 'AL-DL2v(R)', 'AL-DP1l(R)', 'AL-VL2a(R)', 'CA(R)', 'LH(R)', 'MB(+ACA)(R)', 'MB(R)', 'mALT(R)']"
1793351401,DL2d_adPN_R,DL2d_adPN,358,1001,2323,1001,182,720064739,Traced,False,Roughly traced,AVM01,421.0,"[21466, 35061, 23056]","{'MB(R)': {'pre': 23, 'post': 6, 'downstream': 169, 'upstream': 6, 'mito': 2, 'dark': 2}, 'CA(R)': {'pre': 23, 'post': 6, 'downstream': 169, 'upstream': 6, 'mito': 2, 'dark': 2}, 'MB(+ACA)(R)': {'pre': 23, 'post': 6, 'downstream': 169, 'upstream': 6, 'mito': 2, 'dark': 2}, 'mALT(R)': {'pre': 34, 'post': 21, 'downstream': 255, 'upstream': 21, 'mito': 31, 'dark': 29, 'light': 1, 'medium': 1}, 'LH(R)': {'pre': 149, 'post': 103, 'downstream': 1110, 'upstream': 103, 'mito': 32, 'dark': 32}, 'AL(R)': {'pre': 152, 'post': 869, 'downstream': 789, 'upstream': 869, 'mito': 89, 'dark': 86, 'light': 2, 'medium': 1}, 'AL-DL2d(R)': {'pre': 94, 'post': 582, 'downstream': 494, 'upstream': 582, 'mito': 57, 'dark': 55, 'light': 1, 'medium': 1}, 'AL-DP1l(R)': {'pre': 42, 'post': 196, 'downstream': 214, 'upstream': 196, 'mito': 12, 'dark': 12}, 'AL-DL2v(R)': {'pre': 1, 'post': 28, 'downstream': 3, 'upstream': 28, 'mito': 5, 'dark': 5}, 'AL-DP1m(R)': {'post': 4, 'upstream': 4, 'mito': 5, 'dark': 5}, 'AL-DC4(R)': {'post': 1, 'upstream': 1, 'mito': 2, 'dark': 2}, 'AL-VL2a(R)': {'pre': 15, 'post': 58, 'downstream': 78, 'upstream': 58, 'mito': 8, 'dark': 7, 'light': 1}}",,"['AL(R)', 'AL-DC4(R)', 'AL-DL2d(R)', 'AL-DL2v(R)', 'AL-DP1l(R)', 'AL-DP1m(R)', 'AL-VL2a(R)', 'CA(R)', 'LH(R)', 'MB(+ACA)(R)', 'MB(R)', 'mALT(R)']","['AL(R)', 'AL-DL2d(R)', 'AL-DL2v(R)', 'AL-DP1l(R)', 'AL-VL2a(R)', 'CA(R)', 'LH(R)', 'MB(+ACA)(R)', 'MB(R)', 'mALT(R)']"
1793403571,M_l2PNl22_R,M_l2PNl22,939,2915,9260,2915,515,2109258506,Traced,False,Roughly traced,AVM03,441.5,"[14199, 33152, 32664]","{'SNP(R)': {'pre': 161, 'post': 130, 'downstream': 1722, 'upstream': 130, 'mito': 35, 'dark': 35}, 'SIP(R)': {'pre': 18, 'post': 5, 'downstream': 200, 'upstream': 5, 'mito': 2, 'dark': 2}, 'SLP(R)': {'pre': 143, 'post': 125, 'downstream': 1522, 'upstream': 125, 'mito': 33, 'dark': 33}, 'LH(R)': {'pre': 153, 'post': 171, 'downstream': 1525, 'upstream': 171, 'mito': 39, 'dark': 38, 'light': 1}, 'INP': {'pre': 207, 'post': 143, 'downstream': 2197, 'upstream': 143, 'mito': 51, 'dark': 51}, 'SCL(R)': {'pre': 207, 'post': 143, 'downstream': 2197, 'upstream': 143, 'mito': 51, 'dark': 51}, 'VLNP(R)': {'pre': 416, 'post': 254, 'downstream': 3809, 'upstream': 254, 'mito': 130, 'dark': 129, 'medium': 1}, 'PLP(R)': {'pre': 349, 'post': 216, 'downstream': 3211, 'upstream': 216, 'mito': 85, 'dark': 85}, 'AVLP(R)': {'pre': 14, 'post': 12, 'downstream': 128, 'upstream': 12, 'mito': 32, 'dark': 31, 'medium': 1}, 'PVLP(R)': {'post': 2, 'upstream': 2, 'mito': 3, 'dark': 3}, 'AL(R)': {'pre': 1, 'post': 2205, 'downstream': 6, 'upstream': 2205, 'mito': 182, 'dark': 178, 'medium': 4}, 'AL-DC4(R)': {'post': 22, 'upstream': 22, 'mito': 5, 'dark': 5}, 'AL-DP1m(R)': {'post': 28, 'upstream': 28, 'mito': 9, 'dark': 9}, 'AL-DC1(R)': {'pre': 1, 'post': 7, 'downstream': 6, 'upstream': 7}, 'AL-DL2v(R)': {'post': 32, 'upstream': 32, 'mito': 9, 'dark': 9}, 'AL-DM4(R)': {'post': 8, 'upstream': 8}, 'AL-DM1(R)': {'post': 2, 'upstream': 2}, 'AL-DM2(R)': {'post': 1, 'upstream': 1}, 'AL-VM7v(R)': {'post': 15, 'upstream': 15, 'mito': 3, 'dark': 3}, 'AL-VM5d(R)': {'post': 2, 'upstream': 2, 'mito': 4, 'dark': 4}, 'AL-VM7d(R)': {'post': 4, 'upstream': 4, 'mito': 3, 'dark': 3}, 'AL-DP1l(R)': {'post': 1, 'upstream': 1}, 'AL-VA6(R)': {'post': 2, 'upstream': 2}, 'AL-VM5v(R)': {'post': 26, 'upstream': 26, 'mito': 7, 'dark': 7}, 'AL-DC2(R)': {'post': 2, 'upstream': 2}, 'AL-VC3l(R)': {'post': 45, 'upstream': 45, 'mito': 11, 'dark': 11}, 'AL-VL2p(R)': {'post': 3, 'upstream': 3}, 'AL-VC1(R)': {'post': 14, 'upstream': 14, 'mito': 1, 'dark': 1}, 'WED(R)': {'pre': 53, 'post': 24, 'downstream': 470, 'upstream': 24, 'mito': 10, 'dark': 10}, 'AL-VP1d(R)': {'post': 58, 'upstream': 58, 'mito': 16, 'dark': 16}, 'AL-VC4(R)': {'post': 10, 'upstream': 10, 'mito': 4, 'dark': 4}, 'AL-VC5(R)': {'post': 28, 'upstream': 28, 'mito': 12, 'dark': 12}, 'AL-VP1m(R)': {'post': 26, 'upstream': 26, 'mito': 2, 'dark': 2}, 'AL-VC2(R)': {'post': 41, 'upstream': 41, 'mito': 4, 'dark': 4}, 'AL-VP2(R)': {'post': 12, 'upstream': 12, 'mito': 8, 'dark': 7, 'medium': 1}, 'AL-VP1l(R)': {'post': 5, 'upstream': 5}, 'AL-VA4(R)': {'post': 5, 'upstream': 5, 'mito': 1, 'dark': 1}, 'AL-VL1(R)': {'post': 1, 'upstream': 1}, 'AL-VP5(R)': {'post': 52, 'upstream': 52, 'mito': 16, 'dark': 15, 'medium': 1}, 'AL-V(R)': {'post': 1700, 'upstream': 1700, 'mito': 55, 'dark': 54, 'medium': 1}, 'VMNP': {'post': 5, 'upstream': 5, 'mito': 5, 'dark': 5}, 'VES(R)': {'post': 5, 'upstream': 5, 'mito': 5, 'dark': 5}, 'PENP': {'pre': 1, 'post': 4, 'downstream': 1, 'upstream': 4, 'mito': 5, 'dark': 4, 'medium': 1}, 'SAD': {'pre': 1, 'post': 4, 'downstream': 1, 'upstream': 4, 'mito': 5, 'dark': 4, 'medium': 1}, 'SAD(-AMMC)': {'pre': 1, 'post': 4, 'downstream': 1, 'upstream': 4, 'mito': 5, 'dark': 4, 'medium': 1}}",,"['AL(R)', 'AL-DC1(R)', 'AL-DC2(R)', 'AL-DC4(R)', 'AL-DL2v(R)', 'AL-DM1(R)', 'AL-DM2(R)', 'AL-DM4(R)', 'AL-DP1l(R)', 'AL-DP1m(R)', 'AL-V(R)', 'AL-VA4(R)', 'AL-VA6(R)', 'AL-VC1(R)', 'AL-VC2(R)', 'AL-VC3l(R)', 'AL-VC4(R)', 'AL-VC5(R)', 'AL-VL1(R)', 'AL-VL2p(R)', 'AL-VM5d(R)', 'AL-VM5v(R)', 'AL-VM7d(R)', 'AL-VM7v(R)', 'AL-VP1d(R)', 'AL-VP1l(R)', 'AL-VP1m(R)', 'AL-VP2(R)', 'AL-VP5(R)', 'AVLP(R)', 'INP', 'LH(R)', 'PENP', 'PLP(R)', 'PVLP(R)', 'SAD', 'SAD(-AMMC)', 'SCL(R)', 'SIP(R)', 'SLP(R)', 'SNP(R)', 'VES(R)', 'VLNP(R)', 'VMNP', 'WED(R)']","['AL(R)', 'AL-DC1(R)', 'AVLP(R)', 'INP', 'LH(R)', 'PENP', 'PLP(R)', 'SAD', 'SAD(-AMMC)', 'SCL(R)', 'SIP(R)', 'SLP(R)', 'SNP(R)', 'VLNP(R)', 'WED(R)']"
1794055377,M_l2PNm15_R,M_l2PNm15,1227,2057,7929,2057,444,1533129257,Traced,False,Roughly traced,AVM03,441.5,"[12455, 33657, 28296]","{'SNP(R)': {'pre': 13, 'post': 13, 'downstream': 102, 'upstream': 13, 'mito': 3, 'dark': 3}, 'SLP(R)': {'pre': 13, 'post': 13, 'downstream': 102, 'upstream': 13, 'mito': 3, 'dark': 3}, 'LH(R)': {'pre': 165, 'post': 128, 'downstream': 1448, 'upstream': 128, 'mito': 27, 'dark': 27}, 'INP': {'pre': 140, 'post': 107, 'downstream': 1236, 'upstream': 107, 'mito': 22, 'dark': 22}, 'SCL(R)': {'pre': 140, 'post': 106, 'downstream': 1236, 'upstream': 106, 'mito': 22, 'dark': 22}, 'VLNP(R)': {'pre': 192, 'post': 137, 'downstream': 1656, 'upstream': 137, 'mito': 37, 'dark': 36, 'light': 1}, 'PLP(R)': {'pre': 192, 'post': 137, 'downstream': 1656, 'upstream': 137, 'mito': 37, 'dark': 36, 'light': 1}, 'mALT(R)': {'pre': 3, 'post': 5, 'downstream': 8, 'upstream': 5, 'mito': 19, 'dark': 19}, 'ICL(R)': {'post': 1, 'upstream': 1}, 'AL(R)': {'pre': 714, 'post': 1667, 'downstream': 3479, 'upstream': 1667, 'mito': 319, 'dark': 313, 'medium': 6}, 'AL-DL5(R)': {'pre': 1, 'post': 6, 'downstream': 3, 'upstream': 6, 'mito': 1, 'dark': 1}, 'AL-DC1(R)': {'post': 7, 'upstream': 7, 'mito': 1, 'dark': 1}, 'AL-DL1(R)': {'pre': 9, 'post': 11, 'downstream': 39, 'upstream': 11, 'mito': 5, 'dark': 5}, 'AL-DP1m(R)': {'pre': 20, 'post': 21, 'downstream': 103, 'upstream': 21, 'mito': 8, 'dark': 8}, 'AL-DM4(R)': {'pre': 31, 'post': 13, 'downstream': 125, 'upstream': 13, 'mito': 5, 'dark': 5}, 'AL-DC3(R)': {'pre': 8, 'post': 24, 'downstream': 42, 'upstream': 24, 'mito': 8, 'dark': 7, 'medium': 1}, 'AL-VP4(R)': {'pre': 42, 'post': 76, 'downstream': 210, 'upstream': 76, 'mito': 14, 'dark': 14}, 'AL-DL2v(R)': {'pre': 4, 'post': 23, 'downstream': 24, 'upstream': 23, 'mito': 5, 'dark': 5}, 'AL-VP1d(R)': {'pre': 39, 'post': 208, 'downstream': 230, 'upstream': 208, 'mito': 40, 'dark': 40}, 'AL-DP1l(R)': {'pre': 55, 'post': 26, 'downstream': 273, 'upstream': 26, 'mito': 15, 'dark': 15}, 'AL-VA6(R)': {'post': 2, 'upstream': 2}, 'AL-VA1d(R)': {'pre': 18, 'post': 108, 'downstream': 69, 'upstream': 108, 'mito': 12, 'dark': 11, 'medium': 1}, 'AL-VL2p(R)': {'pre': 128, 'post': 132, 'downstream': 602, 'upstream': 132, 'mito': 33, 'dark': 32, 'medium': 1}, 'AL-VA1v(R)': {'pre': 65, 'post': 371, 'downstream': 260, 'upstream': 371, 'mito': 52, 'dark': 51, 'medium': 1}, 'AL-VP1m(R)': {'pre': 5, 'post': 42, 'downstream': 30, 'upstream': 42, 'mito': 5, 'dark': 4, 'medium': 1}, 'AL-VC5(R)': {'pre': 57, 'post': 151, 'downstream': 278, 'upstream': 151, 'mito': 21, 'dark': 21}, 'AL-VL2a(R)': {'pre': 21, 'post': 34, 'downstream': 94, 'upstream': 34, 'mito': 6, 'dark': 6}, 'AL-VP2(R)': {'pre': 1, 'post': 21, 'downstream': 2, 'upstream': 21, 'mito': 3, 'dark': 3}, 'AL-VP3(R)': {'pre': 7, 'post': 8, 'downstream': 30, 'upstream': 8, 'mito': 3, 'dark': 3}, 'AL-VP1l(R)': {'pre': 12, 'post': 4, 'downstream': 59, 'upstream': 4, 'mito': 3, 'dark': 3}, 'AL-VA5(R)': {'pre': 8, 'post': 20, 'downstream': 39, 'upstream': 20, 'mito': 2, 'dark': 2}, 'AL-VP5(R)': {'pre': 1, 'post': 19, 'downstream': 4, 'upstream': 19, 'mito': 3, 'dark': 3}, 'AL-VL1(R)': {'pre': 58, 'post': 109, 'downstream': 279, 'upstream': 109, 'mito': 25, 'dark': 25}, 'AL-VC3l(R)': {'pre': 1, 'post': 6, 'downstream': 4, 'upstream': 6, 'mito': 1, 'dark': 1}, 'AL-VC2(R)': {'pre': 10, 'post': 14, 'downstream': 59, 'upstream': 14, 'mito': 3, 'dark': 3}, 'AL-VA4(R)': {'post': 2, 'upstream': 2}, 'AL-V(R)': {'post': 7, 'upstream': 7}}",,"['AL(R)', 'AL-DC1(R)', 'AL-DC3(R)', 'AL-DL1(R)', 'AL-DL2v(R)', 'AL-DL5(R)', 'AL-DM4(R)', 'AL-DP1l(R)', 'AL-DP1m(R)', 'AL-V(R)', 'AL-VA1d(R)', 'AL-VA1v(R)', 'AL-VA4(R)', 'AL-VA5(R)', 'AL-VA6(R)', 'AL-VC2(R)', 'AL-VC3l(R)', 'AL-VC5(R)', 'AL-VL1(R)', 'AL-VL2a(R)', 'AL-VL2p(R)', 'AL-VP1d(R)', 'AL-VP1l(R)', 'AL-VP1m(R)', 'AL-VP2(R)', 'AL-VP3(R)', 'AL-VP4(R)', 'AL-VP5(R)', 'ICL(R)', 'INP', 'LH(R)', 'PLP(R)', 'SCL(R)', 'SLP(R)', 'SNP(R)', 'VLNP(R)', 'mALT(R)']","['AL(R)', 'AL-DC3(R)', 'AL-DL1(R)', 'AL-DL2v(R)', 'AL-DL5(R)', 'AL-DM4(R)', 'AL-DP1l(R)', 'AL-DP1m(R)', 'AL-VA1d(R)', 'AL-VA1v(R)', 'AL-VA5(R)', 'AL-VC2(R)', 'AL-VC3l(R)', 'AL-VC5(R)', 'AL-VL1(R)', 'AL-VL2a(R)', 'AL-VL2p(R)', 'AL-VP1d(R)', 'AL-VP1l(R)', 'AL-VP1m(R)', 'AL-VP2(R)', 'AL-VP3(R)', 'AL-VP4(R)', 'AL-VP5(R)', 'INP', 'LH(R)', 'PLP(R)', 'SCL(R)', 'SLP(R)', 'SNP(R)', 'VLNP(R)', 'mALT(R)']"
1795410644,M_lvPNm41_R,M_lvPNm41,279,385,2260,385,129,323605840,Traced,False,Roughly traced,AVM06,,,"{'SNP(R)': {'pre': 70, 'post': 23, 'downstream': 654, 'upstream': 23, 'mito': 18, 'dark': 18}, 'SLP(R)': {'pre': 70, 'post': 23, 'downstream': 654, 'upstream': 23, 'mito': 18, 'dark': 18}, 'LH(R)': {'pre': 82, 'post': 37, 'downstream': 742, 'upstream': 37, 'mito': 21, 'dark': 21}, 'INP': {'pre': 31, 'post': 3, 'downstream': 294, 'upstream': 3, 'mito': 6, 'dark': 6}, 'SCL(R)': {'pre': 31, 'post': 3, 'downstream': 294, 'upstream': 3, 'mito': 6, 'dark': 6}, 'mALT(R)': {'post': 3, 'upstream': 3, 'mito': 18, 'dark': 17, 'medium': 1}, 'VLNP(R)': {'pre': 11, 'downstream': 97, 'mito': 1, 'dark': 1}, 'AVLP(R)': {'pre': 11, 'downstream': 97, 'mito': 1, 'dark': 1}, 'AL(R)': {'pre': 84, 'post': 314, 'downstream': 472, 'upstream': 314, 'mito': 64, 'dark': 63, 'medium': 1}, 'AL-DL1(R)': {'pre': 5, 'post': 5, 'downstream': 33, 'upstream': 5, 'mito': 3, 'dark': 3}, 'AL-DC4(R)': {'pre': 2, 'post': 17, 'downstream': 14, 'upstream': 17, 'mito': 3, 'dark': 3}, 'AL-DC3(R)': {'pre': 8, 'post': 37, 'downstream': 42, 'upstream': 37, 'mito': 7, 'dark': 7}, 'AL-VP1d(R)': {'pre': 7, 'post': 12, 'downstream': 37, 'upstream': 12, 'mito': 3, 'dark': 3}, 'AL-VA1d(R)': {'pre': 6, 'post': 38, 'downstream': 30, 'upstream': 38, 'mito': 4, 'dark': 4}, 'AL-DC2(R)': {'post': 1, 'upstream': 1}, 'AL-VA6(R)': {'pre': 2, 'downstream': 9, 'mito': 1, 'dark': 1}, 'AL-VA1v(R)': {'post': 4, 'upstream': 4}, 'AL-VP1l(R)': {'pre': 1, 'post': 1, 'downstream': 2, 'upstream': 1, 'mito': 3, 'dark': 3}, 'AL-VC1(R)': {'pre': 5, 'post': 15, 'downstream': 31, 'upstream': 15, 'mito': 4, 'dark': 3, 'medium': 1}, 'AL-VL2a(R)': {'post': 1, 'upstream': 1}, 'AL-VP1m(R)': {'post': 1, 'upstream': 1, 'mito': 1, 'dark': 1}, 'AL-VC2(R)': {'pre': 4, 'post': 11, 'downstream': 22, 'upstream': 11, 'mito': 3, 'dark': 3}, 'AL-VA5(R)': {'pre': 11, 'post': 78, 'downstream': 64, 'upstream': 78, 'mito': 8, 'dark': 8}, 'AL-VL1(R)': {'pre': 2, 'post': 4, 'downstream': 13, 'upstream': 4, 'mito': 1, 'dark': 1}, 'AL-VA3(R)': {'pre': 2, 'post': 31, 'downstream': 15, 'upstream': 31, 'mito': 2, 'dark': 2}, 'AL-VA4(R)': {'pre': 2, 'post': 5, 'downstream': 12, 'upstream': 5, 'mito': 1, 'dark': 1}, 'PENP': {'pre': 1, 'post': 3, 'downstream': 1, 'upstream': 3}, 'SAD': {'pre': 1, 'post': 3, 'downstream': 1, 'upstream': 3}, 'AMMC': {'pre': 1, 'post': 3, 'downstream': 1, 'upstream': 3}}",,"['AL(R)', 'AL-DC2(R)', 'AL-DC3(R)', 'AL-DC4(R)', 'AL-DL1(R)', 'AL-VA1d(R)', 'AL-VA1v(R)', 'AL-VA3(R)', 'AL-VA4(R)', 'AL-VA5(R)', 'AL-VC1(R)', 'AL-VC2(R)', 'AL-VL1(R)', 'AL-VL2a(R)', 'AL-VP1d(R)', 'AL-VP1l(R)', 'AL-VP1m(R)', 'AMMC', 'INP', 'LH(R)', 'PENP', 'SAD', 'SCL(R)', 'SLP(R)', 'SNP(R)', 'mALT(R)']","['AL(R)', 'AL-DC3(R)', 'AL-DC4(R)', 'AL-DL1(R)', 'AL-VA1d(R)', 'AL-VA3(R)', 'AL-VA4(R)', 'AL-VA5(R)', 'AL-VA6(R)', 'AL-VC1(R)', 'AL-VC2(R)', 'AL-VL1(R)', 'AL-VP1d(R)', 'AL-VP1l(R)', 'AMMC', 'AVLP(R)', 'INP', 'LH(R)', 'PENP', 'SAD', 'SCL(R)', 'SLP(R)', 'SNP(R)', 'VLNP(R)']"
1796817841,DA2_lPN_R,DA2_lPN,396,509,3275,509,191,726508881,Traced,False,Roughly traced,AVM02,386.5,"[14085, 36285, 27144]","{'LH(R)': {'pre': 203, 'post': 73, 'downstream': 1977, 'upstream': 73, 'mito': 46, 'dark': 40, 'light': 5, 'medium': 1}, 'mALT(R)': {'pre': 15, 'post': 11, 'downstream': 109, 'upstream': 11, 'mito': 40, 'dark': 40}, 'SNP(R)': {'pre': 15, 'post': 3, 'downstream': 147, 'upstream': 3, 'mito': 2, 'dark': 1, 'medium': 1}, 'SLP(R)': {'pre': 15, 'post': 3, 'downstream': 147, 'upstream': 3, 'mito': 2, 'dark': 1, 'medium': 1}, 'MB(R)': {'pre': 64, 'post': 11, 'downstream': 516, 'upstream': 11, 'mito': 8, 'dark': 8}, 'CA(R)': {'pre': 64, 'post': 11, 'downstream': 516, 'upstream': 11, 'mito': 8, 'dark': 8}, 'MB(+ACA)(R)': {'pre': 64, 'post': 11, 'downstream': 516, 'upstream': 11, 'mito': 8, 'dark': 8}, 'AL(R)': {'pre': 99, 'post': 411, 'downstream': 526, 'upstream': 411, 'mito': 66, 'dark': 66}, 'AL-DA2(R)': {'pre': 59, 'post': 338, 'downstream': 311, 'upstream': 338, 'mito': 32, 'dark': 32}, 'AL-DC1(R)': {'pre': 5, 'post': 14, 'downstream': 23, 'upstream': 14, 'mito': 6, 'dark': 6}, 'AL-DC2(R)': {'pre': 14, 'post': 29, 'downstream': 75, 'upstream': 29, 'mito': 10, 'dark': 10}, 'AL-VA6(R)': {'pre': 14, 'post': 22, 'downstream': 77, 'upstream': 22, 'mito': 9, 'dark': 9}, 'AL-DC4(R)': {'post': 3, 'upstream': 3, 'mito': 1, 'dark': 1}}",,"['AL(R)', 'AL-DA2(R)', 'AL-DC1(R)', 'AL-DC2(R)', 'AL-DC4(R)', 'AL-VA6(R)', 'CA(R)', 'LH(R)', 'MB(+ACA)(R)', 'MB(R)', 'SLP(R)', 'SNP(R)', 'mALT(R)']","['AL(R)', 'AL-DA2(R)', 'AL-DC1(R)', 'AL-DC2(R)', 'AL-VA6(R)', 'CA(R)', 'LH(R)', 'MB(+ACA)(R)', 'MB(R)', 'SLP(R)', 'SNP(R)', 'mALT(R)']"
1796818119,DA2_lPN_R,DA2_lPN,511,818,4111,818,232,917547898,Traced,False,Roughly traced,AVM02,371.5,"[14180, 36374, 24624]","{'LH(R)': {'pre': 284, 'post': 117, 'downstream': 2554, 'upstream': 117, 'mito': 70, 'dark': 67, 'light': 1, 'medium': 2}, 'MB(R)': {'pre': 77, 'post': 16, 'downstream': 665, 'upstream': 16, 'mito': 4, 'dark': 4}, 'CA(R)': {'pre': 77, 'post': 16, 'downstream': 665, 'upstream': 16, 'mito': 4, 'dark': 4}, 'MB(+ACA)(R)': {'pre': 77, 'post': 16, 'downstream': 665, 'upstream': 16, 'mito': 4, 'dark': 4}, 'mALT(R)': {'pre': 13, 'post': 18, 'downstream': 79, 'upstream': 18, 'mito': 45, 'dark': 45}, 'AL(R)': {'pre': 136, 'post': 666, 'downstream': 811, 'upstream': 666, 'mito': 76, 'dark': 73, 'medium': 3}, 'AL-DA2(R)': {'pre': 96, 'post': 573, 'downstream': 580, 'upstream': 573, 'mito': 43, 'dark': 40, 'medium': 3}, 'AL-DC1(R)': {'pre': 7, 'post': 41, 'downstream': 54, 'upstream': 41, 'mito': 6, 'dark': 6}, 'AL-DC2(R)': {'pre': 22, 'post': 26, 'downstream': 119, 'upstream': 26, 'mito': 16, 'dark': 16}, 'AL-VA6(R)': {'pre': 9, 'post': 15, 'downstream': 51, 'upstream': 15, 'mito': 2, 'dark': 2}, 'AL-DL2v(R)': {'post': 1, 'upstream': 1}, 'AL-DA1(R)': {'pre': 1, 'downstream': 2}, 'AL-VP1d(R)': {'post': 4, 'upstream': 4, 'mito': 2, 'dark': 2}, 'AL-DC4(R)': {'pre': 1, 'post': 4, 'downstream': 5, 'upstream': 4, 'mito': 2, 'dark': 2}}",,"['AL(R)', 'AL-DA2(R)', 'AL-DC1(R)', 'AL-DC2(R)', 'AL-DC4(R)', 'AL-DL2v(R)', 'AL-VA6(R)', 'AL-VP1d(R)', 'CA(R)', 'LH(R)', 'MB(+ACA)(R)', 'MB(R)', 'mALT(R)']","['AL(R)', 'AL-DA1(R)', 'AL-DA2(R)', 'AL-DC1(R)', 'AL-DC2(R)', 'AL-DC4(R)', 'AL-VA6(R)', 'CA(R)', 'LH(R)', 'MB(+ACA)(R)', 'MB(R)', 'mALT(R)']"
1797505019,DA2_lPN_R,DA2_lPN,345,476,2932,476,146,450568345,Traced,False,Roughly traced,AVM02,,,"{'LH(R)': {'pre': 175, 'post': 85, 'downstream': 1726, 'upstream': 85, 'mito': 42, 'dark': 39, 'light': 1, 'medium': 2}, 'mALT(R)': {'pre': 22, 'post': 13, 'downstream': 177, 'upstream': 13, 'mito': 35, 'dark': 35}, 'MB(R)': {'pre': 46, 'post': 6, 'downstream': 409, 'upstream': 6, 'mito': 8, 'dark': 7, 'light': 1}, 'CA(R)': {'pre': 46, 'post': 6, 'downstream': 409, 'upstream': 6, 'mito': 8, 'dark': 7, 'light': 1}, 'MB(+ACA)(R)': {'pre': 46, 'post': 6, 'downstream': 409, 'upstream': 6, 'mito': 8, 'dark': 7, 'light': 1}, 'SNP(R)': {'pre': 13, 'post': 4, 'downstream': 118, 'upstream': 4, 'mito': 2, 'dark': 2}, 'SLP(R)': {'pre': 13, 'post': 4, 'downstream': 118, 'upstream': 4, 'mito': 2, 'dark': 2}, 'AL(R)': {'pre': 89, 'post': 366, 'downstream': 502, 'upstream': 366, 'mito': 52, 'dark': 52}, 'AL-DA2(R)': {'pre': 49, 'post': 305, 'downstream': 273, 'upstream': 305, 'mito': 27, 'dark': 27}, 'AL-DC1(R)': {'pre': 5, 'post': 11, 'downstream': 26, 'upstream': 11, 'mito': 1, 'dark': 1}, 'AL-DC2(R)': {'pre': 25, 'post': 33, 'downstream': 146, 'upstream': 33, 'mito': 13, 'dark': 13}, 'AL-VA6(R)': {'pre': 5, 'post': 7, 'downstream': 32, 'upstream': 7, 'mito': 3, 'dark': 3}, 'AL-VP1d(R)': {'pre': 1, 'post': 6, 'downstream': 3, 'upstream': 6, 'mito': 2, 'dark': 2}, 'AL-VP4(R)': {'pre': 1, 'downstream': 7, 'mito': 1, 'dark': 1}}",,"['AL(R)', 'AL-DA2(R)', 'AL-DC1(R)', 'AL-DC2(R)', 'AL-VA6(R)', 'AL-VP1d(R)', 'CA(R)', 'LH(R)', 'MB(+ACA)(R)', 'MB(R)', 'SLP(R)', 'SNP(R)', 'mALT(R)']","['AL(R)', 'AL-DA2(R)', 'AL-DC1(R)', 'AL-DC2(R)', 'AL-VA6(R)', 'AL-VP1d(R)', 'AL-VP4(R)', 'CA(R)', 'LH(R)', 'MB(+ACA)(R)', 'MB(R)', 'SLP(R)', 'SNP(R)', 'mALT(R)']"
1818307672,VC3m_lvPN_R,VC3m_lvPN,755,1100,5814,1100,314,1330497660,Traced,False,Roughly traced,AVM06,481.5,"[15755, 28579, 31208]","{'MB(R)': {'pre': 192, 'post': 64, 'downstream': 1654, 'upstream': 64, 'mito': 12, 'dark': 9, 'light': 1, 'medium': 2}, 'CA(R)': {'pre': 192, 'post': 64, 'downstream': 1654, 'upstream': 64, 'mito': 12, 'dark': 9, 'light': 1, 'medium': 2}, 'MB(+ACA)(R)': {'pre': 192, 'post': 69, 'downstream': 1654, 'upstream': 69, 'mito': 19, 'dark': 15, 'light': 2, 'medium': 2}, 'SNP(R)': {'pre': 2, 'post': 10, 'downstream': 7, 'upstream': 10, 'mito': 23, 'dark': 22, 'light': 1}, 'SLP(R)': {'pre': 2, 'post': 9, 'downstream': 7, 'upstream': 9, 'mito': 21, 'dark': 20, 'light': 1}, 'dACA(R)': {'post': 5, 'upstream': 5, 'mito': 7, 'dark': 6, 'light': 1}, 'SMP(R)': {'post': 1, 'upstream': 1, 'mito': 2, 'dark': 2}, 'mALT(R)': {'pre': 3, 'post': 4, 'downstream': 4, 'upstream': 4, 'mito': 32, 'dark': 32}, 'LH(R)': {'pre': 338, 'post': 137, 'downstream': 3018, 'upstream': 137, 'mito': 72, 'dark': 70, 'medium': 2}, 'AL(R)': {'pre': 220, 'post': 885, 'downstream': 1131, 'upstream': 885, 'mito': 136, 'dark': 132, 'medium': 4}, 'AL-VC3l(R)': {'pre': 46, 'post': 116, 'downstream': 242, 'upstream': 116, 'mito': 11, 'dark': 11}, 'AL-VP1m(R)': {'post': 3, 'upstream': 3, 'mito': 2, 'dark': 2}, 'AL-VC5(R)': {'pre': 48, 'post': 157, 'downstream': 235, 'upstream': 157, 'mito': 37, 'dark': 36, 'medium': 1}, 'AL-VC3m(R)': {'pre': 102, 'post': 520, 'downstream': 531, 'upstream': 520, 'mito': 58, 'dark': 57, 'medium': 1}, 'AL-VM4(R)': {'pre': 14, 'post': 58, 'downstream': 72, 'upstream': 58, 'mito': 14, 'dark': 14}, 'AL-VM1(R)': {'pre': 3, 'post': 16, 'downstream': 11, 'upstream': 16, 'mito': 2, 'dark': 2}, 'AL-VC2(R)': {'pre': 7, 'post': 15, 'downstream': 40, 'upstream': 15, 'mito': 1, 'dark': 1}}",,"['AL(R)', 'AL-VC2(R)', 'AL-VC3l(R)', 'AL-VC3m(R)', 'AL-VC5(R)', 'AL-VM1(R)', 'AL-VM4(R)', 'AL-VP1m(R)', 'CA(R)', 'LH(R)', 'MB(+ACA)(R)', 'MB(R)', 'SLP(R)', 'SMP(R)', 'SNP(R)', 'dACA(R)', 'mALT(R)']","['AL(R)', 'AL-VC2(R)', 'AL-VC3l(R)', 'AL-VC3m(R)', 'AL-VC5(R)', 'AL-VM1(R)', 'AL-VM4(R)', 'CA(R)', 'LH(R)', 'MB(+ACA)(R)', 'MB(R)', 'SLP(R)', 'SNP(R)', 'mALT(R)']"
1819326555,M_vPNml89_R,M_vPNml89,116,34,1267,34,63,173319855,Traced,False,Roughly traced,AVM04,,,"{'LH(R)': {'pre': 113, 'post': 13, 'downstream': 1260, 'upstream': 13, 'mito': 40, 'dark': 36, 'light': 1, 'medium': 3}, 'mALT(R)': {'pre': 1, 'downstream': 2, 'mito': 3, 'dark': 3}, 'AL(R)': {'post': 19, 'upstream': 19, 'mito': 12, 'dark': 12}, 'AL-VP1d(R)': {'post': 7, 'upstream': 7, 'mito': 1, 'dark': 1}, 'AL-VM5d(R)': {'post': 2, 'upstream': 2, 'mito': 1, 'dark': 1}, 'AL-VP4(R)': {'post': 1, 'upstream': 1, 'mito': 2, 'dark': 2}, 'AL-VC4(R)': {'post': 3, 'upstream': 3, 'mito': 3, 'dark': 3}, 'AL-VP1m(R)': {'post': 3, 'upstream': 3, 'mito': 2, 'dark': 2}, 'AL-VM7v(R)': {'post': 1, 'upstream': 1, 'mito': 1, 'dark': 1}, 'PENP': {'post': 1, 'upstream': 1}, 'SAD': {'post': 1, 'upstream': 1}, 'AMMC': {'post': 1, 'upstream': 1}}",,"['AL(R)', 'AL-VC4(R)', 'AL-VM5d(R)', 'AL-VM7v(R)', 'AL-VP1d(R)', 'AL-VP1m(R)', 'AL-VP4(R)', 'AMMC', 'LH(R)', 'PENP', 'SAD']","['LH(R)', 'mALT(R)']"
1825085656,M_lPNm11D_R,M_lPNm11D,373,1290,2184,1290,194,578488068,Traced,False,Roughly traced,AVM02,351.5,"[13700, 35829, 23800]","{'mALT(R)': {'pre': 12, 'post': 34, 'downstream': 38, 'upstream': 34, 'mito': 20, 'dark': 19, 'light': 1}, 'INP': {'pre': 12, 'post': 15, 'downstream': 80, 'upstream': 15, 'mito': 1, 'dark': 1}, 'SCL(R)': {'pre': 12, 'post': 15, 'downstream': 80, 'upstream': 15, 'mito': 1, 'dark': 1}, 'MB(R)': {'pre': 25, 'post': 20, 'downstream': 165, 'upstream': 20, 'mito': 4, 'dark': 4}, 'CA(R)': {'pre': 25, 'post': 20, 'downstream': 165, 'upstream': 20, 'mito': 4, 'dark': 4}, 'MB(+ACA)(R)': {'pre': 25, 'post': 20, 'downstream': 165, 'upstream': 20, 'mito': 4, 'dark': 4}, 'AL(R)': {'pre': 324, 'post': 1215, 'downstream': 1901, 'upstream': 1215, 'mito': 147, 'dark': 142, 'medium': 5}, 'AL-DL1(R)': {'post': 26, 'upstream': 26, 'mito': 2, 'dark': 2}, 'AL-DL5(R)': {'post': 2, 'upstream': 2}, 'AL-D(R)': {'pre': 4, 'post': 5, 'downstream': 14, 'upstream': 5, 'mito': 1, 'medium': 1}, 'AL-DC1(R)': {'pre': 6, 'post': 44, 'downstream': 26, 'upstream': 44, 'mito': 5, 'dark': 5}, 'AL-DP1m(R)': {'pre': 11, 'post': 49, 'downstream': 62, 'upstream': 49, 'mito': 13, 'dark': 13}, 'AL-DC4(R)': {'pre': 10, 'post': 36, 'downstream': 46, 'upstream': 36, 'mito': 2, 'dark': 2}, 'AL-DL2v(R)': {'pre': 4, 'post': 46, 'downstream': 18, 'upstream': 46, 'mito': 5, 'dark': 5}, 'AL-DP1l(R)': {'pre': 6, 'post': 18, 'downstream': 35, 'upstream': 18, 'mito': 3, 'dark': 3}, 'AL-VP1d(R)': {'pre': 166, 'post': 696, 'downstream': 968, 'upstream': 696, 'mito': 74, 'dark': 70, 'medium': 4}, 'AL-DC3(R)': {'pre': 4, 'post': 25, 'downstream': 17, 'upstream': 25, 'mito': 2, 'dark': 2}, 'AL-VM7v(R)': {'pre': 17, 'post': 19, 'downstream': 94, 'upstream': 19, 'mito': 4, 'dark': 4}, 'AL-DC2(R)': {'pre': 1, 'post': 14, 'downstream': 2, 'upstream': 14, 'mito': 1, 'dark': 1}, 'AL-VP4(R)': {'pre': 2, 'post': 4, 'downstream': 16, 'upstream': 4, 'mito': 2, 'dark': 2}, 'AL-VC3l(R)': {'pre': 6, 'post': 4, 'downstream': 30, 'upstream': 4, 'mito': 1, 'dark': 1}, 'AL-VP1m(R)': {'pre': 30, 'post': 77, 'downstream': 229, 'upstream': 77, 'mito': 11, 'dark': 11}, 'AL-VC5(R)': {'pre': 23, 'post': 33, 'downstream': 140, 'upstream': 33, 'mito': 7, 'dark': 7}, 'AL-VC1(R)': {'pre': 22, 'post': 65, 'downstream': 139, 'upstream': 65, 'mito': 7, 'dark': 7}, 'AL-VC2(R)': {'pre': 2, 'post': 22, 'downstream': 10, 'upstream': 22, 'mito': 3, 'dark': 3}, 'AL-VA4(R)': {'post': 1, 'upstream': 1}, 'AL-VP1l(R)': {'post': 7, 'upstream': 7, 'mito': 1, 'dark': 1}}",AL-mPN4 (Tanaka et al. JCN 2012) no projection down to PLP; VP1d++ lPN1 (Marin et al. Curr Biol 2020),"['AL(R)', 'AL-D(R)', 'AL-DC1(R)', 'AL-DC2(R)', 'AL-DC3(R)', 'AL-DC4(R)', 'AL-DL1(R)', 'AL-DL2v(R)', 'AL-DL5(R)', 'AL-DP1l(R)', 'AL-DP1m(R)', 'AL-VA4(R)', 'AL-VC1(R)', 'AL-VC2(R)', 'AL-VC3l(R)', 'AL-VC5(R)', 'AL-VM7v(R)', 'AL-VP1d(R)', 'AL-VP1l(R)', 'AL-VP1m(R)', 'AL-VP4(R)', 'CA(R)', 'INP', 'MB(+ACA)(R)', 'MB(R)', 'SCL(R)', 'mALT(R)']","['AL(R)', 'AL-D(R)', 'AL-DC1(R)', 'AL-DC2(R)', 'AL-DC3(R)', 'AL-DC4(R)', 'AL-DL2v(R)', 'AL-DP1l(R)', 'AL-DP1m(R)', 'AL-VC1(R)', 'AL-VC2(R)', 'AL-VC3l(R)', 'AL-VC5(R)', 'AL-VM7v(R)', 'AL-VP1d(R)', 'AL-VP1m(R)', 'AL-VP4(R)', 'CA(R)', 'INP', 'MB(+ACA)(R)', 'MB(R)', 'SCL(R)', 'mALT(R)']"
1825440160,MZ_lv2PN_R,MZ_lv2PN,1014,5041,8327,5041,629,2773657221,Traced,False,Roughly traced,,,,"{'VLNP(R)': {'pre': 598, 'post': 91, 'downstream': 5311, 'upstream': 91, 'mito': 165, 'dark': 127, 'medium': 38}, 'AVLP(R)': {'pre': 206, 'post': 32, 'downstream': 1812, 'upstream': 32, 'mito': 39, 'dark': 26, 'medium': 13}, 'PVLP(R)': {'pre': 352, 'post': 50, 'downstream': 3138, 'upstream': 50, 'mito': 110, 'dark': 89, 'medium': 21}, 'AL(R)': {'pre': 109, 'post': 4417, 'downstream': 527, 'upstream': 4417, 'mito': 277, 'dark': 268, 'light': 1, 'medium': 8}, 'AL-DL1(R)': {'pre': 1, 'post': 6, 'downstream': 6, 'upstream': 6, 'mito': 1, 'dark': 1}, 'AL-DL2v(R)': {'pre': 4, 'post': 29, 'downstream': 22, 'upstream': 29, 'mito': 5, 'dark': 5}, 'AL-DC3(R)': {'pre': 9, 'post': 160, 'downstream': 40, 'upstream': 160, 'mito': 17, 'dark': 17}, 'AL-VP1d(R)': {'pre': 2, 'post': 43, 'downstream': 12, 'upstream': 43, 'mito': 6, 'dark': 6}, 'AL-DA1(R)': {'post': 1, 'upstream': 1}, 'AL-VA1d(R)': {'pre': 6, 'post': 1406, 'downstream': 28, 'upstream': 1406, 'mito': 62, 'dark': 60, 'medium': 2}, 'AL-VA6(R)': {'pre': 2, 'post': 129, 'downstream': 13, 'upstream': 129, 'mito': 6, 'dark': 6}, 'AL-VA1v(R)': {'pre': 10, 'post': 1257, 'downstream': 40, 'upstream': 1257, 'mito': 67, 'dark': 66, 'light': 1}, 'VMNP': {'pre': 17, 'post': 352, 'downstream': 73, 'upstream': 352, 'mito': 44, 'dark': 43, 'medium': 1}, 'VES(R)': {'pre': 17, 'post': 352, 'downstream': 73, 'upstream': 352, 'mito': 43, 'dark': 42, 'medium': 1}, 'AL-VL2a(R)': {'pre': 5, 'post': 82, 'downstream': 22, 'upstream': 82, 'mito': 9, 'dark': 9}, 'AL-VC1(R)': {'pre': 3, 'post': 22, 'downstream': 15, 'upstream': 22, 'mito': 1, 'dark': 1}, 'AL-VP3(R)': {'pre': 10, 'post': 357, 'downstream': 46, 'upstream': 357, 'mito': 18, 'dark': 17, 'medium': 1}, 'AL-VP2(R)': {'pre': 1, 'post': 41, 'downstream': 5, 'upstream': 41, 'mito': 1, 'dark': 1}, 'AL-VA7l(R)': {'post': 4, 'upstream': 4, 'mito': 1, 'dark': 1}, 'AL-VP4(R)': {'pre': 2, 'post': 11, 'downstream': 9, 'upstream': 11, 'mito': 2, 'dark': 2}, 'AL-VL2p(R)': {'post': 8, 'upstream': 8, 'mito': 2, 'dark': 2}, 'AL-VP5(R)': {'pre': 17, 'post': 228, 'downstream': 84, 'upstream': 228, 'mito': 21, 'dark': 18, 'medium': 3}, 'AL-VC2(R)': {'pre': 1, 'post': 70, 'downstream': 6, 'upstream': 70, 'mito': 3, 'dark': 2, 'medium': 1}, 'WED(R)': {'pre': 40, 'post': 9, 'downstream': 361, 'upstream': 9, 'mito': 16, 'dark': 12, 'medium': 4}, 'AL-VA5(R)': {'pre': 1, 'post': 36, 'downstream': 6, 'upstream': 36, 'mito': 3, 'dark': 3}, 'AL-VL1(R)': {'pre': 9, 'post': 125, 'downstream': 41, 'upstream': 125, 'mito': 15, 'dark': 15}, 'AL-VP1l(R)': {'pre': 1, 'post': 14, 'downstream': 5, 'upstream': 14}, 'AL-VC5(R)': {'pre': 4, 'post': 43, 'downstream': 26, 'upstream': 43, 'mito': 2, 'dark': 1, 'medium': 1}, 'AL-VP1m(R)': {'post': 10, 'upstream': 10}, 'AL-VA4(R)': {'post': 9, 'upstream': 9}, 'PENP': {'pre': 272, 'post': 170, 'downstream': 2286, 'upstream': 170, 'mito': 80, 'dark': 68, 'medium': 12}, 'SAD': {'pre': 272, 'post': 170, 'downstream': 2286, 'upstream': 170, 'mito': 80, 'dark': 68, 'medium': 12}, 'SAD(-AMMC)': {'pre': 272, 'post': 170, 'downstream': 2286, 'upstream': 170, 'mito': 80, 'dark': 68, 'medium': 12}, 'AL-V(R)': {'pre': 1, 'post': 6, 'downstream': 5, 'upstream': 6, 'mito': 3, 'dark': 3}, 'GNG': {'pre': 14, 'post': 10, 'downstream': 122, 'upstream': 10, 'mito': 2, 'dark': 1, 'medium': 1}}",AL-lPN4 (Tanaka et al. JCN 2012),"['AL(R)', 'AL-DA1(R)', 'AL-DC3(R)', 'AL-DL1(R)', 'AL-DL2v(R)', 'AL-V(R)', 'AL-VA1d(R)', 'AL-VA1v(R)', 'AL-VA4(R)', 'AL-VA5(R)', 'AL-VA6(R)', 'AL-VA7l(R)', 'AL-VC1(R)', 'AL-VC2(R)', 'AL-VC5(R)', 'AL-VL1(R)', 'AL-VL2a(R)', 'AL-VL2p(R)', 'AL-VP1d(R)', 'AL-VP1l(R)', 'AL-VP1m(R)', 'AL-VP2(R)', 'AL-VP3(R)', 'AL-VP4(R)', 'AL-VP5(R)', 'AVLP(R)', 'GNG', 'PENP', 'PVLP(R)', 'SAD', 'SAD(-AMMC)', 'VES(R)', 'VLNP(R)', 'VMNP', 'WED(R)']","['AL(R)', 'AL-DC3(R)', 'AL-DL1(R)', 'AL-DL2v(R)', 'AL-V(R)', 'AL-VA1d(R)', 'AL-VA1v(R)', 'AL-VA5(R)', 'AL-VA6(R)', 'AL-VC1(R)', 'AL-VC2(R)', 'AL-VC5(R)', 'AL-VL1(R)', 'AL-VL2a(R)', 'AL-VP1d(R)', 'AL-VP1l(R)', 'AL-VP2(R)', 'AL-VP3(R)', 'AL-VP4(R)', 'AL-VP5(R)', 'AVLP(R)', 'GNG', 'PENP', 'PVLP(R)', 'SAD', 'SAD(-AMMC)', 'VES(R)', 'VLNP(R)', 'VMNP', 'WED(R)']"
1827473315,M_lvPNm42_R,M_lvPNm42,338,706,2975,706,171,510292243,Traced,False,Roughly traced,AVM06,411.5,"[16152, 27625, 31608]","{'SNP(R)': {'pre': 40, 'post': 9, 'downstream': 399, 'upstream': 9, 'mito': 6, 'dark': 6}, 'SLP(R)': {'pre': 40, 'post': 9, 'downstream': 399, 'upstream': 9, 'mito': 6, 'dark': 6}, 'INP': {'pre': 41, 'post': 5, 'downstream': 447, 'upstream': 5, 'mito': 11, 'dark': 11}, 'SCL(R)': {'pre': 41, 'post': 5, 'downstream': 447, 'upstream': 5, 'mito': 11, 'dark': 11}, 'LH(R)': {'pre': 93, 'post': 41, 'downstream': 969, 'upstream': 41, 'mito': 19, 'dark': 19}, 'mALT(R)': {'post': 5, 'upstream': 5, 'mito': 13, 'dark': 13}, 'VLNP(R)': {'pre': 46, 'post': 16, 'downstream': 537, 'upstream': 16, 'mito': 10, 'dark': 10}, 'AVLP(R)': {'pre': 46, 'post': 16, 'downstream': 537, 'upstream': 16, 'mito': 10, 'dark': 10}, 'AL(R)': {'pre': 115, 'post': 627, 'downstream': 603, 'upstream': 627, 'mito': 101, 'dark': 97, 'medium': 4}, 'AL-DC4(R)': {'pre': 10, 'post': 38, 'downstream': 66, 'upstream': 38, 'mito': 8, 'dark': 8}, 'AL-DA1(R)': {'pre': 4, 'post': 75, 'downstream': 23, 'upstream': 75, 'mito': 7, 'dark': 7}, 'AL-DC1(R)': {'post': 2, 'upstream': 2}, 'AL-DC3(R)': {'pre': 10, 'post': 25, 'downstream': 50, 'upstream': 25, 'mito': 7, 'dark': 7}, 'AL-DC2(R)': {'pre': 11, 'post': 32, 'downstream': 63, 'upstream': 32, 'mito': 7, 'dark': 7}, 'AL-VM7v(R)': {'pre': 10, 'post': 52, 'downstream': 48, 'upstream': 52, 'mito': 9, 'dark': 8, 'medium': 1}, 'AL-VM5d(R)': {'pre': 9, 'post': 117, 'downstream': 45, 'upstream': 117, 'mito': 16, 'dark': 15, 'medium': 1}, 'AL-VM7d(R)': {'pre': 1, 'post': 20, 'downstream': 6, 'upstream': 20, 'mito': 1, 'dark': 1}, 'AL-DM5(R)': {'post': 3, 'upstream': 3}, 'AL-VA1d(R)': {'pre': 3, 'post': 5, 'downstream': 14, 'upstream': 5, 'mito': 2, 'dark': 2}, 'AL-VA6(R)': {'pre': 4, 'post': 37, 'downstream': 20, 'upstream': 37, 'mito': 2, 'dark': 2}, 'AL-VP1d(R)': {'post': 2, 'upstream': 2, 'mito': 1, 'dark': 1}, 'AL-VM5v(R)': {'pre': 1, 'post': 10, 'downstream': 5, 'upstream': 10, 'mito': 3, 'dark': 3}, 'AL-VC4(R)': {'pre': 16, 'post': 102, 'downstream': 88, 'upstream': 102, 'mito': 9, 'dark': 9}, 'AL-VA1v(R)': {'post': 2, 'upstream': 2}, 'AL-VC3l(R)': {'pre': 3, 'post': 18, 'downstream': 14, 'upstream': 18, 'mito': 3, 'dark': 3}, 'VMNP': {'pre': 2, 'post': 1, 'downstream': 16, 'upstream': 1, 'mito': 2, 'dark': 2}, 'VES(R)': {'pre': 2, 'post': 1, 'downstream': 16, 'upstream': 1, 'mito': 2, 'dark': 2}, 'AL-VP2(R)': {'post': 2, 'upstream': 2}, 'AL-VC2(R)': {'pre': 5, 'post': 39, 'downstream': 21, 'upstream': 39, 'mito': 4, 'dark': 3, 'medium': 1}, 'AL-VC1(R)': {'pre': 2, 'post': 3, 'downstream': 9, 'upstream': 3, 'mito': 3, 'dark': 2, 'medium': 1}, 'AL-VA7m(R)': {'pre': 3, 'post': 4, 'downstream': 13, 'upstream': 4, 'mito': 1, 'dark': 1}, 'AL-VA2(R)': {'pre': 4, 'post': 10, 'downstream': 13, 'upstream': 10, 'mito': 3, 'dark': 3}, 'AL-VA3(R)': {'pre': 4, 'post': 6, 'downstream': 17, 'upstream': 6, 'mito': 3, 'dark': 3}}",,"['AL(R)', 'AL-DA1(R)', 'AL-DC1(R)', 'AL-DC2(R)', 'AL-DC3(R)', 'AL-DC4(R)', 'AL-DM5(R)', 'AL-VA1d(R)', 'AL-VA1v(R)', 'AL-VA2(R)', 'AL-VA3(R)', 'AL-VA6(R)', 'AL-VA7m(R)', 'AL-VC1(R)', 'AL-VC2(R)', 'AL-VC3l(R)', 'AL-VC4(R)', 'AL-VM5d(R)', 'AL-VM5v(R)', 'AL-VM7d(R)', 'AL-VM7v(R)', 'AL-VP1d(R)', 'AL-VP2(R)', 'AVLP(R)', 'INP', 'LH(R)', 'SCL(R)', 'SLP(R)', 'SNP(R)', 'VES(R)', 'VLNP(R)', 'VMNP', 'mALT(R)']","['AL(R)', 'AL-DA1(R)', 'AL-DC2(R)', 'AL-DC3(R)', 'AL-DC4(R)', 'AL-VA1d(R)', 'AL-VA2(R)', 'AL-VA3(R)', 'AL-VA6(R)', 'AL-VA7m(R)', 'AL-VC1(R)', 'AL-VC2(R)', 'AL-VC3l(R)', 'AL-VC4(R)', 'AL-VM5d(R)', 'AL-VM5v(R)', 'AL-VM7d(R)', 'AL-VM7v(R)', 'AVLP(R)', 'INP', 'LH(R)', 'SCL(R)', 'SLP(R)', 'SNP(R)', 'VES(R)', 'VLNP(R)', 'VMNP']"
1827516355,DA2_lPN_R,DA2_lPN,391,548,3263,548,212,741928779,Traced,False,Roughly traced,AVM02,441.5,"[14220, 36360, 26176]","{'LH(R)': {'pre': 195, 'post': 90, 'downstream': 1985, 'upstream': 90, 'mito': 59, 'dark': 52, 'light': 3, 'medium': 4}, 'MB(R)': {'pre': 48, 'post': 7, 'downstream': 357, 'upstream': 7, 'mito': 9, 'dark': 9}, 'CA(R)': {'pre': 48, 'post': 7, 'downstream': 357, 'upstream': 7, 'mito': 9, 'dark': 9}, 'MB(+ACA)(R)': {'pre': 48, 'post': 7, 'downstream': 357, 'upstream': 7, 'mito': 9, 'dark': 9}, 'mALT(R)': {'pre': 34, 'post': 13, 'downstream': 257, 'upstream': 13, 'mito': 42, 'dark': 40, 'medium': 2}, 'SNP(R)': {'pre': 16, 'post': 3, 'downstream': 140, 'upstream': 3, 'mito': 2, 'dark': 1, 'medium': 1}, 'SLP(R)': {'pre': 16, 'post': 3, 'downstream': 140, 'upstream': 3, 'mito': 2, 'dark': 1, 'medium': 1}, 'AL(R)': {'pre': 98, 'post': 433, 'downstream': 524, 'upstream': 433, 'mito': 73, 'dark': 72, 'medium': 1}, 'AL-DA2(R)': {'pre': 70, 'post': 366, 'downstream': 368, 'upstream': 366, 'mito': 45, 'dark': 45}, 'AL-DC1(R)': {'pre': 12, 'post': 25, 'downstream': 69, 'upstream': 25, 'mito': 6, 'dark': 6}, 'AL-DC2(R)': {'pre': 10, 'post': 13, 'downstream': 55, 'upstream': 13, 'mito': 9, 'dark': 9}, 'AL-VA6(R)': {'pre': 3, 'post': 11, 'downstream': 19, 'upstream': 11, 'mito': 5, 'dark': 5}, 'AL-VP1d(R)': {'pre': 1, 'post': 8, 'downstream': 6, 'upstream': 8, 'mito': 2, 'dark': 2}, 'AL-VP1m(R)': {'pre': 1, 'downstream': 3}}",,"['AL(R)', 'AL-DA2(R)', 'AL-DC1(R)', 'AL-DC2(R)', 'AL-VA6(R)', 'AL-VP1d(R)', 'CA(R)', 'LH(R)', 'MB(+ACA)(R)', 'MB(R)', 'SLP(R)', 'SNP(R)', 'mALT(R)']","['AL(R)', 'AL-DA2(R)', 'AL-DC1(R)', 'AL-DC2(R)', 'AL-VA6(R)', 'AL-VP1d(R)', 'AL-VP1m(R)', 'CA(R)', 'LH(R)', 'MB(+ACA)(R)', 'MB(R)', 'SLP(R)', 'SNP(R)', 'mALT(R)']"
1827861966,M_lPNm11D_R,M_lPNm11D,349,1129,2345,1129,191,542231433,Traced,False,Roughly traced,AVM02,351.5,"[15714, 35885, 22720]","{'SNP(R)': {'pre': 5, 'post': 8, 'downstream': 36, 'upstream': 8, 'mito': 2, 'dark': 2}, 'SMP(R)': {'pre': 1, 'downstream': 14}, 'INP': {'pre': 26, 'post': 34, 'downstream': 241, 'upstream': 34, 'mito': 7, 'dark': 6, 'medium': 1}, 'SCL(R)': {'pre': 26, 'post': 34, 'downstream': 241, 'upstream': 34, 'mito': 7, 'dark': 6, 'medium': 1}, 'SLP(R)': {'pre': 4, 'post': 8, 'downstream': 22, 'upstream': 8, 'mito': 2, 'dark': 2}, 'mALT(R)': {'pre': 1, 'post': 51, 'downstream': 4, 'upstream': 51, 'mito': 12, 'dark': 12}, 'MB(R)': {'pre': 1, 'post': 17, 'downstream': 5, 'upstream': 17, 'mito': 1, 'dark': 1}, 'CA(R)': {'pre': 1, 'post': 17, 'downstream': 5, 'upstream': 17, 'mito': 1, 'dark': 1}, 'MB(+ACA)(R)': {'pre': 1, 'post': 17, 'downstream': 5, 'upstream': 17, 'mito': 1, 'dark': 1}, 'AL(R)': {'pre': 314, 'post': 1017, 'downstream': 2050, 'upstream': 1017, 'mito': 141, 'dark': 139, 'medium': 2}, 'AL-DL5(R)': {'post': 6, 'upstream': 6}, 'AL-D(R)': {'pre': 2, 'post': 10, 'downstream': 14, 'upstream': 10}, 'AL-DC1(R)': {'pre': 31, 'post': 126, 'downstream': 159, 'upstream': 126, 'mito': 21, 'dark': 20, 'medium': 1}, 'AL-DL1(R)': {'pre': 13, 'post': 39, 'downstream': 71, 'upstream': 39, 'mito': 8, 'dark': 8}, 'AL-DA1(R)': {'pre': 10, 'post': 21, 'downstream': 62, 'upstream': 21, 'mito': 2, 'dark': 2}, 'AL-DC4(R)': {'pre': 4, 'post': 17, 'downstream': 37, 'upstream': 17, 'mito': 4, 'dark': 4}, 'AL-DC3(R)': {'pre': 5, 'post': 6, 'downstream': 34, 'upstream': 6, 'mito': 2, 'dark': 2}, 'AL-DP1m(R)': {'post': 8, 'upstream': 8, 'mito': 1, 'dark': 1}, 'AL-VP1d(R)': {'pre': 140, 'post': 517, 'downstream': 893, 'upstream': 517, 'mito': 65, 'dark': 65}, 'AL-DC2(R)': {'pre': 2, 'post': 11, 'downstream': 9, 'upstream': 11, 'mito': 1, 'dark': 1}, 'AL-DL2v(R)': {'post': 1, 'upstream': 1}, 'AL-VM7d(R)': {'pre': 6, 'post': 6, 'downstream': 33, 'upstream': 6, 'mito': 1, 'dark': 1}, 'AL-VA6(R)': {'pre': 11, 'post': 26, 'downstream': 62, 'upstream': 26, 'mito': 4, 'dark': 4}, 'AL-VM7v(R)': {'pre': 6, 'post': 29, 'downstream': 44, 'upstream': 29, 'mito': 2, 'dark': 2}, 'AL-VC3l(R)': {'post': 3, 'upstream': 3}, 'AL-VC1(R)': {'pre': 3, 'post': 44, 'downstream': 20, 'upstream': 44, 'mito': 7, 'dark': 7}, 'AL-VP1m(R)': {'pre': 11, 'post': 30, 'downstream': 93, 'upstream': 30, 'mito': 4, 'dark': 4}, 'AL-VC5(R)': {'pre': 12, 'post': 18, 'downstream': 77, 'upstream': 18, 'mito': 4, 'dark': 4}, 'AL-VC2(R)': {'pre': 4, 'post': 18, 'downstream': 27, 'upstream': 18, 'mito': 2, 'dark': 2}, 'AL-VM5v(R)': {'post': 5, 'upstream': 5}, 'AL-VA7m(R)': {'post': 1, 'upstream': 1}}",AL-mPN4 (Tanaka et al. JCN 2012) no projection down to PLP; VP1d++ lPN1 (Marin et al. Curr Biol 2020),"['AL(R)', 'AL-D(R)', 'AL-DA1(R)', 'AL-DC1(R)', 'AL-DC2(R)', 'AL-DC3(R)', 'AL-DC4(R)', 'AL-DL1(R)', 'AL-DL2v(R)', 'AL-DL5(R)', 'AL-DP1m(R)', 'AL-VA6(R)', 'AL-VA7m(R)', 'AL-VC1(R)', 'AL-VC2(R)', 'AL-VC3l(R)', 'AL-VC5(R)', 'AL-VM5v(R)', 'AL-VM7d(R)', 'AL-VM7v(R)', 'AL-VP1d(R)', 'AL-VP1m(R)', 'CA(R)', 'INP', 'MB(+ACA)(R)', 'MB(R)', 'SCL(R)', 'SLP(R)', 'SNP(R)', 'mALT(R)']","['AL(R)', 'AL-D(R)', 'AL-DA1(R)', 'AL-DC1(R)', 'AL-DC2(R)', 'AL-DC3(R)', 'AL-DC4(R)', 'AL-DL1(R)', 'AL-VA6(R)', 'AL-VC1(R)', 'AL-VC2(R)', 'AL-VC5(R)', 'AL-VM7d(R)', 'AL-VM7v(R)', 'AL-VP1d(R)', 'AL-VP1m(R)', 'CA(R)', 'INP', 'MB(+ACA)(R)', 'MB(R)', 'SCL(R)', 'SLP(R)', 'SMP(R)', 'SNP(R)', 'mALT(R)']"
1828206773,DC2_adPN_R,DC2_adPN,1371,3258,11227,3258,524,2121530112,Traced,False,Roughly traced,AVM01,496.5,"[21082, 36763, 22224]","{'LH(R)': {'pre': 674, 'post': 236, 'downstream': 6347, 'upstream': 236, 'mito': 124, 'dark': 104, 'light': 5, 'medium': 15}, 'MB(R)': {'pre': 255, 'post': 112, 'downstream': 2470, 'upstream': 112, 'mito': 27, 'dark': 26, 'medium': 1}, 'CA(R)': {'pre': 255, 'post': 112, 'downstream': 2470, 'upstream': 112, 'mito': 27, 'dark': 26, 'medium': 1}, 'MB(+ACA)(R)': {'pre': 255, 'post': 112, 'downstream': 2470, 'upstream': 112, 'mito': 27, 'dark': 26, 'medium': 1}, 'mALT(R)': {'pre': 13, 'post': 13, 'downstream': 43, 'upstream': 13, 'mito': 75, 'dark': 73, 'medium': 2}, 'AL(R)': {'pre': 429, 'post': 2894, 'downstream': 2367, 'upstream': 2894, 'mito': 247, 'dark': 241, 'light': 2, 'medium': 4}, 'AL-DC2(R)': {'pre': 367, 'post': 2560, 'downstream': 2024, 'upstream': 2560, 'mito': 206, 'dark': 200, 'light': 2, 'medium': 4}, 'AL-DC1(R)': {'post': 5, 'upstream': 5, 'mito': 1, 'dark': 1}, 'AL-DC4(R)': {'pre': 1, 'post': 8, 'downstream': 5, 'upstream': 8, 'mito': 2, 'dark': 2}, 'AL-VA6(R)': {'pre': 28, 'post': 90, 'downstream': 143, 'upstream': 90, 'mito': 7, 'dark': 7}, 'AL-VM5d(R)': {'post': 4, 'upstream': 4}, 'AL-VM5v(R)': {'post': 21, 'upstream': 21, 'mito': 5, 'dark': 5}, 'AL-VM7v(R)': {'post': 8, 'upstream': 8, 'mito': 1, 'dark': 1}, 'AL-VC1(R)': {'pre': 32, 'post': 188, 'downstream': 193, 'upstream': 188, 'mito': 14, 'dark': 14}, 'AL-VC2(R)': {'post': 5, 'upstream': 5}}",,"['AL(R)', 'AL-DC1(R)', 'AL-DC2(R)', 'AL-DC4(R)', 'AL-VA6(R)', 'AL-VC1(R)', 'AL-VC2(R)', 'AL-VM5d(R)', 'AL-VM5v(R)', 'AL-VM7v(R)', 'CA(R)', 'LH(R)', 'MB(+ACA)(R)', 'MB(R)', 'mALT(R)']","['AL(R)', 'AL-DC2(R)', 'AL-DC4(R)', 'AL-VA6(R)', 'AL-VC1(R)', 'CA(R)', 'LH(R)', 'MB(+ACA)(R)', 'MB(R)', 'mALT(R)']"
1849683877,M_lvPNm46_R,M_lvPNm46,131,185,804,185,130,390166741,Traced,False,Roughly traced,AVM06,,,"{'SNP(R)': {'pre': 4, 'post': 2, 'downstream': 27, 'upstream': 2, 'mito': 11, 'dark': 11}, 'SLP(R)': {'pre': 4, 'post': 2, 'downstream': 27, 'upstream': 2, 'mito': 10, 'dark': 10}, 'dACA(R)': {'pre': 1, 'downstream': 5}, 'MB(+ACA)(R)': {'pre': 1, 'downstream': 5}, 'mALT(R)': {'pre': 1, 'downstream': 3, 'mito': 19, 'dark': 19}, 'LH(R)': {'pre': 122, 'post': 38, 'downstream': 761, 'upstream': 38, 'mito': 42, 'dark': 39, 'medium': 3}, 'AL(R)': {'pre': 4, 'post': 142, 'downstream': 13, 'upstream': 142, 'mito': 55, 'dark': 53, 'medium': 2}, 'AL-DP1m(R)': {'pre': 2, 'post': 7, 'downstream': 9, 'upstream': 7, 'mito': 3, 'dark': 3}, 'AL-DP1l(R)': {'post': 3, 'upstream': 3}, 'AL-DM4(R)': {'post': 1, 'upstream': 1, 'mito': 1, 'dark': 1}, 'AL-VC5(R)': {'pre': 1, 'post': 27, 'downstream': 3, 'upstream': 27, 'mito': 9, 'dark': 9}, 'AL-VL2p(R)': {'post': 71, 'upstream': 71, 'mito': 25, 'dark': 23, 'medium': 2}, 'AL-VP1l(R)': {'post': 1, 'upstream': 1}, 'AL-VP1d(R)': {'post': 1, 'upstream': 1}, 'AL-VC3l(R)': {'post': 5, 'upstream': 5, 'mito': 2, 'dark': 2}, 'AL-VC3m(R)': {'post': 1, 'upstream': 1, 'mito': 1, 'dark': 1}, 'AL-VP4(R)': {'post': 1, 'upstream': 1}, 'AL-VC2(R)': {'post': 4, 'upstream': 4, 'mito': 3, 'dark': 3}, 'AL-VL1(R)': {'pre': 1, 'post': 11, 'downstream': 1, 'upstream': 11, 'mito': 6, 'dark': 6}, 'AL-VM3(R)': {'post': 3, 'upstream': 3, 'mito': 1, 'dark': 1}, 'PENP': {'post': 1, 'upstream': 1}, 'SAD': {'post': 1, 'upstream': 1}, 'AMMC': {'post': 1, 'upstream': 1}}",,"['AL(R)', 'AL-DM4(R)', 'AL-DP1l(R)', 'AL-DP1m(R)', 'AL-VC2(R)', 'AL-VC3l(R)', 'AL-VC3m(R)', 'AL-VC5(R)', 'AL-VL1(R)', 'AL-VL2p(R)', 'AL-VM3(R)', 'AL-VP1d(R)', 'AL-VP1l(R)', 'AL-VP4(R)', 'AMMC', 'LH(R)', 'PENP', 'SAD', 'SLP(R)', 'SNP(R)']","['AL(R)', 'AL-DP1m(R)', 'AL-VC5(R)', 'AL-VL1(R)', 'LH(R)', 'MB(+ACA)(R)', 'SLP(R)', 'SNP(R)', 'dACA(R)', 'mALT(R)']"
1849684319,VC5_lvPN_R,VC5_lvPN,163,209,1237,209,126,392306283,Traced,False,Roughly traced,AVM06,381.5,"[14451, 31310, 32712]","{'SNP(R)': {'pre': 2, 'post': 5, 'downstream': 18, 'upstream': 5, 'mito': 6, 'dark': 6}, 'SLP(R)': {'pre': 2, 'post': 5, 'downstream': 18, 'upstream': 5, 'mito': 6, 'dark': 6}, 'dACA(R)': {'post': 1, 'upstream': 1}, 'MB(+ACA)(R)': {'pre': 1, 'post': 1, 'downstream': 3, 'upstream': 1, 'mito': 4, 'dark': 4}, 'MB(R)': {'pre': 1, 'downstream': 3, 'mito': 4, 'dark': 4}, 'CA(R)': {'pre': 1, 'downstream': 3, 'mito': 4, 'dark': 4}, 'mALT(R)': {'pre': 1, 'post': 3, 'downstream': 9, 'upstream': 3, 'mito': 14, 'dark': 14}, 'INP': {'pre': 7, 'post': 2, 'downstream': 42, 'upstream': 2, 'mito': 1, 'dark': 1}, 'SCL(R)': {'pre': 7, 'post': 2, 'downstream': 42, 'upstream': 2, 'mito': 1, 'dark': 1}, 'LH(R)': {'pre': 150, 'post': 33, 'downstream': 1162, 'upstream': 33, 'mito': 37, 'dark': 37}, 'VLNP(R)': {'pre': 1, 'downstream': 2, 'mito': 2, 'dark': 2}, 'PLP(R)': {'pre': 1, 'downstream': 2, 'mito': 2, 'dark': 2}, 'AL(R)': {'post': 165, 'upstream': 165, 'mito': 44, 'dark': 44}, 'AL-VC5(R)': {'post': 156, 'upstream': 156, 'mito': 33, 'dark': 33}, 'AL-VP1d(R)': {'post': 6, 'upstream': 6, 'mito': 2, 'dark': 2}, 'AL-VA5(R)': {'post': 1, 'upstream': 1}, 'AL-VA4(R)': {'post': 1, 'upstream': 1, 'mito': 4, 'dark': 4}, 'AL-V(R)': {'post': 1, 'upstream': 1}}",VC5+ lvPN1 (Marin et al. Curr Biol 2020),"['AL(R)', 'AL-V(R)', 'AL-VA4(R)', 'AL-VA5(R)', 'AL-VC5(R)', 'AL-VP1d(R)', 'INP', 'LH(R)', 'MB(+ACA)(R)', 'SCL(R)', 'SLP(R)', 'SNP(R)', 'dACA(R)', 'mALT(R)']","['CA(R)', 'INP', 'LH(R)', 'MB(+ACA)(R)', 'MB(R)', 'PLP(R)', 'SCL(R)', 'SLP(R)', 'SNP(R)', 'VLNP(R)', 'mALT(R)']"
1850024931,VM4_lvPN_R,VM4_lvPN,352,779,2791,779,172,768968752,Traced,False,Roughly traced,AVM06,391.5,"[15709, 28795, 31640]","{'SNP(R)': {'pre': 6, 'post': 15, 'downstream': 19, 'upstream': 15, 'mito': 18, 'dark': 18}, 'SLP(R)': {'pre': 6, 'post': 11, 'downstream': 19, 'upstream': 11, 'mito': 15, 'dark': 15}, 'dACA(R)': {'post': 1, 'upstream': 1, 'mito': 2, 'dark': 2}, 'MB(+ACA)(R)': {'post': 1, 'upstream': 1, 'mito': 2, 'dark': 2}, 'SMP(R)': {'post': 4, 'upstream': 4, 'mito': 3, 'dark': 3}, 'LH(R)': {'pre': 273, 'post': 107, 'downstream': 2428, 'upstream': 107, 'mito': 41, 'dark': 41}, 'mALT(R)': {'post': 3, 'upstream': 3, 'mito': 25, 'dark': 25}, 'AL(R)': {'pre': 72, 'post': 653, 'downstream': 342, 'upstream': 653, 'mito': 73, 'dark': 72, 'medium': 1}, 'AL-VP2(R)': {'post': 1, 'upstream': 1, 'mito': 1, 'medium': 1}, 'AL-VP1m(R)': {'post': 3, 'upstream': 3, 'mito': 4, 'dark': 4}, 'AL-VP1d(R)': {'post': 2, 'upstream': 2, 'mito': 5, 'dark': 5}, 'AL-VC5(R)': {'pre': 6, 'post': 18, 'downstream': 26, 'upstream': 18, 'mito': 1, 'dark': 1}, 'AL-VC3m(R)': {'post': 3, 'upstream': 3, 'mito': 2, 'dark': 2}, 'AL-VM4(R)': {'pre': 63, 'post': 608, 'downstream': 303, 'upstream': 608, 'mito': 51, 'dark': 51}, 'AL-VC3l(R)': {'pre': 1, 'post': 1, 'downstream': 5, 'upstream': 1}, 'AL-VC2(R)': {'pre': 1, 'post': 3, 'downstream': 6, 'upstream': 3, 'mito': 4, 'dark': 4}, 'AL-VM1(R)': {'post': 5, 'upstream': 5, 'mito': 2, 'dark': 2}, 'AL-V(R)': {'pre': 1, 'post': 9, 'downstream': 2, 'upstream': 9, 'mito': 1, 'dark': 1}}",,"['AL(R)', 'AL-V(R)', 'AL-VC2(R)', 'AL-VC3l(R)', 'AL-VC3m(R)', 'AL-VC5(R)', 'AL-VM1(R)', 'AL-VM4(R)', 'AL-VP1d(R)', 'AL-VP1m(R)', 'AL-VP2(R)', 'LH(R)', 'MB(+ACA)(R)', 'SLP(R)', 'SMP(R)', 'SNP(R)', 'dACA(R)', 'mALT(R)']","['AL(R)', 'AL-V(R)', 'AL-VC2(R)', 'AL-VC3l(R)', 'AL-VC5(R)', 'AL-VM4(R)', 'LH(R)', 'SLP(R)', 'SNP(R)']"
1850706912,VC2_lPN_R,VC2_lPN,2028,3864,15813,3864,593,3236982688,Traced,False,Roughly traced,AVM02,536.5,"[12571, 33664, 27488]","{'LH(R)': {'pre': 867, 'post': 475, 'downstream': 7110, 'upstream': 475, 'mito': 153, 'dark': 121, 'light': 3, 'medium': 29}, 'MB(R)': {'pre': 447, 'post': 176, 'downstream': 4359, 'upstream': 176, 'mito': 31, 'dark': 29, 'light': 1, 'medium': 1}, 'CA(R)': {'pre': 447, 'post': 176, 'downstream': 4359, 'upstream': 176, 'mito': 31, 'dark': 29, 'light': 1, 'medium': 1}, 'MB(+ACA)(R)': {'pre': 447, 'post': 176, 'downstream': 4359, 'upstream': 176, 'mito': 31, 'dark': 29, 'light': 1, 'medium': 1}, 'mALT(R)': {'pre': 6, 'post': 11, 'downstream': 21, 'upstream': 11, 'mito': 70, 'dark': 69, 'medium': 1}, 'SNP(R)': {'pre': 13, 'post': 11, 'downstream': 121, 'upstream': 11, 'mito': 6, 'dark': 6}, 'SLP(R)': {'pre': 13, 'post': 11, 'downstream': 121, 'upstream': 11, 'mito': 6, 'dark': 6}, 'INP': {'post': 1, 'upstream': 1, 'mito': 1, 'dark': 1}, 'SCL(R)': {'post': 1, 'upstream': 1, 'mito': 1, 'dark': 1}, 'AL(R)': {'pre': 695, 'post': 3184, 'downstream': 4202, 'upstream': 3184, 'mito': 239, 'dark': 227, 'light': 1, 'medium': 11}, 'AL-VP4(R)': {'pre': 2, 'downstream': 5, 'mito': 3, 'dark': 3}, 'AL-VP1d(R)': {'post': 3, 'upstream': 3, 'mito': 8, 'dark': 8}, 'AL-VC1(R)': {'pre': 110, 'post': 290, 'downstream': 667, 'upstream': 290, 'mito': 21, 'dark': 20, 'medium': 1}, 'AL-VA6(R)': {'post': 1, 'upstream': 1}, 'AL-VC2(R)': {'pre': 550, 'post': 2763, 'downstream': 3330, 'upstream': 2763, 'mito': 202, 'dark': 191, 'light': 1, 'medium': 10}, 'AL-VA7m(R)': {'pre': 2, 'post': 4, 'downstream': 17, 'upstream': 4}, 'AL-VA7l(R)': {'pre': 8, 'post': 20, 'downstream': 54, 'upstream': 20}, 'AL-VA5(R)': {'pre': 13, 'post': 32, 'downstream': 70, 'upstream': 32, 'mito': 1, 'dark': 1}, 'AL-VA3(R)': {'pre': 6, 'post': 17, 'downstream': 37, 'upstream': 17, 'mito': 2, 'dark': 2}, 'AL-VA4(R)': {'pre': 2, 'post': 20, 'downstream': 12, 'upstream': 20, 'mito': 1, 'dark': 1}, 'AL-VL1(R)': {'post': 2, 'upstream': 2}}",,"['AL(R)', 'AL-VA3(R)', 'AL-VA4(R)', 'AL-VA5(R)', 'AL-VA6(R)', 'AL-VA7l(R)', 'AL-VA7m(R)', 'AL-VC1(R)', 'AL-VC2(R)', 'AL-VL1(R)', 'AL-VP1d(R)', 'CA(R)', 'INP', 'LH(R)', 'MB(+ACA)(R)', 'MB(R)', 'SCL(R)', 'SLP(R)', 'SNP(R)', 'mALT(R)']","['AL(R)', 'AL-VA3(R)', 'AL-VA4(R)', 'AL-VA5(R)', 'AL-VA7l(R)', 'AL-VA7m(R)', 'AL-VC1(R)', 'AL-VC2(R)', 'AL-VP4(R)', 'CA(R)', 'LH(R)', 'MB(+ACA)(R)', 'MB(R)', 'SLP(R)', 'SNP(R)', 'mALT(R)']"
1850711304,VM1_lPN_R,VM1_lPN,1475,2235,11529,2235,546,2819802980,Traced,False,Roughly traced,AVM02,441.5,"[14119, 34887, 29848]","{'MB(R)': {'pre': 252, 'post': 106, 'downstream': 2214, 'upstream': 106, 'mito': 28, 'dark': 27, 'medium': 1}, 'CA(R)': {'pre': 252, 'post': 106, 'downstream': 2214, 'upstream': 106, 'mito': 28, 'dark': 27, 'medium': 1}, 'MB(+ACA)(R)': {'pre': 252, 'post': 106, 'downstream': 2214, 'upstream': 106, 'mito': 28, 'dark': 27, 'medium': 1}, 'mALT(R)': {'pre': 96, 'post': 46, 'downstream': 763, 'upstream': 46, 'mito': 117, 'dark': 116, 'medium': 1}, 'SNP(R)': {'post': 2, 'upstream': 2, 'mito': 4, 'dark': 4}, 'SLP(R)': {'post': 2, 'upstream': 2, 'mito': 4, 'dark': 4}, 'LH(R)': {'pre': 683, 'post': 285, 'downstream': 6221, 'upstream': 285, 'mito': 104, 'dark': 70, 'light': 4, 'medium': 30}, 'AL(R)': {'pre': 444, 'post': 1795, 'downstream': 2331, 'upstream': 1795, 'mito': 208, 'dark': 201, 'medium': 7}, 'AL-VP1d(R)': {'pre': 2, 'post': 11, 'downstream': 7, 'upstream': 11, 'mito': 10, 'dark': 10}, 'AL-VP1m(R)': {'post': 6, 'upstream': 6, 'mito': 6, 'dark': 6}, 'AL-VC5(R)': {'pre': 247, 'post': 603, 'downstream': 1254, 'upstream': 603, 'mito': 101, 'dark': 99, 'medium': 2}, 'AL-VC3m(R)': {'post': 11, 'upstream': 11, 'mito': 2, 'dark': 2}, 'AL-VM1(R)': {'pre': 195, 'post': 1162, 'downstream': 1070, 'upstream': 1162, 'mito': 89, 'dark': 84, 'medium': 5}, 'AL-VM4(R)': {'post': 2, 'upstream': 2}}",,"['AL(R)', 'AL-VC3m(R)', 'AL-VC5(R)', 'AL-VM1(R)', 'AL-VM4(R)', 'AL-VP1d(R)', 'AL-VP1m(R)', 'CA(R)', 'LH(R)', 'MB(+ACA)(R)', 'MB(R)', 'SLP(R)', 'SNP(R)', 'mALT(R)']","['AL(R)', 'AL-VC5(R)', 'AL-VM1(R)', 'AL-VP1d(R)', 'CA(R)', 'LH(R)', 'MB(+ACA)(R)', 'MB(R)', 'mALT(R)']"
1851061177,VA1d_adPN_R,VA1d_adPN,1217,3057,9957,3057,523,1991739271,Traced,False,Roughly traced,AVM01,416.5,"[19126, 35524, 22944]","{'MB(R)': {'pre': 189, 'post': 39, 'downstream': 1852, 'upstream': 39, 'mito': 12, 'dark': 11, 'medium': 1}, 'CA(R)': {'pre': 189, 'post': 39, 'downstream': 1852, 'upstream': 39, 'mito': 12, 'dark': 11, 'medium': 1}, 'MB(+ACA)(R)': {'pre': 189, 'post': 39, 'downstream': 1852, 'upstream': 39, 'mito': 12, 'dark': 11, 'medium': 1}, 'mALT(R)': {'pre': 13, 'post': 9, 'downstream': 56, 'upstream': 9, 'mito': 58, 'dark': 58}, 'INP': {'post': 2, 'upstream': 2, 'mito': 3, 'dark': 3}, 'SCL(R)': {'post': 2, 'upstream': 2, 'mito': 3, 'dark': 3}, 'LH(R)': {'pre': 524, 'post': 128, 'downstream': 5141, 'upstream': 128, 'mito': 92, 'dark': 80, 'light': 2, 'medium': 10}, 'AL(R)': {'pre': 491, 'post': 2877, 'downstream': 2908, 'upstream': 2877, 'mito': 313, 'dark': 303, 'light': 2, 'medium': 8}, 'AL-DC2(R)': {'post': 3, 'upstream': 3, 'mito': 5, 'dark': 5}, 'AL-DC1(R)': {'post': 1, 'upstream': 1, 'mito': 3, 'dark': 3}, 'AL-VA1d(R)': {'pre': 426, 'post': 2633, 'downstream': 2550, 'upstream': 2633, 'mito': 243, 'dark': 236, 'light': 2, 'medium': 5}, 'AL-DC3(R)': {'pre': 7, 'post': 31, 'downstream': 33, 'upstream': 31, 'mito': 14, 'dark': 14}, 'AL-VP1d(R)': {'pre': 1, 'post': 4, 'downstream': 1, 'upstream': 4, 'mito': 5, 'dark': 5}, 'AL-DC4(R)': {'post': 1, 'upstream': 1}, 'AL-VA1v(R)': {'pre': 48, 'post': 183, 'downstream': 271, 'upstream': 183, 'mito': 33, 'dark': 31, 'medium': 2}}",,"['AL(R)', 'AL-DC1(R)', 'AL-DC2(R)', 'AL-DC3(R)', 'AL-DC4(R)', 'AL-VA1d(R)', 'AL-VA1v(R)', 'AL-VP1d(R)', 'CA(R)', 'INP', 'LH(R)', 'MB(+ACA)(R)', 'MB(R)', 'SCL(R)', 'mALT(R)']","['AL(R)', 'AL-DC3(R)', 'AL-VA1d(R)', 'AL-VA1v(R)', 'AL-VP1d(R)', 'CA(R)', 'LH(R)', 'MB(+ACA)(R)', 'MB(R)', 'mALT(R)']"
1851389175,VM3_adPN_R,VM3_adPN,1057,1195,8433,1195,387,1827494555,Traced,False,Roughly traced,AVM01,491.5,"[22719, 36000, 24416]","{'LH(R)': {'pre': 631, 'post': 382, 'downstream': 4956, 'upstream': 382, 'mito': 105, 'dark': 79, 'medium': 26}, 'mALT(R)': {'pre': 8, 'post': 15, 'downstream': 20, 'upstream': 15, 'mito': 78, 'dark': 75, 'light': 1, 'medium': 2}, 'MB(R)': {'pre': 267, 'post': 120, 'downstream': 2682, 'upstream': 120, 'mito': 39, 'dark': 37, 'light': 1, 'medium': 1}, 'CA(R)': {'pre': 267, 'post': 120, 'downstream': 2682, 'upstream': 120, 'mito': 39, 'dark': 37, 'light': 1, 'medium': 1}, 'MB(+ACA)(R)': {'pre': 267, 'post': 120, 'downstream': 2682, 'upstream': 120, 'mito': 39, 'dark': 37, 'light': 1, 'medium': 1}, 'AL(R)': {'pre': 150, 'post': 678, 'downstream': 772, 'upstream': 678, 'mito': 95, 'dark': 92, 'medium': 3}, 'AL-DC2(R)': {'post': 1, 'upstream': 1, 'mito': 5, 'dark': 5}, 'AL-VM7v(R)': {'post': 1, 'upstream': 1, 'mito': 1, 'dark': 1}, 'AL-VC3l(R)': {'pre': 35, 'post': 86, 'downstream': 166, 'upstream': 86, 'mito': 30, 'dark': 29, 'medium': 1}, 'AL-VC4(R)': {'pre': 20, 'post': 30, 'downstream': 106, 'upstream': 30, 'mito': 7, 'dark': 7}, 'AL-VM3(R)': {'pre': 63, 'post': 301, 'downstream': 336, 'upstream': 301, 'mito': 27, 'dark': 26, 'medium': 1}, 'AL-VC3m(R)': {'post': 26, 'upstream': 26, 'mito': 1, 'dark': 1}, 'AL-VM4(R)': {'pre': 26, 'post': 210, 'downstream': 133, 'upstream': 210, 'mito': 18, 'dark': 17, 'medium': 1}, 'AL-VC2(R)': {'pre': 5, 'post': 13, 'downstream': 28, 'upstream': 13, 'mito': 2, 'dark': 2}, 'AL-VA4(R)': {'pre': 1, 'post': 8, 'downstream': 3, 'upstream': 8, 'mito': 2, 'dark': 2}}",,"['AL(R)', 'AL-DC2(R)', 'AL-VA4(R)', 'AL-VC2(R)', 'AL-VC3l(R)', 'AL-VC3m(R)', 'AL-VC4(R)', 'AL-VM3(R)', 'AL-VM4(R)', 'AL-VM7v(R)', 'CA(R)', 'LH(R)', 'MB(+ACA)(R)', 'MB(R)', 'mALT(R)']","['AL(R)', 'AL-VA4(R)', 'AL-VC2(R)', 'AL-VC3l(R)', 'AL-VC4(R)', 'AL-VM3(R)', 'AL-VM4(R)', 'CA(R)', 'LH(R)', 'MB(+ACA)(R)', 'MB(R)', 'mALT(R)']"
1851393805,VM7d_adPN_R,VM7d_adPN,1218,2366,9134,2366,383,1944316327,Traced,False,Roughly traced,AVM01,541.5,"[23497, 34450, 23616]","{'LH(R)': {'pre': 609, 'post': 227, 'downstream': 5325, 'upstream': 227, 'mito': 87, 'dark': 74, 'light': 1, 'medium': 12}, 'MB(R)': {'pre': 148, 'post': 47, 'downstream': 1374, 'upstream': 47, 'mito': 18, 'dark': 15, 'light': 1, 'medium': 2}, 'CA(R)': {'pre': 148, 'post': 47, 'downstream': 1374, 'upstream': 47, 'mito': 18, 'dark': 15, 'light': 1, 'medium': 2}, 'MB(+ACA)(R)': {'pre': 148, 'post': 47, 'downstream': 1374, 'upstream': 47, 'mito': 18, 'dark': 15, 'light': 1, 'medium': 2}, 'mALT(R)': {'pre': 39, 'post': 32, 'downstream': 257, 'upstream': 32, 'mito': 71, 'dark': 70, 'medium': 1}, 'SNP(R)': {'pre': 2, 'downstream': 9}, 'SLP(R)': {'pre': 2, 'downstream': 9}, 'AL(R)': {'pre': 419, 'post': 2056, 'downstream': 2166, 'upstream': 2056, 'mito': 157, 'dark': 149, 'medium': 8}, 'AL-DC4(R)': {'pre': 3, 'post': 17, 'downstream': 15, 'upstream': 17, 'mito': 3, 'dark': 3}, 'AL-DC2(R)': {'post': 1, 'upstream': 1, 'mito': 2, 'dark': 2}, 'AL-DM4(R)': {'post': 21, 'upstream': 21}, 'AL-VM7d(R)': {'pre': 330, 'post': 1655, 'downstream': 1743, 'upstream': 1655, 'mito': 118, 'dark': 111, 'medium': 7}, 'AL-VM7v(R)': {'pre': 40, 'post': 189, 'downstream': 195, 'upstream': 189, 'mito': 14, 'dark': 14}, 'AL-VM5d(R)': {'post': 2, 'upstream': 2}, 'AL-VC3l(R)': {'pre': 45, 'post': 163, 'downstream': 208, 'upstream': 163, 'mito': 11, 'dark': 11}}",,"['AL(R)', 'AL-DC2(R)', 'AL-DC4(R)', 'AL-DM4(R)', 'AL-VC3l(R)', 'AL-VM5d(R)', 'AL-VM7d(R)', 'AL-VM7v(R)', 'CA(R)', 'LH(R)', 'MB(+ACA)(R)', 'MB(R)', 'mALT(R)']","['AL(R)', 'AL-DC4(R)', 'AL-VC3l(R)', 'AL-VM7d(R)', 'AL-VM7v(R)', 'CA(R)', 'LH(R)', 'MB(+ACA)(R)', 'MB(R)', 'SLP(R)', 'SNP(R)', 'mALT(R)']"
1856820042,M_lvPNm47_R,M_lvPNm47,163,390,989,390,100,428011826,Traced,False,Roughly traced,AVM06,317.0,"[14796, 28790, 32224]","{'SNP(R)': {'pre': 7, 'post': 1, 'downstream': 39, 'upstream': 1, 'mito': 2, 'dark': 2}, 'SMP(R)': {'pre': 7, 'post': 1, 'downstream': 39, 'upstream': 1, 'mito': 2, 'dark': 2}, 'INP': {'pre': 20, 'post': 50, 'downstream': 136, 'upstream': 50, 'mito': 12, 'dark': 11, 'light': 1}, 'SCL(R)': {'pre': 20, 'post': 50, 'downstream': 136, 'upstream': 50, 'mito': 12, 'dark': 11, 'light': 1}, 'VLNP(R)': {'pre': 84, 'post': 195, 'downstream': 584, 'upstream': 195, 'mito': 36, 'dark': 36}, 'PLP(R)': {'pre': 84, 'post': 195, 'downstream': 584, 'upstream': 195, 'mito': 36, 'dark': 36}, 'mALT(R)': {'post': 5, 'upstream': 5, 'mito': 15, 'dark': 15}, 'AL(R)': {'pre': 51, 'post': 137, 'downstream': 228, 'upstream': 137, 'mito': 30, 'dark': 30}, 'AL-D(R)': {'pre': 1, 'post': 13, 'downstream': 5, 'upstream': 13, 'mito': 1, 'dark': 1}, 'AL-DA3(R)': {'post': 1, 'upstream': 1}, 'AL-DL1(R)': {'pre': 1, 'downstream': 3, 'mito': 1, 'dark': 1}, 'AL-DC1(R)': {'post': 2, 'upstream': 2}, 'AL-DC4(R)': {'pre': 4, 'post': 7, 'downstream': 16, 'upstream': 7}, 'AL-VA6(R)': {'pre': 3, 'post': 18, 'downstream': 18, 'upstream': 18, 'mito': 1, 'dark': 1}, 'AL-VP1d(R)': {'pre': 1, 'post': 13, 'downstream': 4, 'upstream': 13, 'mito': 2, 'dark': 2}, 'AL-DC2(R)': {'post': 4, 'upstream': 4, 'mito': 2, 'dark': 2}, 'AL-VP4(R)': {'pre': 1, 'post': 6, 'downstream': 6, 'upstream': 6, 'mito': 1, 'dark': 1}, 'AL-VM7v(R)': {'post': 1, 'upstream': 1}, 'AL-VC1(R)': {'pre': 5, 'post': 7, 'downstream': 21, 'upstream': 7, 'mito': 1, 'dark': 1}, 'VMNP': {'post': 2, 'upstream': 2}, 'VES(R)': {'post': 2, 'upstream': 2}, 'AL-VP2(R)': {'pre': 1, 'post': 7, 'downstream': 3, 'upstream': 7, 'mito': 1, 'dark': 1}, 'AL-VP1l(R)': {'post': 1, 'upstream': 1}, 'AL-VP1m(R)': {'pre': 3, 'post': 4, 'downstream': 8, 'upstream': 4, 'mito': 1, 'dark': 1}, 'AL-VC5(R)': {'post': 1, 'upstream': 1}, 'AL-VA7l(R)': {'post': 1, 'upstream': 1}, 'AL-VA1v(R)': {'pre': 4, 'post': 1, 'downstream': 9, 'upstream': 1, 'mito': 1, 'dark': 1}, 'AL-VA5(R)': {'post': 5, 'upstream': 5}, 'AL-VP5(R)': {'pre': 11, 'post': 14, 'downstream': 52, 'upstream': 14, 'mito': 8, 'dark': 8}, 'AL-VL1(R)': {'pre': 4, 'post': 6, 'downstream': 19, 'upstream': 6, 'mito': 4, 'dark': 4}, 'AL-VP3(R)': {'pre': 4, 'post': 3, 'downstream': 19, 'upstream': 3, 'mito': 1, 'dark': 1}, 'AL-V(R)': {'pre': 1, 'post': 3, 'downstream': 7, 'upstream': 3, 'mito': 1, 'dark': 1}}",,"['AL(R)', 'AL-D(R)', 'AL-DA3(R)', 'AL-DC1(R)', 'AL-DC2(R)', 'AL-DC4(R)', 'AL-V(R)', 'AL-VA1v(R)', 'AL-VA5(R)', 'AL-VA6(R)', 'AL-VA7l(R)', 'AL-VC1(R)', 'AL-VC5(R)', 'AL-VL1(R)', 'AL-VM7v(R)', 'AL-VP1d(R)', 'AL-VP1l(R)', 'AL-VP1m(R)', 'AL-VP2(R)', 'AL-VP3(R)', 'AL-VP4(R)', 'AL-VP5(R)', 'INP', 'PLP(R)', 'SCL(R)', 'SMP(R)', 'SNP(R)', 'VES(R)', 'VLNP(R)', 'VMNP', 'mALT(R)']","['AL(R)', 'AL-D(R)', 'AL-DC4(R)', 'AL-DL1(R)', 'AL-V(R)', 'AL-VA1v(R)', 'AL-VA6(R)', 'AL-VC1(R)', 'AL-VL1(R)', 'AL-VP1d(R)', 'AL-VP1m(R)', 'AL-VP2(R)', 'AL-VP3(R)', 'AL-VP4(R)', 'AL-VP5(R)', 'INP', 'PLP(R)', 'SCL(R)', 'SMP(R)', 'SNP(R)', 'VLNP(R)']"
1856833015,M_lPNm12_R,M_lPNm12,273,523,2154,523,166,564905219,Traced,False,Roughly traced,AVM02,376.5,"[13723, 35876, 27232]","{'SNP(R)': {'pre': 136, 'post': 87, 'downstream': 1268, 'upstream': 87, 'mito': 45, 'dark': 45}, 'SMP(R)': {'pre': 92, 'post': 65, 'downstream': 852, 'upstream': 65, 'mito': 30, 'dark': 30}, 'SIP(R)': {'pre': 18, 'post': 10, 'downstream': 185, 'upstream': 10, 'mito': 6, 'dark': 6}, 'SLP(R)': {'pre': 26, 'post': 12, 'downstream': 231, 'upstream': 12, 'mito': 9, 'dark': 9}, 'dACA(R)': {'pre': 4, 'post': 2, 'downstream': 53, 'upstream': 2, 'mito': 1, 'dark': 1}, 'MB(+ACA)(R)': {'pre': 4, 'post': 2, 'downstream': 53, 'upstream': 2, 'mito': 1, 'dark': 1}, 'INP': {'pre': 43, 'post': 35, 'downstream': 385, 'upstream': 35, 'mito': 16, 'dark': 16}, 'ATL(R)': {'pre': 8, 'post': 10, 'downstream': 49, 'upstream': 10, 'mito': 3, 'dark': 3}, 'SCL(R)': {'pre': 30, 'post': 22, 'downstream': 305, 'upstream': 22, 'mito': 11, 'dark': 11}, 'mALT(R)': {'pre': 3, 'post': 25, 'downstream': 21, 'upstream': 25, 'mito': 16, 'dark': 16}, 'ATL(L)': {'pre': 5, 'post': 3, 'downstream': 31, 'upstream': 3, 'mito': 2, 'dark': 2}, 'VLNP(R)': {'pre': 19, 'post': 10, 'downstream': 170, 'upstream': 10, 'mito': 7, 'dark': 7}, 'PLP(R)': {'pre': 19, 'post': 10, 'downstream': 170, 'upstream': 10, 'mito': 7, 'dark': 7}, 'AL(R)': {'pre': 68, 'post': 361, 'downstream': 287, 'upstream': 361, 'mito': 70, 'dark': 70}, 'AL-D(R)': {'pre': 1, 'post': 17, 'downstream': 5, 'upstream': 17, 'mito': 3, 'dark': 3}, 'AL-DC1(R)': {'pre': 10, 'post': 43, 'downstream': 41, 'upstream': 43, 'mito': 5, 'dark': 5}, 'AL-DL5(R)': {'pre': 1, 'post': 3, 'downstream': 5, 'upstream': 3, 'mito': 2, 'dark': 2}, 'AL-DC4(R)': {'pre': 4, 'post': 16, 'downstream': 21, 'upstream': 16, 'mito': 1, 'dark': 1}, 'AL-DC3(R)': {'pre': 5, 'post': 14, 'downstream': 23, 'upstream': 14, 'mito': 4, 'dark': 4}, 'AL-DA2(R)': {'post': 2, 'upstream': 2}, 'AL-VP1d(R)': {'pre': 7, 'post': 28, 'downstream': 25, 'upstream': 28, 'mito': 10, 'dark': 10}, 'AL-VA6(R)': {'pre': 3, 'post': 13, 'downstream': 11, 'upstream': 13, 'mito': 2, 'dark': 2}, 'AL-DC2(R)': {'post': 8, 'upstream': 8, 'mito': 1, 'dark': 1}, 'AL-VP4(R)': {'pre': 3, 'post': 3, 'downstream': 10, 'upstream': 3, 'mito': 1, 'dark': 1}, 'AL-VC1(R)': {'pre': 4, 'post': 6, 'downstream': 22, 'upstream': 6}, 'AL-VP1m(R)': {'post': 2, 'upstream': 2}, 'AL-VA1v(R)': {'pre': 2, 'post': 3, 'downstream': 14, 'upstream': 3, 'mito': 1, 'dark': 1}, 'AL-VL2a(R)': {'pre': 4, 'post': 9, 'downstream': 18, 'upstream': 9, 'mito': 3, 'dark': 3}, 'AL-VC2(R)': {'pre': 1, 'post': 6, 'downstream': 4, 'upstream': 6, 'mito': 2, 'dark': 2}, 'AL-VA7l(R)': {'pre': 1, 'post': 1, 'downstream': 4, 'upstream': 1}, 'AL-VL2p(R)': {'post': 14, 'upstream': 14, 'mito': 2, 'dark': 2}, 'AL-VL1(R)': {'pre': 5, 'post': 109, 'downstream': 24, 'upstream': 109, 'mito': 17, 'dark': 17}, 'AL-V(R)': {'pre': 2, 'post': 7, 'downstream': 8, 'upstream': 7, 'mito': 1, 'dark': 1}}",,"['AL(R)', 'AL-D(R)', 'AL-DA2(R)', 'AL-DC1(R)', 'AL-DC2(R)', 'AL-DC3(R)', 'AL-DC4(R)', 'AL-DL5(R)', 'AL-V(R)', 'AL-VA1v(R)', 'AL-VA6(R)', 'AL-VA7l(R)', 'AL-VC1(R)', 'AL-VC2(R)', 'AL-VL1(R)', 'AL-VL2a(R)', 'AL-VL2p(R)', 'AL-VP1d(R)', 'AL-VP1m(R)', 'AL-VP4(R)', 'ATL(L)', 'ATL(R)', 'INP', 'MB(+ACA)(R)', 'PLP(R)', 'SCL(R)', 'SIP(R)', 'SLP(R)', 'SMP(R)', 'SNP(R)', 'VLNP(R)', 'dACA(R)', 'mALT(R)']","['AL(R)', 'AL-D(R)', 'AL-DC1(R)', 'AL-DC3(R)', 'AL-DC4(R)', 'AL-DL5(R)', 'AL-V(R)', 'AL-VA1v(R)', 'AL-VA6(R)', 'AL-VA7l(R)', 'AL-VC1(R)', 'AL-VC2(R)', 'AL-VL1(R)', 'AL-VL2a(R)', 'AL-VP1d(R)', 'AL-VP4(R)', 'ATL(L)', 'ATL(R)', 'INP', 'MB(+ACA)(R)', 'PLP(R)', 'SCL(R)', 'SIP(R)', 'SLP(R)', 'SMP(R)', 'SNP(R)', 'VLNP(R)', 'dACA(R)', 'mALT(R)']"
1857143769,M_vPNml63_R,M_vPNml63,318,2085,2931,2085,235,1004679993,Traced,False,Roughly traced,AVM04,451.5,"[20207, 34088, 34304]","{'LH(R)': {'pre': 166, 'post': 52, 'downstream': 1844, 'upstream': 52, 'mito': 43, 'dark': 43}, 'VLNP(R)': {'pre': 29, 'post': 20, 'downstream': 300, 'upstream': 20, 'mito': 6, 'dark': 6}, 'PLP(R)': {'pre': 29, 'post': 20, 'downstream': 300, 'upstream': 20, 'mito': 5, 'dark': 5}, 'AL(R)': {'pre': 123, 'post': 2013, 'downstream': 787, 'upstream': 2013, 'mito': 141, 'dark': 134, 'light': 2, 'medium': 5}, 'AL-DC1(R)': {'pre': 2, 'post': 1, 'downstream': 11, 'upstream': 1, 'mito': 1, 'dark': 1}, 'AL-DA1(R)': {'post': 3, 'upstream': 3}, 'AL-DC3(R)': {'pre': 31, 'post': 123, 'downstream': 212, 'upstream': 123, 'mito': 20, 'dark': 19, 'medium': 1}, 'AL-DL1(R)': {'post': 1, 'upstream': 1}, 'AL-DL2v(R)': {'pre': 4, 'post': 3, 'downstream': 32, 'upstream': 3, 'mito': 1, 'dark': 1}, 'AL-VP1d(R)': {'pre': 1, 'post': 1, 'downstream': 4, 'upstream': 1}, 'AL-VA1d(R)': {'pre': 10, 'post': 1533, 'downstream': 56, 'upstream': 1533, 'mito': 63, 'dark': 63}, 'AL-VA6(R)': {'pre': 4, 'post': 5, 'downstream': 26, 'upstream': 5, 'mito': 3, 'dark': 3}, 'AL-VA1v(R)': {'pre': 17, 'post': 182, 'downstream': 104, 'upstream': 182, 'mito': 23, 'dark': 22, 'medium': 1}, 'AL-VL2a(R)': {'pre': 21, 'post': 50, 'downstream': 135, 'upstream': 50, 'mito': 15, 'dark': 15}, 'AL-VA5(R)': {'pre': 2, 'post': 5, 'downstream': 11, 'upstream': 5, 'mito': 1, 'light': 1}, 'AL-VL1(R)': {'pre': 12, 'post': 56, 'downstream': 73, 'upstream': 56, 'mito': 4, 'dark': 3, 'medium': 1}, 'AL-VC2(R)': {'post': 5, 'upstream': 5}, 'AL-VC5(R)': {'post': 4, 'upstream': 4}, 'AL-VP5(R)': {'post': 2, 'upstream': 2}}",,"['AL(R)', 'AL-DA1(R)', 'AL-DC1(R)', 'AL-DC3(R)', 'AL-DL1(R)', 'AL-DL2v(R)', 'AL-VA1d(R)', 'AL-VA1v(R)', 'AL-VA5(R)', 'AL-VA6(R)', 'AL-VC2(R)', 'AL-VC5(R)', 'AL-VL1(R)', 'AL-VL2a(R)', 'AL-VP1d(R)', 'AL-VP5(R)', 'LH(R)', 'PLP(R)', 'VLNP(R)']","['AL(R)', 'AL-DC1(R)', 'AL-DC3(R)', 'AL-DL2v(R)', 'AL-VA1d(R)', 'AL-VA1v(R)', 'AL-VA5(R)', 'AL-VA6(R)', 'AL-VL1(R)', 'AL-VL2a(R)', 'AL-VP1d(R)', 'LH(R)', 'PLP(R)', 'VLNP(R)']"
1857148391,M_lPNm11D_R,M_lPNm11D,362,1280,2324,1280,171,548629898,Traced,False,Roughly traced,AVM02,341.5,"[14401, 36098, 22824]","{'MB(R)': {'pre': 12, 'post': 17, 'downstream': 80, 'upstream': 17, 'mito': 3, 'dark': 3}, 'CA(R)': {'pre': 12, 'post': 17, 'downstream': 80, 'upstream': 17, 'mito': 3, 'dark': 3}, 'MB(+ACA)(R)': {'pre': 12, 'post': 17, 'downstream': 80, 'upstream': 17, 'mito': 3, 'dark': 3}, 'mALT(R)': {'pre': 14, 'post': 46, 'downstream': 69, 'upstream': 46, 'mito': 13, 'dark': 13}, 'AL(R)': {'pre': 334, 'post': 1216, 'downstream': 2161, 'upstream': 1216, 'mito': 135, 'dark': 131, 'medium': 4}, 'AL-DL5(R)': {'pre': 1, 'downstream': 3, 'mito': 1, 'dark': 1}, 'AL-D(R)': {'post': 1, 'upstream': 1}, 'AL-DC1(R)': {'pre': 1, 'post': 47, 'downstream': 6, 'upstream': 47, 'mito': 4, 'dark': 4}, 'AL-DC4(R)': {'pre': 11, 'post': 46, 'downstream': 68, 'upstream': 46, 'mito': 7, 'dark': 7}, 'AL-DL1(R)': {'pre': 14, 'post': 33, 'downstream': 82, 'upstream': 33, 'mito': 4, 'dark': 4}, 'AL-DC3(R)': {'pre': 2, 'post': 32, 'downstream': 7, 'upstream': 32, 'mito': 2, 'dark': 2}, 'AL-DM6(R)': {'post': 1, 'upstream': 1}, 'AL-VP1d(R)': {'pre': 217, 'post': 782, 'downstream': 1406, 'upstream': 782, 'mito': 81, 'dark': 78, 'medium': 3}, 'AL-DM2(R)': {'post': 1, 'upstream': 1}, 'AL-DP1m(R)': {'pre': 3, 'post': 8, 'downstream': 23, 'upstream': 8}, 'AL-DL2v(R)': {'post': 1, 'upstream': 1}, 'AL-DC2(R)': {'pre': 2, 'post': 15, 'downstream': 11, 'upstream': 15, 'mito': 1, 'dark': 1}, 'AL-VP4(R)': {'pre': 11, 'post': 14, 'downstream': 84, 'upstream': 14, 'mito': 3, 'dark': 3}, 'AL-DM4(R)': {'pre': 3, 'post': 5, 'downstream': 23, 'upstream': 5}, 'AL-VM7v(R)': {'pre': 6, 'post': 14, 'downstream': 38, 'upstream': 14, 'mito': 4, 'dark': 4}, 'AL-VM7d(R)': {'post': 2, 'upstream': 2}, 'AL-VM5d(R)': {'post': 2, 'upstream': 2}, 'AL-VC3l(R)': {'pre': 4, 'post': 4, 'downstream': 27, 'upstream': 4, 'mito': 1, 'dark': 1}, 'AL-VA6(R)': {'pre': 4, 'post': 18, 'downstream': 25, 'upstream': 18, 'mito': 3, 'dark': 3}, 'AL-VC5(R)': {'pre': 14, 'post': 19, 'downstream': 96, 'upstream': 19, 'mito': 4, 'dark': 4}, 'AL-VC1(R)': {'pre': 5, 'post': 49, 'downstream': 31, 'upstream': 49, 'mito': 6, 'dark': 6}, 'AL-VP1m(R)': {'pre': 8, 'post': 31, 'downstream': 54, 'upstream': 31, 'mito': 2, 'dark': 2}, 'AL-VM5v(R)': {'post': 7, 'upstream': 7}, 'AL-VC2(R)': {'pre': 1, 'post': 13, 'downstream': 4, 'upstream': 13, 'mito': 1, 'dark': 1}, 'AL-VA7m(R)': {'pre': 3, 'post': 12, 'downstream': 9, 'upstream': 12}, 'AL-VC4(R)': {'pre': 1, 'post': 5, 'downstream': 3, 'upstream': 5, 'mito': 2, 'dark': 1, 'medium': 1}}",AL-mPN4 (Tanaka et al. JCN 2012) no projection down to PLP; VP1d++ lPN1 (Marin et al. Curr Biol 2020),"['AL(R)', 'AL-D(R)', 'AL-DC1(R)', 'AL-DC2(R)', 'AL-DC3(R)', 'AL-DC4(R)', 'AL-DL1(R)', 'AL-DL2v(R)', 'AL-DM2(R)', 'AL-DM4(R)', 'AL-DM6(R)', 'AL-DP1m(R)', 'AL-VA6(R)', 'AL-VA7m(R)', 'AL-VC1(R)', 'AL-VC2(R)', 'AL-VC3l(R)', 'AL-VC4(R)', 'AL-VC5(R)', 'AL-VM5d(R)', 'AL-VM5v(R)', 'AL-VM7d(R)', 'AL-VM7v(R)', 'AL-VP1d(R)', 'AL-VP1m(R)', 'AL-VP4(R)', 'CA(R)', 'MB(+ACA)(R)', 'MB(R)', 'mALT(R)']","['AL(R)', 'AL-DC1(R)', 'AL-DC2(R)', 'AL-DC3(R)', 'AL-DC4(R)', 'AL-DL1(R)', 'AL-DL5(R)', 'AL-DM4(R)', 'AL-DP1m(R)', 'AL-VA6(R)', 'AL-VA7m(R)', 'AL-VC1(R)', 'AL-VC2(R)', 'AL-VC3l(R)', 'AL-VC4(R)', 'AL-VC5(R)', 'AL-VM7v(R)', 'AL-VP1d(R)', 'AL-VP1m(R)', 'AL-VP4(R)', 'CA(R)', 'MB(+ACA)(R)', 'MB(R)', 'mALT(R)']"
1857825571,DC3_adPN_R,DC3_adPN,800,2108,6849,2108,355,1322074414,Traced,False,Roughly traced,AVM01,441.5,"[19724, 35908, 22832]","{'MB(R)': {'pre': 219, 'post': 66, 'downstream': 2393, 'upstream': 66, 'mito': 14, 'dark': 10, 'light': 2, 'medium': 2}, 'CA(R)': {'pre': 219, 'post': 66, 'downstream': 2393, 'upstream': 66, 'mito': 14, 'dark': 10, 'light': 2, 'medium': 2}, 'MB(+ACA)(R)': {'pre': 219, 'post': 66, 'downstream': 2393, 'upstream': 66, 'mito': 14, 'dark': 10, 'light': 2, 'medium': 2}, 'mALT(R)': {'pre': 4, 'post': 7, 'downstream': 10, 'upstream': 7, 'mito': 64, 'dark': 61, 'light': 2, 'medium': 1}, 'INP': {'pre': 16, 'post': 2, 'downstream': 155, 'upstream': 2, 'mito': 4, 'dark': 4}, 'SCL(R)': {'pre': 16, 'post': 2, 'downstream': 155, 'upstream': 2, 'mito': 4, 'dark': 4}, 'LH(R)': {'pre': 287, 'post': 56, 'downstream': 2776, 'upstream': 56, 'mito': 58, 'dark': 35, 'light': 9, 'medium': 14}, 'AL(R)': {'pre': 274, 'post': 1977, 'downstream': 1515, 'upstream': 1977, 'mito': 181, 'dark': 167, 'light': 7, 'medium': 7}, 'AL-DA1(R)': {'post': 11, 'upstream': 11}, 'AL-DC3(R)': {'pre': 248, 'post': 1847, 'downstream': 1372, 'upstream': 1847, 'mito': 142, 'dark': 132, 'light': 5, 'medium': 5}, 'AL-DC4(R)': {'post': 7, 'upstream': 7, 'mito': 2, 'dark': 2}, 'AL-DC1(R)': {'post': 2, 'upstream': 2, 'mito': 1, 'dark': 1}, 'AL-DC2(R)': {'post': 3, 'upstream': 3, 'mito': 6, 'dark': 6}, 'AL-VA1d(R)': {'pre': 15, 'post': 49, 'downstream': 79, 'upstream': 49, 'mito': 10, 'dark': 9, 'medium': 1}, 'AL-VA6(R)': {'pre': 2, 'post': 9, 'downstream': 12, 'upstream': 9, 'mito': 2, 'dark': 2}, 'AL-VP1d(R)': {'pre': 1, 'post': 3, 'downstream': 5, 'upstream': 3, 'mito': 5, 'dark': 5}, 'AL-VA1v(R)': {'pre': 1, 'post': 10, 'downstream': 7, 'upstream': 10, 'mito': 1, 'dark': 1}, 'AL-VL1(R)': {'post': 3, 'upstream': 3}}",,"['AL(R)', 'AL-DA1(R)', 'AL-DC1(R)', 'AL-DC2(R)', 'AL-DC3(R)', 'AL-DC4(R)', 'AL-VA1d(R)', 'AL-VA1v(R)', 'AL-VA6(R)', 'AL-VL1(R)', 'AL-VP1d(R)', 'CA(R)', 'INP', 'LH(R)', 'MB(+ACA)(R)', 'MB(R)', 'SCL(R)', 'mALT(R)']","['AL(R)', 'AL-DC3(R)', 'AL-VA1d(R)', 'AL-VA1v(R)', 'AL-VA6(R)', 'AL-VP1d(R)', 'CA(R)', 'INP', 'LH(R)', 'MB(+ACA)(R)', 'MB(R)', 'SCL(R)', 'mALT(R)']"
1858171399,DC3_adPN_R,DC3_adPN,868,2111,7319,2111,338,1380589939,Traced,False,Roughly traced,AVM01,,,"{'MB(R)': {'pre': 226, 'post': 79, 'downstream': 2250, 'upstream': 79, 'mito': 6, 'dark': 6}, 'CA(R)': {'pre': 226, 'post': 79, 'downstream': 2250, 'upstream': 79, 'mito': 6, 'dark': 6}, 'MB(+ACA)(R)': {'pre': 226, 'post': 79, 'downstream': 2250, 'upstream': 79, 'mito': 6, 'dark': 6}, 'mALT(R)': {'pre': 8, 'post': 12, 'downstream': 66, 'upstream': 12, 'mito': 66, 'dark': 65, 'light': 1}, 'INP': {'pre': 6, 'downstream': 61}, 'SCL(R)': {'pre': 6, 'downstream': 61}, 'LH(R)': {'pre': 349, 'post': 99, 'downstream': 3400, 'upstream': 99, 'mito': 50, 'dark': 35, 'light': 6, 'medium': 9}, 'AL(R)': {'pre': 278, 'post': 1921, 'downstream': 1538, 'upstream': 1921, 'mito': 189, 'dark': 173, 'light': 10, 'medium': 6}, 'AL-DC3(R)': {'pre': 246, 'post': 1800, 'downstream': 1361, 'upstream': 1800, 'mito': 158, 'dark': 145, 'light': 9, 'medium': 4}, 'AL-DA1(R)': {'post': 1, 'upstream': 1}, 'AL-VA1d(R)': {'pre': 21, 'post': 64, 'downstream': 122, 'upstream': 64, 'mito': 10, 'dark': 10}, 'AL-DC2(R)': {'post': 2, 'upstream': 2, 'mito': 8, 'dark': 7, 'light': 1}, 'AL-DC4(R)': {'post': 2, 'upstream': 2, 'mito': 1, 'dark': 1}, 'AL-VP1d(R)': {'post': 6, 'upstream': 6, 'mito': 3, 'dark': 3}, 'AL-VA6(R)': {'post': 4, 'upstream': 4}, 'AL-VA1v(R)': {'pre': 4, 'post': 16, 'downstream': 20, 'upstream': 16, 'mito': 1, 'medium': 1}}",,"['AL(R)', 'AL-DA1(R)', 'AL-DC2(R)', 'AL-DC3(R)', 'AL-DC4(R)', 'AL-VA1d(R)', 'AL-VA1v(R)', 'AL-VA6(R)', 'AL-VP1d(R)', 'CA(R)', 'LH(R)', 'MB(+ACA)(R)', 'MB(R)', 'mALT(R)']","['AL(R)', 'AL-DC3(R)', 'AL-VA1d(R)', 'AL-VA1v(R)', 'CA(R)', 'INP', 'LH(R)', 'MB(+ACA)(R)', 'MB(R)', 'SCL(R)', 'mALT(R)']"
1858901026,VP2+_adPN_R,VP2+_adPN,922,1596,6224,1596,419,1214719980,Traced,False,Roughly traced,AVM01,371.5,"[20206, 35840, 23392]","{'SNP(R)': {'pre': 586, 'post': 340, 'downstream': 3998, 'upstream': 340, 'mito': 102, 'dark': 100, 'medium': 2}, 'SLP(R)': {'pre': 482, 'post': 280, 'downstream': 3361, 'upstream': 280, 'mito': 85, 'dark': 84, 'medium': 1}, 'dACA(R)': {'pre': 118, 'post': 82, 'downstream': 817, 'upstream': 82, 'mito': 19, 'dark': 19}, 'MB(+ACA)(R)': {'pre': 147, 'post': 185, 'downstream': 999, 'upstream': 185, 'mito': 29, 'dark': 29}, 'lACA(R)': {'pre': 17, 'post': 61, 'downstream': 116, 'upstream': 61, 'mito': 3, 'dark': 3}, 'SMP(R)': {'pre': 104, 'post': 60, 'downstream': 637, 'upstream': 60, 'mito': 17, 'dark': 16, 'medium': 1}, 'MB(R)': {'pre': 12, 'post': 42, 'downstream': 66, 'upstream': 42, 'mito': 7, 'dark': 7}, 'CA(R)': {'pre': 12, 'post': 42, 'downstream': 66, 'upstream': 42, 'mito': 7, 'dark': 7}, 'INP': {'pre': 87, 'post': 43, 'downstream': 636, 'upstream': 43, 'mito': 22, 'dark': 21, 'light': 1}, 'ATL(R)': {'pre': 2, 'downstream': 17}, 'SCL(R)': {'pre': 85, 'post': 43, 'downstream': 619, 'upstream': 43, 'mito': 22, 'dark': 21, 'light': 1}, 'mALT(R)': {'pre': 4, 'post': 22, 'downstream': 14, 'upstream': 22, 'mito': 40, 'dark': 38, 'medium': 2}, 'VLNP(R)': {'pre': 208, 'post': 138, 'downstream': 1407, 'upstream': 138, 'mito': 40, 'dark': 39, 'medium': 1}, 'PLP(R)': {'pre': 208, 'post': 138, 'downstream': 1407, 'upstream': 138, 'mito': 40, 'dark': 39, 'medium': 1}, 'LH(R)': {'post': 1, 'upstream': 1}, 'AL(R)': {'pre': 24, 'post': 904, 'downstream': 98, 'upstream': 904, 'mito': 155, 'dark': 154, 'medium': 1}, 'AL-VP4(R)': {'post': 11, 'upstream': 11}, 'AL-DC2(R)': {'post': 5, 'upstream': 5, 'mito': 4, 'dark': 4}, 'AL-VP2(R)': {'pre': 8, 'post': 391, 'downstream': 36, 'upstream': 391, 'mito': 76, 'dark': 75, 'medium': 1}, 'AL-VP1d(R)': {'pre': 6, 'post': 50, 'downstream': 26, 'upstream': 50, 'mito': 10, 'dark': 10}, 'AL-VC5(R)': {'pre': 3, 'post': 103, 'downstream': 10, 'upstream': 103, 'mito': 9, 'dark': 9}, 'VMNP': {'post': 42, 'upstream': 42, 'mito': 14, 'dark': 12, 'medium': 2}, 'VES(R)': {'post': 42, 'upstream': 42, 'mito': 14, 'dark': 12, 'medium': 2}, 'AL-VP1l(R)': {'pre': 1, 'post': 17, 'downstream': 3, 'upstream': 17, 'mito': 4, 'dark': 4}, 'AL-VP1m(R)': {'post': 33, 'upstream': 33, 'mito': 8, 'dark': 8}, 'AL-VP3(R)': {'post': 18, 'upstream': 18}, 'AL-VC1(R)': {'post': 2, 'upstream': 2}, 'AL-VP5(R)': {'pre': 3, 'post': 164, 'downstream': 14, 'upstream': 164, 'mito': 26, 'dark': 26}, 'AL-VC3l(R)': {'post': 1, 'upstream': 1}, 'AL-VC2(R)': {'post': 3, 'upstream': 3}, 'AL-VL1(R)': {'pre': 2, 'post': 24, 'downstream': 7, 'upstream': 24, 'mito': 4, 'dark': 4}, 'AL-VM4(R)': {'post': 1, 'upstream': 1}, 'AL-V(R)': {'post': 17, 'upstream': 17, 'mito': 1, 'dark': 1}, 'PENP': {'post': 30, 'upstream': 30, 'mito': 6, 'dark': 6}, 'FLA(R)': {'post': 1, 'upstream': 1, 'mito': 1, 'dark': 1}, 'SAD': {'post': 29, 'upstream': 29, 'mito': 5, 'dark': 5}, 'SAD(-AMMC)': {'post': 29, 'upstream': 29, 'mito': 5, 'dark': 5}, 'GNG': {'post': 28, 'upstream': 28, 'mito': 4, 'dark': 4}}",,"['AL(R)', 'AL-DC2(R)', 'AL-V(R)', 'AL-VC1(R)', 'AL-VC2(R)', 'AL-VC3l(R)', 'AL-VC5(R)', 'AL-VL1(R)', 'AL-VM4(R)', 'AL-VP1d(R)', 'AL-VP1l(R)', 'AL-VP1m(R)', 'AL-VP2(R)', 'AL-VP3(R)', 'AL-VP4(R)', 'AL-VP5(R)', 'CA(R)', 'FLA(R)', 'GNG', 'INP', 'LH(R)', 'MB(+ACA)(R)', 'MB(R)', 'PENP', 'PLP(R)', 'SAD', 'SAD(-AMMC)', 'SCL(R)', 'SLP(R)', 'SMP(R)', 'SNP(R)', 'VES(R)', 'VLNP(R)', 'VMNP', 'dACA(R)', 'lACA(R)', 'mALT(R)']","['AL(R)', 'AL-VC5(R)', 'AL-VL1(R)', 'AL-VP1d(R)', 'AL-VP1l(R)', 'AL-VP2(R)', 'AL-VP5(R)', 'ATL(R)', 'CA(R)', 'INP', 'MB(+ACA)(R)', 'MB(R)', 'PLP(R)', 'SCL(R)', 'SLP(R)', 'SMP(R)', 'SNP(R)', 'VLNP(R)', 'dACA(R)', 'lACA(R)', 'mALT(R)']"
1881059780,VP1m+VP2_lvPN2_R,VP1m+VP2_lvPN2,291,523,2342,523,134,391328636,Traced,False,Roughly traced,AVM06,,,"{'SNP(R)': {'pre': 99, 'post': 55, 'downstream': 949, 'upstream': 55, 'mito': 30, 'dark': 29, 'medium': 1}, 'SLP(R)': {'pre': 86, 'post': 45, 'downstream': 835, 'upstream': 45, 'mito': 26, 'dark': 25, 'medium': 1}, 'dACA(R)': {'pre': 16, 'post': 8, 'downstream': 150, 'upstream': 8, 'mito': 3, 'dark': 3}, 'MB(+ACA)(R)': {'pre': 16, 'post': 15, 'downstream': 150, 'upstream': 15, 'mito': 3, 'dark': 3}, 'lACA(R)': {'post': 7, 'upstream': 7}, 'SMP(R)': {'pre': 13, 'post': 10, 'downstream': 114, 'upstream': 10, 'mito': 4, 'dark': 4}, 'mALT(R)': {'pre': 2, 'post': 4, 'downstream': 13, 'upstream': 4, 'mito': 12, 'dark': 12}, 'INP': {'pre': 31, 'post': 22, 'downstream': 278, 'upstream': 22, 'mito': 9, 'dark': 9}, 'SCL(R)': {'pre': 31, 'post': 22, 'downstream': 278, 'upstream': 22, 'mito': 9, 'dark': 9}, 'VLNP(R)': {'pre': 38, 'post': 36, 'downstream': 360, 'upstream': 36, 'mito': 11, 'dark': 11}, 'PLP(R)': {'pre': 38, 'post': 36, 'downstream': 360, 'upstream': 36, 'mito': 11, 'dark': 11}, 'LH(R)': {'pre': 28, 'post': 32, 'downstream': 256, 'upstream': 32, 'mito': 7, 'dark': 7}, 'AL(R)': {'pre': 87, 'post': 366, 'downstream': 456, 'upstream': 366, 'mito': 61, 'dark': 60, 'medium': 1}, 'AL-VC5(R)': {'pre': 9, 'post': 26, 'downstream': 48, 'upstream': 26, 'mito': 6, 'dark': 6}, 'AL-VP2(R)': {'pre': 38, 'post': 122, 'downstream': 188, 'upstream': 122, 'mito': 22, 'dark': 21, 'medium': 1}, 'AL-VP1l(R)': {'pre': 1, 'post': 9, 'downstream': 4, 'upstream': 9, 'mito': 1, 'dark': 1}, 'AL-VP1m(R)': {'pre': 3, 'post': 53, 'downstream': 17, 'upstream': 53, 'mito': 3, 'dark': 3}, 'VMNP': {'post': 3, 'upstream': 3}, 'VES(R)': {'post': 3, 'upstream': 3}, 'AL-VP5(R)': {'pre': 20, 'post': 101, 'downstream': 106, 'upstream': 101, 'mito': 17, 'dark': 17}, 'AL-VP1d(R)': {'pre': 2, 'post': 3, 'downstream': 16, 'upstream': 3, 'mito': 1, 'dark': 1}, 'AL-VP3(R)': {'pre': 2, 'post': 1, 'downstream': 6, 'upstream': 1, 'mito': 2, 'dark': 2}, 'AL-VL1(R)': {'post': 5, 'upstream': 5}, 'AL-V(R)': {'pre': 4, 'post': 29, 'downstream': 22, 'upstream': 29, 'mito': 4, 'dark': 4}, 'PENP': {'pre': 6, 'post': 3, 'downstream': 30, 'upstream': 3, 'mito': 2, 'dark': 2}, 'SAD': {'pre': 6, 'post': 3, 'downstream': 30, 'upstream': 3, 'mito': 2, 'dark': 2}, 'SAD(-AMMC)': {'pre': 6, 'post': 3, 'downstream': 30, 'upstream': 3, 'mito': 2, 'dark': 2}}",VP1m+VP2 lvPN1 (Marin et al. Curr Biol 2020),"['AL(R)', 'AL-V(R)', 'AL-VC5(R)', 'AL-VL1(R)', 'AL-VP1d(R)', 'AL-VP1l(R)', 'AL-VP1m(R)', 'AL-VP2(R)', 'AL-VP3(R)', 'AL-VP5(R)', 'INP', 'LH(R)', 'MB(+ACA)(R)', 'PENP', 'PLP(R)', 'SAD', 'SAD(-AMMC)', 'SCL(R)', 'SLP(R)', 'SMP(R)', 'SNP(R)', 'VES(R)', 'VLNP(R)', 'VMNP', 'dACA(R)', 'lACA(R)', 'mALT(R)']","['AL(R)', 'AL-V(R)', 'AL-VC5(R)', 'AL-VP1d(R)', 'AL-VP1l(R)', 'AL-VP1m(R)', 'AL-VP2(R)', 'AL-VP3(R)', 'AL-VP5(R)', 'INP', 'LH(R)', 'MB(+ACA)(R)', 'PENP', 'PLP(R)', 'SAD', 'SAD(-AMMC)', 'SCL(R)', 'SLP(R)', 'SMP(R)', 'SNP(R)', 'VLNP(R)', 'dACA(R)', 'mALT(R)']"
1881401277,VP1m+VP2_lvPN1_R,VP1m+VP2_lvPN1,319,644,2677,644,162,612858082,Traced,False,Roughly traced,AVM06,361.5,"[13090, 32401, 34736]","{'SNP(R)': {'pre': 129, 'post': 114, 'downstream': 1273, 'upstream': 114, 'mito': 37, 'dark': 37}, 'SLP(R)': {'pre': 116, 'post': 89, 'downstream': 1150, 'upstream': 89, 'mito': 30, 'dark': 30}, 'dACA(R)': {'pre': 9, 'post': 6, 'downstream': 91, 'upstream': 6, 'mito': 4, 'dark': 4}, 'MB(+ACA)(R)': {'pre': 9, 'post': 6, 'downstream': 91, 'upstream': 6, 'mito': 4, 'dark': 4}, 'SMP(R)': {'pre': 13, 'post': 25, 'downstream': 123, 'upstream': 25, 'mito': 7, 'dark': 7}, 'mALT(R)': {'pre': 8, 'post': 9, 'downstream': 67, 'upstream': 9, 'mito': 15, 'dark': 15}, 'INP': {'pre': 9, 'post': 8, 'downstream': 76, 'upstream': 8, 'mito': 3, 'dark': 3}, 'SCL(R)': {'pre': 9, 'post': 8, 'downstream': 76, 'upstream': 8, 'mito': 3, 'dark': 3}, 'LH(R)': {'pre': 32, 'post': 31, 'downstream': 340, 'upstream': 31, 'mito': 10, 'dark': 10}, 'VLNP(R)': {'pre': 27, 'post': 15, 'downstream': 287, 'upstream': 15, 'mito': 8, 'dark': 7, 'medium': 1}, 'PLP(R)': {'pre': 27, 'post': 15, 'downstream': 287, 'upstream': 15, 'mito': 8, 'dark': 7, 'medium': 1}, 'AL(R)': {'pre': 104, 'post': 442, 'downstream': 555, 'upstream': 442, 'mito': 57, 'dark': 54, 'medium': 3}, 'AL-VP1d(R)': {'pre': 8, 'post': 4, 'downstream': 44, 'upstream': 4, 'mito': 5, 'dark': 5}, 'AL-VP2(R)': {'pre': 37, 'post': 168, 'downstream': 181, 'upstream': 168, 'mito': 23, 'dark': 20, 'medium': 3}, 'AL-VC5(R)': {'pre': 8, 'post': 39, 'downstream': 37, 'upstream': 39, 'mito': 6, 'dark': 6}, 'AL-VP1l(R)': {'post': 11, 'upstream': 11}, 'AL-VP1m(R)': {'post': 23, 'upstream': 23, 'mito': 1, 'dark': 1}, 'VMNP': {'pre': 4, 'post': 10, 'downstream': 23, 'upstream': 10, 'mito': 4, 'dark': 4}, 'VES(R)': {'pre': 4, 'post': 10, 'downstream': 23, 'upstream': 10, 'mito': 4, 'dark': 4}, 'AL-VC3l(R)': {'pre': 1, 'post': 2, 'downstream': 4, 'upstream': 2}, 'AL-VP5(R)': {'pre': 21, 'post': 118, 'downstream': 119, 'upstream': 118, 'mito': 11, 'dark': 11}, 'AL-VC1(R)': {'pre': 3, 'post': 8, 'downstream': 14, 'upstream': 8}, 'AL-VL1(R)': {'post': 5, 'upstream': 5}, 'AL-VP3(R)': {'post': 6, 'upstream': 6}, 'AL-V(R)': {'pre': 2, 'post': 20, 'downstream': 14, 'upstream': 20, 'mito': 1, 'dark': 1}, 'PENP': {'pre': 4, 'post': 11, 'downstream': 40, 'upstream': 11, 'mito': 4, 'dark': 4}, 'SAD': {'pre': 4, 'post': 11, 'downstream': 40, 'upstream': 11, 'mito': 3, 'dark': 3}, 'SAD(-AMMC)': {'pre': 4, 'post': 11, 'downstream': 40, 'upstream': 11, 'mito': 3, 'dark': 3}}",,"['AL(R)', 'AL-V(R)', 'AL-VC1(R)', 'AL-VC3l(R)', 'AL-VC5(R)', 'AL-VL1(R)', 'AL-VP1d(R)', 'AL-VP1l(R)', 'AL-VP1m(R)', 'AL-VP2(R)', 'AL-VP3(R)', 'AL-VP5(R)', 'INP', 'LH(R)', 'MB(+ACA)(R)', 'PENP', 'PLP(R)', 'SAD', 'SAD(-AMMC)', 'SCL(R)', 'SLP(R)', 'SMP(R)', 'SNP(R)', 'VES(R)', 'VLNP(R)', 'VMNP', 'dACA(R)', 'mALT(R)']","['AL(R)', 'AL-V(R)', 'AL-VC1(R)', 'AL-VC3l(R)', 'AL-VC5(R)', 'AL-VP1d(R)', 'AL-VP2(R)', 'AL-VP5(R)', 'INP', 'LH(R)', 'MB(+ACA)(R)', 'PENP', 'PLP(R)', 'SAD', 'SAD(-AMMC)', 'SCL(R)', 'SLP(R)', 'SMP(R)', 'SNP(R)', 'VES(R)', 'VLNP(R)', 'VMNP', 'dACA(R)', 'mALT(R)']"
1881751117,VA6_adPN_R,VA6_adPN,2622,5691,21936,5691,755,3868930510,Traced,False,Roughly traced,AVM01,,,"{'MB(R)': {'pre': 650, 'post': 187, 'downstream': 5983, 'upstream': 187, 'mito': 61, 'dark': 59, 'light': 2}, 'CA(R)': {'pre': 650, 'post': 187, 'downstream': 5983, 'upstream': 187, 'mito': 61, 'dark': 59, 'light': 2}, 'MB(+ACA)(R)': {'pre': 650, 'post': 187, 'downstream': 5983, 'upstream': 187, 'mito': 61, 'dark': 59, 'light': 2}, 'LH(R)': {'pre': 1182, 'post': 497, 'downstream': 11425, 'upstream': 497, 'mito': 173, 'dark': 159, 'light': 2, 'medium': 12}, 'SNP(R)': {'pre': 3, 'post': 5, 'downstream': 19, 'upstream': 5, 'mito': 1, 'dark': 1}, 'SLP(R)': {'pre': 3, 'post': 5, 'downstream': 19, 'upstream': 5, 'mito': 1, 'dark': 1}, 'mALT(R)': {'pre': 28, 'post': 19, 'downstream': 122, 'upstream': 19, 'mito': 176, 'dark': 170, 'light': 2, 'medium': 4}, 'AL(R)': {'pre': 759, 'post': 4983, 'downstream': 4387, 'upstream': 4983, 'mito': 328, 'dark': 303, 'light': 3, 'medium': 22}, 'AL-DC1(R)': {'post': 5, 'upstream': 5}, 'AL-DC3(R)': {'pre': 85, 'post': 247, 'downstream': 498, 'upstream': 247, 'mito': 27, 'dark': 26, 'medium': 1}, 'AL-VA6(R)': {'pre': 655, 'post': 4613, 'downstream': 3800, 'upstream': 4613, 'mito': 234, 'dark': 213, 'light': 3, 'medium': 18}, 'AL-VP1d(R)': {'pre': 16, 'post': 85, 'downstream': 79, 'upstream': 85, 'mito': 16, 'dark': 16}, 'AL-DC2(R)': {'post': 13, 'upstream': 13, 'mito': 10, 'dark': 10}, 'AL-VM5v(R)': {'pre': 1, 'post': 3, 'downstream': 3, 'upstream': 3, 'mito': 8, 'dark': 8}, 'AL-VP4(R)': {'pre': 1, 'downstream': 4, 'mito': 7, 'dark': 5, 'medium': 2}, 'AL-VC1(R)': {'pre': 1, 'post': 12, 'downstream': 3, 'upstream': 12, 'mito': 6, 'dark': 6}, 'AL-VP1m(R)': {'post': 2, 'upstream': 2, 'mito': 3, 'dark': 3}, 'AL-VM7v(R)': {'post': 1, 'upstream': 1, 'mito': 7, 'dark': 7}}",,"['AL(R)', 'AL-DC1(R)', 'AL-DC2(R)', 'AL-DC3(R)', 'AL-VA6(R)', 'AL-VC1(R)', 'AL-VM5v(R)', 'AL-VM7v(R)', 'AL-VP1d(R)', 'AL-VP1m(R)', 'CA(R)', 'LH(R)', 'MB(+ACA)(R)', 'MB(R)', 'SLP(R)', 'SNP(R)', 'mALT(R)']","['AL(R)', 'AL-DC3(R)', 'AL-VA6(R)', 'AL-VC1(R)', 'AL-VM5v(R)', 'AL-VP1d(R)', 'AL-VP4(R)', 'CA(R)', 'LH(R)', 'MB(+ACA)(R)', 'MB(R)', 'SLP(R)', 'SNP(R)', 'mALT(R)']"
1882083076,VA7m_lPN_R,VA7m_lPN,708,1721,5322,1721,274,1241057243,Traced,False,Roughly traced,AVM02,376.5,"[14536, 35820, 29976]","{'LH(R)': {'pre': 271, 'post': 128, 'downstream': 2304, 'upstream': 128, 'mito': 41, 'dark': 39, 'medium': 2}, 'MB(R)': {'pre': 178, 'post': 91, 'downstream': 1606, 'upstream': 91, 'mito': 22, 'dark': 18, 'light': 2, 'medium': 2}, 'CA(R)': {'pre': 178, 'post': 91, 'downstream': 1606, 'upstream': 91, 'mito': 22, 'dark': 18, 'light': 2, 'medium': 2}, 'MB(+ACA)(R)': {'pre': 178, 'post': 91, 'downstream': 1606, 'upstream': 91, 'mito': 22, 'dark': 18, 'light': 2, 'medium': 2}, 'mALT(R)': {'pre': 20, 'post': 29, 'downstream': 133, 'upstream': 29, 'mito': 53, 'dark': 53}, 'AL(R)': {'pre': 239, 'post': 1471, 'downstream': 1279, 'upstream': 1471, 'mito': 115, 'dark': 111, 'medium': 4}, 'AL-VP4(R)': {'post': 1, 'upstream': 1, 'mito': 3, 'dark': 3}, 'AL-VP1m(R)': {'pre': 2, 'post': 6, 'downstream': 7, 'upstream': 6, 'mito': 4, 'dark': 4}, 'AL-VP1d(R)': {'post': 1, 'upstream': 1, 'mito': 1, 'medium': 1}, 'AL-VC1(R)': {'pre': 5, 'post': 16, 'downstream': 22, 'upstream': 16, 'mito': 8, 'dark': 8}, 'AL-VA1v(R)': {'post': 2, 'upstream': 2}, 'AL-VA6(R)': {'pre': 4, 'post': 17, 'downstream': 21, 'upstream': 17, 'mito': 1, 'dark': 1}, 'AL-VC2(R)': {'pre': 36, 'post': 145, 'downstream': 194, 'upstream': 145, 'mito': 18, 'dark': 18}, 'AL-VA7l(R)': {'pre': 7, 'post': 64, 'downstream': 39, 'upstream': 64, 'mito': 9, 'dark': 9}, 'AL-VA7m(R)': {'pre': 164, 'post': 1092, 'downstream': 880, 'upstream': 1092, 'mito': 63, 'dark': 60, 'medium': 3}, 'AL-VA2(R)': {'post': 6, 'upstream': 6}, 'AL-VA3(R)': {'pre': 21, 'post': 121, 'downstream': 116, 'upstream': 121, 'mito': 6, 'dark': 6}}",,"['AL(R)', 'AL-VA1v(R)', 'AL-VA2(R)', 'AL-VA3(R)', 'AL-VA6(R)', 'AL-VA7l(R)', 'AL-VA7m(R)', 'AL-VC1(R)', 'AL-VC2(R)', 'AL-VP1d(R)', 'AL-VP1m(R)', 'AL-VP4(R)', 'CA(R)', 'LH(R)', 'MB(+ACA)(R)', 'MB(R)', 'mALT(R)']","['AL(R)', 'AL-VA3(R)', 'AL-VA6(R)', 'AL-VA7l(R)', 'AL-VA7m(R)', 'AL-VC1(R)', 'AL-VC2(R)', 'AL-VP1m(R)', 'CA(R)', 'LH(R)', 'MB(+ACA)(R)', 'MB(R)', 'mALT(R)']"
1883443112,VP3+_l2PN(t10ALT)_R,VP3+_l2PN,651,1579,3885,1579,300,1236407345,Traced,False,Roughly traced,AVM03,441.5,"[13288, 34761, 29928]","{'VLNP(R)': {'pre': 228, 'post': 41, 'downstream': 1611, 'upstream': 41, 'mito': 86, 'dark': 85, 'medium': 1}, 'PLP(R)': {'pre': 131, 'post': 24, 'downstream': 874, 'upstream': 24, 'mito': 48, 'dark': 47, 'medium': 1}, 'AL(L)': {'pre': 6, 'post': 5, 'downstream': 28, 'upstream': 5, 'mito': 4, 'dark': 4}, 'AL-DM4(L)': {'post': 1, 'upstream': 1}, 'AL(R)': {'pre': 381, 'post': 1461, 'downstream': 2069, 'upstream': 1461, 'mito': 133, 'dark': 126, 'light': 1, 'medium': 6}, 'AL-VP2(R)': {'pre': 22, 'post': 21, 'downstream': 103, 'upstream': 21, 'mito': 3, 'dark': 3}, 'AL-VP4(R)': {'pre': 18, 'post': 21, 'downstream': 102, 'upstream': 21, 'mito': 7, 'dark': 7}, 'AL-VP1l(R)': {'pre': 3, 'post': 23, 'downstream': 12, 'upstream': 23, 'mito': 2, 'dark': 2}, 'WED(R)': {'pre': 97, 'post': 14, 'downstream': 737, 'upstream': 14, 'mito': 37, 'dark': 37}, 'VMNP': {'pre': 34, 'post': 67, 'downstream': 168, 'upstream': 67, 'mito': 25, 'dark': 25}, 'VES(R)': {'pre': 34, 'post': 67, 'downstream': 168, 'upstream': 67, 'mito': 25, 'dark': 25}, 'PVLP(R)': {'post': 3, 'upstream': 3, 'mito': 1, 'dark': 1}, 'AL-VP3(R)': {'pre': 300, 'post': 1236, 'downstream': 1652, 'upstream': 1236, 'mito': 105, 'dark': 98, 'light': 1, 'medium': 6}, 'AL-VP5(R)': {'pre': 13, 'post': 113, 'downstream': 68, 'upstream': 113, 'mito': 5, 'dark': 5}, 'LX(R)': {'pre': 2, 'downstream': 9, 'mito': 2, 'dark': 2}, 'LAL(R)': {'pre': 2, 'downstream': 9, 'mito': 2, 'dark': 2}, 'LAL(-GA)(R)': {'pre': 2, 'downstream': 9, 'mito': 2, 'dark': 2}, 'AL-VL1(R)': {'pre': 6, 'post': 23, 'downstream': 28, 'upstream': 23, 'mito': 3, 'dark': 3}, 'AL-VL2p(R)': {'post': 1, 'upstream': 1}, 'AL-VP1d(R)': {'post': 4, 'upstream': 4, 'mito': 1, 'dark': 1}, 'AL-VC5(R)': {'pre': 3, 'post': 5, 'downstream': 21, 'upstream': 5, 'mito': 1, 'dark': 1}, 'PENP': {'post': 1, 'upstream': 1, 'mito': 1, 'dark': 1}, 'SAD': {'post': 1, 'upstream': 1, 'mito': 1, 'dark': 1}, 'SAD(-AMMC)': {'post': 1, 'upstream': 1, 'mito': 1, 'dark': 1}}",fast-cool PN (Liu et al. Nature 2015),"['AL(L)', 'AL(R)', 'AL-DM4(L)', 'AL-VC5(R)', 'AL-VL1(R)', 'AL-VL2p(R)', 'AL-VP1d(R)', 'AL-VP1l(R)', 'AL-VP2(R)', 'AL-VP3(R)', 'AL-VP4(R)', 'AL-VP5(R)', 'PENP', 'PLP(R)', 'PVLP(R)', 'SAD', 'SAD(-AMMC)', 'VES(R)', 'VLNP(R)', 'VMNP', 'WED(R)']","['AL(L)', 'AL(R)', 'AL-VC5(R)', 'AL-VL1(R)', 'AL-VP1l(R)', 'AL-VP2(R)', 'AL-VP3(R)', 'AL-VP4(R)', 'AL-VP5(R)', 'LAL(-GA)(R)', 'LAL(R)', 'LX(R)', 'PLP(R)', 'VES(R)', 'VLNP(R)', 'VMNP', 'WED(R)']"
1886132855,M_adPNm7_R,M_adPNm7,194,457,1643,457,128,409684057,Traced,False,Roughly traced,AVM01,386.5,"[22006, 36084, 21424]","{'mALT(R)': {'pre': 4, 'post': 5, 'downstream': 19, 'upstream': 5, 'mito': 21, 'dark': 19, 'light': 2}, 'LH(R)': {'pre': 83, 'post': 40, 'downstream': 945, 'upstream': 40, 'mito': 19, 'dark': 13, 'light': 6}, 'INP': {'pre': 9, 'post': 1, 'downstream': 77, 'upstream': 1, 'mito': 2, 'dark': 2}, 'SCL(R)': {'pre': 9, 'post': 1, 'downstream': 77, 'upstream': 1, 'mito': 2, 'dark': 2}, 'AL(R)': {'pre': 92, 'post': 411, 'downstream': 540, 'upstream': 411, 'mito': 71, 'dark': 68, 'light': 1, 'medium': 2}, 'AL-DP1l(R)': {'pre': 6, 'post': 37, 'downstream': 25, 'upstream': 37, 'mito': 10, 'dark': 10}, 'AL-DL2v(R)': {'pre': 1, 'post': 8, 'downstream': 5, 'upstream': 8, 'mito': 4, 'dark': 4}, 'AL-DP1m(R)': {'pre': 3, 'post': 1, 'downstream': 14, 'upstream': 1, 'mito': 2, 'dark': 2}, 'AL-DC4(R)': {'post': 3, 'upstream': 3, 'mito': 1, 'dark': 1}, 'AL-VP1d(R)': {'post': 2, 'upstream': 2}, 'AL-VL2a(R)': {'pre': 19, 'post': 157, 'downstream': 99, 'upstream': 157, 'mito': 18, 'dark': 18}, 'AL-VL2p(R)': {'pre': 22, 'post': 182, 'downstream': 106, 'upstream': 182, 'mito': 27, 'dark': 25, 'medium': 2}, 'AL-VP2(R)': {'pre': 2, 'post': 6, 'downstream': 12, 'upstream': 6, 'mito': 1, 'dark': 1}, 'AL-VL1(R)': {'post': 1, 'upstream': 1}, 'VMNP': {'pre': 5, 'downstream': 49, 'mito': 1, 'light': 1}, 'VES(R)': {'pre': 5, 'downstream': 49, 'mito': 1, 'light': 1}, 'PENP': {'pre': 1, 'downstream': 13}, 'SAD': {'pre': 1, 'downstream': 13}, 'SAD(-AMMC)': {'pre': 1, 'downstream': 13}}",,"['AL(R)', 'AL-DC4(R)', 'AL-DL2v(R)', 'AL-DP1l(R)', 'AL-DP1m(R)', 'AL-VL1(R)', 'AL-VL2a(R)', 'AL-VL2p(R)', 'AL-VP1d(R)', 'AL-VP2(R)', 'INP', 'LH(R)', 'SCL(R)', 'mALT(R)']","['AL(R)', 'AL-DL2v(R)', 'AL-DP1l(R)', 'AL-DP1m(R)', 'AL-VL2a(R)', 'AL-VL2p(R)', 'AL-VP2(R)', 'INP', 'LH(R)', 'PENP', 'SAD', 'SAD(-AMMC)', 'SCL(R)', 'VES(R)', 'VMNP', 'mALT(R)']"
1887163927,M_lPNm11D_R,M_lPNm11D,360,1223,2112,1223,205,576862151,Traced,False,Roughly traced,AVM02,286.5,"[13434, 34573, 25232]","{'MB(R)': {'pre': 21, 'post': 20, 'downstream': 118, 'upstream': 20, 'mito': 3, 'dark': 3}, 'CA(R)': {'pre': 21, 'post': 20, 'downstream': 118, 'upstream': 20, 'mito': 3, 'dark': 3}, 'MB(+ACA)(R)': {'pre': 21, 'post': 20, 'downstream': 118, 'upstream': 20, 'mito': 3, 'dark': 3}, 'mALT(R)': {'pre': 27, 'post': 38, 'downstream': 119, 'upstream': 38, 'mito': 26, 'dark': 26}, 'SNP(R)': {'pre': 2, 'post': 1, 'downstream': 11, 'upstream': 1, 'mito': 1, 'dark': 1}, 'SLP(R)': {'pre': 2, 'post': 1, 'downstream': 11, 'upstream': 1, 'mito': 1, 'dark': 1}, 'INP': {'pre': 18, 'post': 13, 'downstream': 164, 'upstream': 13, 'mito': 8, 'dark': 8}, 'SCL(R)': {'pre': 18, 'post': 13, 'downstream': 164, 'upstream': 13, 'mito': 8, 'dark': 8}, 'VLNP(R)': {'pre': 8, 'post': 15, 'downstream': 58, 'upstream': 15, 'mito': 2, 'dark': 2}, 'PLP(R)': {'pre': 8, 'post': 15, 'downstream': 58, 'upstream': 15, 'mito': 2, 'dark': 2}, 'LH(R)': {'pre': 15, 'post': 5, 'downstream': 133, 'upstream': 5, 'mito': 6, 'dark': 6}, 'AL(R)': {'pre': 269, 'post': 1128, 'downstream': 1509, 'upstream': 1128, 'mito': 134, 'dark': 132, 'light': 1, 'medium': 1}, 'AL-DC4(R)': {'pre': 15, 'post': 27, 'downstream': 87, 'upstream': 27, 'mito': 3, 'dark': 3}, 'AL-DL2v(R)': {'pre': 2, 'post': 25, 'downstream': 9, 'upstream': 25, 'mito': 6, 'dark': 6}, 'AL-DP1m(R)': {'pre': 4, 'post': 19, 'downstream': 21, 'upstream': 19, 'mito': 6, 'dark': 6}, 'AL-VP1d(R)': {'pre': 123, 'post': 574, 'downstream': 683, 'upstream': 574, 'mito': 58, 'dark': 57, 'light': 1}, 'AL-DM4(R)': {'pre': 6, 'post': 6, 'downstream': 40, 'upstream': 6, 'mito': 1, 'dark': 1}, 'AL-DC1(R)': {'pre': 2, 'post': 22, 'downstream': 9, 'upstream': 22, 'mito': 2, 'dark': 2}, 'AL-VP4(R)': {'pre': 1, 'downstream': 3}, 'AL-VM7d(R)': {'post': 1, 'upstream': 1}, 'AL-DP1l(R)': {'post': 1, 'upstream': 1}, 'AL-VA6(R)': {'pre': 2, 'post': 35, 'downstream': 13, 'upstream': 35}, 'AL-VL2p(R)': {'pre': 1, 'post': 24, 'downstream': 3, 'upstream': 24, 'mito': 1, 'dark': 1}, 'AL-DC2(R)': {'pre': 2, 'post': 2, 'downstream': 18, 'upstream': 2}, 'AL-VC1(R)': {'pre': 12, 'post': 43, 'downstream': 68, 'upstream': 43, 'mito': 7, 'dark': 6, 'medium': 1}, 'AL-VP1m(R)': {'pre': 28, 'post': 96, 'downstream': 201, 'upstream': 96, 'mito': 13, 'dark': 13}, 'AL-VC3l(R)': {'pre': 3, 'post': 15, 'downstream': 14, 'upstream': 15, 'mito': 2, 'dark': 2}, 'AL-VL2a(R)': {'pre': 15, 'post': 76, 'downstream': 80, 'upstream': 76, 'mito': 9, 'dark': 9}, 'AL-VM7v(R)': {'pre': 4, 'post': 10, 'downstream': 24, 'upstream': 10, 'mito': 2, 'dark': 2}, 'AL-VA7m(R)': {'pre': 3, 'post': 6, 'downstream': 13, 'upstream': 6}, 'AL-VC5(R)': {'pre': 15, 'post': 45, 'downstream': 77, 'upstream': 45, 'mito': 6, 'dark': 6}, 'AL-VC2(R)': {'pre': 6, 'post': 28, 'downstream': 36, 'upstream': 28, 'mito': 4, 'dark': 4}, 'AL-VP1l(R)': {'pre': 3, 'post': 17, 'downstream': 15, 'upstream': 17, 'mito': 1, 'dark': 1}, 'AL-VP2(R)': {'post': 3, 'upstream': 3}, 'AL-VA5(R)': {'pre': 1, 'post': 2, 'downstream': 6, 'upstream': 2, 'mito': 1, 'dark': 1}, 'AL-VA4(R)': {'pre': 1, 'post': 6, 'downstream': 6, 'upstream': 6}, 'AL-VM4(R)': {'post': 4, 'upstream': 4}, 'AL-V(R)': {'post': 3, 'upstream': 3, 'mito': 1, 'dark': 1}}",AL-mPN4 (Tanaka et al. JCN 2012) no projection down to PLP; VP1d++ lPN1 (Marin et al. Curr Biol 2020),"['AL(R)', 'AL-DC1(R)', 'AL-DC2(R)', 'AL-DC4(R)', 'AL-DL2v(R)', 'AL-DM4(R)', 'AL-DP1l(R)', 'AL-DP1m(R)', 'AL-V(R)', 'AL-VA4(R)', 'AL-VA5(R)', 'AL-VA6(R)', 'AL-VA7m(R)', 'AL-VC1(R)', 'AL-VC2(R)', 'AL-VC3l(R)', 'AL-VC5(R)', 'AL-VL2a(R)', 'AL-VL2p(R)', 'AL-VM4(R)', 'AL-VM7d(R)', 'AL-VM7v(R)', 'AL-VP1d(R)', 'AL-VP1l(R)', 'AL-VP1m(R)', 'AL-VP2(R)', 'CA(R)', 'INP', 'LH(R)', 'MB(+ACA)(R)', 'MB(R)', 'PLP(R)', 'SCL(R)', 'SLP(R)', 'SNP(R)', 'VLNP(R)', 'mALT(R)']","['AL(R)', 'AL-DC1(R)', 'AL-DC2(R)', 'AL-DC4(R)', 'AL-DL2v(R)', 'AL-DM4(R)', 'AL-DP1m(R)', 'AL-VA4(R)', 'AL-VA5(R)', 'AL-VA6(R)', 'AL-VA7m(R)', 'AL-VC1(R)', 'AL-VC2(R)', 'AL-VC3l(R)', 'AL-VC5(R)', 'AL-VL2a(R)', 'AL-VL2p(R)', 'AL-VM7v(R)', 'AL-VP1d(R)', 'AL-VP1l(R)', 'AL-VP1m(R)', 'AL-VP4(R)', 'CA(R)', 'INP', 'LH(R)', 'MB(+ACA)(R)', 'MB(R)', 'PLP(R)', 'SCL(R)', 'SLP(R)', 'SNP(R)', 'VLNP(R)', 'mALT(R)']"
1887872301,M_adPNm4_R,M_adPNm4,277,596,2202,596,155,532834352,Traced,False,Roughly traced,AVM01,391.5,"[22773, 35405, 21888]","{'MB(R)': {'pre': 109, 'post': 71, 'downstream': 1000, 'upstream': 71, 'mito': 17, 'dark': 16, 'medium': 1}, 'CA(R)': {'pre': 109, 'post': 71, 'downstream': 1000, 'upstream': 71, 'mito': 17, 'dark': 16, 'medium': 1}, 'MB(+ACA)(R)': {'pre': 109, 'post': 71, 'downstream': 1000, 'upstream': 71, 'mito': 17, 'dark': 16, 'medium': 1}, 'LH(R)': {'pre': 87, 'post': 71, 'downstream': 772, 'upstream': 71, 'mito': 25, 'dark': 22, 'light': 2, 'medium': 1}, 'mALT(R)': {'pre': 5, 'post': 14, 'downstream': 25, 'upstream': 14, 'mito': 23, 'dark': 22, 'medium': 1}, 'AL(R)': {'pre': 76, 'post': 440, 'downstream': 405, 'upstream': 440, 'mito': 74, 'dark': 74}, 'AL-DC2(R)': {'post': 2, 'upstream': 2}, 'AL-VM7d(R)': {'pre': 2, 'post': 8, 'downstream': 9, 'upstream': 8, 'mito': 2, 'dark': 2}, 'AL-DC4(R)': {'pre': 3, 'post': 5, 'downstream': 15, 'upstream': 5, 'mito': 1, 'dark': 1}, 'AL-VC3l(R)': {'pre': 7, 'post': 162, 'downstream': 33, 'upstream': 162, 'mito': 23, 'dark': 23}, 'AL-VM7v(R)': {'pre': 1, 'post': 6, 'downstream': 7, 'upstream': 6, 'mito': 1, 'dark': 1}, 'AL-VP4(R)': {'pre': 1, 'post': 3, 'downstream': 7, 'upstream': 3}, 'AL-VC5(R)': {'pre': 10, 'post': 56, 'downstream': 46, 'upstream': 56, 'mito': 12, 'dark': 12}, 'AL-VC4(R)': {'pre': 3, 'post': 14, 'downstream': 10, 'upstream': 14, 'mito': 2, 'dark': 2}, 'AL-VC1(R)': {'pre': 5, 'post': 28, 'downstream': 24, 'upstream': 28, 'mito': 3, 'dark': 3}, 'AL-VP1d(R)': {'pre': 6, 'post': 15, 'downstream': 28, 'upstream': 15, 'mito': 2, 'dark': 2}, 'AL-VP3(R)': {'post': 1, 'upstream': 1}, 'AL-VC3m(R)': {'pre': 1, 'post': 39, 'downstream': 2, 'upstream': 39, 'mito': 7, 'dark': 7}, 'AL-VA5(R)': {'post': 2, 'upstream': 2}, 'AL-VC2(R)': {'pre': 9, 'post': 9, 'downstream': 66, 'upstream': 9, 'mito': 4, 'dark': 4}, 'AL-VM4(R)': {'post': 59, 'upstream': 59, 'mito': 8, 'dark': 8}, 'AL-VA4(R)': {'pre': 2, 'post': 7, 'downstream': 9, 'upstream': 7, 'mito': 1, 'dark': 1}, 'AL-VL1(R)': {'pre': 1, 'post': 1, 'downstream': 6, 'upstream': 1}}",,"['AL(R)', 'AL-DC2(R)', 'AL-DC4(R)', 'AL-VA4(R)', 'AL-VA5(R)', 'AL-VC1(R)', 'AL-VC2(R)', 'AL-VC3l(R)', 'AL-VC3m(R)', 'AL-VC4(R)', 'AL-VC5(R)', 'AL-VL1(R)', 'AL-VM4(R)', 'AL-VM7d(R)', 'AL-VM7v(R)', 'AL-VP1d(R)', 'AL-VP3(R)', 'AL-VP4(R)', 'CA(R)', 'LH(R)', 'MB(+ACA)(R)', 'MB(R)', 'mALT(R)']","['AL(R)', 'AL-DC4(R)', 'AL-VA4(R)', 'AL-VC1(R)', 'AL-VC2(R)', 'AL-VC3l(R)', 'AL-VC3m(R)', 'AL-VC4(R)', 'AL-VC5(R)', 'AL-VL1(R)', 'AL-VM7d(R)', 'AL-VM7v(R)', 'AL-VP1d(R)', 'AL-VP4(R)', 'CA(R)', 'LH(R)', 'MB(+ACA)(R)', 'MB(R)', 'mALT(R)']"
1888178718,M_lv2PN9t49_R,M_lv2PN9t49,983,3224,10051,3224,593,1529111094,Traced,False,Roughly traced,,,,"{'VLNP(R)': {'pre': 700, 'post': 181, 'downstream': 7430, 'upstream': 181, 'mito': 182, 'dark': 57, 'light': 8, 'medium': 117}, 'PLP(R)': {'pre': 283, 'post': 86, 'downstream': 3081, 'upstream': 86, 'mito': 82, 'dark': 26, 'light': 4, 'medium': 52}, 'INP': {'pre': 6, 'post': 2, 'downstream': 70, 'upstream': 2, 'mito': 1, 'light': 1}, 'CRE(R)': {'pre': 6, 'post': 2, 'downstream': 70, 'upstream': 2, 'mito': 1, 'light': 1}, 'CRE(-ROB,-RUB)(R)': {'pre': 6, 'post': 2, 'downstream': 70, 'upstream': 2, 'mito': 1, 'light': 1}, 'LX(R)': {'pre': 243, 'post': 83, 'downstream': 2234, 'upstream': 83, 'mito': 79, 'dark': 32, 'light': 25, 'medium': 22}, 'LAL(R)': {'pre': 243, 'post': 83, 'downstream': 2234, 'upstream': 83, 'mito': 79, 'dark': 32, 'light': 25, 'medium': 22}, 'LAL(-GA)(R)': {'pre': 243, 'post': 83, 'downstream': 2234, 'upstream': 83, 'mito': 79, 'dark': 32, 'light': 25, 'medium': 22}, 'AL(R)': {'pre': 5, 'post': 2589, 'downstream': 28, 'upstream': 2589, 'mito': 249, 'dark': 235, 'light': 1, 'medium': 13}, 'AL-DL1(R)': {'pre': 2, 'post': 20, 'downstream': 11, 'upstream': 20, 'mito': 2, 'dark': 1, 'medium': 1}, 'AL-DC4(R)': {'post': 16, 'upstream': 16, 'mito': 1, 'dark': 1}, 'AL-DL2v(R)': {'pre': 2, 'post': 4, 'downstream': 15, 'upstream': 4, 'mito': 1, 'dark': 1}, 'AL-VP1d(R)': {'post': 158, 'upstream': 158, 'mito': 17, 'dark': 17}, 'AL-DM4(R)': {'post': 3, 'upstream': 3}, 'AL-DA1(R)': {'post': 6, 'upstream': 6}, 'AL-VP4(R)': {'post': 77, 'upstream': 77, 'mito': 11, 'dark': 10, 'medium': 1}, 'AL-DC3(R)': {'post': 25, 'upstream': 25, 'mito': 1, 'dark': 1}, 'AL-VP2(R)': {'pre': 1, 'post': 482, 'downstream': 2, 'upstream': 482, 'mito': 55, 'dark': 50, 'light': 1, 'medium': 4}, 'AL-VP1m(R)': {'post': 81, 'upstream': 81, 'mito': 6, 'dark': 6}, 'AL-VA1v(R)': {'post': 42, 'upstream': 42, 'mito': 3, 'dark': 3}, 'AL-VM7d(R)': {'post': 2, 'upstream': 2, 'mito': 1, 'dark': 1}, 'VMNP': {'pre': 28, 'post': 231, 'downstream': 287, 'upstream': 231, 'mito': 36, 'dark': 32, 'light': 3, 'medium': 1}, 'SPS(R)': {'pre': 26, 'post': 4, 'downstream': 273, 'upstream': 4, 'mito': 3, 'light': 3}, 'AL-VC3l(R)': {'post': 15, 'upstream': 15, 'mito': 1, 'dark': 1}, 'AL-VC5(R)': {'post': 209, 'upstream': 209, 'mito': 23, 'dark': 21, 'medium': 2}, 'WED(R)': {'pre': 417, 'post': 95, 'downstream': 4349, 'upstream': 95, 'mito': 100, 'dark': 31, 'light': 4, 'medium': 65}, 'AL-VL2a(R)': {'post': 2, 'upstream': 2}, 'AL-VP1l(R)': {'post': 18, 'upstream': 18, 'mito': 4, 'dark': 4}, 'AL-VA6(R)': {'post': 5, 'upstream': 5}, 'AL-VM7v(R)': {'post': 2, 'upstream': 2}, 'AL-VC1(R)': {'post': 22, 'upstream': 22, 'mito': 1, 'dark': 1}, 'AL-VP3(R)': {'post': 89, 'upstream': 89, 'mito': 6, 'dark': 6}, 'VES(R)': {'pre': 2, 'post': 227, 'downstream': 14, 'upstream': 227, 'mito': 33, 'dark': 32, 'medium': 1}, 'AL-VP5(R)': {'post': 601, 'upstream': 601, 'mito': 33, 'dark': 32, 'medium': 1}, 'AL-VA5(R)': {'post': 4, 'upstream': 4}, 'AL-VC2(R)': {'post': 33, 'upstream': 33, 'mito': 1, 'dark': 1}, 'AL-VL2p(R)': {'post': 9, 'upstream': 9}, 'AL-VL1(R)': {'post': 40, 'upstream': 40, 'mito': 3, 'dark': 3}, 'AL-VM4(R)': {'post': 10, 'upstream': 10, 'mito': 2, 'dark': 2}, 'AL-V(R)': {'post': 158, 'upstream': 158, 'mito': 7, 'dark': 7}, 'PENP': {'pre': 1, 'post': 127, 'downstream': 2, 'upstream': 127, 'mito': 22, 'dark': 21, 'medium': 1}, 'FLA(R)': {'post': 1, 'upstream': 1}, 'SAD': {'pre': 1, 'post': 126, 'downstream': 2, 'upstream': 126, 'mito': 22, 'dark': 21, 'medium': 1}, 'SAD(-AMMC)': {'pre': 1, 'post': 126, 'downstream': 2, 'upstream': 126, 'mito': 22, 'dark': 21, 'medium': 1}, 'GNG': {'post': 6, 'upstream': 6}}",,"['AL(R)', 'AL-DA1(R)', 'AL-DC3(R)', 'AL-DC4(R)', 'AL-DL1(R)', 'AL-DL2v(R)', 'AL-DM4(R)', 'AL-V(R)', 'AL-VA1v(R)', 'AL-VA5(R)', 'AL-VA6(R)', 'AL-VC1(R)', 'AL-VC2(R)', 'AL-VC3l(R)', 'AL-VC5(R)', 'AL-VL1(R)', 'AL-VL2a(R)', 'AL-VL2p(R)', 'AL-VM4(R)', 'AL-VM7d(R)', 'AL-VM7v(R)', 'AL-VP1d(R)', 'AL-VP1l(R)', 'AL-VP1m(R)', 'AL-VP2(R)', 'AL-VP3(R)', 'AL-VP4(R)', 'AL-VP5(R)', 'CRE(-ROB,-RUB)(R)', 'CRE(R)', 'FLA(R)', 'GNG', 'INP', 'LAL(-GA)(R)', 'LAL(R)', 'LX(R)', 'PENP', 'PLP(R)', 'SAD', 'SAD(-AMMC)', 'SPS(R)', 'VES(R)', 'VLNP(R)', 'VMNP', 'WED(R)']","['AL(R)', 'AL-DL1(R)', 'AL-DL2v(R)', 'AL-VP2(R)', 'CRE(-ROB,-RUB)(R)', 'CRE(R)', 'INP', 'LAL(-GA)(R)', 'LAL(R)', 'LX(R)', 'PENP', 'PLP(R)', 'SAD', 'SAD(-AMMC)', 'SPS(R)', 'VES(R)', 'VLNP(R)', 'VMNP', 'WED(R)']"
1888213190,M_adPNm4_R,M_adPNm4,181,760,1323,760,133,436101864,Traced,False,Roughly traced,AVM01,,,"{'MB(R)': {'pre': 50, 'post': 87, 'downstream': 364, 'upstream': 87, 'mito': 7, 'dark': 7}, 'CA(R)': {'pre': 50, 'post': 87, 'downstream': 364, 'upstream': 87, 'mito': 7, 'dark': 7}, 'MB(+ACA)(R)': {'pre': 50, 'post': 87, 'downstream': 364, 'upstream': 87, 'mito': 7, 'dark': 7}, 'LH(R)': {'pre': 73, 'post': 50, 'downstream': 663, 'upstream': 50, 'mito': 17, 'dark': 16, 'medium': 1}, 'mALT(R)': {'pre': 1, 'post': 12, 'downstream': 3, 'upstream': 12, 'mito': 15, 'dark': 15}, 'SNP(R)': {'pre': 6, 'post': 11, 'downstream': 63, 'upstream': 11, 'mito': 1, 'dark': 1}, 'SLP(R)': {'pre': 6, 'post': 11, 'downstream': 63, 'upstream': 11, 'mito': 1, 'dark': 1}, 'AL(R)': {'pre': 51, 'post': 597, 'downstream': 230, 'upstream': 597, 'mito': 81, 'dark': 80, 'medium': 1}, 'AL-DC4(R)': {'pre': 6, 'post': 99, 'downstream': 28, 'upstream': 99, 'mito': 10, 'dark': 10}, 'AL-DC2(R)': {'pre': 2, 'post': 15, 'downstream': 9, 'upstream': 15, 'mito': 1, 'dark': 1}, 'AL-DP1m(R)': {'post': 1, 'upstream': 1}, 'AL-VM7d(R)': {'post': 34, 'upstream': 34, 'mito': 4, 'dark': 4}, 'AL-VM7v(R)': {'pre': 1, 'post': 13, 'downstream': 6, 'upstream': 13, 'mito': 3, 'dark': 3}, 'AL-VM5d(R)': {'post': 51, 'upstream': 51, 'mito': 3, 'dark': 3}, 'AL-VC3l(R)': {'pre': 15, 'post': 162, 'downstream': 55, 'upstream': 162, 'mito': 19, 'dark': 19}, 'AL-VC1(R)': {'pre': 4, 'post': 20, 'downstream': 18, 'upstream': 20, 'mito': 4, 'dark': 4}, 'AL-VC5(R)': {'pre': 7, 'post': 27, 'downstream': 35, 'upstream': 27, 'mito': 7, 'dark': 7}, 'AL-VM5v(R)': {'post': 1, 'upstream': 1}, 'AL-VC4(R)': {'pre': 2, 'post': 15, 'downstream': 8, 'upstream': 15, 'mito': 3, 'dark': 3}, 'AL-VC3m(R)': {'pre': 2, 'post': 64, 'downstream': 10, 'upstream': 64, 'mito': 7, 'dark': 6, 'medium': 1}, 'AL-VC2(R)': {'pre': 3, 'post': 26, 'downstream': 15, 'upstream': 26, 'mito': 4, 'dark': 4}, 'AL-VP1d(R)': {'pre': 1, 'post': 1, 'downstream': 4, 'upstream': 1, 'mito': 1, 'dark': 1}, 'AL-VM4(R)': {'post': 44, 'upstream': 44, 'mito': 10, 'dark': 10}, 'AL-VL1(R)': {'pre': 1, 'post': 6, 'downstream': 7, 'upstream': 6, 'mito': 2, 'dark': 2}, 'AL-VA5(R)': {'post': 4, 'upstream': 4}, 'AL-VA4(R)': {'pre': 1, 'downstream': 5, 'mito': 1, 'dark': 1}}",,"['AL(R)', 'AL-DC2(R)', 'AL-DC4(R)', 'AL-DP1m(R)', 'AL-VA5(R)', 'AL-VC1(R)', 'AL-VC2(R)', 'AL-VC3l(R)', 'AL-VC3m(R)', 'AL-VC4(R)', 'AL-VC5(R)', 'AL-VL1(R)', 'AL-VM4(R)', 'AL-VM5d(R)', 'AL-VM5v(R)', 'AL-VM7d(R)', 'AL-VM7v(R)', 'AL-VP1d(R)', 'CA(R)', 'LH(R)', 'MB(+ACA)(R)', 'MB(R)', 'SLP(R)', 'SNP(R)', 'mALT(R)']","['AL(R)', 'AL-DC2(R)', 'AL-DC4(R)', 'AL-VA4(R)', 'AL-VC1(R)', 'AL-VC2(R)', 'AL-VC3l(R)', 'AL-VC3m(R)', 'AL-VC4(R)', 'AL-VC5(R)', 'AL-VL1(R)', 'AL-VM7v(R)', 'AL-VP1d(R)', 'CA(R)', 'LH(R)', 'MB(+ACA)(R)', 'MB(R)', 'SLP(R)', 'SNP(R)', 'mALT(R)']"
1888524453,VA1d_vPN_R,VA1d_vPN,413,1412,4849,1412,289,1275100478,Traced,False,Roughly traced,AVM04,526.5,"[20677, 34094, 33376]","{'LH(R)': {'pre': 399, 'post': 86, 'downstream': 4722, 'upstream': 86, 'mito': 122, 'dark': 95, 'light': 3, 'medium': 24}, 'SNP(R)': {'pre': 5, 'post': 3, 'downstream': 60, 'upstream': 3, 'mito': 1, 'light': 1}, 'SLP(R)': {'pre': 5, 'post': 3, 'downstream': 60, 'upstream': 3, 'mito': 1, 'light': 1}, 'INP': {'pre': 1, 'downstream': 14, 'mito': 1, 'medium': 1}, 'SCL(R)': {'pre': 1, 'downstream': 14, 'mito': 1, 'medium': 1}, 'VLNP(R)': {'pre': 4, 'post': 1, 'downstream': 40, 'upstream': 1, 'mito': 4, 'dark': 4}, 'PLP(R)': {'pre': 4, 'post': 1, 'downstream': 40, 'upstream': 1, 'mito': 4, 'dark': 4}, 'AL(R)': {'pre': 4, 'post': 1319, 'downstream': 13, 'upstream': 1319, 'mito': 107, 'dark': 107}, 'AL-DC3(R)': {'pre': 1, 'post': 14, 'downstream': 4, 'upstream': 14, 'mito': 5, 'dark': 5}, 'AL-VA1d(R)': {'pre': 3, 'post': 1211, 'downstream': 9, 'upstream': 1211, 'mito': 74, 'dark': 74}, 'AL-VA1v(R)': {'post': 79, 'upstream': 79, 'mito': 16, 'dark': 16}, 'AL-VL2a(R)': {'post': 1, 'upstream': 1, 'mito': 5, 'dark': 5}, 'AL-VP1d(R)': {'post': 5, 'upstream': 5, 'mito': 2, 'dark': 2}, 'AL-VA7l(R)': {'post': 2, 'upstream': 2}, 'AL-VP3(R)': {'post': 1, 'upstream': 1}}",,"['AL(R)', 'AL-DC3(R)', 'AL-VA1d(R)', 'AL-VA1v(R)', 'AL-VA7l(R)', 'AL-VL2a(R)', 'AL-VP1d(R)', 'AL-VP3(R)', 'LH(R)', 'PLP(R)', 'SLP(R)', 'SNP(R)', 'VLNP(R)']","['AL(R)', 'AL-DC3(R)', 'AL-VA1d(R)', 'INP', 'LH(R)', 'PLP(R)', 'SCL(R)', 'SLP(R)', 'SNP(R)', 'VLNP(R)']"
1888572074,VM5d_adPN_R,VM5d_adPN,478,1711,3667,1711,246,963484280,Traced,False,Roughly traced,AVM01,451.5,"[21515, 37136, 24336]","{'LH(R)': {'pre': 169, 'post': 90, 'downstream': 1502, 'upstream': 90, 'mito': 39, 'dark': 33, 'medium': 6}, 'MB(R)': {'pre': 119, 'post': 52, 'downstream': 1164, 'upstream': 52, 'mito': 16, 'dark': 15, 'light': 1}, 'CA(R)': {'pre': 119, 'post': 52, 'downstream': 1164, 'upstream': 52, 'mito': 16, 'dark': 15, 'light': 1}, 'MB(+ACA)(R)': {'pre': 119, 'post': 52, 'downstream': 1164, 'upstream': 52, 'mito': 16, 'dark': 15, 'light': 1}, 'mALT(R)': {'pre': 6, 'post': 17, 'downstream': 39, 'upstream': 17, 'mito': 41, 'dark': 41}, 'AL(R)': {'pre': 184, 'post': 1552, 'downstream': 962, 'upstream': 1552, 'mito': 109, 'dark': 103, 'medium': 6}, 'AL-VM7v(R)': {'pre': 5, 'post': 44, 'downstream': 20, 'upstream': 44, 'mito': 4, 'dark': 4}, 'AL-VM5d(R)': {'pre': 146, 'post': 1377, 'downstream': 779, 'upstream': 1377, 'mito': 84, 'dark': 79, 'medium': 5}, 'AL-DM5(R)': {'pre': 4, 'post': 3, 'downstream': 20, 'upstream': 3}, 'AL-DC2(R)': {'pre': 9, 'post': 57, 'downstream': 46, 'upstream': 57, 'mito': 4, 'dark': 4}, 'AL-VM5v(R)': {'pre': 5, 'post': 25, 'downstream': 28, 'upstream': 25, 'mito': 6, 'dark': 5, 'medium': 1}, 'AL-VC4(R)': {'pre': 15, 'post': 46, 'downstream': 69, 'upstream': 46, 'mito': 9, 'dark': 9}}",,"['AL(R)', 'AL-DC2(R)', 'AL-DM5(R)', 'AL-VC4(R)', 'AL-VM5d(R)', 'AL-VM5v(R)', 'AL-VM7v(R)', 'CA(R)', 'LH(R)', 'MB(+ACA)(R)', 'MB(R)', 'mALT(R)']","['AL(R)', 'AL-DC2(R)', 'AL-DM5(R)', 'AL-VC4(R)', 'AL-VM5d(R)', 'AL-VM5v(R)', 'AL-VM7v(R)', 'CA(R)', 'LH(R)', 'MB(+ACA)(R)', 'MB(R)', 'mALT(R)']"
1889253763,VM7v_adPN_R,VM7v_adPN,967,1749,7223,1749,384,1502701862,Traced,False,Roughly traced,AVM01,496.5,"[22503, 35209, 24016]","{'MB(R)': {'pre': 148, 'post': 67, 'downstream': 1337, 'upstream': 67, 'mito': 13, 'dark': 13}, 'CA(R)': {'pre': 148, 'post': 67, 'downstream': 1337, 'upstream': 67, 'mito': 13, 'dark': 13}, 'MB(+ACA)(R)': {'pre': 148, 'post': 67, 'downstream': 1337, 'upstream': 67, 'mito': 13, 'dark': 13}, 'LH(R)': {'pre': 436, 'post': 123, 'downstream': 3821, 'upstream': 123, 'mito': 71, 'dark': 66, 'light': 4, 'medium': 1}, 'SNP(R)': {'pre': 16, 'post': 4, 'downstream': 154, 'upstream': 4, 'mito': 1, 'dark': 1}, 'SLP(R)': {'pre': 16, 'post': 4, 'downstream': 154, 'upstream': 4, 'mito': 1, 'dark': 1}, 'mALT(R)': {'pre': 16, 'post': 23, 'downstream': 61, 'upstream': 23, 'mito': 59, 'dark': 59}, 'INP': {'pre': 4, 'post': 2, 'downstream': 26, 'upstream': 2, 'mito': 3, 'dark': 3}, 'SCL(R)': {'pre': 4, 'post': 2, 'downstream': 26, 'upstream': 2, 'mito': 2, 'dark': 2}, 'VLNP(R)': {'pre': 13, 'downstream': 134}, 'AVLP(R)': {'pre': 13, 'downstream': 134}, 'AL(R)': {'pre': 333, 'post': 1530, 'downstream': 1687, 'upstream': 1530, 'mito': 183, 'dark': 170, 'medium': 13}, 'AL-DC4(R)': {'pre': 34, 'post': 71, 'downstream': 161, 'upstream': 71, 'mito': 13, 'dark': 11, 'medium': 2}, 'AL-VM7v(R)': {'pre': 275, 'post': 1339, 'downstream': 1409, 'upstream': 1339, 'mito': 153, 'dark': 143, 'medium': 10}, 'AL-VM7d(R)': {'pre': 1, 'post': 6, 'downstream': 5, 'upstream': 6}, 'AL-VM5d(R)': {'post': 1, 'upstream': 1}, 'AL-DC2(R)': {'pre': 1, 'post': 11, 'downstream': 2, 'upstream': 11, 'mito': 2, 'dark': 1, 'medium': 1}, 'AL-VC3l(R)': {'pre': 14, 'post': 59, 'downstream': 69, 'upstream': 59, 'mito': 8, 'dark': 8}, 'AL-VC4(R)': {'pre': 4, 'post': 37, 'downstream': 21, 'upstream': 37, 'mito': 2, 'dark': 2}, 'AL-VC1(R)': {'pre': 4, 'post': 3, 'downstream': 20, 'upstream': 3, 'mito': 2, 'dark': 2}}",,"['AL(R)', 'AL-DC2(R)', 'AL-DC4(R)', 'AL-VC1(R)', 'AL-VC3l(R)', 'AL-VC4(R)', 'AL-VM5d(R)', 'AL-VM7d(R)', 'AL-VM7v(R)', 'CA(R)', 'INP', 'LH(R)', 'MB(+ACA)(R)', 'MB(R)', 'SCL(R)', 'SLP(R)', 'SNP(R)', 'mALT(R)']","['AL(R)', 'AL-DC2(R)', 'AL-DC4(R)', 'AL-VC1(R)', 'AL-VC3l(R)', 'AL-VC4(R)', 'AL-VM7d(R)', 'AL-VM7v(R)', 'AVLP(R)', 'CA(R)', 'INP', 'LH(R)', 'MB(+ACA)(R)', 'MB(R)', 'SCL(R)', 'SLP(R)', 'SNP(R)', 'VLNP(R)', 'mALT(R)']"
1889253785,VA3_adPN_R,VA3_adPN,1414,3155,11329,3155,453,2258472201,Traced,False,Roughly traced,AVM01,541.5,"[22294, 36000, 23152]","{'MB(R)': {'pre': 323, 'post': 106, 'downstream': 3101, 'upstream': 106, 'mito': 16, 'dark': 16}, 'CA(R)': {'pre': 323, 'post': 106, 'downstream': 3101, 'upstream': 106, 'mito': 16, 'dark': 16}, 'MB(+ACA)(R)': {'pre': 323, 'post': 106, 'downstream': 3101, 'upstream': 106, 'mito': 16, 'dark': 16}, 'LH(R)': {'pre': 610, 'post': 229, 'downstream': 5598, 'upstream': 229, 'mito': 82, 'dark': 76, 'light': 1, 'medium': 5}, 'mALT(R)': {'pre': 17, 'post': 31, 'downstream': 72, 'upstream': 31, 'mito': 74, 'dark': 73, 'light': 1}, 'AL(R)': {'pre': 464, 'post': 2788, 'downstream': 2558, 'upstream': 2788, 'mito': 229, 'dark': 213, 'light': 5, 'medium': 11}, 'AL-DC4(R)': {'post': 3, 'upstream': 3, 'mito': 4, 'dark': 4}, 'AL-VM7v(R)': {'post': 1, 'upstream': 1, 'mito': 4, 'dark': 4}, 'AL-VC1(R)': {'pre': 1, 'post': 3, 'downstream': 1, 'upstream': 3, 'mito': 13, 'dark': 12, 'light': 1}, 'AL-VC2(R)': {'pre': 34, 'post': 62, 'downstream': 178, 'upstream': 62, 'mito': 14, 'dark': 13, 'light': 1}, 'AL-VA3(R)': {'pre': 335, 'post': 2500, 'downstream': 1859, 'upstream': 2500, 'mito': 161, 'dark': 153, 'medium': 8}, 'AL-VA2(R)': {'pre': 2, 'post': 13, 'downstream': 8, 'upstream': 13, 'mito': 1, 'dark': 1}, 'AL-VA5(R)': {'pre': 30, 'post': 59, 'downstream': 167, 'upstream': 59, 'mito': 10, 'dark': 9, 'light': 1}, 'AL-VL1(R)': {'pre': 15, 'post': 47, 'downstream': 97, 'upstream': 47, 'mito': 2, 'dark': 1, 'medium': 1}, 'AL-VA4(R)': {'pre': 43, 'post': 92, 'downstream': 232, 'upstream': 92, 'mito': 11, 'dark': 10, 'light': 1}}",,"['AL(R)', 'AL-DC4(R)', 'AL-VA2(R)', 'AL-VA3(R)', 'AL-VA4(R)', 'AL-VA5(R)', 'AL-VC1(R)', 'AL-VC2(R)', 'AL-VL1(R)', 'AL-VM7v(R)', 'CA(R)', 'LH(R)', 'MB(+ACA)(R)', 'MB(R)', 'mALT(R)']","['AL(R)', 'AL-VA2(R)', 'AL-VA3(R)', 'AL-VA4(R)', 'AL-VA5(R)', 'AL-VC1(R)', 'AL-VC2(R)', 'AL-VL1(R)', 'CA(R)', 'LH(R)', 'MB(+ACA)(R)', 'MB(R)', 'mALT(R)']"
1889883818,VL2a_vPN_R,VL2a_vPN,160,833,1607,833,151,362722796,Traced,False,Roughly traced,AVM04,,,"{'LH(R)': {'pre': 136, 'post': 73, 'downstream': 1481, 'upstream': 73, 'mito': 43, 'dark': 41, 'light': 2}, 'VLNP(R)': {'pre': 5, 'downstream': 39, 'mito': 1, 'dark': 1}, 'AVLP(R)': {'pre': 5, 'downstream': 39, 'mito': 1, 'dark': 1}, 'mALT(R)': {'post': 1, 'upstream': 1}, 'AL(R)': {'pre': 18, 'post': 757, 'downstream': 81, 'upstream': 757, 'mito': 79, 'dark': 79}, 'AL-DC3(R)': {'post': 69, 'upstream': 69, 'mito': 7, 'dark': 7}, 'AL-VL2a(R)': {'pre': 18, 'post': 655, 'downstream': 81, 'upstream': 655, 'mito': 62, 'dark': 62}, 'AL-DL2v(R)': {'post': 3, 'upstream': 3, 'mito': 1, 'dark': 1}, 'AL-VL2p(R)': {'post': 15, 'upstream': 15, 'mito': 1, 'dark': 1}, 'PENP': {'post': 1, 'upstream': 1}, 'SAD': {'post': 1, 'upstream': 1}, 'AMMC': {'post': 1, 'upstream': 1}}",,"['AL(R)', 'AL-DC3(R)', 'AL-DL2v(R)', 'AL-VL2a(R)', 'AL-VL2p(R)', 'AMMC', 'LH(R)', 'PENP', 'SAD', 'mALT(R)']","['AL(R)', 'AL-VL2a(R)', 'AVLP(R)', 'LH(R)', 'VLNP(R)']"
1912435859,M_lvPNm47_R,M_lvPNm47,178,370,1156,370,101,342985990,Traced,False,Roughly traced,AVM06,,,"{'mALT(R)': {'pre': 3, 'post': 6, 'downstream': 5, 'upstream': 6, 'mito': 13, 'dark': 13}, 'SNP(R)': {'pre': 7, 'post': 9, 'downstream': 45, 'upstream': 9, 'mito': 5, 'dark': 5}, 'SMP(R)': {'pre': 7, 'post': 9, 'downstream': 45, 'upstream': 9, 'mito': 5, 'dark': 5}, 'INP': {'pre': 30, 'post': 48, 'downstream': 217, 'upstream': 48, 'mito': 12, 'dark': 12}, 'SCL(R)': {'pre': 30, 'post': 48, 'downstream': 217, 'upstream': 48, 'mito': 12, 'dark': 12}, 'LH(R)': {'post': 2, 'upstream': 2}, 'VLNP(R)': {'pre': 98, 'post': 175, 'downstream': 689, 'upstream': 175, 'mito': 32, 'dark': 32}, 'PLP(R)': {'pre': 98, 'post': 175, 'downstream': 689, 'upstream': 175, 'mito': 32, 'dark': 32}, 'AL(R)': {'pre': 38, 'post': 119, 'downstream': 190, 'upstream': 119, 'mito': 34, 'dark': 33, 'medium': 1}, 'AL-D(R)': {'post': 12, 'upstream': 12, 'mito': 1, 'dark': 1}, 'AL-DL1(R)': {'post': 1, 'upstream': 1}, 'AL-DC1(R)': {'pre': 2, 'post': 14, 'downstream': 12, 'upstream': 14, 'mito': 3, 'dark': 3}, 'AL-DC4(R)': {'pre': 7, 'post': 14, 'downstream': 38, 'upstream': 14, 'mito': 2, 'dark': 2}, 'AL-DC2(R)': {'pre': 4, 'post': 4, 'downstream': 23, 'upstream': 4, 'mito': 1, 'dark': 1}, 'AL-VP1d(R)': {'pre': 3, 'post': 9, 'downstream': 17, 'upstream': 9, 'mito': 2, 'dark': 2}, 'AL-VP4(R)': {'pre': 1, 'post': 4, 'downstream': 2, 'upstream': 4, 'mito': 1, 'dark': 1}, 'AL-VC5(R)': {'pre': 6, 'post': 20, 'downstream': 20, 'upstream': 20, 'mito': 8, 'dark': 8}, 'AL-VP1m(R)': {'post': 1, 'upstream': 1}, 'AL-VP1l(R)': {'post': 1, 'upstream': 1, 'mito': 1, 'dark': 1}, 'AL-VP2(R)': {'pre': 7, 'post': 12, 'downstream': 37, 'upstream': 12, 'mito': 4, 'dark': 3, 'medium': 1}, 'AL-VP5(R)': {'pre': 6, 'post': 13, 'downstream': 28, 'upstream': 13, 'mito': 6, 'dark': 6}, 'VMNP': {'pre': 2, 'post': 6, 'downstream': 10, 'upstream': 6, 'mito': 2, 'dark': 2}, 'VES(R)': {'pre': 2, 'post': 6, 'downstream': 10, 'upstream': 6, 'mito': 2, 'dark': 2}, 'PENP': {'post': 4, 'upstream': 4}, 'SAD': {'post': 4, 'upstream': 4}, 'SAD(-AMMC)': {'post': 4, 'upstream': 4}}",VP2++ lvPN (Marin et al. Curr Biol 2020),"['AL(R)', 'AL-D(R)', 'AL-DC1(R)', 'AL-DC2(R)', 'AL-DC4(R)', 'AL-DL1(R)', 'AL-VC5(R)', 'AL-VP1d(R)', 'AL-VP1l(R)', 'AL-VP1m(R)', 'AL-VP2(R)', 'AL-VP4(R)', 'AL-VP5(R)', 'INP', 'LH(R)', 'PENP', 'PLP(R)', 'SAD', 'SAD(-AMMC)', 'SCL(R)', 'SMP(R)', 'SNP(R)', 'VES(R)', 'VLNP(R)', 'VMNP', 'mALT(R)']","['AL(R)', 'AL-DC1(R)', 'AL-DC2(R)', 'AL-DC4(R)', 'AL-VC5(R)', 'AL-VP1d(R)', 'AL-VP2(R)', 'AL-VP4(R)', 'AL-VP5(R)', 'INP', 'PLP(R)', 'SCL(R)', 'SMP(R)', 'SNP(R)', 'VES(R)', 'VLNP(R)', 'VMNP', 'mALT(R)']"
1912777226,M_lvPNm48_R,M_lvPNm48,151,418,837,418,94,408550461,Traced,False,Roughly traced,AVM06,406.5,"[14373, 32349, 33024]","{'SNP(R)': {'post': 5, 'upstream': 5, 'mito': 1, 'dark': 1}, 'SMP(R)': {'post': 5, 'upstream': 5, 'mito': 1, 'dark': 1}, 'INP': {'pre': 31, 'post': 46, 'downstream': 205, 'upstream': 46, 'mito': 13, 'dark': 13}, 'SCL(R)': {'pre': 31, 'post': 46, 'downstream': 205, 'upstream': 46, 'mito': 13, 'dark': 13}, 'VLNP(R)': {'pre': 65, 'post': 176, 'downstream': 376, 'upstream': 176, 'mito': 21, 'dark': 21}, 'PLP(R)': {'pre': 65, 'post': 176, 'downstream': 376, 'upstream': 176, 'mito': 21, 'dark': 21}, 'mALT(R)': {'post': 7, 'upstream': 7, 'mito': 12, 'dark': 11, 'medium': 1}, 'AL(R)': {'pre': 48, 'post': 156, 'downstream': 226, 'upstream': 156, 'mito': 35, 'dark': 35}, 'AL-DC4(R)': {'post': 6, 'upstream': 6, 'mito': 1, 'dark': 1}, 'AL-VP2(R)': {'pre': 10, 'post': 41, 'downstream': 50, 'upstream': 41, 'mito': 7, 'dark': 7}, 'AL-VC5(R)': {'pre': 5, 'post': 26, 'downstream': 19, 'upstream': 26, 'mito': 8, 'dark': 8}, 'AL-VP1m(R)': {'pre': 1, 'post': 2, 'downstream': 4, 'upstream': 2, 'mito': 1, 'dark': 1}, 'AL-VP1d(R)': {'post': 1, 'upstream': 1}, 'AL-VA5(R)': {'post': 3, 'upstream': 3}, 'AL-VL1(R)': {'pre': 3, 'post': 7, 'downstream': 15, 'upstream': 7, 'mito': 3, 'dark': 3}, 'AL-VP5(R)': {'pre': 19, 'post': 50, 'downstream': 93, 'upstream': 50, 'mito': 10, 'dark': 10}, 'AL-VC2(R)': {'pre': 2, 'downstream': 8, 'mito': 1, 'dark': 1}, 'AL-VP3(R)': {'pre': 3, 'post': 4, 'downstream': 12, 'upstream': 4}, 'VMNP': {'pre': 6, 'post': 20, 'downstream': 28, 'upstream': 20, 'mito': 4, 'dark': 4}, 'VES(R)': {'pre': 6, 'post': 20, 'downstream': 28, 'upstream': 20, 'mito': 4, 'dark': 4}, 'AL-V(R)': {'pre': 5, 'post': 5, 'downstream': 25, 'upstream': 5, 'mito': 2, 'dark': 2}, 'PENP': {'post': 5, 'upstream': 5}, 'SAD': {'post': 5, 'upstream': 5}, 'AMMC': {'post': 4, 'upstream': 4}, 'SAD(-AMMC)': {'post': 1, 'upstream': 1}, 'GNG': {'post': 3, 'upstream': 3}}",VP2+VP5 lvPN (Marin et al. Curr Biol 2020),"['AL(R)', 'AL-DC4(R)', 'AL-V(R)', 'AL-VA5(R)', 'AL-VC5(R)', 'AL-VL1(R)', 'AL-VP1d(R)', 'AL-VP1m(R)', 'AL-VP2(R)', 'AL-VP3(R)', 'AL-VP5(R)', 'AMMC', 'GNG', 'INP', 'PENP', 'PLP(R)', 'SAD', 'SAD(-AMMC)', 'SCL(R)', 'SMP(R)', 'SNP(R)', 'VES(R)', 'VLNP(R)', 'VMNP', 'mALT(R)']","['AL(R)', 'AL-V(R)', 'AL-VC2(R)', 'AL-VC5(R)', 'AL-VL1(R)', 'AL-VP1m(R)', 'AL-VP2(R)', 'AL-VP3(R)', 'AL-VP5(R)', 'INP', 'PLP(R)', 'SCL(R)', 'VES(R)', 'VLNP(R)', 'VMNP']"
1912789965,VL1_ilPN,VL1_ilPN,906,3560,6961,3560,256,1125594934,Traced,False,Roughly traced,,,,"{'mALT(R)': {'pre': 3, 'post': 11, 'downstream': 6, 'upstream': 11, 'mito': 23, 'dark': 22, 'medium': 1}, 'INP': {'pre': 30, 'post': 25, 'downstream': 242, 'upstream': 25, 'mito': 14, 'dark': 14}, 'SCL(R)': {'pre': 30, 'post': 25, 'downstream': 242, 'upstream': 25, 'mito': 14, 'dark': 14}, 'MB(R)': {'pre': 50, 'post': 27, 'downstream': 399, 'upstream': 27, 'mito': 5, 'dark': 4, 'medium': 1}, 'CA(R)': {'pre': 50, 'post': 27, 'downstream': 399, 'upstream': 27, 'mito': 5, 'dark': 4, 'medium': 1}, 'MB(+ACA)(R)': {'pre': 50, 'post': 27, 'downstream': 399, 'upstream': 27, 'mito': 5, 'dark': 4, 'medium': 1}, 'VLNP(R)': {'pre': 120, 'post': 100, 'downstream': 1121, 'upstream': 100, 'mito': 24, 'dark': 24}, 'PLP(R)': {'pre': 120, 'post': 100, 'downstream': 1121, 'upstream': 100, 'mito': 24, 'dark': 24}, 'LH(R)': {'pre': 189, 'post': 112, 'downstream': 1817, 'upstream': 112, 'mito': 30, 'dark': 28, 'light': 2}, 'AL(R)': {'pre': 513, 'post': 3285, 'downstream': 3374, 'upstream': 3285, 'mito': 150, 'dark': 148, 'light': 1, 'medium': 1}, 'AL-VL2a(R)': {'post': 4, 'upstream': 4, 'mito': 1, 'dark': 1}, 'AL-VL2p(R)': {'pre': 4, 'post': 11, 'downstream': 28, 'upstream': 11}, 'AL-VL1(R)': {'pre': 459, 'post': 3129, 'downstream': 3048, 'upstream': 3129, 'mito': 119, 'dark': 117, 'light': 1, 'medium': 1}, 'AL-VP1m(R)': {'pre': 5, 'post': 4, 'downstream': 15, 'upstream': 4, 'mito': 11, 'dark': 11}, 'AL-VA5(R)': {'post': 2, 'upstream': 2}, 'AL-VP1d(R)': {'post': 1, 'upstream': 1}, 'AL-VP1l(R)': {'post': 2, 'upstream': 2, 'mito': 3, 'dark': 3}, 'AL-VP4(R)': {'pre': 4, 'post': 4, 'downstream': 21, 'upstream': 4, 'mito': 1, 'dark': 1}, 'AL-VP2(R)': {'post': 2, 'upstream': 2, 'mito': 5, 'dark': 5}, 'AL-VP5(R)': {'pre': 1, 'post': 1, 'downstream': 2, 'upstream': 1, 'mito': 1, 'dark': 1}, 'PENP': {'pre': 1, 'downstream': 2, 'mito': 2, 'dark': 2}, 'SAD': {'pre': 1, 'downstream': 2, 'mito': 2, 'dark': 2}, 'SAD(-AMMC)': {'pre': 1, 'downstream': 2, 'mito': 2, 'dark': 2}}",,"['AL(R)', 'AL-VA5(R)', 'AL-VL1(R)', 'AL-VL2a(R)', 'AL-VL2p(R)', 'AL-VP1d(R)', 'AL-VP1l(R)', 'AL-VP1m(R)', 'AL-VP2(R)', 'AL-VP4(R)', 'AL-VP5(R)', 'CA(R)', 'INP', 'LH(R)', 'MB(+ACA)(R)', 'MB(R)', 'PLP(R)', 'SCL(R)', 'VLNP(R)', 'mALT(R)']","['AL(R)', 'AL-VL1(R)', 'AL-VL2p(R)', 'AL-VP1m(R)', 'AL-VP4(R)', 'AL-VP5(R)', 'CA(R)', 'INP', 'LH(R)', 'MB(+ACA)(R)', 'MB(R)', 'PENP', 'PLP(R)', 'SAD', 'SAD(-AMMC)', 'SCL(R)', 'VLNP(R)', 'mALT(R)']"
1914140664,VM5d_adPN_R,VM5d_adPN,554,1883,4168,1883,235,881363546,Traced,False,Roughly traced,AVM01,,,"{'MB(R)': {'pre': 134, 'post': 48, 'downstream': 1285, 'upstream': 48, 'mito': 18, 'dark': 16, 'medium': 2}, 'CA(R)': {'pre': 134, 'post': 48, 'downstream': 1285, 'upstream': 48, 'mito': 18, 'dark': 16, 'medium': 2}, 'MB(+ACA)(R)': {'pre': 134, 'post': 48, 'downstream': 1285, 'upstream': 48, 'mito': 18, 'dark': 16, 'medium': 2}, 'LH(R)': {'pre': 166, 'post': 92, 'downstream': 1477, 'upstream': 92, 'mito': 40, 'dark': 31, 'light': 1, 'medium': 8}, 'mALT(R)': {'pre': 24, 'post': 23, 'downstream': 151, 'upstream': 23, 'mito': 41, 'dark': 41}, 'AL(R)': {'pre': 230, 'post': 1719, 'downstream': 1255, 'upstream': 1719, 'mito': 113, 'dark': 107, 'medium': 6}, 'AL-VM5d(R)': {'pre': 174, 'post': 1498, 'downstream': 960, 'upstream': 1498, 'mito': 85, 'dark': 79, 'medium': 6}, 'AL-VM7v(R)': {'pre': 5, 'post': 53, 'downstream': 14, 'upstream': 53, 'mito': 11, 'dark': 11}, 'AL-DM5(R)': {'pre': 3, 'post': 1, 'downstream': 16, 'upstream': 1}, 'AL-DC2(R)': {'pre': 12, 'post': 52, 'downstream': 69, 'upstream': 52, 'mito': 6, 'dark': 6}, 'AL-VM5v(R)': {'pre': 21, 'post': 70, 'downstream': 123, 'upstream': 70, 'mito': 7, 'dark': 7}, 'AL-VC4(R)': {'pre': 15, 'post': 43, 'downstream': 73, 'upstream': 43, 'mito': 3, 'dark': 3}}",,"['AL(R)', 'AL-DC2(R)', 'AL-DM5(R)', 'AL-VC4(R)', 'AL-VM5d(R)', 'AL-VM5v(R)', 'AL-VM7v(R)', 'CA(R)', 'LH(R)', 'MB(+ACA)(R)', 'MB(R)', 'mALT(R)']","['AL(R)', 'AL-DC2(R)', 'AL-DM5(R)', 'AL-VC4(R)', 'AL-VM5d(R)', 'AL-VM5v(R)', 'AL-VM7v(R)', 'CA(R)', 'LH(R)', 'MB(+ACA)(R)', 'MB(R)', 'mALT(R)']"
1914823337,VC3l_adPN_R,VC3l_adPN,888,2422,6436,2422,386,1642751205,Traced,False,Roughly traced,AVM01,541.5,"[23028, 35383, 23680]","{'MB(R)': {'pre': 219, 'post': 122, 'downstream': 1929, 'upstream': 122, 'mito': 22, 'dark': 22}, 'CA(R)': {'pre': 219, 'post': 122, 'downstream': 1929, 'upstream': 122, 'mito': 22, 'dark': 22}, 'MB(+ACA)(R)': {'pre': 219, 'post': 122, 'downstream': 1929, 'upstream': 122, 'mito': 22, 'dark': 22}, 'LH(R)': {'pre': 319, 'post': 185, 'downstream': 2717, 'upstream': 185, 'mito': 72, 'dark': 60, 'medium': 12}, 'mALT(R)': {'pre': 11, 'post': 21, 'downstream': 74, 'upstream': 21, 'mito': 62, 'dark': 62}, 'AL(R)': {'pre': 339, 'post': 2091, 'downstream': 1716, 'upstream': 2091, 'mito': 184, 'dark': 180, 'medium': 4}, 'AL-DC4(R)': {'post': 4, 'upstream': 4, 'mito': 2, 'dark': 2}, 'AL-VM7v(R)': {'pre': 2, 'post': 5, 'downstream': 4, 'upstream': 5, 'mito': 2, 'dark': 2}, 'AL-VC3l(R)': {'pre': 225, 'post': 1678, 'downstream': 1167, 'upstream': 1678, 'mito': 111, 'dark': 109, 'medium': 2}, 'AL-VM5v(R)': {'pre': 5, 'post': 32, 'downstream': 29, 'upstream': 32, 'mito': 3, 'dark': 3}, 'AL-VA6(R)': {'pre': 5, 'post': 7, 'downstream': 32, 'upstream': 7, 'mito': 1, 'dark': 1}, 'AL-DC2(R)': {'post': 2, 'upstream': 2, 'mito': 2, 'dark': 1, 'medium': 1}, 'AL-VC2(R)': {'pre': 43, 'post': 110, 'downstream': 199, 'upstream': 110, 'mito': 27, 'dark': 26, 'medium': 1}, 'AL-VA7m(R)': {'pre': 13, 'post': 46, 'downstream': 78, 'upstream': 46, 'mito': 4, 'dark': 4}, 'AL-VC4(R)': {'post': 1, 'upstream': 1, 'mito': 1, 'dark': 1}, 'AL-VC3m(R)': {'pre': 10, 'post': 35, 'downstream': 35, 'upstream': 35, 'mito': 4, 'dark': 4}, 'AL-VC1(R)': {'pre': 18, 'post': 65, 'downstream': 103, 'upstream': 65, 'mito': 8, 'dark': 8}, 'AL-VA4(R)': {'pre': 10, 'post': 56, 'downstream': 42, 'upstream': 56, 'mito': 12, 'dark': 12}, 'AL-VM4(R)': {'pre': 7, 'post': 44, 'downstream': 21, 'upstream': 44, 'mito': 3, 'dark': 3}}",,"['AL(R)', 'AL-DC2(R)', 'AL-DC4(R)', 'AL-VA4(R)', 'AL-VA6(R)', 'AL-VA7m(R)', 'AL-VC1(R)', 'AL-VC2(R)', 'AL-VC3l(R)', 'AL-VC3m(R)', 'AL-VC4(R)', 'AL-VM4(R)', 'AL-VM5v(R)', 'AL-VM7v(R)', 'CA(R)', 'LH(R)', 'MB(+ACA)(R)', 'MB(R)', 'mALT(R)']","['AL(R)', 'AL-VA4(R)', 'AL-VA6(R)', 'AL-VA7m(R)', 'AL-VC1(R)', 'AL-VC2(R)', 'AL-VC3l(R)', 'AL-VC3m(R)', 'AL-VM4(R)', 'AL-VM5v(R)', 'AL-VM7v(R)', 'CA(R)', 'LH(R)', 'MB(+ACA)(R)', 'MB(R)', 'mALT(R)']"
1914823414,VM5d_adPN_R,VM5d_adPN,589,2114,4368,2114,283,960733066,Traced,False,Roughly traced,AVM01,291.5,"[21538, 37079, 25272]","{'LH(R)': {'pre': 168, 'post': 100, 'downstream': 1497, 'upstream': 100, 'mito': 47, 'dark': 40, 'medium': 7}, 'MB(R)': {'pre': 156, 'post': 51, 'downstream': 1446, 'upstream': 51, 'mito': 7, 'dark': 7}, 'CA(R)': {'pre': 156, 'post': 51, 'downstream': 1446, 'upstream': 51, 'mito': 7, 'dark': 7}, 'MB(+ACA)(R)': {'pre': 156, 'post': 51, 'downstream': 1446, 'upstream': 51, 'mito': 7, 'dark': 7}, 'mALT(R)': {'pre': 13, 'post': 26, 'downstream': 87, 'upstream': 26, 'mito': 47, 'dark': 46, 'medium': 1}, 'AL(R)': {'pre': 250, 'post': 1936, 'downstream': 1320, 'upstream': 1936, 'mito': 156, 'dark': 138, 'medium': 18}, 'AL-VM5d(R)': {'pre': 192, 'post': 1694, 'downstream': 1019, 'upstream': 1694, 'mito': 120, 'dark': 108, 'medium': 12}, 'AL-VM7v(R)': {'pre': 4, 'post': 53, 'downstream': 20, 'upstream': 53, 'mito': 10, 'dark': 10}, 'AL-DC2(R)': {'pre': 6, 'post': 50, 'downstream': 30, 'upstream': 50, 'mito': 5, 'dark': 5}, 'AL-DC4(R)': {'pre': 1, 'post': 11, 'downstream': 2, 'upstream': 11, 'mito': 2, 'dark': 2}, 'AL-DM5(R)': {'pre': 3, 'post': 3, 'downstream': 18, 'upstream': 3}, 'AL-VM5v(R)': {'pre': 27, 'post': 79, 'downstream': 139, 'upstream': 79, 'mito': 11, 'dark': 7, 'medium': 4}, 'AL-VC4(R)': {'pre': 16, 'post': 45, 'downstream': 89, 'upstream': 45, 'mito': 6, 'dark': 4, 'medium': 2}}",,"['AL(R)', 'AL-DC2(R)', 'AL-DC4(R)', 'AL-DM5(R)', 'AL-VC4(R)', 'AL-VM5d(R)', 'AL-VM5v(R)', 'AL-VM7v(R)', 'CA(R)', 'LH(R)', 'MB(+ACA)(R)', 'MB(R)', 'mALT(R)']","['AL(R)', 'AL-DC2(R)', 'AL-DC4(R)', 'AL-DM5(R)', 'AL-VC4(R)', 'AL-VM5d(R)', 'AL-VM5v(R)', 'AL-VM7v(R)', 'CA(R)', 'LH(R)', 'MB(+ACA)(R)', 'MB(R)', 'mALT(R)']"
1916528384,M_adPNm5_R,M_adPNm5,177,317,1321,317,109,342914937,Traced,False,Roughly traced,AVM01,386.5,"[21632, 35677, 22464]","{'mALT(R)': {'post': 2, 'upstream': 2, 'mito': 17, 'dark': 17}, 'LH(R)': {'pre': 73, 'post': 21, 'downstream': 647, 'upstream': 21, 'mito': 20, 'dark': 20}, 'INP': {'pre': 5, 'downstream': 41, 'mito': 2, 'dark': 2}, 'SCL(R)': {'pre': 5, 'downstream': 41, 'mito': 2, 'dark': 2}, 'AL(R)': {'pre': 79, 'post': 289, 'downstream': 462, 'upstream': 289, 'mito': 57, 'dark': 56, 'light': 1}, 'AL-DC4(R)': {'post': 20, 'upstream': 20, 'mito': 2, 'dark': 2}, 'AL-DP1m(R)': {'pre': 1, 'downstream': 5, 'mito': 1, 'dark': 1}, 'AL-DC2(R)': {'post': 2, 'upstream': 2, 'mito': 1, 'dark': 1}, 'AL-VC3l(R)': {'pre': 19, 'post': 69, 'downstream': 99, 'upstream': 69, 'mito': 12, 'dark': 12}, 'AL-VC5(R)': {'pre': 8, 'post': 20, 'downstream': 42, 'upstream': 20, 'mito': 3, 'dark': 3}, 'AL-VP1d(R)': {'pre': 1, 'post': 3, 'downstream': 9, 'upstream': 3}, 'AL-VM7v(R)': {'post': 4, 'upstream': 4}, 'AL-VP1m(R)': {'post': 2, 'upstream': 2, 'mito': 1, 'dark': 1}, 'AL-VC4(R)': {'pre': 1, 'post': 5, 'downstream': 3, 'upstream': 5, 'mito': 1, 'dark': 1}, 'AL-VA6(R)': {'post': 1, 'upstream': 1}, 'AL-VC2(R)': {'pre': 13, 'post': 16, 'downstream': 79, 'upstream': 16, 'mito': 5, 'dark': 5}, 'AL-VC1(R)': {'pre': 4, 'post': 20, 'downstream': 17, 'upstream': 20, 'mito': 3, 'dark': 3}, 'AL-VC3m(R)': {'pre': 6, 'post': 6, 'downstream': 33, 'upstream': 6, 'mito': 5, 'dark': 5}, 'AL-VA5(R)': {'post': 27, 'upstream': 27, 'mito': 2, 'dark': 2}, 'AL-VA7l(R)': {'post': 1, 'upstream': 1}, 'AL-VL1(R)': {'pre': 7, 'post': 12, 'downstream': 37, 'upstream': 12, 'mito': 5, 'dark': 5}, 'AL-VM4(R)': {'post': 48, 'upstream': 48, 'mito': 6, 'dark': 6}, 'VMNP': {'pre': 1, 'downstream': 8}, 'VES(R)': {'pre': 1, 'downstream': 8}, 'PENP': {'pre': 19, 'post': 5, 'downstream': 163, 'upstream': 5, 'mito': 3, 'dark': 3}, 'SAD': {'pre': 19, 'post': 5, 'downstream': 163, 'upstream': 5, 'mito': 3, 'dark': 3}, 'SAD(-AMMC)': {'pre': 19, 'post': 5, 'downstream': 163, 'upstream': 5, 'mito': 3, 'dark': 3}}",,"['AL(R)', 'AL-DC2(R)', 'AL-DC4(R)', 'AL-VA5(R)', 'AL-VA6(R)', 'AL-VA7l(R)', 'AL-VC1(R)', 'AL-VC2(R)', 'AL-VC3l(R)', 'AL-VC3m(R)', 'AL-VC4(R)', 'AL-VC5(R)', 'AL-VL1(R)', 'AL-VM4(R)', 'AL-VM7v(R)', 'AL-VP1d(R)', 'AL-VP1m(R)', 'LH(R)', 'PENP', 'SAD', 'SAD(-AMMC)', 'mALT(R)']","['AL(R)', 'AL-DP1m(R)', 'AL-VC1(R)', 'AL-VC2(R)', 'AL-VC3l(R)', 'AL-VC3m(R)', 'AL-VC4(R)', 'AL-VC5(R)', 'AL-VL1(R)', 'AL-VP1d(R)', 'INP', 'LH(R)', 'PENP', 'SAD', 'SAD(-AMMC)', 'SCL(R)', 'VES(R)', 'VMNP']"
1917188956,M_lPNm11D_R,M_lPNm11D,436,1156,2752,1156,224,696991847,Traced,False,Roughly traced,AVM02,386.5,"[12867, 35369, 25288]","{'mALT(R)': {'pre': 38, 'post': 34, 'downstream': 150, 'upstream': 34, 'mito': 24, 'dark': 24}, 'SNP(R)': {'pre': 2, 'post': 3, 'downstream': 25, 'upstream': 3, 'mito': 1, 'dark': 1}, 'SLP(R)': {'pre': 2, 'post': 3, 'downstream': 25, 'upstream': 3, 'mito': 1, 'dark': 1}, 'INP': {'pre': 42, 'post': 26, 'downstream': 371, 'upstream': 26, 'mito': 12, 'dark': 12}, 'SCL(R)': {'pre': 42, 'post': 26, 'downstream': 371, 'upstream': 26, 'mito': 12, 'dark': 12}, 'MB(R)': {'pre': 16, 'post': 9, 'downstream': 116, 'upstream': 9, 'mito': 1, 'dark': 1}, 'CA(R)': {'pre': 16, 'post': 9, 'downstream': 116, 'upstream': 9, 'mito': 1, 'dark': 1}, 'MB(+ACA)(R)': {'pre': 16, 'post': 9, 'downstream': 116, 'upstream': 9, 'mito': 1, 'dark': 1}, 'VLNP(R)': {'pre': 46, 'post': 27, 'downstream': 412, 'upstream': 27, 'mito': 12, 'dark': 12}, 'PLP(R)': {'pre': 46, 'post': 27, 'downstream': 412, 'upstream': 27, 'mito': 12, 'dark': 12}, 'LH(R)': {'pre': 23, 'post': 18, 'downstream': 199, 'upstream': 18, 'mito': 12, 'dark': 11, 'light': 1}, 'AL(R)': {'pre': 269, 'post': 1037, 'downstream': 1479, 'upstream': 1037, 'mito': 142, 'dark': 139, 'medium': 3}, 'AL-DL5(R)': {'post': 1, 'upstream': 1, 'mito': 1, 'dark': 1}, 'AL-DC1(R)': {'pre': 3, 'post': 14, 'downstream': 15, 'upstream': 14, 'mito': 1, 'dark': 1}, 'AL-DL1(R)': {'pre': 2, 'post': 20, 'downstream': 10, 'upstream': 20, 'mito': 1, 'dark': 1}, 'AL-DC4(R)': {'pre': 11, 'post': 44, 'downstream': 63, 'upstream': 44, 'mito': 4, 'dark': 4}, 'AL-DM2(R)': {'pre': 3, 'post': 16, 'downstream': 13, 'upstream': 16, 'mito': 2, 'dark': 2}, 'AL-DP1m(R)': {'pre': 4, 'post': 21, 'downstream': 21, 'upstream': 21, 'mito': 3, 'dark': 3}, 'AL-VP1d(R)': {'pre': 90, 'post': 245, 'downstream': 526, 'upstream': 245, 'mito': 38, 'dark': 37, 'medium': 1}, 'AL-DC2(R)': {'pre': 19, 'post': 71, 'downstream': 91, 'upstream': 71, 'mito': 7, 'dark': 7}, 'AL-DL2v(R)': {'post': 1, 'upstream': 1, 'mito': 1, 'dark': 1}, 'AL-VM7d(R)': {'pre': 6, 'post': 8, 'downstream': 38, 'upstream': 8, 'mito': 1, 'dark': 1}, 'AL-VM7v(R)': {'pre': 7, 'post': 18, 'downstream': 43, 'upstream': 18, 'mito': 5, 'dark': 5}, 'AL-VP4(R)': {'pre': 4, 'post': 24, 'downstream': 20, 'upstream': 24, 'mito': 2, 'dark': 2}, 'AL-DP1l(R)': {'pre': 1, 'post': 7, 'downstream': 5, 'upstream': 7, 'mito': 2, 'dark': 2}, 'AL-DC3(R)': {'post': 2, 'upstream': 2}, 'AL-VP1m(R)': {'pre': 12, 'post': 128, 'downstream': 67, 'upstream': 128, 'mito': 10, 'dark': 10}, 'AL-VC3l(R)': {'pre': 8, 'post': 18, 'downstream': 46, 'upstream': 18, 'mito': 5, 'dark': 5}, 'AL-VA6(R)': {'pre': 3, 'post': 15, 'downstream': 10, 'upstream': 15, 'mito': 1, 'dark': 1}, 'AL-VC1(R)': {'pre': 16, 'post': 40, 'downstream': 79, 'upstream': 40, 'mito': 6, 'dark': 6}, 'AL-VC5(R)': {'pre': 35, 'post': 103, 'downstream': 190, 'upstream': 103, 'mito': 16, 'dark': 15, 'medium': 1}, 'AL-VC4(R)': {'pre': 6, 'post': 22, 'downstream': 28, 'upstream': 22, 'mito': 3, 'dark': 3}, 'AL-VC2(R)': {'pre': 11, 'post': 25, 'downstream': 41, 'upstream': 25, 'mito': 7, 'dark': 6, 'medium': 1}, 'AL-VP1l(R)': {'post': 20, 'upstream': 20, 'mito': 3, 'dark': 3}, 'AL-VC3m(R)': {'post': 23, 'upstream': 23, 'mito': 4, 'dark': 4}, 'AL-VM1(R)': {'post': 29, 'upstream': 29}, 'AL-VM4(R)': {'post': 3, 'upstream': 3}, 'AL-VA4(R)': {'post': 8, 'upstream': 8}, 'AL-VL1(R)': {'pre': 3, 'post': 9, 'downstream': 19, 'upstream': 9, 'mito': 2, 'dark': 2}, 'AL-VA5(R)': {'post': 5, 'upstream': 5}, 'AL-VP2(R)': {'pre': 3, 'post': 11, 'downstream': 18, 'upstream': 11, 'mito': 1, 'dark': 1}, 'AL-VP5(R)': {'post': 1, 'upstream': 1}, 'AL-V(R)': {'pre': 6, 'post': 40, 'downstream': 42, 'upstream': 40, 'mito': 7, 'dark': 7}}",AL-mPN4 (Tanaka et al. JCN 2012) no projection down to PLP; VP1d++ lPN1 (Marin et al. Curr Biol 2020),"['AL(R)', 'AL-DC1(R)', 'AL-DC2(R)', 'AL-DC3(R)', 'AL-DC4(R)', 'AL-DL1(R)', 'AL-DL2v(R)', 'AL-DL5(R)', 'AL-DM2(R)', 'AL-DP1l(R)', 'AL-DP1m(R)', 'AL-V(R)', 'AL-VA4(R)', 'AL-VA5(R)', 'AL-VA6(R)', 'AL-VC1(R)', 'AL-VC2(R)', 'AL-VC3l(R)', 'AL-VC3m(R)', 'AL-VC4(R)', 'AL-VC5(R)', 'AL-VL1(R)', 'AL-VM1(R)', 'AL-VM4(R)', 'AL-VM7d(R)', 'AL-VM7v(R)', 'AL-VP1d(R)', 'AL-VP1l(R)', 'AL-VP1m(R)', 'AL-VP2(R)', 'AL-VP4(R)', 'AL-VP5(R)', 'CA(R)', 'INP', 'LH(R)', 'MB(+ACA)(R)', 'MB(R)', 'PLP(R)', 'SCL(R)', 'SLP(R)', 'SNP(R)', 'VLNP(R)', 'mALT(R)']","['AL(R)', 'AL-DC1(R)', 'AL-DC2(R)', 'AL-DC4(R)', 'AL-DL1(R)', 'AL-DM2(R)', 'AL-DP1l(R)', 'AL-DP1m(R)', 'AL-V(R)', 'AL-VA6(R)', 'AL-VC1(R)', 'AL-VC2(R)', 'AL-VC3l(R)', 'AL-VC4(R)', 'AL-VC5(R)', 'AL-VL1(R)', 'AL-VM7d(R)', 'AL-VM7v(R)', 'AL-VP1d(R)', 'AL-VP1m(R)', 'AL-VP2(R)', 'AL-VP4(R)', 'CA(R)', 'INP', 'LH(R)', 'MB(+ACA)(R)', 'MB(R)', 'PLP(R)', 'SCL(R)', 'SLP(R)', 'SNP(R)', 'VLNP(R)', 'mALT(R)']"
1917866877,M_l2PNl23_R,M_l2PNl23,927,2694,7944,2694,378,1610461345,Traced,False,Roughly traced,AVM03,381.5,"[12429, 34139, 29400]","{'SNP(R)': {'pre': 76, 'post': 40, 'downstream': 802, 'upstream': 40, 'mito': 7, 'dark': 7}, 'SLP(R)': {'pre': 76, 'post': 40, 'downstream': 802, 'upstream': 40, 'mito': 7, 'dark': 7}, 'LH(R)': {'pre': 103, 'post': 92, 'downstream': 974, 'upstream': 92, 'mito': 16, 'dark': 16}, 'INP': {'pre': 156, 'post': 113, 'downstream': 1467, 'upstream': 113, 'mito': 31, 'dark': 31}, 'SCL(R)': {'pre': 156, 'post': 113, 'downstream': 1467, 'upstream': 113, 'mito': 31, 'dark': 31}, 'VLNP(R)': {'pre': 200, 'post': 143, 'downstream': 2105, 'upstream': 143, 'mito': 45, 'dark': 45}, 'PLP(R)': {'pre': 186, 'post': 129, 'downstream': 2015, 'upstream': 129, 'mito': 31, 'dark': 31}, 'AVLP(R)': {'pre': 14, 'post': 12, 'downstream': 90, 'upstream': 12, 'mito': 12, 'dark': 12}, 'AL(R)': {'pre': 387, 'post': 2258, 'downstream': 2565, 'upstream': 2258, 'mito': 243, 'dark': 236, 'medium': 7}, 'AL-DC1(R)': {'pre': 3, 'post': 21, 'downstream': 17, 'upstream': 21, 'mito': 3, 'dark': 3}, 'AL-DA1(R)': {'post': 4, 'upstream': 4, 'mito': 1, 'dark': 1}, 'AL-DL1(R)': {'post': 1, 'upstream': 1}, 'AL-DC4(R)': {'pre': 8, 'post': 37, 'downstream': 60, 'upstream': 37, 'mito': 3, 'dark': 3}, 'AL-DM4(R)': {'post': 18, 'upstream': 18, 'mito': 2, 'dark': 2}, 'AL-DC3(R)': {'post': 2, 'upstream': 2}, 'AL-VP1d(R)': {'pre': 112, 'post': 454, 'downstream': 706, 'upstream': 454, 'mito': 59, 'dark': 59}, 'AL-DA2(R)': {'post': 9, 'upstream': 9}, 'AL-DP1m(R)': {'pre': 17, 'post': 26, 'downstream': 122, 'upstream': 26, 'mito': 6, 'dark': 6}, 'AL-VP4(R)': {'pre': 15, 'post': 53, 'downstream': 89, 'upstream': 53, 'mito': 10, 'dark': 10}, 'AL-DC2(R)': {'pre': 1, 'post': 35, 'downstream': 6, 'upstream': 35, 'mito': 3, 'dark': 3}, 'AL-DM2(R)': {'post': 2, 'upstream': 2}, 'AL-VA6(R)': {'post': 7, 'upstream': 7, 'mito': 2, 'dark': 2}, 'AL-VM7d(R)': {'pre': 11, 'post': 95, 'downstream': 59, 'upstream': 95, 'mito': 12, 'dark': 12}, 'AL-VM7v(R)': {'pre': 10, 'post': 53, 'downstream': 55, 'upstream': 53, 'mito': 8, 'dark': 8}, 'AL-VM5d(R)': {'post': 2, 'upstream': 2}, 'AL-DP1l(R)': {'pre': 2, 'post': 3, 'downstream': 13, 'upstream': 3, 'mito': 1, 'dark': 1}, 'PVLP(R)': {'post': 2, 'upstream': 2, 'mito': 2, 'dark': 2}, 'AL-VC5(R)': {'pre': 8, 'post': 67, 'downstream': 35, 'upstream': 67, 'mito': 12, 'dark': 12}, 'AL-VC3l(R)': {'pre': 1, 'post': 5, 'downstream': 6, 'upstream': 5, 'mito': 1, 'dark': 1}, 'AL-VP1m(R)': {'pre': 46, 'post': 497, 'downstream': 327, 'upstream': 497, 'mito': 31, 'dark': 28, 'medium': 3}, 'AL-VP1l(R)': {'pre': 25, 'post': 69, 'downstream': 170, 'upstream': 69, 'mito': 13, 'dark': 11, 'medium': 2}, 'AL-VC1(R)': {'post': 14, 'upstream': 14}, 'AL-VP2(R)': {'pre': 12, 'post': 90, 'downstream': 97, 'upstream': 90, 'mito': 10, 'dark': 10}, 'AL-VP3(R)': {'pre': 8, 'post': 13, 'downstream': 57, 'upstream': 13, 'mito': 4, 'dark': 3, 'medium': 1}, 'AL-VP5(R)': {'pre': 22, 'post': 193, 'downstream': 167, 'upstream': 193, 'mito': 15, 'dark': 14, 'medium': 1}, 'AL-VC2(R)': {'pre': 5, 'post': 38, 'downstream': 36, 'upstream': 38, 'mito': 5, 'dark': 5}, 'AL-VL2p(R)': {'post': 1, 'upstream': 1}, 'AL-VM4(R)': {'post': 4, 'upstream': 4}, 'AL-VL1(R)': {'pre': 1, 'post': 10, 'downstream': 4, 'upstream': 10, 'mito': 1, 'dark': 1}, 'AL-VM1(R)': {'post': 12, 'upstream': 12, 'mito': 2, 'dark': 2}, 'AL-V(R)': {'pre': 18, 'post': 232, 'downstream': 121, 'upstream': 232, 'mito': 11, 'dark': 11}, 'PENP': {'pre': 1, 'post': 22, 'downstream': 11, 'upstream': 22, 'mito': 1, 'dark': 1}, 'SAD': {'pre': 1, 'post': 22, 'downstream': 11, 'upstream': 22, 'mito': 1, 'dark': 1}, 'SAD(-AMMC)': {'pre': 1, 'post': 22, 'downstream': 11, 'upstream': 22, 'mito': 1, 'dark': 1}, 'GNG': {'post': 16, 'upstream': 16, 'mito': 1, 'dark': 1}}",unPN-5 (Lin et al. PLoS Biol 2012); VP1m++ l2PN (Marin et al. Curr Biol 2020),"['AL(R)', 'AL-DA1(R)', 'AL-DA2(R)', 'AL-DC1(R)', 'AL-DC2(R)', 'AL-DC3(R)', 'AL-DC4(R)', 'AL-DL1(R)', 'AL-DM2(R)', 'AL-DM4(R)', 'AL-DP1l(R)', 'AL-DP1m(R)', 'AL-V(R)', 'AL-VA6(R)', 'AL-VC1(R)', 'AL-VC2(R)', 'AL-VC3l(R)', 'AL-VC5(R)', 'AL-VL1(R)', 'AL-VL2p(R)', 'AL-VM1(R)', 'AL-VM4(R)', 'AL-VM5d(R)', 'AL-VM7d(R)', 'AL-VM7v(R)', 'AL-VP1d(R)', 'AL-VP1l(R)', 'AL-VP1m(R)', 'AL-VP2(R)', 'AL-VP3(R)', 'AL-VP4(R)', 'AL-VP5(R)', 'AVLP(R)', 'GNG', 'INP', 'LH(R)', 'PENP', 'PLP(R)', 'PVLP(R)', 'SAD', 'SAD(-AMMC)', 'SCL(R)', 'SLP(R)', 'SNP(R)', 'VLNP(R)']","['AL(R)', 'AL-DC1(R)', 'AL-DC2(R)', 'AL-DC4(R)', 'AL-DP1l(R)', 'AL-DP1m(R)', 'AL-V(R)', 'AL-VC2(R)', 'AL-VC3l(R)', 'AL-VC5(R)', 'AL-VL1(R)', 'AL-VM7d(R)', 'AL-VM7v(R)', 'AL-VP1d(R)', 'AL-VP1l(R)', 'AL-VP1m(R)', 'AL-VP2(R)', 'AL-VP3(R)', 'AL-VP4(R)', 'AL-VP5(R)', 'AVLP(R)', 'INP', 'LH(R)', 'PENP', 'PLP(R)', 'SAD', 'SAD(-AMMC)', 'SCL(R)', 'SLP(R)', 'SNP(R)', 'VLNP(R)']"
1943811511,M_lvPNm31_R,M_lvPNm31,258,268,2055,268,136,299865768,Traced,False,Roughly traced,AVM06,,,"{'SNP(R)': {'pre': 84, 'post': 30, 'downstream': 671, 'upstream': 30, 'mito': 27, 'dark': 26, 'medium': 1}, 'SIP(R)': {'pre': 37, 'post': 16, 'downstream': 288, 'upstream': 16, 'mito': 13, 'dark': 12, 'medium': 1}, 'SMP(R)': {'post': 4, 'upstream': 4, 'mito': 3, 'dark': 3}, 'SLP(R)': {'pre': 47, 'post': 10, 'downstream': 383, 'upstream': 10, 'mito': 11, 'dark': 11}, 'INP': {'pre': 20, 'post': 4, 'downstream': 205, 'upstream': 4, 'mito': 6, 'dark': 6}, 'SCL(R)': {'pre': 20, 'post': 4, 'downstream': 205, 'upstream': 4, 'mito': 6, 'dark': 6}, 'LH(R)': {'pre': 85, 'post': 12, 'downstream': 902, 'upstream': 12, 'mito': 17, 'dark': 17}, 'VLNP(R)': {'pre': 1, 'post': 1, 'downstream': 13, 'upstream': 1}, 'AVLP(R)': {'pre': 1, 'post': 1, 'downstream': 13, 'upstream': 1}, 'AL(R)': {'pre': 66, 'post': 221, 'downstream': 259, 'upstream': 221, 'mito': 70, 'dark': 70}, 'AL-DA1(R)': {'pre': 18, 'post': 64, 'downstream': 71, 'upstream': 64, 'mito': 16, 'dark': 16}, 'mALT(R)': {'pre': 2, 'downstream': 5, 'mito': 10, 'dark': 10}, 'AL-DM1(R)': {'pre': 1, 'post': 1, 'downstream': 3, 'upstream': 1, 'mito': 2, 'dark': 2}, 'AL-DC3(R)': {'pre': 2, 'post': 6, 'downstream': 4, 'upstream': 6, 'mito': 4, 'dark': 4}, 'AL-DC4(R)': {'post': 1, 'upstream': 1}, 'AL-DM2(R)': {'pre': 1, 'downstream': 5, 'mito': 2, 'dark': 2}, 'AL-DM4(R)': {'post': 1, 'upstream': 1}, 'AL-VM7d(R)': {'pre': 2, 'post': 2, 'downstream': 7, 'upstream': 2, 'mito': 4, 'dark': 4}, 'AL-VA1d(R)': {'post': 2, 'upstream': 2, 'mito': 1, 'dark': 1}, 'AL-VC3l(R)': {'pre': 7, 'post': 11, 'downstream': 31, 'upstream': 11, 'mito': 6, 'dark': 6}, 'AL-VP1d(R)': {'post': 2, 'upstream': 2, 'mito': 4, 'dark': 4}, 'AL-VC4(R)': {'pre': 6, 'post': 17, 'downstream': 29, 'upstream': 17, 'mito': 3, 'dark': 3}, 'AL-VP1m(R)': {'post': 1, 'upstream': 1}, 'AL-VC1(R)': {'post': 2, 'upstream': 2, 'mito': 1, 'dark': 1}, 'AL-VC2(R)': {'pre': 6, 'post': 13, 'downstream': 27, 'upstream': 13, 'mito': 4, 'dark': 4}, 'AL-VA3(R)': {'pre': 11, 'post': 72, 'downstream': 35, 'upstream': 72, 'mito': 12, 'dark': 12}, 'AL-VA2(R)': {'pre': 1, 'downstream': 5, 'mito': 1, 'dark': 1}, 'AL-VA4(R)': {'pre': 7, 'post': 19, 'downstream': 31, 'upstream': 19, 'mito': 4, 'dark': 4}, 'AL-VA5(R)': {'post': 2, 'upstream': 2}}",,"['AL(R)', 'AL-DA1(R)', 'AL-DC3(R)', 'AL-DC4(R)', 'AL-DM1(R)', 'AL-DM4(R)', 'AL-VA1d(R)', 'AL-VA3(R)', 'AL-VA4(R)', 'AL-VA5(R)', 'AL-VC1(R)', 'AL-VC2(R)', 'AL-VC3l(R)', 'AL-VC4(R)', 'AL-VM7d(R)', 'AL-VP1d(R)', 'AL-VP1m(R)', 'AVLP(R)', 'INP', 'LH(R)', 'SCL(R)', 'SIP(R)', 'SLP(R)', 'SMP(R)', 'SNP(R)', 'VLNP(R)']","['AL(R)', 'AL-DA1(R)', 'AL-DC3(R)', 'AL-DM1(R)', 'AL-DM2(R)', 'AL-VA2(R)', 'AL-VA3(R)', 'AL-VA4(R)', 'AL-VC2(R)', 'AL-VC3l(R)', 'AL-VC4(R)', 'AL-VM7d(R)', 'AVLP(R)', 'INP', 'LH(R)', 'SCL(R)', 'SIP(R)', 'SLP(R)', 'SNP(R)', 'VLNP(R)', 'mALT(R)']"
1943811736,VP1m+VP2_lvPN2_R,VP1m+VP2_lvPN2,214,798,1547,798,134,425679273,Traced,False,Roughly traced,AVM06,331.5,"[15696, 27851, 31944]","{'SNP(R)': {'pre': 41, 'post': 30, 'downstream': 360, 'upstream': 30, 'mito': 17, 'dark': 17}, 'SLP(R)': {'pre': 41, 'post': 27, 'downstream': 360, 'upstream': 27, 'mito': 13, 'dark': 13}, 'dACA(R)': {'pre': 8, 'post': 7, 'downstream': 65, 'upstream': 7, 'mito': 3, 'dark': 3}, 'MB(+ACA)(R)': {'pre': 8, 'post': 11, 'downstream': 65, 'upstream': 11, 'mito': 3, 'dark': 3}, 'lACA(R)': {'post': 4, 'upstream': 4}, 'mALT(R)': {'post': 4, 'upstream': 4, 'mito': 12, 'dark': 12}, 'SMP(R)': {'post': 3, 'upstream': 3, 'mito': 4, 'dark': 4}, 'INP': {'pre': 41, 'post': 59, 'downstream': 351, 'upstream': 59, 'mito': 13, 'dark': 13}, 'SCL(R)': {'pre': 41, 'post': 59, 'downstream': 351, 'upstream': 59, 'mito': 13, 'dark': 13}, 'LH(R)': {'pre': 4, 'post': 13, 'downstream': 35, 'upstream': 13}, 'VLNP(R)': {'pre': 53, 'post': 89, 'downstream': 433, 'upstream': 89, 'mito': 18, 'dark': 17, 'light': 1}, 'PLP(R)': {'pre': 53, 'post': 89, 'downstream': 433, 'upstream': 89, 'mito': 18, 'dark': 17, 'light': 1}, 'AL(R)': {'pre': 75, 'post': 591, 'downstream': 368, 'upstream': 591, 'mito': 59, 'dark': 58, 'medium': 1}, 'AL-VP2(R)': {'pre': 33, 'post': 128, 'downstream': 149, 'upstream': 128, 'mito': 17, 'dark': 17}, 'AL-VP1m(R)': {'post': 173, 'upstream': 173, 'mito': 4, 'dark': 4}, 'AL-VP4(R)': {'post': 9, 'upstream': 9}, 'AL-VP1d(R)': {'post': 5, 'upstream': 5}, 'AL-VP1l(R)': {'pre': 2, 'post': 31, 'downstream': 3, 'upstream': 31, 'mito': 3, 'dark': 3}, 'AL-VC5(R)': {'pre': 3, 'post': 20, 'downstream': 11, 'upstream': 20, 'mito': 2, 'dark': 2}, 'AL-VP5(R)': {'pre': 31, 'post': 153, 'downstream': 173, 'upstream': 153, 'mito': 27, 'dark': 27}, 'AL-VP3(R)': {'pre': 1, 'post': 8, 'downstream': 5, 'upstream': 8, 'mito': 2, 'dark': 2}, 'AL-VC2(R)': {'post': 1, 'upstream': 1}, 'VMNP': {'post': 1, 'upstream': 1}, 'VES(R)': {'post': 1, 'upstream': 1}, 'AL-V(R)': {'pre': 5, 'post': 56, 'downstream': 27, 'upstream': 56, 'mito': 4, 'dark': 3, 'medium': 1}, 'PENP': {'post': 5, 'upstream': 5}, 'SAD': {'post': 5, 'upstream': 5}, 'SAD(-AMMC)': {'post': 5, 'upstream': 5}, 'GNG': {'post': 4, 'upstream': 4}}",VP1m+VP2 lvPN1 (Marin et al. Curr Biol 2020),"['AL(R)', 'AL-V(R)', 'AL-VC2(R)', 'AL-VC5(R)', 'AL-VP1d(R)', 'AL-VP1l(R)', 'AL-VP1m(R)', 'AL-VP2(R)', 'AL-VP3(R)', 'AL-VP4(R)', 'AL-VP5(R)', 'GNG', 'INP', 'LH(R)', 'MB(+ACA)(R)', 'PENP', 'PLP(R)', 'SAD', 'SAD(-AMMC)', 'SCL(R)', 'SLP(R)', 'SMP(R)', 'SNP(R)', 'VES(R)', 'VLNP(R)', 'VMNP', 'dACA(R)', 'lACA(R)', 'mALT(R)']","['AL(R)', 'AL-V(R)', 'AL-VC5(R)', 'AL-VP1l(R)', 'AL-VP2(R)', 'AL-VP3(R)', 'AL-VP5(R)', 'INP', 'LH(R)', 'MB(+ACA)(R)', 'PLP(R)', 'SCL(R)', 'SLP(R)', 'SNP(R)', 'VLNP(R)', 'dACA(R)']"
1943812176,VP1m+VP2_lvPN2_R,VP1m+VP2_lvPN2,300,769,2325,769,140,399728059,Traced,False,Roughly traced,AVM06,,,"{'SNP(R)': {'pre': 108, 'post': 52, 'downstream': 968, 'upstream': 52, 'mito': 31, 'dark': 31}, 'SLP(R)': {'pre': 101, 'post': 50, 'downstream': 904, 'upstream': 50, 'mito': 28, 'dark': 28}, 'dACA(R)': {'pre': 21, 'post': 10, 'downstream': 180, 'upstream': 10, 'mito': 7, 'dark': 7}, 'MB(+ACA)(R)': {'pre': 27, 'post': 27, 'downstream': 214, 'upstream': 27, 'mito': 9, 'dark': 9}, 'lACA(R)': {'pre': 6, 'post': 14, 'downstream': 34, 'upstream': 14, 'mito': 2, 'dark': 2}, 'MB(R)': {'post': 3, 'upstream': 3}, 'CA(R)': {'post': 3, 'upstream': 3}, 'mALT(R)': {'pre': 2, 'post': 3, 'downstream': 19, 'upstream': 3, 'mito': 11, 'dark': 11}, 'SMP(R)': {'pre': 7, 'post': 2, 'downstream': 64, 'upstream': 2, 'mito': 3, 'dark': 3}, 'INP': {'pre': 28, 'post': 18, 'downstream': 245, 'upstream': 18, 'mito': 6, 'dark': 6}, 'SCL(R)': {'pre': 28, 'post': 18, 'downstream': 245, 'upstream': 18, 'mito': 6, 'dark': 6}, 'VLNP(R)': {'pre': 56, 'post': 38, 'downstream': 513, 'upstream': 38, 'mito': 17, 'dark': 14, 'medium': 3}, 'PLP(R)': {'pre': 56, 'post': 38, 'downstream': 513, 'upstream': 38, 'mito': 17, 'dark': 14, 'medium': 3}, 'LH(R)': {'pre': 12, 'post': 35, 'downstream': 100, 'upstream': 35, 'mito': 4, 'dark': 4}, 'AL(R)': {'pre': 92, 'post': 617, 'downstream': 476, 'upstream': 617, 'mito': 69, 'dark': 69}, 'AL-VP1d(R)': {'post': 10, 'upstream': 10, 'mito': 3, 'dark': 3}, 'AL-VP1m(R)': {'pre': 5, 'post': 138, 'downstream': 33, 'upstream': 138, 'mito': 5, 'dark': 5}, 'AL-VP4(R)': {'post': 3, 'upstream': 3}, 'AL-VP1l(R)': {'pre': 2, 'post': 21, 'downstream': 7, 'upstream': 21, 'mito': 2, 'dark': 2}, 'AL-VP2(R)': {'pre': 36, 'post': 195, 'downstream': 179, 'upstream': 195, 'mito': 22, 'dark': 22}, 'AL-VP5(R)': {'pre': 27, 'post': 145, 'downstream': 158, 'upstream': 145, 'mito': 20, 'dark': 20}, 'AL-VC5(R)': {'pre': 9, 'post': 26, 'downstream': 42, 'upstream': 26, 'mito': 3, 'dark': 3}, 'AL-VP3(R)': {'pre': 2, 'post': 11, 'downstream': 5, 'upstream': 11, 'mito': 4, 'dark': 4}, 'AL-VL1(R)': {'post': 2, 'upstream': 2}, 'AL-V(R)': {'pre': 8, 'post': 60, 'downstream': 38, 'upstream': 60, 'mito': 9, 'dark': 9}, 'PENP': {'post': 2, 'upstream': 2}, 'FLA(R)': {'post': 1, 'upstream': 1}, 'SAD': {'post': 1, 'upstream': 1}, 'SAD(-AMMC)': {'post': 1, 'upstream': 1}}",,"['AL(R)', 'AL-V(R)', 'AL-VC5(R)', 'AL-VL1(R)', 'AL-VP1d(R)', 'AL-VP1l(R)', 'AL-VP1m(R)', 'AL-VP2(R)', 'AL-VP3(R)', 'AL-VP4(R)', 'AL-VP5(R)', 'CA(R)', 'FLA(R)', 'INP', 'LH(R)', 'MB(+ACA)(R)', 'MB(R)', 'PENP', 'PLP(R)', 'SAD', 'SAD(-AMMC)', 'SCL(R)', 'SLP(R)', 'SMP(R)', 'SNP(R)', 'VLNP(R)', 'dACA(R)', 'lACA(R)', 'mALT(R)']","['AL(R)', 'AL-V(R)', 'AL-VC5(R)', 'AL-VP1l(R)', 'AL-VP1m(R)', 'AL-VP2(R)', 'AL-VP3(R)', 'AL-VP5(R)', 'INP', 'LH(R)', 'MB(+ACA)(R)', 'PLP(R)', 'SCL(R)', 'SLP(R)', 'SMP(R)', 'SNP(R)', 'VLNP(R)', 'dACA(R)', 'lACA(R)', 'mALT(R)']"
1944502935,VP1m+VP5_ilPN,VP1m+VP5_ilPN,544,2413,4973,2413,222,829983237,Traced,False,Roughly traced,,,,"{'SNP(R)': {'pre': 100, 'post': 28, 'downstream': 1038, 'upstream': 28, 'mito': 13, 'dark': 12, 'light': 1}, 'SLP(R)': {'pre': 99, 'post': 28, 'downstream': 1032, 'upstream': 28, 'mito': 13, 'dark': 12, 'light': 1}, 'MB(R)': {'pre': 61, 'post': 25, 'downstream': 525, 'upstream': 25, 'mito': 9, 'dark': 9}, 'CA(R)': {'pre': 61, 'post': 25, 'downstream': 525, 'upstream': 25, 'mito': 9, 'dark': 9}, 'MB(+ACA)(R)': {'pre': 72, 'post': 26, 'downstream': 659, 'upstream': 26, 'mito': 11, 'dark': 10, 'light': 1}, 'dACA(R)': {'pre': 8, 'downstream': 102, 'mito': 2, 'dark': 1, 'light': 1}, 'SMP(R)': {'pre': 1, 'downstream': 6}, 'lACA(R)': {'pre': 3, 'post': 1, 'downstream': 32, 'upstream': 1}, 'INP': {'pre': 84, 'post': 34, 'downstream': 890, 'upstream': 34, 'mito': 18, 'dark': 18}, 'SCL(R)': {'pre': 84, 'post': 34, 'downstream': 890, 'upstream': 34, 'mito': 18, 'dark': 18}, 'mALT(R)': {'pre': 7, 'post': 9, 'downstream': 20, 'upstream': 9, 'mito': 37, 'dark': 37}, 'LH(R)': {'pre': 65, 'post': 19, 'downstream': 663, 'upstream': 19, 'mito': 16, 'dark': 16}, 'VLNP(R)': {'pre': 88, 'post': 18, 'downstream': 1071, 'upstream': 18, 'mito': 13, 'dark': 13}, 'PLP(R)': {'pre': 88, 'post': 18, 'downstream': 1071, 'upstream': 18, 'mito': 13, 'dark': 13}, 'AL(R)': {'pre': 139, 'post': 2268, 'downstream': 766, 'upstream': 2268, 'mito': 112, 'dark': 110, 'medium': 2}, 'AL-VP1m(R)': {'pre': 20, 'post': 356, 'downstream': 115, 'upstream': 356, 'mito': 14, 'dark': 13, 'medium': 1}, 'AL-VP1l(R)': {'pre': 1, 'post': 19, 'downstream': 8, 'upstream': 19, 'mito': 2, 'dark': 2}, 'AL-VP2(R)': {'pre': 9, 'post': 88, 'downstream': 52, 'upstream': 88, 'mito': 12, 'dark': 12}, 'AL-VP5(R)': {'pre': 87, 'post': 1156, 'downstream': 480, 'upstream': 1156, 'mito': 55, 'dark': 54, 'medium': 1}, 'AL-VP3(R)': {'pre': 7, 'post': 134, 'downstream': 31, 'upstream': 134, 'mito': 15, 'dark': 15}, 'AL-VP1d(R)': {'pre': 3, 'post': 4, 'downstream': 18, 'upstream': 4, 'mito': 1, 'dark': 1}, 'AL-VL1(R)': {'post': 7, 'upstream': 7}, 'AL-VC2(R)': {'post': 3, 'upstream': 3}, 'AL-VC5(R)': {'pre': 1, 'post': 57, 'downstream': 7, 'upstream': 57, 'mito': 3, 'dark': 3}, 'AL-VA4(R)': {'post': 1, 'upstream': 1}, 'VMNP': {'post': 10, 'upstream': 10, 'mito': 1, 'dark': 1}, 'VES(R)': {'post': 10, 'upstream': 10, 'mito': 1, 'dark': 1}, 'AL-V(R)': {'pre': 11, 'post': 433, 'downstream': 55, 'upstream': 433, 'mito': 10, 'dark': 10}, 'PENP': {'post': 2, 'upstream': 2}, 'SAD': {'post': 2, 'upstream': 2}, 'SAD(-AMMC)': {'post': 2, 'upstream': 2}}",R24G07 hPN (Frank et al. Curr Biol 2017),"['AL(R)', 'AL-V(R)', 'AL-VA4(R)', 'AL-VC2(R)', 'AL-VC5(R)', 'AL-VL1(R)', 'AL-VP1d(R)', 'AL-VP1l(R)', 'AL-VP1m(R)', 'AL-VP2(R)', 'AL-VP3(R)', 'AL-VP5(R)', 'CA(R)', 'INP', 'LH(R)', 'MB(+ACA)(R)', 'MB(R)', 'PENP', 'PLP(R)', 'SAD', 'SAD(-AMMC)', 'SCL(R)', 'SLP(R)', 'SNP(R)', 'VES(R)', 'VLNP(R)', 'VMNP', 'lACA(R)', 'mALT(R)']","['AL(R)', 'AL-V(R)', 'AL-VC5(R)', 'AL-VP1d(R)', 'AL-VP1l(R)', 'AL-VP1m(R)', 'AL-VP2(R)', 'AL-VP3(R)', 'AL-VP5(R)', 'CA(R)', 'INP', 'LH(R)', 'MB(+ACA)(R)', 'MB(R)', 'PLP(R)', 'SCL(R)', 'SLP(R)', 'SMP(R)', 'SNP(R)', 'VLNP(R)', 'dACA(R)', 'lACA(R)', 'mALT(R)']"
1944507292,VL2p_adPN_R,VL2p_adPN,3553,7270,30005,7270,915,5829836148,Traced,False,Roughly traced,,471.5,"[22352, 34752, 32512]","{'SNP(R)': {'pre': 22, 'post': 11, 'downstream': 184, 'upstream': 11, 'mito': 21, 'dark': 20, 'medium': 1}, 'SLP(R)': {'pre': 22, 'post': 11, 'downstream': 184, 'upstream': 11, 'mito': 21, 'dark': 20, 'medium': 1}, 'MB(R)': {'pre': 731, 'post': 208, 'downstream': 7582, 'upstream': 208, 'mito': 70, 'dark': 70}, 'CA(R)': {'pre': 731, 'post': 208, 'downstream': 7582, 'upstream': 208, 'mito': 70, 'dark': 70}, 'MB(+ACA)(R)': {'pre': 731, 'post': 208, 'downstream': 7582, 'upstream': 208, 'mito': 70, 'dark': 70}, 'LH(R)': {'pre': 1600, 'post': 675, 'downstream': 15463, 'upstream': 675, 'mito': 230, 'dark': 204, 'light': 1, 'medium': 25}, 'mALT(R)': {'pre': 15, 'post': 21, 'downstream': 48, 'upstream': 21, 'mito': 110, 'dark': 104, 'medium': 6}, 'VMNP': {'pre': 1, 'downstream': 4}, 'GOR(R)': {'pre': 1, 'downstream': 4}, 'AL(R)': {'pre': 1184, 'post': 6354, 'downstream': 6724, 'upstream': 6354, 'mito': 422, 'dark': 392, 'light': 2, 'medium': 28}, 'AL-DP1l(R)': {'post': 1, 'upstream': 1}, 'AL-VL2p(R)': {'pre': 1161, 'post': 6202, 'downstream': 6614, 'upstream': 6202, 'mito': 341, 'dark': 316, 'light': 1, 'medium': 24}, 'AL-VP2(R)': {'post': 1, 'upstream': 1, 'mito': 1, 'medium': 1}, 'VLNP(R)': {'post': 1, 'upstream': 1}, 'AVLP(R)': {'post': 1, 'upstream': 1}, 'AL-VP4(R)': {'post': 2, 'upstream': 2}, 'AL-VL2a(R)': {'pre': 2, 'post': 24, 'downstream': 11, 'upstream': 24, 'mito': 2, 'dark': 2}, 'AL-VC5(R)': {'pre': 1, 'post': 5, 'downstream': 5, 'upstream': 5, 'mito': 15, 'dark': 15}, 'AL-VL1(R)': {'pre': 15, 'post': 79, 'downstream': 69, 'upstream': 79, 'mito': 14, 'dark': 12, 'light': 1, 'medium': 1}, 'AL-VP1l(R)': {'post': 6, 'upstream': 6, 'mito': 17, 'dark': 16, 'medium': 1}}",,"['AL(R)', 'AL-DP1l(R)', 'AL-VC5(R)', 'AL-VL1(R)', 'AL-VL2a(R)', 'AL-VL2p(R)', 'AL-VP1l(R)', 'AL-VP2(R)', 'AL-VP4(R)', 'AVLP(R)', 'CA(R)', 'LH(R)', 'MB(+ACA)(R)', 'MB(R)', 'SLP(R)', 'SNP(R)', 'VLNP(R)', 'mALT(R)']","['AL(R)', 'AL-VC5(R)', 'AL-VL1(R)', 'AL-VL2a(R)', 'AL-VL2p(R)', 'CA(R)', 'GOR(R)', 'LH(R)', 'MB(+ACA)(R)', 'MB(R)', 'SLP(R)', 'SNP(R)', 'VMNP', 'mALT(R)']"
1974846717,MZ_lvPN(multiAL+SEZ)_R,MZ_lvPN,363,469,3009,469,170,713300752,Traced,False,Roughly traced,AVM06,356.5,"[13247, 32697, 34368]","{'SNP(R)': {'pre': 161, 'post': 153, 'downstream': 1428, 'upstream': 153, 'mito': 55, 'dark': 51, 'light': 1, 'medium': 3}, 'SLP(R)': {'pre': 134, 'post': 103, 'downstream': 1231, 'upstream': 103, 'mito': 41, 'dark': 38, 'light': 1, 'medium': 2}, 'SMP(R)': {'pre': 27, 'post': 50, 'downstream': 197, 'upstream': 50, 'mito': 14, 'dark': 13, 'medium': 1}, 'dACA(R)': {'pre': 3, 'post': 6, 'downstream': 27, 'upstream': 6, 'mito': 3, 'dark': 3}, 'MB(+ACA)(R)': {'pre': 3, 'post': 6, 'downstream': 27, 'upstream': 6, 'mito': 3, 'dark': 3}, 'mALT(R)': {'pre': 5, 'post': 9, 'downstream': 45, 'upstream': 9, 'mito': 13, 'dark': 13}, 'INP': {'pre': 27, 'post': 15, 'downstream': 270, 'upstream': 15, 'mito': 6, 'dark': 5, 'medium': 1}, 'SCL(R)': {'pre': 27, 'post': 15, 'downstream': 270, 'upstream': 15, 'mito': 6, 'dark': 5, 'medium': 1}, 'VLNP(R)': {'pre': 29, 'post': 9, 'downstream': 278, 'upstream': 9, 'mito': 7, 'dark': 4, 'medium': 3}, 'PLP(R)': {'pre': 29, 'post': 9, 'downstream': 278, 'upstream': 9, 'mito': 7, 'dark': 4, 'medium': 3}, 'LH(R)': {'pre': 22, 'post': 7, 'downstream': 252, 'upstream': 7, 'mito': 6, 'dark': 4, 'medium': 2}, 'AL(R)': {'pre': 91, 'post': 218, 'downstream': 578, 'upstream': 218, 'mito': 49, 'dark': 48, 'medium': 1}, 'AL-VP4(R)': {'pre': 2, 'post': 4, 'downstream': 19, 'upstream': 4}, 'AL-VP2(R)': {'pre': 47, 'post': 92, 'downstream': 291, 'upstream': 92, 'mito': 26, 'dark': 25, 'medium': 1}, 'AL-VC5(R)': {'pre': 11, 'post': 43, 'downstream': 48, 'upstream': 43, 'mito': 8, 'dark': 8}, 'AL-VP1l(R)': {'post': 7, 'upstream': 7}, 'AL-VP1m(R)': {'pre': 1, 'post': 3, 'downstream': 6, 'upstream': 3}, 'VMNP': {'pre': 10, 'post': 26, 'downstream': 60, 'upstream': 26, 'mito': 8, 'dark': 8}, 'VES(R)': {'pre': 10, 'post': 26, 'downstream': 60, 'upstream': 26, 'mito': 8, 'dark': 8}, 'AL-VP1d(R)': {'pre': 4, 'post': 4, 'downstream': 25, 'upstream': 4, 'mito': 3, 'dark': 3}, 'AL-VP5(R)': {'pre': 11, 'post': 36, 'downstream': 75, 'upstream': 36, 'mito': 8, 'dark': 8}, 'AL-VC3l(R)': {'pre': 2, 'post': 2, 'downstream': 12, 'upstream': 2}, 'AL-VC2(R)': {'pre': 2, 'post': 1, 'downstream': 13, 'upstream': 1, 'mito': 1, 'dark': 1}, 'PENP': {'pre': 14, 'post': 20, 'downstream': 81, 'upstream': 20, 'mito': 5, 'dark': 5}, 'FLA(R)': {'post': 1, 'upstream': 1}, 'AL-VA4(R)': {'pre': 1, 'post': 1, 'downstream': 9, 'upstream': 1}, 'AL-VL1(R)': {'pre': 1, 'post': 2, 'downstream': 6, 'upstream': 2}, 'AL-V(R)': {'pre': 4, 'post': 6, 'downstream': 25, 'upstream': 6, 'mito': 2, 'dark': 2}, 'SAD': {'pre': 14, 'post': 19, 'downstream': 81, 'upstream': 19, 'mito': 5, 'dark': 5}, 'SAD(-AMMC)': {'pre': 14, 'post': 19, 'downstream': 81, 'upstream': 19, 'mito': 4, 'dark': 4}, 'GNG': {'pre': 1, 'post': 3, 'downstream': 4, 'upstream': 3}}",VP2+SEZ lvPN2 (Marin et al. Curr Biol 2020),"['AL(R)', 'AL-V(R)', 'AL-VA4(R)', 'AL-VC2(R)', 'AL-VC3l(R)', 'AL-VC5(R)', 'AL-VL1(R)', 'AL-VP1d(R)', 'AL-VP1l(R)', 'AL-VP1m(R)', 'AL-VP2(R)', 'AL-VP4(R)', 'AL-VP5(R)', 'FLA(R)', 'GNG', 'INP', 'LH(R)', 'MB(+ACA)(R)', 'PENP', 'PLP(R)', 'SAD', 'SAD(-AMMC)', 'SCL(R)', 'SLP(R)', 'SMP(R)', 'SNP(R)', 'VES(R)', 'VLNP(R)', 'VMNP', 'dACA(R)', 'mALT(R)']","['AL(R)', 'AL-V(R)', 'AL-VA4(R)', 'AL-VC2(R)', 'AL-VC3l(R)', 'AL-VC5(R)', 'AL-VL1(R)', 'AL-VP1d(R)', 'AL-VP1m(R)', 'AL-VP2(R)', 'AL-VP4(R)', 'AL-VP5(R)', 'GNG', 'INP', 'LH(R)', 'MB(+ACA)(R)', 'PENP', 'PLP(R)', 'SAD', 'SAD(-AMMC)', 'SCL(R)', 'SLP(R)', 'SMP(R)', 'SNP(R)', 'VES(R)', 'VLNP(R)', 'VMNP', 'dACA(R)', 'mALT(R)']"
1975187554,M_lvPNm48_R,M_lvPNm48,140,414,819,414,105,401406789,Traced,False,Roughly traced,AVM06,367.0,"[14969, 29336, 31616]","{'SNP(R)': {'pre': 1, 'post': 1, 'downstream': 1, 'upstream': 1, 'mito': 2, 'dark': 2}, 'SMP(R)': {'pre': 1, 'post': 1, 'downstream': 1, 'upstream': 1, 'mito': 2, 'dark': 2}, 'INP': {'pre': 18, 'post': 47, 'downstream': 128, 'upstream': 47, 'mito': 11, 'dark': 11}, 'SCL(R)': {'pre': 18, 'post': 47, 'downstream': 128, 'upstream': 47, 'mito': 11, 'dark': 11}, 'VLNP(R)': {'pre': 73, 'post': 168, 'downstream': 470, 'upstream': 168, 'mito': 25, 'dark': 25}, 'PLP(R)': {'pre': 73, 'post': 168, 'downstream': 470, 'upstream': 168, 'mito': 25, 'dark': 25}, 'AL(R)': {'pre': 46, 'post': 194, 'downstream': 206, 'upstream': 194, 'mito': 39, 'dark': 39}, 'AL-VP2(R)': {'pre': 16, 'post': 56, 'downstream': 76, 'upstream': 56, 'mito': 13, 'dark': 13}, 'AL-VP4(R)': {'pre': 1, 'downstream': 4}, 'AL-VC5(R)': {'pre': 7, 'post': 8, 'downstream': 32, 'upstream': 8, 'mito': 3, 'dark': 3}, 'AL-VP1l(R)': {'post': 3, 'upstream': 3, 'mito': 1, 'dark': 1}, 'AL-VP5(R)': {'pre': 17, 'post': 53, 'downstream': 76, 'upstream': 53, 'mito': 17, 'dark': 17}, 'AL-VP1m(R)': {'pre': 3, 'post': 25, 'downstream': 10, 'upstream': 25, 'mito': 1, 'dark': 1}, 'AL-VP3(R)': {'pre': 1, 'post': 14, 'downstream': 4, 'upstream': 14, 'mito': 1, 'dark': 1}, 'VMNP': {'post': 2, 'upstream': 2}, 'VES(R)': {'post': 2, 'upstream': 2}, 'AL-V(R)': {'pre': 1, 'post': 26, 'downstream': 4, 'upstream': 26, 'mito': 1, 'dark': 1}, 'PENP': {'pre': 2, 'downstream': 14, 'mito': 1, 'dark': 1}, 'SAD': {'pre': 2, 'downstream': 14, 'mito': 1, 'dark': 1}, 'SAD(-AMMC)': {'pre': 2, 'downstream': 14, 'mito': 1, 'dark': 1}}",VP2+VP5 lvPN (Marin et al. Curr Biol 2020),"['AL(R)', 'AL-V(R)', 'AL-VC5(R)', 'AL-VP1l(R)', 'AL-VP1m(R)', 'AL-VP2(R)', 'AL-VP3(R)', 'AL-VP5(R)', 'INP', 'PLP(R)', 'SCL(R)', 'SMP(R)', 'SNP(R)', 'VES(R)', 'VLNP(R)', 'VMNP']","['AL(R)', 'AL-V(R)', 'AL-VC5(R)', 'AL-VP1m(R)', 'AL-VP2(R)', 'AL-VP3(R)', 'AL-VP4(R)', 'AL-VP5(R)', 'INP', 'PENP', 'PLP(R)', 'SAD', 'SAD(-AMMC)', 'SCL(R)', 'SMP(R)', 'SNP(R)', 'VLNP(R)']"
1975187675,VP1m+VP2_lvPN2_R,VP1m+VP2_lvPN2,273,868,2017,868,129,521899238,Traced,False,Roughly traced,AVM06,337.0,"[14652, 29795, 31824]","{'SNP(R)': {'pre': 96, 'post': 105, 'downstream': 843, 'upstream': 105, 'mito': 25, 'dark': 24, 'medium': 1}, 'SLP(R)': {'pre': 93, 'post': 100, 'downstream': 822, 'upstream': 100, 'mito': 21, 'dark': 20, 'medium': 1}, 'dACA(R)': {'pre': 16, 'post': 11, 'downstream': 150, 'upstream': 11, 'mito': 3, 'dark': 3}, 'MB(+ACA)(R)': {'pre': 34, 'post': 48, 'downstream': 286, 'upstream': 48, 'mito': 7, 'dark': 7}, 'lACA(R)': {'pre': 18, 'post': 36, 'downstream': 136, 'upstream': 36, 'mito': 4, 'dark': 4}, 'MB(R)': {'post': 1, 'upstream': 1}, 'CA(R)': {'post': 1, 'upstream': 1}, 'SMP(R)': {'pre': 3, 'post': 5, 'downstream': 21, 'upstream': 5, 'mito': 4, 'dark': 4}, 'mALT(R)': {'post': 2, 'upstream': 2, 'mito': 11, 'dark': 11}, 'INP': {'pre': 21, 'post': 53, 'downstream': 181, 'upstream': 53, 'mito': 7, 'dark': 7}, 'SCL(R)': {'pre': 21, 'post': 53, 'downstream': 181, 'upstream': 53, 'mito': 7, 'dark': 7}, 'LH(R)': {'pre': 15, 'post': 31, 'downstream': 103, 'upstream': 31, 'mito': 5, 'dark': 5}, 'VLNP(R)': {'pre': 56, 'post': 32, 'downstream': 494, 'upstream': 32, 'mito': 14, 'dark': 14}, 'PLP(R)': {'pre': 56, 'post': 32, 'downstream': 494, 'upstream': 32, 'mito': 14, 'dark': 14}, 'AL(R)': {'pre': 85, 'post': 638, 'downstream': 396, 'upstream': 638, 'mito': 55, 'dark': 55}, 'AL-VP1m(R)': {'pre': 10, 'post': 146, 'downstream': 47, 'upstream': 146, 'mito': 7, 'dark': 7}, 'AL-VP1d(R)': {'pre': 2, 'post': 18, 'downstream': 10, 'upstream': 18, 'mito': 3, 'dark': 3}, 'AL-VP2(R)': {'pre': 13, 'post': 101, 'downstream': 59, 'upstream': 101, 'mito': 6, 'dark': 6}, 'AL-VP4(R)': {'post': 1, 'upstream': 1, 'mito': 1, 'dark': 1}, 'AL-VP1l(R)': {'pre': 1, 'post': 6, 'downstream': 2, 'upstream': 6, 'mito': 2, 'dark': 2}, 'AL-VP3(R)': {'pre': 4, 'post': 45, 'downstream': 21, 'upstream': 45, 'mito': 4, 'dark': 4}, 'AL-VC5(R)': {'post': 9, 'upstream': 9, 'mito': 1, 'dark': 1}, 'AL-VP5(R)': {'pre': 32, 'post': 148, 'downstream': 153, 'upstream': 148, 'mito': 19, 'dark': 19}, 'LX(R)': {'post': 1, 'upstream': 1}, 'LAL(R)': {'post': 1, 'upstream': 1}, 'LAL(-GA)(R)': {'post': 1, 'upstream': 1}, 'AL-VL1(R)': {'post': 8, 'upstream': 8}, 'AL-VC2(R)': {'post': 3, 'upstream': 3, 'mito': 1, 'dark': 1}, 'AL-VM4(R)': {'post': 7, 'upstream': 7, 'mito': 1, 'dark': 1}, 'AL-VA4(R)': {'pre': 1, 'downstream': 1}, 'AL-V(R)': {'pre': 22, 'post': 138, 'downstream': 103, 'upstream': 138, 'mito': 10, 'dark': 10}, 'VMNP': {'post': 4, 'upstream': 4, 'mito': 1, 'dark': 1}, 'VES(R)': {'post': 4, 'upstream': 4, 'mito': 1, 'dark': 1}}",VP1m+VP2 lvPN1 (Marin et al. Curr Biol 2020),"['AL(R)', 'AL-V(R)', 'AL-VC2(R)', 'AL-VC5(R)', 'AL-VL1(R)', 'AL-VM4(R)', 'AL-VP1d(R)', 'AL-VP1l(R)', 'AL-VP1m(R)', 'AL-VP2(R)', 'AL-VP3(R)', 'AL-VP4(R)', 'AL-VP5(R)', 'CA(R)', 'INP', 'LAL(-GA)(R)', 'LAL(R)', 'LH(R)', 'LX(R)', 'MB(+ACA)(R)', 'MB(R)', 'PLP(R)', 'SCL(R)', 'SLP(R)', 'SMP(R)', 'SNP(R)', 'VES(R)', 'VLNP(R)', 'VMNP', 'dACA(R)', 'lACA(R)', 'mALT(R)']","['AL(R)', 'AL-V(R)', 'AL-VA4(R)', 'AL-VP1d(R)', 'AL-VP1l(R)', 'AL-VP1m(R)', 'AL-VP2(R)', 'AL-VP3(R)', 'AL-VP5(R)', 'INP', 'LH(R)', 'MB(+ACA)(R)', 'PLP(R)', 'SCL(R)', 'SLP(R)', 'SMP(R)', 'SNP(R)', 'VLNP(R)', 'dACA(R)', 'lACA(R)']"
1975878958,VP2_adPN_R,VP2_adPN,1904,4305,15168,4305,532,2533629033,Traced,False,Roughly traced,,,,"{'SNP(R)': {'pre': 262, 'post': 197, 'downstream': 2421, 'upstream': 197, 'mito': 29, 'dark': 23, 'medium': 6}, 'SLP(R)': {'pre': 262, 'post': 197, 'downstream': 2421, 'upstream': 197, 'mito': 29, 'dark': 23, 'medium': 6}, 'lACA(R)': {'pre': 196, 'post': 147, 'downstream': 1836, 'upstream': 147, 'mito': 16, 'dark': 11, 'medium': 5}, 'MB(+ACA)(R)': {'pre': 370, 'post': 221, 'downstream': 3109, 'upstream': 221, 'mito': 50, 'dark': 43, 'light': 1, 'medium': 6}, 'MB(R)': {'pre': 174, 'post': 74, 'downstream': 1273, 'upstream': 74, 'mito': 34, 'dark': 32, 'light': 1, 'medium': 1}, 'CA(R)': {'pre': 174, 'post': 74, 'downstream': 1273, 'upstream': 74, 'mito': 34, 'dark': 32, 'light': 1, 'medium': 1}, 'LH(R)': {'pre': 449, 'post': 150, 'downstream': 5041, 'upstream': 150, 'mito': 74, 'dark': 68, 'light': 2, 'medium': 4}, 'INP': {'pre': 68, 'post': 21, 'downstream': 700, 'upstream': 21, 'mito': 16, 'dark': 16}, 'SCL(R)': {'pre': 68, 'post': 21, 'downstream': 700, 'upstream': 21, 'mito': 16, 'dark': 16}, 'mALT(R)': {'pre': 4, 'post': 6, 'downstream': 12, 'upstream': 6, 'mito': 60, 'dark': 57, 'medium': 3}, 'VLNP(R)': {'pre': 47, 'post': 26, 'downstream': 581, 'upstream': 26, 'mito': 6, 'dark': 6}, 'PLP(R)': {'pre': 46, 'post': 25, 'downstream': 572, 'upstream': 25, 'mito': 6, 'dark': 6}, 'AVLP(R)': {'pre': 1, 'post': 1, 'downstream': 9, 'upstream': 1}, 'AL(R)': {'pre': 900, 'post': 3807, 'downstream': 5140, 'upstream': 3807, 'mito': 284, 'dark': 233, 'medium': 51}, 'AL-VP2(R)': {'pre': 779, 'post': 2953, 'downstream': 4510, 'upstream': 2953, 'mito': 214, 'dark': 170, 'medium': 44}, 'AL-VP4(R)': {'post': 14, 'upstream': 14, 'mito': 1, 'medium': 1}, 'AL-VC5(R)': {'pre': 70, 'post': 309, 'downstream': 330, 'upstream': 309, 'mito': 42, 'dark': 36, 'medium': 6}, 'VMNP': {'post': 3, 'upstream': 3, 'mito': 1, 'dark': 1}, 'VES(R)': {'post': 3, 'upstream': 3, 'mito': 1, 'dark': 1}, 'AL-VP1l(R)': {'post': 9, 'upstream': 9, 'mito': 1, 'dark': 1}, 'AL-VP3(R)': {'post': 13, 'upstream': 13, 'mito': 1, 'dark': 1}, 'AL-VP5(R)': {'pre': 35, 'post': 389, 'downstream': 197, 'upstream': 389, 'mito': 17, 'dark': 17}, 'AL-VP1d(R)': {'post': 2, 'upstream': 2, 'mito': 1, 'dark': 1}, 'AL-VC3l(R)': {'post': 5, 'upstream': 5, 'mito': 1, 'dark': 1}, 'AL-VP1m(R)': {'pre': 11, 'post': 53, 'downstream': 76, 'upstream': 53}, 'AL-V(R)': {'post': 9, 'upstream': 9}, 'PENP': {'post': 19, 'upstream': 19, 'mito': 4, 'dark': 2, 'medium': 2}, 'FLA(R)': {'post': 9, 'upstream': 9, 'mito': 3, 'dark': 1, 'medium': 2}, 'SAD': {'post': 10, 'upstream': 10, 'mito': 1, 'dark': 1}, 'SAD(-AMMC)': {'post': 10, 'upstream': 10, 'mito': 1, 'dark': 1}}",VP2 uACT1 (Stocker et al. Cell Tissue Res 1990),"['AL(R)', 'AL-V(R)', 'AL-VC3l(R)', 'AL-VC5(R)', 'AL-VP1d(R)', 'AL-VP1l(R)', 'AL-VP1m(R)', 'AL-VP2(R)', 'AL-VP3(R)', 'AL-VP4(R)', 'AL-VP5(R)', 'AVLP(R)', 'CA(R)', 'FLA(R)', 'INP', 'LH(R)', 'MB(+ACA)(R)', 'MB(R)', 'PENP', 'PLP(R)', 'SAD', 'SAD(-AMMC)', 'SCL(R)', 'SLP(R)', 'SNP(R)', 'VES(R)', 'VLNP(R)', 'VMNP', 'lACA(R)', 'mALT(R)']","['AL(R)', 'AL-VC5(R)', 'AL-VP1m(R)', 'AL-VP2(R)', 'AL-VP5(R)', 'AVLP(R)', 'CA(R)', 'INP', 'LH(R)', 'MB(+ACA)(R)', 'MB(R)', 'PLP(R)', 'SCL(R)', 'SLP(R)', 'SNP(R)', 'VLNP(R)', 'lACA(R)', 'mALT(R)']"
1977579449,VA2_adPN_R,VA2_adPN,3346,7056,26171,7056,1027,4941227653,Traced,False,Roughly traced,AVM01,,,"{'LH(R)': {'pre': 1730, 'post': 1141, 'downstream': 14283, 'upstream': 1141, 'mito': 287, 'dark': 214, 'light': 5, 'medium': 68}, 'MB(R)': {'pre': 696, 'post': 274, 'downstream': 6983, 'upstream': 274, 'mito': 97, 'dark': 91, 'light': 4, 'medium': 2}, 'CA(R)': {'pre': 696, 'post': 274, 'downstream': 6983, 'upstream': 274, 'mito': 97, 'dark': 91, 'light': 4, 'medium': 2}, 'MB(+ACA)(R)': {'pre': 696, 'post': 274, 'downstream': 6983, 'upstream': 274, 'mito': 97, 'dark': 91, 'light': 4, 'medium': 2}, 'SNP(R)': {'post': 2, 'upstream': 2, 'mito': 8, 'dark': 8}, 'SLP(R)': {'post': 2, 'upstream': 2, 'mito': 8, 'dark': 8}, 'mALT(R)': {'pre': 31, 'post': 26, 'downstream': 76, 'upstream': 26, 'mito': 136, 'dark': 130, 'light': 2, 'medium': 4}, 'AL(R)': {'pre': 882, 'post': 5613, 'downstream': 4746, 'upstream': 5613, 'mito': 444, 'dark': 406, 'light': 8, 'medium': 30}, 'AL-VP4(R)': {'pre': 1, 'downstream': 3, 'mito': 1, 'dark': 1}, 'AL-VA2(R)': {'pre': 765, 'post': 5270, 'downstream': 4133, 'upstream': 5270, 'mito': 351, 'dark': 318, 'light': 8, 'medium': 25}, 'AL-VM7v(R)': {'pre': 1, 'post': 4, 'downstream': 1, 'upstream': 4, 'mito': 5, 'dark': 5}, 'AL-VC4(R)': {'pre': 36, 'post': 85, 'downstream': 191, 'upstream': 85, 'mito': 23, 'dark': 21, 'light': 1, 'medium': 1}, 'AL-VM5v(R)': {'post': 1, 'upstream': 1, 'mito': 2, 'dark': 2}, 'AL-VC1(R)': {'pre': 1, 'post': 3, 'downstream': 3, 'upstream': 3, 'mito': 10, 'dark': 9, 'medium': 1}, 'AL-VA7m(R)': {'pre': 4, 'post': 12, 'downstream': 17, 'upstream': 12, 'mito': 2, 'dark': 2}, 'AL-VM3(R)': {'pre': 63, 'post': 169, 'downstream': 345, 'upstream': 169, 'mito': 18, 'dark': 16, 'medium': 2}, 'AL-VC2(R)': {'pre': 5, 'post': 18, 'downstream': 26, 'upstream': 18, 'mito': 16, 'dark': 16}, 'AL-VA3(R)': {'pre': 1, 'post': 31, 'downstream': 5, 'upstream': 31, 'mito': 6, 'dark': 6}, 'AL-VA4(R)': {'pre': 5, 'post': 17, 'downstream': 22, 'upstream': 17, 'mito': 2, 'dark': 1, 'medium': 1}}",,"['AL(R)', 'AL-VA2(R)', 'AL-VA3(R)', 'AL-VA4(R)', 'AL-VA7m(R)', 'AL-VC1(R)', 'AL-VC2(R)', 'AL-VC4(R)', 'AL-VM3(R)', 'AL-VM5v(R)', 'AL-VM7v(R)', 'CA(R)', 'LH(R)', 'MB(+ACA)(R)', 'MB(R)', 'SLP(R)', 'SNP(R)', 'mALT(R)']","['AL(R)', 'AL-VA2(R)', 'AL-VA3(R)', 'AL-VA4(R)', 'AL-VA7m(R)', 'AL-VC1(R)', 'AL-VC2(R)', 'AL-VC4(R)', 'AL-VM3(R)', 'AL-VM7v(R)', 'AL-VP4(R)', 'CA(R)', 'LH(R)', 'MB(+ACA)(R)', 'MB(R)', 'mALT(R)']"
1977916288,VM3_adPN_R,VM3_adPN,1108,1197,8631,1197,327,1435052511,Traced,False,Roughly traced,AVM01,,,"{'LH(R)': {'pre': 678, 'post': 362, 'downstream': 5522, 'upstream': 362, 'mito': 101, 'dark': 83, 'light': 1, 'medium': 17}, 'SNP(R)': {'post': 1, 'upstream': 1, 'mito': 10, 'dark': 9, 'medium': 1}, 'SLP(R)': {'post': 1, 'upstream': 1, 'mito': 10, 'dark': 9, 'medium': 1}, 'mALT(R)': {'pre': 7, 'post': 20, 'downstream': 29, 'upstream': 20, 'mito': 68, 'dark': 60, 'medium': 8}, 'MB(R)': {'pre': 199, 'post': 72, 'downstream': 1985, 'upstream': 72, 'mito': 23, 'dark': 21, 'medium': 2}, 'CA(R)': {'pre': 199, 'post': 72, 'downstream': 1985, 'upstream': 72, 'mito': 23, 'dark': 21, 'medium': 2}, 'MB(+ACA)(R)': {'pre': 199, 'post': 72, 'downstream': 1985, 'upstream': 72, 'mito': 23, 'dark': 21, 'medium': 2}, 'AL(R)': {'pre': 224, 'post': 742, 'downstream': 1095, 'upstream': 742, 'mito': 108, 'dark': 103, 'medium': 5}, 'AL-DC2(R)': {'post': 1, 'upstream': 1, 'mito': 2, 'dark': 2}, 'AL-VM7v(R)': {'pre': 1, 'post': 3, 'downstream': 5, 'upstream': 3, 'mito': 5, 'dark': 5}, 'AL-VC3l(R)': {'pre': 21, 'post': 69, 'downstream': 83, 'upstream': 69, 'mito': 15, 'dark': 15}, 'AL-VC4(R)': {'pre': 11, 'post': 20, 'downstream': 48, 'upstream': 20, 'mito': 7, 'dark': 7}, 'AL-VM3(R)': {'pre': 162, 'post': 465, 'downstream': 817, 'upstream': 465, 'mito': 58, 'dark': 55, 'medium': 3}, 'AL-VA2(R)': {'pre': 2, 'post': 5, 'downstream': 8, 'upstream': 5}, 'AL-VC3m(R)': {'post': 15, 'upstream': 15}, 'AL-VM4(R)': {'pre': 20, 'post': 142, 'downstream': 109, 'upstream': 142, 'mito': 12, 'dark': 10, 'medium': 2}, 'AL-VC2(R)': {'pre': 2, 'post': 13, 'downstream': 8, 'upstream': 13, 'mito': 2, 'dark': 2}, 'AL-VA4(R)': {'pre': 1, 'post': 5, 'downstream': 4, 'upstream': 5}, 'AL-VA3(R)': {'pre': 4, 'post': 4, 'downstream': 13, 'upstream': 4, 'mito': 3, 'dark': 3}}",,"['AL(R)', 'AL-DC2(R)', 'AL-VA2(R)', 'AL-VA3(R)', 'AL-VA4(R)', 'AL-VC2(R)', 'AL-VC3l(R)', 'AL-VC3m(R)', 'AL-VC4(R)', 'AL-VM3(R)', 'AL-VM4(R)', 'AL-VM7v(R)', 'CA(R)', 'LH(R)', 'MB(+ACA)(R)', 'MB(R)', 'SLP(R)', 'SNP(R)', 'mALT(R)']","['AL(R)', 'AL-VA2(R)', 'AL-VA3(R)', 'AL-VA4(R)', 'AL-VC2(R)', 'AL-VC3l(R)', 'AL-VC4(R)', 'AL-VM3(R)', 'AL-VM4(R)', 'AL-VM7v(R)', 'CA(R)', 'LH(R)', 'MB(+ACA)(R)', 'MB(R)', 'mALT(R)']"
2010992546,VM5v_adPN_R,VM5v_adPN,728,2340,5243,2340,301,1513502796,Traced,False,Roughly traced,AVM01,516.5,"[23139, 34703, 23232]","{'MB(R)': {'pre': 158, 'post': 86, 'downstream': 1278, 'upstream': 86, 'mito': 17, 'dark': 14, 'medium': 3}, 'CA(R)': {'pre': 158, 'post': 86, 'downstream': 1278, 'upstream': 86, 'mito': 17, 'dark': 14, 'medium': 3}, 'MB(+ACA)(R)': {'pre': 158, 'post': 86, 'downstream': 1278, 'upstream': 86, 'mito': 17, 'dark': 14, 'medium': 3}, 'LH(R)': {'pre': 257, 'post': 149, 'downstream': 2260, 'upstream': 149, 'mito': 55, 'dark': 49, 'light': 1, 'medium': 5}, 'mALT(R)': {'pre': 12, 'post': 26, 'downstream': 59, 'upstream': 26, 'mito': 59, 'dark': 57, 'medium': 2}, 'CX': {'post': 1, 'upstream': 1, 'mito': 1, 'dark': 1}, 'FB': {'post': 1, 'upstream': 1, 'mito': 1, 'dark': 1}, 'FBl2': {'post': 1, 'upstream': 1, 'mito': 1, 'dark': 1}, 'AL(R)': {'pre': 298, 'post': 2076, 'downstream': 1620, 'upstream': 2076, 'mito': 122, 'dark': 120, 'medium': 2}, 'AL-DC4(R)': {'post': 3, 'upstream': 3, 'mito': 3, 'dark': 3}, 'AL-DC2(R)': {'post': 9, 'upstream': 9}, 'AL-VM5v(R)': {'pre': 252, 'post': 1900, 'downstream': 1359, 'upstream': 1900, 'mito': 94, 'dark': 93, 'medium': 1}, 'AL-VA6(R)': {'pre': 7, 'post': 31, 'downstream': 40, 'upstream': 31, 'mito': 2, 'dark': 2}, 'AL-VM7v(R)': {'pre': 1, 'post': 2, 'downstream': 3, 'upstream': 2, 'mito': 6, 'dark': 6}, 'AL-VC4(R)': {'pre': 3, 'post': 16, 'downstream': 10, 'upstream': 16, 'mito': 6, 'dark': 6}, 'AL-VA2(R)': {'pre': 1, 'post': 2, 'downstream': 6, 'upstream': 2, 'mito': 2, 'dark': 2}, 'AL-VA7m(R)': {'pre': 34, 'post': 106, 'downstream': 202, 'upstream': 106, 'mito': 9, 'dark': 8, 'medium': 1}, 'AL-VC2(R)': {'post': 5, 'upstream': 5}, 'AL-VA7l(R)': {'post': 1, 'upstream': 1}}",,"['AL(R)', 'AL-DC2(R)', 'AL-DC4(R)', 'AL-VA2(R)', 'AL-VA6(R)', 'AL-VA7l(R)', 'AL-VA7m(R)', 'AL-VC2(R)', 'AL-VC4(R)', 'AL-VM5v(R)', 'AL-VM7v(R)', 'CA(R)', 'CX', 'FB', 'FBl2', 'LH(R)', 'MB(+ACA)(R)', 'MB(R)', 'mALT(R)']","['AL(R)', 'AL-VA2(R)', 'AL-VA6(R)', 'AL-VA7m(R)', 'AL-VC4(R)', 'AL-VM5v(R)', 'AL-VM7v(R)', 'CA(R)', 'LH(R)', 'MB(+ACA)(R)', 'MB(R)', 'mALT(R)']"
2038617453,VP5+VP2_l2PN(t10ALT)_R,VP5+VP2_l2PN,401,1540,3013,1540,213,755918172,Traced,False,Roughly traced,AVM03,356.5,"[14309, 35602, 30744]","{'VLNP(R)': {'pre': 182, 'post': 113, 'downstream': 1448, 'upstream': 113, 'mito': 82, 'dark': 71, 'light': 8, 'medium': 3}, 'PLP(R)': {'pre': 82, 'post': 70, 'downstream': 716, 'upstream': 70, 'mito': 43, 'dark': 33, 'light': 8, 'medium': 2}, 'LH(R)': {'pre': 6, 'post': 13, 'downstream': 69, 'upstream': 13, 'mito': 2, 'dark': 1, 'light': 1}, 'WED(R)': {'pre': 88, 'post': 39, 'downstream': 637, 'upstream': 39, 'mito': 34, 'dark': 33, 'medium': 1}, 'AL(R)': {'pre': 211, 'post': 1408, 'downstream': 1493, 'upstream': 1408, 'mito': 91, 'dark': 89, 'light': 1, 'medium': 1}, 'AL-VP2(R)': {'pre': 46, 'post': 162, 'downstream': 308, 'upstream': 162, 'mito': 19, 'dark': 19}, 'AL-VC5(R)': {'pre': 7, 'post': 31, 'downstream': 46, 'upstream': 31, 'mito': 3, 'dark': 3}, 'PVLP(R)': {'pre': 12, 'post': 4, 'downstream': 95, 'upstream': 4, 'mito': 5, 'dark': 5}, 'AL-VP3(R)': {'pre': 5, 'post': 71, 'downstream': 41, 'upstream': 71, 'mito': 4, 'dark': 4}, 'AL-VP5(R)': {'pre': 131, 'post': 906, 'downstream': 933, 'upstream': 906, 'mito': 52, 'dark': 51, 'light': 1}, 'AL-VP1l(R)': {'post': 1, 'upstream': 1}, 'AL-VP1d(R)': {'post': 1, 'upstream': 1}, 'AL-VP4(R)': {'post': 1, 'upstream': 1}, 'AL-V(R)': {'pre': 22, 'post': 234, 'downstream': 165, 'upstream': 234, 'mito': 11, 'dark': 11}, 'AL-VP1m(R)': {'post': 1, 'upstream': 1}, 'VMNP': {'pre': 1, 'post': 3, 'downstream': 1, 'upstream': 3, 'mito': 5, 'dark': 4, 'medium': 1}, 'VES(R)': {'pre': 1, 'post': 3, 'downstream': 1, 'upstream': 3, 'mito': 5, 'dark': 4, 'medium': 1}, 'PENP': {'post': 3, 'upstream': 3, 'mito': 2, 'dark': 2}, 'SAD': {'post': 3, 'upstream': 3, 'mito': 2, 'dark': 2}, 'SAD(-AMMC)': {'post': 3, 'upstream': 3, 'mito': 2, 'dark': 2}}",warm-PN (Liu et al. Nature 2015),"['AL(R)', 'AL-V(R)', 'AL-VC5(R)', 'AL-VP1d(R)', 'AL-VP1l(R)', 'AL-VP1m(R)', 'AL-VP2(R)', 'AL-VP3(R)', 'AL-VP4(R)', 'AL-VP5(R)', 'LH(R)', 'PENP', 'PLP(R)', 'PVLP(R)', 'SAD', 'SAD(-AMMC)', 'VES(R)', 'VLNP(R)', 'VMNP', 'WED(R)']","['AL(R)', 'AL-V(R)', 'AL-VC5(R)', 'AL-VP2(R)', 'AL-VP3(R)', 'AL-VP5(R)', 'LH(R)', 'PLP(R)', 'PVLP(R)', 'VES(R)', 'VLNP(R)', 'VMNP', 'WED(R)']"
2040344064,M_adPNm5_R,M_adPNm5,165,385,1189,385,118,329354519,Traced,False,Roughly traced,AVM01,,,"{'LH(R)': {'pre': 67, 'post': 20, 'downstream': 559, 'upstream': 20, 'mito': 19, 'dark': 19}, 'mALT(R)': {'post': 6, 'upstream': 6, 'mito': 13, 'dark': 13}, 'INP': {'pre': 3, 'post': 1, 'downstream': 22, 'upstream': 1}, 'SCL(R)': {'pre': 3, 'post': 1, 'downstream': 22, 'upstream': 1}, 'AL(R)': {'pre': 81, 'post': 356, 'downstream': 490, 'upstream': 356, 'mito': 69, 'dark': 68, 'light': 1}, 'AL-DC4(R)': {'post': 52, 'upstream': 52, 'mito': 3, 'dark': 3}, 'AL-DC2(R)': {'post': 1, 'upstream': 1}, 'AL-VM7d(R)': {'post': 6, 'upstream': 6, 'mito': 1, 'dark': 1}, 'AL-VC3l(R)': {'pre': 14, 'post': 43, 'downstream': 62, 'upstream': 43, 'mito': 14, 'dark': 13, 'light': 1}, 'AL-VC5(R)': {'pre': 10, 'post': 10, 'downstream': 55, 'upstream': 10, 'mito': 8, 'dark': 8}, 'AL-VP4(R)': {'post': 1, 'upstream': 1, 'mito': 1, 'dark': 1}, 'AL-VM7v(R)': {'pre': 1, 'post': 1, 'downstream': 6, 'upstream': 1}, 'AL-VC4(R)': {'post': 48, 'upstream': 48, 'mito': 4, 'dark': 4}, 'AL-VP1m(R)': {'post': 1, 'upstream': 1}, 'AL-VP1l(R)': {'post': 1, 'upstream': 1}, 'AL-VC1(R)': {'pre': 2, 'post': 52, 'downstream': 7, 'upstream': 52, 'mito': 4, 'dark': 4}, 'AL-VA7l(R)': {'post': 3, 'upstream': 3}, 'AL-VC3m(R)': {'pre': 10, 'post': 27, 'downstream': 49, 'upstream': 27, 'mito': 6, 'dark': 6}, 'AL-VC2(R)': {'pre': 10, 'post': 23, 'downstream': 61, 'upstream': 23, 'mito': 6, 'dark': 6}, 'AL-VA5(R)': {'pre': 2, 'post': 17, 'downstream': 11, 'upstream': 17, 'mito': 3, 'dark': 3}, 'AL-VA3(R)': {'post': 20, 'upstream': 20, 'mito': 3, 'dark': 3}, 'AL-VL1(R)': {'pre': 3, 'post': 4, 'downstream': 21, 'upstream': 4, 'mito': 2, 'dark': 2}, 'AL-VM4(R)': {'post': 19, 'upstream': 19, 'mito': 1, 'dark': 1}, 'AL-VA4(R)': {'post': 1, 'upstream': 1}, 'AL-VM1(R)': {'pre': 1, 'post': 3, 'downstream': 4, 'upstream': 3, 'mito': 2, 'dark': 2}, 'AL-VP2(R)': {'pre': 4, 'post': 1, 'downstream': 35, 'upstream': 1, 'mito': 1, 'dark': 1}, 'PENP': {'pre': 13, 'post': 2, 'downstream': 112, 'upstream': 2, 'mito': 2, 'dark': 2}, 'SAD': {'pre': 13, 'post': 2, 'downstream': 112, 'upstream': 2, 'mito': 2, 'dark': 2}, 'SAD(-AMMC)': {'pre': 13, 'post': 2, 'downstream': 112, 'upstream': 2, 'mito': 2, 'dark': 2}, 'AL-VP5(R)': {'pre': 1, 'post': 1, 'downstream': 5, 'upstream': 1}, 'GNG': {'pre': 1, 'downstream': 6}}",,"['AL(R)', 'AL-DC2(R)', 'AL-DC4(R)', 'AL-VA3(R)', 'AL-VA4(R)', 'AL-VA5(R)', 'AL-VA7l(R)', 'AL-VC1(R)', 'AL-VC2(R)', 'AL-VC3l(R)', 'AL-VC3m(R)', 'AL-VC4(R)', 'AL-VC5(R)', 'AL-VL1(R)', 'AL-VM1(R)', 'AL-VM4(R)', 'AL-VM7d(R)', 'AL-VM7v(R)', 'AL-VP1l(R)', 'AL-VP1m(R)', 'AL-VP2(R)', 'AL-VP4(R)', 'AL-VP5(R)', 'INP', 'LH(R)', 'PENP', 'SAD', 'SAD(-AMMC)', 'SCL(R)', 'mALT(R)']","['AL(R)', 'AL-VA5(R)', 'AL-VC1(R)', 'AL-VC2(R)', 'AL-VC3l(R)', 'AL-VC3m(R)', 'AL-VC5(R)', 'AL-VL1(R)', 'AL-VM1(R)', 'AL-VM7v(R)', 'AL-VP2(R)', 'AL-VP5(R)', 'GNG', 'INP', 'LH(R)', 'PENP', 'SAD', 'SAD(-AMMC)', 'SCL(R)']"
2064165421,V_ilPN,V_ilPN,1319,3886,11247,3886,367,2015295406,Traced,False,Roughly traced,,,,"{'LH(R)': {'pre': 461, 'post': 129, 'downstream': 4590, 'upstream': 129, 'mito': 70, 'dark': 58, 'light': 2, 'medium': 10}, 'MB(R)': {'pre': 190, 'post': 50, 'downstream': 1640, 'upstream': 50, 'mito': 21, 'dark': 14, 'medium': 7}, 'CA(R)': {'pre': 190, 'post': 50, 'downstream': 1640, 'upstream': 50, 'mito': 21, 'dark': 14, 'medium': 7}, 'MB(+ACA)(R)': {'pre': 190, 'post': 51, 'downstream': 1640, 'upstream': 51, 'mito': 21, 'dark': 14, 'medium': 7}, 'SNP(R)': {'pre': 55, 'post': 19, 'downstream': 558, 'upstream': 19, 'mito': 8, 'dark': 7, 'medium': 1}, 'SLP(R)': {'pre': 55, 'post': 19, 'downstream': 558, 'upstream': 19, 'mito': 8, 'dark': 7, 'medium': 1}, 'lACA(R)': {'post': 1, 'upstream': 1}, 'mALT(R)': {'pre': 1, 'downstream': 5, 'mito': 1, 'dark': 1}, 'INP': {'pre': 98, 'post': 29, 'downstream': 979, 'upstream': 29, 'mito': 20, 'dark': 18, 'medium': 2}, 'SCL(R)': {'pre': 98, 'post': 29, 'downstream': 979, 'upstream': 29, 'mito': 20, 'dark': 18, 'medium': 2}, 'VLNP(R)': {'pre': 31, 'post': 11, 'downstream': 267, 'upstream': 11, 'mito': 31, 'dark': 27, 'medium': 4}, 'PLP(R)': {'pre': 19, 'post': 7, 'downstream': 206, 'upstream': 7, 'mito': 2, 'medium': 2}, 'AVLP(R)': {'pre': 12, 'post': 2, 'downstream': 61, 'upstream': 2, 'mito': 18, 'dark': 18}, 'PVLP(R)': {'post': 2, 'upstream': 2, 'mito': 11, 'dark': 9, 'medium': 2}, 'AL(R)': {'pre': 482, 'post': 3642, 'downstream': 3206, 'upstream': 3642, 'mito': 165, 'dark': 145, 'light': 3, 'medium': 17}, 'AL-VC5(R)': {'pre': 15, 'post': 34, 'downstream': 79, 'upstream': 34, 'mito': 9, 'dark': 7, 'light': 2}, 'AL-VP1m(R)': {'pre': 27, 'post': 75, 'downstream': 156, 'upstream': 75, 'mito': 4, 'dark': 2, 'light': 1, 'medium': 1}, 'AL-VP1d(R)': {'post': 3, 'upstream': 3}, 'AL-VP2(R)': {'pre': 16, 'post': 31, 'downstream': 106, 'upstream': 31, 'mito': 1, 'dark': 1}, 'VMNP': {'pre': 1, 'post': 2, 'downstream': 2, 'upstream': 2, 'mito': 9, 'dark': 9}, 'VES(R)': {'pre': 1, 'post': 2, 'downstream': 2, 'upstream': 2, 'mito': 9, 'dark': 9}, 'AL-VP5(R)': {'pre': 5, 'post': 28, 'downstream': 26, 'upstream': 28, 'mito': 15, 'dark': 15}, 'AL-V(R)': {'pre': 419, 'post': 3470, 'downstream': 2839, 'upstream': 3470, 'mito': 136, 'dark': 120, 'medium': 16}, 'PENP': {'post': 3, 'upstream': 3, 'mito': 18, 'dark': 18}, 'SAD': {'post': 3, 'upstream': 3, 'mito': 18, 'dark': 18}, 'SAD(-AMMC)': {'post': 3, 'upstream': 3, 'mito': 18, 'dark': 18}}",,"['AL(R)', 'AL-V(R)', 'AL-VC5(R)', 'AL-VP1d(R)', 'AL-VP1m(R)', 'AL-VP2(R)', 'AL-VP5(R)', 'AVLP(R)', 'CA(R)', 'INP', 'LH(R)', 'MB(+ACA)(R)', 'MB(R)', 'PENP', 'PLP(R)', 'PVLP(R)', 'SAD', 'SAD(-AMMC)', 'SCL(R)', 'SLP(R)', 'SNP(R)', 'VES(R)', 'VLNP(R)', 'VMNP', 'lACA(R)']","['AL(R)', 'AL-V(R)', 'AL-VC5(R)', 'AL-VP1m(R)', 'AL-VP2(R)', 'AL-VP5(R)', 'AVLP(R)', 'CA(R)', 'INP', 'LH(R)', 'MB(+ACA)(R)', 'MB(R)', 'PLP(R)', 'SCL(R)', 'SLP(R)', 'SNP(R)', 'VES(R)', 'VLNP(R)', 'VMNP', 'mALT(R)']"
2065197353,VP5+VP3_l2PN(t10ALT)_R,VP5+VP3_l2PN,623,2294,4056,2294,281,1064008354,Traced,False,Roughly traced,AVM03,416.5,"[13625, 35378, 26264]","{'INP': {'post': 1, 'upstream': 1}, 'SCL(R)': {'post': 1, 'upstream': 1}, 'VLNP(R)': {'pre': 189, 'post': 88, 'downstream': 1367, 'upstream': 88, 'mito': 86, 'dark': 86}, 'PLP(R)': {'pre': 152, 'post': 73, 'downstream': 1115, 'upstream': 73, 'mito': 61, 'dark': 61}, 'LH(R)': {'pre': 22, 'post': 8, 'downstream': 181, 'upstream': 8, 'mito': 3, 'dark': 3}, 'WED(R)': {'pre': 33, 'post': 14, 'downstream': 221, 'upstream': 14, 'mito': 20, 'dark': 20}, 'AL(R)': {'pre': 405, 'post': 2155, 'downstream': 2461, 'upstream': 2155, 'mito': 144, 'dark': 141, 'light': 3}, 'AL-VP2(R)': {'pre': 13, 'post': 29, 'downstream': 74, 'upstream': 29, 'mito': 2, 'dark': 2}, 'AL-VP1l(R)': {'pre': 1, 'post': 28, 'downstream': 4, 'upstream': 28, 'mito': 1, 'dark': 1}, 'AL-VP3(R)': {'pre': 198, 'post': 950, 'downstream': 1196, 'upstream': 950, 'mito': 66, 'dark': 66}, 'PVLP(R)': {'pre': 4, 'post': 1, 'downstream': 31, 'upstream': 1, 'mito': 3, 'dark': 3}, 'VMNP': {'pre': 7, 'post': 38, 'downstream': 47, 'upstream': 38, 'mito': 12, 'dark': 11, 'medium': 1}, 'VES(R)': {'pre': 7, 'post': 38, 'downstream': 47, 'upstream': 38, 'mito': 12, 'dark': 11, 'medium': 1}, 'AL-VP5(R)': {'pre': 157, 'post': 894, 'downstream': 963, 'upstream': 894, 'mito': 53, 'dark': 52, 'light': 1}, 'AL-VL2p(R)': {'post': 2, 'upstream': 2}, 'AL-VP1d(R)': {'post': 2, 'upstream': 2}, 'AL-VL1(R)': {'pre': 12, 'post': 23, 'downstream': 75, 'upstream': 23, 'mito': 5, 'dark': 3, 'light': 2}, 'AL-VP4(R)': {'post': 1, 'upstream': 1}, 'AL-VC2(R)': {'post': 9, 'upstream': 9}, 'AL-VC5(R)': {'pre': 5, 'post': 31, 'downstream': 34, 'upstream': 31, 'mito': 3, 'dark': 3}, 'AL-V(R)': {'pre': 4, 'post': 180, 'downstream': 19, 'upstream': 180, 'mito': 10, 'dark': 10}, 'PENP': {'post': 2, 'upstream': 2, 'mito': 1, 'dark': 1}, 'SAD': {'post': 2, 'upstream': 2, 'mito': 1, 'dark': 1}, 'SAD(-AMMC)': {'post': 2, 'upstream': 2, 'mito': 1, 'dark': 1}}",unPN-6 (Lin et al. PLoS Biol 2012); cool lALT PN (Frank et al. Nature 2015),"['AL(R)', 'AL-V(R)', 'AL-VC2(R)', 'AL-VC5(R)', 'AL-VL1(R)', 'AL-VL2p(R)', 'AL-VP1d(R)', 'AL-VP1l(R)', 'AL-VP2(R)', 'AL-VP3(R)', 'AL-VP4(R)', 'AL-VP5(R)', 'INP', 'LH(R)', 'PENP', 'PLP(R)', 'PVLP(R)', 'SAD', 'SAD(-AMMC)', 'SCL(R)', 'VES(R)', 'VLNP(R)', 'VMNP', 'WED(R)']","['AL(R)', 'AL-V(R)', 'AL-VC5(R)', 'AL-VL1(R)', 'AL-VP1l(R)', 'AL-VP2(R)', 'AL-VP3(R)', 'AL-VP5(R)', 'LH(R)', 'PLP(R)', 'PVLP(R)', 'VES(R)', 'VLNP(R)', 'VMNP', 'WED(R)']"
2069644133,VP5+_l2PN(t10ALT)_R,VP5+_l2PN,451,1634,3190,1634,199,743438727,Traced,False,Roughly traced,AVM03,391.5,"[13574, 35737, 25592]","{'VLNP(R)': {'pre': 160, 'post': 96, 'downstream': 1192, 'upstream': 96, 'mito': 70, 'dark': 69, 'medium': 1}, 'PLP(R)': {'pre': 103, 'post': 70, 'downstream': 783, 'upstream': 70, 'mito': 45, 'dark': 44, 'medium': 1}, 'LH(R)': {'pre': 22, 'post': 16, 'downstream': 223, 'upstream': 16, 'mito': 5, 'dark': 4, 'light': 1}, 'AVLP(R)': {'pre': 1, 'post': 1, 'downstream': 7, 'upstream': 1, 'mito': 1, 'dark': 1}, 'PVLP(R)': {'pre': 1, 'post': 3, 'downstream': 12, 'upstream': 3, 'mito': 2, 'dark': 2}, 'WED(R)': {'pre': 55, 'post': 22, 'downstream': 390, 'upstream': 22, 'mito': 22, 'dark': 22}, 'AL(R)': {'pre': 266, 'post': 1503, 'downstream': 1765, 'upstream': 1503, 'mito': 92, 'dark': 91, 'medium': 1}, 'AL-VP1l(R)': {'post': 1, 'upstream': 1}, 'AL-VP2(R)': {'pre': 14, 'post': 63, 'downstream': 94, 'upstream': 63, 'mito': 3, 'dark': 3}, 'AL-VP3(R)': {'pre': 42, 'post': 284, 'downstream': 266, 'upstream': 284, 'mito': 27, 'dark': 27}, 'AL-VP5(R)': {'pre': 182, 'post': 927, 'downstream': 1238, 'upstream': 927, 'mito': 52, 'dark': 51, 'medium': 1}, 'VMNP': {'pre': 1, 'post': 17, 'downstream': 6, 'upstream': 17, 'mito': 7, 'dark': 6, 'medium': 1}, 'VES(R)': {'pre': 1, 'post': 17, 'downstream': 6, 'upstream': 17, 'mito': 7, 'dark': 6, 'medium': 1}, 'AL-VC2(R)': {'post': 2, 'upstream': 2}, 'AL-VC5(R)': {'pre': 1, 'post': 19, 'downstream': 4, 'upstream': 19}, 'AL-VP1m(R)': {'post': 5, 'upstream': 5}, 'AL-VL1(R)': {'pre': 1, 'downstream': 1}, 'AL-V(R)': {'pre': 24, 'post': 198, 'downstream': 147, 'upstream': 198, 'mito': 10, 'dark': 10}}",VP5 l2PN (Marin et al. Curr Biol 2020),"['AL(R)', 'AL-V(R)', 'AL-VC2(R)', 'AL-VC5(R)', 'AL-VP1l(R)', 'AL-VP1m(R)', 'AL-VP2(R)', 'AL-VP3(R)', 'AL-VP5(R)', 'AVLP(R)', 'LH(R)', 'PLP(R)', 'PVLP(R)', 'VES(R)', 'VLNP(R)', 'VMNP', 'WED(R)']","['AL(R)', 'AL-V(R)', 'AL-VC5(R)', 'AL-VL1(R)', 'AL-VP2(R)', 'AL-VP3(R)', 'AL-VP5(R)', 'AVLP(R)', 'LH(R)', 'PLP(R)', 'PVLP(R)', 'VES(R)', 'VLNP(R)', 'VMNP', 'WED(R)']"
2069648663,VP1m+VP5_ilPN,VP1m+VP5_ilPN,432,1782,4090,1782,200,511770088,Traced,False,Roughly traced,,,,"{'MB(R)': {'pre': 47, 'post': 26, 'downstream': 395, 'upstream': 26, 'mito': 6, 'dark': 6}, 'CA(R)': {'pre': 47, 'post': 26, 'downstream': 395, 'upstream': 26, 'mito': 6, 'dark': 6}, 'MB(+ACA)(R)': {'pre': 47, 'post': 26, 'downstream': 395, 'upstream': 26, 'mito': 6, 'dark': 6}, 'SNP(R)': {'pre': 87, 'post': 26, 'downstream': 894, 'upstream': 26, 'mito': 14, 'dark': 14}, 'SLP(R)': {'pre': 85, 'post': 24, 'downstream': 865, 'upstream': 24, 'mito': 12, 'dark': 12}, 'SMP(R)': {'pre': 2, 'post': 2, 'downstream': 29, 'upstream': 2, 'mito': 2, 'dark': 2}, 'mALT(R)': {'pre': 5, 'post': 4, 'downstream': 31, 'upstream': 4, 'mito': 35, 'dark': 33, 'light': 1, 'medium': 1}, 'INP': {'pre': 81, 'post': 21, 'downstream': 813, 'upstream': 21, 'mito': 16, 'dark': 15, 'medium': 1}, 'SCL(R)': {'pre': 81, 'post': 19, 'downstream': 813, 'upstream': 19, 'mito': 16, 'dark': 15, 'medium': 1}, 'LH(R)': {'pre': 42, 'post': 14, 'downstream': 494, 'upstream': 14, 'mito': 7, 'dark': 7}, 'VLNP(R)': {'pre': 84, 'post': 21, 'downstream': 985, 'upstream': 21, 'mito': 15, 'dark': 14, 'light': 1}, 'PLP(R)': {'pre': 84, 'post': 21, 'downstream': 985, 'upstream': 21, 'mito': 15, 'dark': 14, 'light': 1}, 'ICL(R)': {'post': 2, 'upstream': 2}, 'AL(R)': {'pre': 86, 'post': 1670, 'downstream': 478, 'upstream': 1670, 'mito': 98, 'dark': 94, 'medium': 4}, 'AL-VP2(R)': {'pre': 4, 'post': 82, 'downstream': 24, 'upstream': 82, 'mito': 15, 'dark': 14, 'medium': 1}, 'AL-VP4(R)': {'post': 2, 'upstream': 2}, 'AL-VP3(R)': {'pre': 6, 'post': 165, 'downstream': 27, 'upstream': 165, 'mito': 11, 'dark': 11}, 'AL-VP1m(R)': {'pre': 4, 'post': 478, 'downstream': 21, 'upstream': 478, 'mito': 16, 'dark': 16}, 'AL-VP5(R)': {'pre': 64, 'post': 824, 'downstream': 364, 'upstream': 824, 'mito': 51, 'dark': 48, 'medium': 3}, 'AL-VP1l(R)': {'pre': 8, 'post': 42, 'downstream': 42, 'upstream': 42, 'mito': 3, 'dark': 3}, 'AL-V(R)': {'post': 76, 'upstream': 76, 'mito': 2, 'dark': 2}, 'AL-VC5(R)': {'post': 1, 'upstream': 1}}",R24G07 hPN (Frank et al. Curr Biol 2017),"['AL(R)', 'AL-V(R)', 'AL-VC5(R)', 'AL-VP1l(R)', 'AL-VP1m(R)', 'AL-VP2(R)', 'AL-VP3(R)', 'AL-VP4(R)', 'AL-VP5(R)', 'CA(R)', 'ICL(R)', 'INP', 'LH(R)', 'MB(+ACA)(R)', 'MB(R)', 'PLP(R)', 'SCL(R)', 'SLP(R)', 'SMP(R)', 'SNP(R)', 'VLNP(R)', 'mALT(R)']","['AL(R)', 'AL-VP1l(R)', 'AL-VP1m(R)', 'AL-VP2(R)', 'AL-VP3(R)', 'AL-VP5(R)', 'CA(R)', 'INP', 'LH(R)', 'MB(+ACA)(R)', 'MB(R)', 'PLP(R)', 'SCL(R)', 'SLP(R)', 'SMP(R)', 'SNP(R)', 'VLNP(R)', 'mALT(R)']"
2100010400,VP5+VP2_l2PN(t10ALT)_R,VP5+VP2_l2PN,371,1530,2690,1530,195,661178823,Traced,False,Roughly traced,AVM03,346.5,"[14040, 35743, 25656]","{'VLNP(R)': {'pre': 181, 'post': 106, 'downstream': 1390, 'upstream': 106, 'mito': 81, 'dark': 75, 'light': 2, 'medium': 4}, 'PLP(R)': {'pre': 60, 'post': 52, 'downstream': 523, 'upstream': 52, 'mito': 32, 'dark': 26, 'light': 2, 'medium': 4}, 'AL(R)': {'pre': 182, 'post': 1399, 'downstream': 1239, 'upstream': 1399, 'mito': 80, 'dark': 78, 'light': 1, 'medium': 1}, 'AL-VP2(R)': {'pre': 67, 'post': 425, 'downstream': 434, 'upstream': 425, 'mito': 26, 'dark': 25, 'light': 1}, 'AL-VC5(R)': {'pre': 14, 'post': 109, 'downstream': 93, 'upstream': 109, 'mito': 6, 'dark': 6}, 'WED(R)': {'pre': 115, 'post': 53, 'downstream': 822, 'upstream': 53, 'mito': 47, 'dark': 47}, 'AL-VP4(R)': {'pre': 1, 'post': 1, 'downstream': 10, 'upstream': 1}, 'AL-VP1d(R)': {'pre': 7, 'post': 24, 'downstream': 46, 'upstream': 24, 'mito': 1, 'dark': 1}, 'PVLP(R)': {'pre': 6, 'post': 1, 'downstream': 45, 'upstream': 1, 'mito': 2, 'dark': 2}, 'AL-VP1m(R)': {'pre': 1, 'post': 11, 'downstream': 5, 'upstream': 11}, 'AL-VP3(R)': {'pre': 4, 'post': 73, 'downstream': 34, 'upstream': 73, 'mito': 4, 'dark': 4}, 'AL-VP5(R)': {'pre': 69, 'post': 579, 'downstream': 489, 'upstream': 579, 'mito': 33, 'dark': 33}, 'AL-VL2p(R)': {'pre': 1, 'downstream': 4}, 'AL-VC2(R)': {'pre': 2, 'post': 5, 'downstream': 10, 'upstream': 5}, 'AL-VL1(R)': {'post': 4, 'upstream': 4, 'mito': 1, 'dark': 1}, 'VMNP': {'pre': 2, 'post': 9, 'downstream': 18, 'upstream': 9, 'mito': 5, 'dark': 5}, 'VES(R)': {'pre': 2, 'post': 9, 'downstream': 18, 'upstream': 9, 'mito': 5, 'dark': 5}, 'AL-V(R)': {'pre': 6, 'post': 145, 'downstream': 41, 'upstream': 145, 'mito': 5, 'dark': 4, 'medium': 1}, 'PENP': {'pre': 6, 'post': 15, 'downstream': 43, 'upstream': 15, 'mito': 6, 'dark': 6}, 'FLA(R)': {'post': 3, 'upstream': 3}, 'SAD': {'pre': 6, 'post': 12, 'downstream': 43, 'upstream': 12, 'mito': 6, 'dark': 6}, 'SAD(-AMMC)': {'pre': 6, 'post': 12, 'downstream': 43, 'upstream': 12, 'mito': 6, 'dark': 6}}",warm-PN (Liu et al. Nature 2015),"['AL(R)', 'AL-V(R)', 'AL-VC2(R)', 'AL-VC5(R)', 'AL-VL1(R)', 'AL-VP1d(R)', 'AL-VP1m(R)', 'AL-VP2(R)', 'AL-VP3(R)', 'AL-VP4(R)', 'AL-VP5(R)', 'FLA(R)', 'PENP', 'PLP(R)', 'PVLP(R)', 'SAD', 'SAD(-AMMC)', 'VES(R)', 'VLNP(R)', 'VMNP', 'WED(R)']","['AL(R)', 'AL-V(R)', 'AL-VC2(R)', 'AL-VC5(R)', 'AL-VL2p(R)', 'AL-VP1d(R)', 'AL-VP1m(R)', 'AL-VP2(R)', 'AL-VP3(R)', 'AL-VP4(R)', 'AL-VP5(R)', 'PENP', 'PLP(R)', 'PVLP(R)', 'SAD', 'SAD(-AMMC)', 'VES(R)', 'VLNP(R)', 'VMNP', 'WED(R)']"
2166133204,VL1_ilPN,VL1_ilPN,863,2677,6868,2677,241,802878166,Traced,False,Roughly traced,,,,"{'mALT(R)': {'pre': 4, 'post': 14, 'downstream': 27, 'upstream': 14, 'mito': 28, 'dark': 28}, 'SNP(R)': {'post': 6, 'upstream': 6, 'mito': 2, 'dark': 2}, 'SLP(R)': {'post': 6, 'upstream': 6, 'mito': 2, 'dark': 2}, 'INP': {'pre': 32, 'post': 32, 'downstream': 296, 'upstream': 32, 'mito': 14, 'dark': 14}, 'SCL(R)': {'pre': 32, 'post': 32, 'downstream': 296, 'upstream': 32, 'mito': 14, 'dark': 14}, 'MB(R)': {'pre': 43, 'post': 23, 'downstream': 349, 'upstream': 23, 'mito': 3, 'dark': 2, 'medium': 1}, 'CA(R)': {'pre': 43, 'post': 23, 'downstream': 349, 'upstream': 23, 'mito': 3, 'dark': 2, 'medium': 1}, 'MB(+ACA)(R)': {'pre': 43, 'post': 23, 'downstream': 349, 'upstream': 23, 'mito': 3, 'dark': 2, 'medium': 1}, 'VLNP(R)': {'pre': 81, 'post': 68, 'downstream': 748, 'upstream': 68, 'mito': 10, 'dark': 9, 'light': 1}, 'PLP(R)': {'pre': 81, 'post': 68, 'downstream': 748, 'upstream': 68, 'mito': 10, 'dark': 9, 'light': 1}, 'LH(R)': {'pre': 271, 'post': 152, 'downstream': 2620, 'upstream': 152, 'mito': 43, 'dark': 41, 'light': 2}, 'AL(R)': {'pre': 432, 'post': 2382, 'downstream': 2828, 'upstream': 2382, 'mito': 134, 'dark': 125, 'medium': 9}, 'AL-VL2a(R)': {'post': 2, 'upstream': 2}, 'AL-VL1(R)': {'pre': 376, 'post': 2262, 'downstream': 2493, 'upstream': 2262, 'mito': 103, 'dark': 94, 'medium': 9}, 'AL-VP2(R)': {'pre': 1, 'post': 1, 'downstream': 2, 'upstream': 1, 'mito': 7, 'dark': 7}, 'AL-VL2p(R)': {'post': 1, 'upstream': 1}, 'AL-VC2(R)': {'post': 1, 'upstream': 1}, 'AL-VP1l(R)': {'pre': 1, 'post': 3, 'downstream': 3, 'upstream': 3, 'mito': 2, 'dark': 2}, 'AL-VP1d(R)': {'post': 3, 'upstream': 3}, 'AL-VP4(R)': {'pre': 3, 'post': 11, 'downstream': 16, 'upstream': 11, 'mito': 1, 'dark': 1}, 'AL-VP5(R)': {'pre': 7, 'post': 21, 'downstream': 39, 'upstream': 21, 'mito': 9, 'dark': 9}, 'AL-V(R)': {'pre': 2, 'post': 7, 'downstream': 11, 'upstream': 7, 'mito': 1, 'dark': 1}}",,"['AL(R)', 'AL-V(R)', 'AL-VC2(R)', 'AL-VL1(R)', 'AL-VL2a(R)', 'AL-VL2p(R)', 'AL-VP1d(R)', 'AL-VP1l(R)', 'AL-VP2(R)', 'AL-VP4(R)', 'AL-VP5(R)', 'CA(R)', 'INP', 'LH(R)', 'MB(+ACA)(R)', 'MB(R)', 'PLP(R)', 'SCL(R)', 'SLP(R)', 'SNP(R)', 'VLNP(R)', 'mALT(R)']","['AL(R)', 'AL-V(R)', 'AL-VL1(R)', 'AL-VP1l(R)', 'AL-VP2(R)', 'AL-VP4(R)', 'AL-VP5(R)', 'CA(R)', 'INP', 'LH(R)', 'MB(+ACA)(R)', 'MB(R)', 'PLP(R)', 'SCL(R)', 'VLNP(R)', 'mALT(R)']"
2289223313,VP1l+_lvPN_R,VP1l+_lvPN,163,357,1597,357,121,424338369,Traced,False,Roughly traced,AVM06,381.5,"[14783, 30652, 32480]","{'SNP(R)': {'pre': 154, 'post': 96, 'downstream': 1553, 'upstream': 96, 'mito': 61, 'dark': 61}, 'SLP(R)': {'pre': 115, 'post': 72, 'downstream': 1217, 'upstream': 72, 'mito': 38, 'dark': 38}, 'SMP(R)': {'pre': 39, 'post': 24, 'downstream': 336, 'upstream': 24, 'mito': 23, 'dark': 23}, 'mALT(R)': {'pre': 1, 'post': 3, 'downstream': 5, 'upstream': 3, 'mito': 10, 'dark': 9, 'medium': 1}, 'AL(R)': {'pre': 8, 'post': 258, 'downstream': 39, 'upstream': 258, 'mito': 36, 'dark': 23, 'light': 2, 'medium': 11}, 'AL-VP4(R)': {'pre': 1, 'post': 49, 'downstream': 7, 'upstream': 49, 'mito': 5, 'dark': 4, 'medium': 1}, 'AL-DP1m(R)': {'pre': 1, 'post': 3, 'downstream': 5, 'upstream': 3, 'mito': 2, 'dark': 1, 'light': 1}, 'AL-VP1d(R)': {'pre': 5, 'post': 11, 'downstream': 21, 'upstream': 11, 'mito': 5, 'dark': 3, 'medium': 2}, 'AL-VP1l(R)': {'pre': 1, 'post': 145, 'downstream': 6, 'upstream': 145, 'mito': 14, 'dark': 8, 'medium': 6}, 'AL-VP1m(R)': {'post': 1, 'upstream': 1}, 'AL-VP3(R)': {'post': 47, 'upstream': 47, 'mito': 10, 'dark': 7, 'light': 1, 'medium': 2}, 'AL-VP5(R)': {'post': 1, 'upstream': 1}, 'AL-VP2(R)': {'post': 1, 'upstream': 1}}",,"['AL(R)', 'AL-DP1m(R)', 'AL-VP1d(R)', 'AL-VP1l(R)', 'AL-VP1m(R)', 'AL-VP2(R)', 'AL-VP3(R)', 'AL-VP4(R)', 'AL-VP5(R)', 'SLP(R)', 'SMP(R)', 'SNP(R)', 'mALT(R)']","['AL(R)', 'AL-DP1m(R)', 'AL-VP1d(R)', 'AL-VP1l(R)', 'AL-VP4(R)', 'SLP(R)', 'SMP(R)', 'SNP(R)', 'mALT(R)']"
2383731281,M_vPNml51_R,M_vPNml51,233,720,2229,720,180,535235283,Traced,False,Roughly traced,AVM04,,,"{'SNP(R)': {'pre': 54, 'post': 54, 'downstream': 543, 'upstream': 54, 'mito': 13, 'dark': 9, 'light': 2, 'medium': 2}, 'SIP(R)': {'pre': 9, 'post': 9, 'downstream': 92, 'upstream': 9, 'mito': 1, 'light': 1}, 'SLP(R)': {'pre': 45, 'post': 45, 'downstream': 451, 'upstream': 45, 'mito': 12, 'dark': 9, 'light': 1, 'medium': 2}, 'INP': {'pre': 89, 'post': 85, 'downstream': 938, 'upstream': 85, 'mito': 28, 'dark': 25, 'medium': 3}, 'SCL(R)': {'pre': 89, 'post': 85, 'downstream': 938, 'upstream': 85, 'mito': 28, 'dark': 25, 'medium': 3}, 'LH(R)': {'pre': 55, 'post': 70, 'downstream': 536, 'upstream': 70, 'mito': 20, 'dark': 19, 'medium': 1}, 'VLNP(R)': {'pre': 6, 'post': 10, 'downstream': 65, 'upstream': 10, 'mito': 5, 'dark': 5}, 'PLP(R)': {'pre': 6, 'post': 10, 'downstream': 65, 'upstream': 10, 'mito': 3, 'dark': 3}, 'AL(R)': {'pre': 28, 'post': 501, 'downstream': 137, 'upstream': 501, 'mito': 92, 'dark': 90, 'light': 1, 'medium': 1}, 'AL-DP1m(R)': {'post': 12, 'upstream': 12, 'mito': 2, 'dark': 2}, 'AL-DL2v(R)': {'pre': 5, 'post': 77, 'downstream': 18, 'upstream': 77, 'mito': 14, 'dark': 14}, 'AL-DP1l(R)': {'pre': 1, 'post': 58, 'downstream': 3, 'upstream': 58, 'mito': 5, 'dark': 5}, 'AL-DL2d(R)': {'post': 6, 'upstream': 6}, 'AL-VL2a(R)': {'pre': 3, 'post': 13, 'downstream': 14, 'upstream': 13, 'mito': 5, 'dark': 5}, 'AL-VL2p(R)': {'pre': 3, 'post': 14, 'downstream': 12, 'upstream': 14, 'mito': 3, 'dark': 3}, 'AL-VP4(R)': {'post': 5, 'upstream': 5, 'mito': 1, 'dark': 1}, 'AL-VP1d(R)': {'post': 3, 'upstream': 3, 'mito': 5, 'dark': 5}, 'AL-VA2(R)': {'post': 75, 'upstream': 75, 'mito': 10, 'dark': 10}, 'AL-VA6(R)': {'post': 5, 'upstream': 5}, 'AL-VA7l(R)': {'post': 9, 'upstream': 9, 'mito': 1, 'dark': 1}, 'AL-VC4(R)': {'post': 8, 'upstream': 8, 'mito': 4, 'dark': 4}, 'AL-VA1v(R)': {'pre': 3, 'post': 2, 'downstream': 15, 'upstream': 2, 'mito': 2, 'dark': 2}, 'AL-VC2(R)': {'pre': 2, 'post': 24, 'downstream': 11, 'upstream': 24, 'mito': 8, 'dark': 8}, 'AL-VC1(R)': {'post': 9, 'upstream': 9}, 'AL-VA5(R)': {'post': 11, 'upstream': 11, 'mito': 2, 'dark': 2}, 'AL-VP3(R)': {'post': 1, 'upstream': 1}, 'AL-VC3m(R)': {'post': 2, 'upstream': 2}, 'AL-VC3l(R)': {'post': 8, 'upstream': 8, 'mito': 2, 'dark': 2}, 'AL-VM3(R)': {'post': 22, 'upstream': 22, 'mito': 3, 'dark': 3}, 'AL-VL1(R)': {'pre': 6, 'post': 12, 'downstream': 35, 'upstream': 12, 'mito': 2, 'dark': 1, 'light': 1}, 'AL-VA3(R)': {'pre': 3, 'post': 50, 'downstream': 16, 'upstream': 50, 'mito': 8, 'dark': 7, 'medium': 1}, 'AL-VA4(R)': {'post': 44, 'upstream': 44, 'mito': 6, 'dark': 6}}",,"['AL(R)', 'AL-DL2d(R)', 'AL-DL2v(R)', 'AL-DP1l(R)', 'AL-DP1m(R)', 'AL-VA1v(R)', 'AL-VA2(R)', 'AL-VA3(R)', 'AL-VA4(R)', 'AL-VA5(R)', 'AL-VA6(R)', 'AL-VA7l(R)', 'AL-VC1(R)', 'AL-VC2(R)', 'AL-VC3l(R)', 'AL-VC3m(R)', 'AL-VC4(R)', 'AL-VL1(R)', 'AL-VL2a(R)', 'AL-VL2p(R)', 'AL-VM3(R)', 'AL-VP1d(R)', 'AL-VP3(R)', 'AL-VP4(R)', 'INP', 'LH(R)', 'PLP(R)', 'SCL(R)', 'SIP(R)', 'SLP(R)', 'SNP(R)', 'VLNP(R)']","['AL(R)', 'AL-DL2v(R)', 'AL-DP1l(R)', 'AL-VA1v(R)', 'AL-VA3(R)', 'AL-VC2(R)', 'AL-VL1(R)', 'AL-VL2a(R)', 'AL-VL2p(R)', 'INP', 'LH(R)', 'PLP(R)', 'SCL(R)', 'SIP(R)', 'SLP(R)', 'SNP(R)', 'VLNP(R)']"
5812982656,M_smPN6t2_L,M_smPN6t2,1001,2039,10517,2039,576,2208384507,Traced,False,Roughly traced,AVM19,541.5,"[25362, 31703, 22112]","{'SNP(R)': {'pre': 170, 'post': 155, 'downstream': 1724, 'upstream': 155, 'mito': 41, 'dark': 33, 'light': 1, 'medium': 7}, 'SLP(R)': {'pre': 157, 'post': 144, 'downstream': 1585, 'upstream': 144, 'mito': 40, 'dark': 32, 'light': 1, 'medium': 7}, 'MB(R)': {'post': 4, 'upstream': 4}, 'CA(R)': {'post': 4, 'upstream': 4}, 'MB(+ACA)(R)': {'pre': 4, 'post': 12, 'downstream': 29, 'upstream': 12, 'mito': 2, 'dark': 1, 'medium': 1}, 'SIP(R)': {'pre': 13, 'post': 11, 'downstream': 139, 'upstream': 11, 'mito': 1, 'dark': 1}, 'dACA(R)': {'pre': 4, 'post': 7, 'downstream': 29, 'upstream': 7, 'mito': 2, 'dark': 1, 'medium': 1}, 'INP': {'pre': 381, 'post': 299, 'downstream': 4121, 'upstream': 299, 'mito': 108, 'dark': 102, 'light': 1, 'medium': 5}, 'SCL(R)': {'pre': 375, 'post': 291, 'downstream': 4087, 'upstream': 291, 'mito': 86, 'dark': 80, 'light': 1, 'medium': 5}, 'LH(R)': {'pre': 175, 'post': 186, 'downstream': 1703, 'upstream': 186, 'mito': 45, 'dark': 41, 'light': 1, 'medium': 3}, 'lACA(R)': {'post': 1, 'upstream': 1}, 'VLNP(R)': {'pre': 269, 'post': 295, 'downstream': 2949, 'upstream': 295, 'mito': 89, 'dark': 86, 'medium': 3}, 'PLP(R)': {'pre': 269, 'post': 295, 'downstream': 2949, 'upstream': 295, 'mito': 89, 'dark': 86, 'medium': 3}, 'ICL(R)': {'pre': 6, 'post': 6, 'downstream': 34, 'upstream': 6, 'mito': 19, 'dark': 19}, 'IB': {'post': 2, 'upstream': 2, 'mito': 3, 'dark': 3}, 'mALT(R)': {'pre': 2, 'post': 9, 'downstream': 3, 'upstream': 9, 'mito': 17, 'dark': 15, 'medium': 2}, 'AL(R)': {'pre': 4, 'post': 1044, 'downstream': 17, 'upstream': 1044, 'mito': 204, 'dark': 195, 'light': 1, 'medium': 8}, 'AL-DL5(R)': {'post': 20, 'upstream': 20, 'mito': 2, 'dark': 2}, 'AL-DC4(R)': {'post': 3, 'upstream': 3, 'mito': 1, 'dark': 1}, 'AL-DP1m(R)': {'post': 4, 'upstream': 4, 'mito': 3, 'dark': 3}, 'AL-DL1(R)': {'post': 1, 'upstream': 1, 'mito': 2, 'dark': 2}, 'AL-DM4(R)': {'post': 5, 'upstream': 5, 'mito': 1, 'dark': 1}, 'AL-VP1d(R)': {'pre': 1, 'post': 170, 'downstream': 4, 'upstream': 170, 'mito': 31, 'dark': 30, 'medium': 1}, 'AL-DC1(R)': {'post': 7, 'upstream': 7, 'mito': 1, 'dark': 1}, 'AL-DC2(R)': {'post': 29, 'upstream': 29, 'mito': 6, 'dark': 5, 'light': 1}, 'LX(L)': {'post': 3, 'upstream': 3, 'mito': 1, 'dark': 1}, 'LAL(L)': {'post': 3, 'upstream': 3, 'mito': 1, 'dark': 1}, 'AL-VP4(R)': {'post': 47, 'upstream': 47, 'mito': 17, 'dark': 16, 'medium': 1}, 'AL-VA6(R)': {'post': 35, 'upstream': 35, 'mito': 7, 'dark': 6, 'medium': 1}, 'AL-VP1m(R)': {'pre': 1, 'post': 210, 'downstream': 6, 'upstream': 210, 'mito': 28, 'dark': 27, 'medium': 1}, 'AL-VM7v(R)': {'post': 13, 'upstream': 13, 'mito': 2, 'dark': 2}, 'AL-VP2(R)': {'post': 102, 'upstream': 102, 'mito': 17, 'dark': 17}, 'AL-VC5(R)': {'post': 75, 'upstream': 75, 'mito': 23, 'dark': 21, 'medium': 2}, 'AL-VM5v(R)': {'post': 2, 'upstream': 2, 'mito': 2, 'dark': 2}, 'AL-VC1(R)': {'post': 33, 'upstream': 33, 'mito': 10, 'dark': 10}, 'AL-VP1l(R)': {'post': 25, 'upstream': 25, 'mito': 4, 'dark': 4}, 'AL-VA7m(R)': {'post': 4, 'upstream': 4}, 'AL-VP5(R)': {'post': 85, 'upstream': 85, 'mito': 13, 'dark': 13}, 'AL-VC2(R)': {'post': 20, 'upstream': 20, 'mito': 4, 'dark': 4}, 'AL-VP3(R)': {'post': 21, 'upstream': 21, 'mito': 2, 'dark': 1, 'medium': 1}, 'AL-VA7l(R)': {'post': 3, 'upstream': 3}, 'AL-VA5(R)': {'post': 1, 'upstream': 1}, 'VMNP': {'post': 7, 'upstream': 7, 'mito': 2, 'dark': 2}, 'VES(R)': {'post': 7, 'upstream': 7, 'mito': 2, 'dark': 2}, 'AL-VA4(R)': {'post': 5, 'upstream': 5}, 'AL-V(R)': {'post': 55, 'upstream': 55, 'mito': 10, 'dark': 10}, 'PENP': {'post': 27, 'upstream': 27, 'mito': 3, 'dark': 3}, 'SAD': {'post': 27, 'upstream': 27, 'mito': 3, 'dark': 3}, 'SAD(-AMMC)': {'post': 27, 'upstream': 27, 'mito': 3, 'dark': 3}, 'GNG': {'post': 3, 'upstream': 3, 'mito': 1, 'dark': 1}}",VP1m++ smPN (Marin et al. Curr Biol 2020),"['AL(R)', 'AL-DC1(R)', 'AL-DC2(R)', 'AL-DC4(R)', 'AL-DL1(R)', 'AL-DL5(R)', 'AL-DM4(R)', 'AL-DP1m(R)', 'AL-V(R)', 'AL-VA4(R)', 'AL-VA5(R)', 'AL-VA6(R)', 'AL-VA7l(R)', 'AL-VA7m(R)', 'AL-VC1(R)', 'AL-VC2(R)', 'AL-VC5(R)', 'AL-VM5v(R)', 'AL-VM7v(R)', 'AL-VP1d(R)', 'AL-VP1l(R)', 'AL-VP1m(R)', 'AL-VP2(R)', 'AL-VP3(R)', 'AL-VP4(R)', 'AL-VP5(R)', 'CA(R)', 'GNG', 'IB', 'ICL(R)', 'INP', 'LAL(L)', 'LH(R)', 'LX(L)', 'MB(+ACA)(R)', 'MB(R)', 'PENP', 'PLP(R)', 'SAD', 'SAD(-AMMC)', 'SCL(R)', 'SIP(R)', 'SLP(R)', 'SNP(R)', 'VES(R)', 'VLNP(R)', 'VMNP', 'dACA(R)', 'lACA(R)', 'mALT(R)']","['AL(R)', 'AL-VP1d(R)', 'AL-VP1m(R)', 'ICL(R)', 'INP', 'LH(R)', 'MB(+ACA)(R)', 'PLP(R)', 'SCL(R)', 'SIP(R)', 'SLP(R)', 'SNP(R)', 'VLNP(R)', 'dACA(R)', 'mALT(R)']"
5812983053,M_vPNml60_R,M_vPNml60,157,326,1698,326,112,304276589,Traced,False,Roughly traced,AVM04,,,"{'LH(R)': {'pre': 130, 'post': 46, 'downstream': 1567, 'upstream': 46, 'mito': 27, 'dark': 25, 'medium': 2}, 'INP': {'pre': 1, 'downstream': 14, 'mito': 2, 'dark': 2}, 'SCL(R)': {'pre': 1, 'downstream': 14, 'mito': 2, 'dark': 2}, 'VLNP(R)': {'pre': 3, 'post': 2, 'downstream': 25, 'upstream': 2, 'mito': 1, 'dark': 1}, 'AVLP(R)': {'pre': 3, 'post': 2, 'downstream': 25, 'upstream': 2, 'mito': 1, 'dark': 1}, 'AL(R)': {'pre': 23, 'post': 277, 'downstream': 92, 'upstream': 277, 'mito': 55, 'dark': 49, 'medium': 6}, 'AL-DP1m(R)': {'post': 5, 'upstream': 5, 'mito': 2, 'dark': 2}, 'AL-DC3(R)': {'post': 9, 'upstream': 9, 'mito': 1, 'dark': 1}, 'AL-DP1l(R)': {'pre': 2, 'post': 23, 'downstream': 6, 'upstream': 23, 'mito': 6, 'dark': 6}, 'AL-VP4(R)': {'pre': 8, 'post': 25, 'downstream': 30, 'upstream': 25, 'mito': 9, 'dark': 8, 'medium': 1}, 'AL-VP1d(R)': {'pre': 4, 'post': 113, 'downstream': 20, 'upstream': 113, 'mito': 16, 'dark': 14, 'medium': 2}, 'AL-VP1m(R)': {'post': 21, 'upstream': 21, 'mito': 3, 'dark': 3}, 'AL-VP1l(R)': {'post': 26, 'upstream': 26, 'mito': 7, 'dark': 7}, 'AL-VC1(R)': {'post': 1, 'upstream': 1, 'mito': 1, 'dark': 1}, 'AL-VL2p(R)': {'pre': 1, 'post': 13, 'downstream': 3, 'upstream': 13, 'mito': 1, 'medium': 1}, 'AL-VC5(R)': {'post': 3, 'upstream': 3, 'mito': 1, 'dark': 1}, 'AL-VP3(R)': {'pre': 3, 'post': 11, 'downstream': 16, 'upstream': 11, 'mito': 1, 'dark': 1}, 'AL-VP5(R)': {'post': 3, 'upstream': 3}, 'AL-VP2(R)': {'pre': 1, 'post': 1, 'downstream': 3, 'upstream': 1, 'mito': 1, 'dark': 1}, 'AL-VL1(R)': {'pre': 1, 'post': 6, 'downstream': 5, 'upstream': 6, 'mito': 1, 'medium': 1}, 'PENP': {'post': 1, 'upstream': 1, 'mito': 1, 'dark': 1}, 'SAD': {'post': 1, 'upstream': 1, 'mito': 1, 'dark': 1}, 'AMMC': {'post': 1, 'upstream': 1, 'mito': 1, 'dark': 1}}",VP1d++ vPN (Marin et al. Curr Biol 2020),"['AL(R)', 'AL-DC3(R)', 'AL-DP1l(R)', 'AL-DP1m(R)', 'AL-VC1(R)', 'AL-VC5(R)', 'AL-VL1(R)', 'AL-VL2p(R)', 'AL-VP1d(R)', 'AL-VP1l(R)', 'AL-VP1m(R)', 'AL-VP2(R)', 'AL-VP3(R)', 'AL-VP4(R)', 'AL-VP5(R)', 'AMMC', 'AVLP(R)', 'LH(R)', 'PENP', 'SAD', 'VLNP(R)']","['AL(R)', 'AL-DP1l(R)', 'AL-VL1(R)', 'AL-VL2p(R)', 'AL-VP1d(R)', 'AL-VP2(R)', 'AL-VP3(R)', 'AL-VP4(R)', 'AVLP(R)', 'INP', 'LH(R)', 'SCL(R)', 'VLNP(R)']"
5812983069,M_lPNm13_R,M_lPNm13,274,509,2166,509,174,590986924,Traced,False,Roughly traced,AVM02,366.5,"[14792, 36332, 23152]","{'SNP(R)': {'pre': 82, 'post': 67, 'downstream': 746, 'upstream': 67, 'mito': 29, 'dark': 29}, 'SMP(R)': {'pre': 65, 'post': 58, 'downstream': 601, 'upstream': 58, 'mito': 25, 'dark': 25}, 'LH(R)': {'pre': 18, 'post': 11, 'downstream': 127, 'upstream': 11, 'mito': 9, 'dark': 9}, 'SLP(R)': {'pre': 14, 'post': 7, 'downstream': 127, 'upstream': 7, 'mito': 3, 'dark': 3}, 'dACA(R)': {'pre': 2, 'post': 4, 'downstream': 23, 'upstream': 4, 'mito': 1, 'dark': 1}, 'MB(+ACA)(R)': {'pre': 2, 'post': 4, 'downstream': 23, 'upstream': 4, 'mito': 1, 'dark': 1}, 'SIP(R)': {'pre': 3, 'post': 2, 'downstream': 18, 'upstream': 2, 'mito': 1, 'dark': 1}, 'INP': {'pre': 83, 'post': 30, 'downstream': 752, 'upstream': 30, 'mito': 27, 'dark': 27}, 'ATL(R)': {'pre': 8, 'post': 6, 'downstream': 69, 'upstream': 6, 'mito': 1, 'dark': 1}, 'mALT(R)': {'pre': 12, 'post': 11, 'downstream': 87, 'upstream': 11, 'mito': 16, 'dark': 16}, 'SCL(R)': {'pre': 75, 'post': 24, 'downstream': 683, 'upstream': 24, 'mito': 26, 'dark': 26}, 'VLNP(R)': {'pre': 31, 'post': 9, 'downstream': 254, 'upstream': 9, 'mito': 8, 'dark': 8}, 'PLP(R)': {'pre': 31, 'post': 9, 'downstream': 254, 'upstream': 9, 'mito': 8, 'dark': 8}, 'AL(R)': {'pre': 47, 'post': 379, 'downstream': 198, 'upstream': 379, 'mito': 71, 'dark': 71}, 'AL-D(R)': {'pre': 4, 'post': 39, 'downstream': 11, 'upstream': 39, 'mito': 4, 'dark': 4}, 'AL-DC1(R)': {'pre': 11, 'post': 28, 'downstream': 42, 'upstream': 28, 'mito': 10, 'dark': 10}, 'AL-DP1m(R)': {'post': 7, 'upstream': 7}, 'AL-DL1(R)': {'post': 3, 'upstream': 3}, 'AL-DL4(R)': {'post': 1, 'upstream': 1}, 'AL-DC4(R)': {'post': 13, 'upstream': 13, 'mito': 2, 'dark': 2}, 'AL-DA4l(R)': {'post': 3, 'upstream': 3}, 'AL-DA2(R)': {'post': 8, 'upstream': 8, 'mito': 1, 'dark': 1}, 'AL-DC2(R)': {'post': 5, 'upstream': 5}, 'AL-VP1d(R)': {'pre': 3, 'post': 35, 'downstream': 13, 'upstream': 35, 'mito': 7, 'dark': 7}, 'AL-VA6(R)': {'pre': 2, 'post': 8, 'downstream': 7, 'upstream': 8, 'mito': 2, 'dark': 2}, 'AL-VP4(R)': {'post': 18, 'upstream': 18, 'mito': 3, 'dark': 3}, 'AL-VP1m(R)': {'pre': 7, 'post': 30, 'downstream': 31, 'upstream': 30, 'mito': 5, 'dark': 5}, 'AL-VA1v(R)': {'post': 3, 'upstream': 3, 'mito': 1, 'dark': 1}, 'AL-VC2(R)': {'post': 9, 'upstream': 9}, 'AL-VA7l(R)': {'post': 7, 'upstream': 7}, 'AL-VA7m(R)': {'post': 1, 'upstream': 1}, 'AL-VP1l(R)': {'pre': 1, 'post': 2, 'downstream': 7, 'upstream': 2}, 'AL-VC1(R)': {'pre': 1, 'post': 1, 'downstream': 3, 'upstream': 1, 'mito': 2, 'dark': 2}, 'AL-VA5(R)': {'pre': 1, 'post': 5, 'downstream': 5, 'upstream': 5}, 'AL-VL1(R)': {'pre': 7, 'post': 114, 'downstream': 29, 'upstream': 114, 'mito': 20, 'dark': 20}}",,"['AL(R)', 'AL-D(R)', 'AL-DA2(R)', 'AL-DA4l(R)', 'AL-DC1(R)', 'AL-DC2(R)', 'AL-DC4(R)', 'AL-DL1(R)', 'AL-DL4(R)', 'AL-DP1m(R)', 'AL-VA1v(R)', 'AL-VA5(R)', 'AL-VA6(R)', 'AL-VA7l(R)', 'AL-VA7m(R)', 'AL-VC1(R)', 'AL-VC2(R)', 'AL-VL1(R)', 'AL-VP1d(R)', 'AL-VP1l(R)', 'AL-VP1m(R)', 'AL-VP4(R)', 'ATL(R)', 'INP', 'LH(R)', 'MB(+ACA)(R)', 'PLP(R)', 'SCL(R)', 'SIP(R)', 'SLP(R)', 'SMP(R)', 'SNP(R)', 'VLNP(R)', 'dACA(R)', 'mALT(R)']","['AL(R)', 'AL-D(R)', 'AL-DC1(R)', 'AL-VA5(R)', 'AL-VA6(R)', 'AL-VC1(R)', 'AL-VL1(R)', 'AL-VP1d(R)', 'AL-VP1l(R)', 'AL-VP1m(R)', 'ATL(R)', 'INP', 'LH(R)', 'MB(+ACA)(R)', 'PLP(R)', 'SCL(R)', 'SIP(R)', 'SLP(R)', 'SMP(R)', 'SNP(R)', 'VLNP(R)', 'dACA(R)', 'mALT(R)']"
5812992940,M_lvPNm46_R,M_lvPNm46,127,196,817,196,132,534611849,Traced,False,Roughly traced,AVM06,361.5,"[13600, 32765, 32648]","{'MB(R)': {'pre': 2, 'downstream': 11, 'mito': 2, 'dark': 2}, 'CA(R)': {'pre': 2, 'downstream': 11, 'mito': 2, 'dark': 2}, 'MB(+ACA)(R)': {'pre': 3, 'post': 1, 'downstream': 16, 'upstream': 1, 'mito': 3, 'dark': 2, 'medium': 1}, 'SNP(R)': {'pre': 4, 'post': 9, 'downstream': 24, 'upstream': 9, 'mito': 9, 'dark': 8, 'medium': 1}, 'SLP(R)': {'pre': 4, 'post': 9, 'downstream': 24, 'upstream': 9, 'mito': 9, 'dark': 8, 'medium': 1}, 'dACA(R)': {'pre': 1, 'post': 1, 'downstream': 5, 'upstream': 1, 'mito': 1, 'medium': 1}, 'LH(R)': {'pre': 118, 'post': 41, 'downstream': 769, 'upstream': 41, 'mito': 43, 'dark': 42, 'medium': 1}, 'mALT(R)': {'pre': 2, 'downstream': 7, 'mito': 17, 'dark': 17}, 'INP': {'pre': 1, 'post': 2, 'downstream': 6, 'upstream': 2, 'mito': 1, 'medium': 1}, 'SCL(R)': {'pre': 1, 'post': 2, 'downstream': 6, 'upstream': 2, 'mito': 1, 'medium': 1}, 'AL(R)': {'post': 143, 'upstream': 143, 'mito': 47, 'dark': 46, 'medium': 1}, 'AL-VL2p(R)': {'post': 71, 'upstream': 71, 'mito': 14, 'dark': 13, 'medium': 1}, 'AL-VP4(R)': {'post': 1, 'upstream': 1}, 'AL-VC5(R)': {'post': 58, 'upstream': 58, 'mito': 17, 'dark': 17}, 'AL-VP1l(R)': {'post': 3, 'upstream': 3, 'mito': 2, 'dark': 2}, 'AL-VP2(R)': {'post': 1, 'upstream': 1, 'mito': 1, 'dark': 1}, 'AL-VL2a(R)': {'post': 2, 'upstream': 2, 'mito': 1, 'dark': 1}, 'AL-VL1(R)': {'post': 6, 'upstream': 6, 'mito': 7, 'dark': 7}}",,"['AL(R)', 'AL-VC5(R)', 'AL-VL1(R)', 'AL-VL2a(R)', 'AL-VL2p(R)', 'AL-VP1l(R)', 'AL-VP2(R)', 'AL-VP4(R)', 'INP', 'LH(R)', 'MB(+ACA)(R)', 'SCL(R)', 'SLP(R)', 'SNP(R)', 'dACA(R)']","['CA(R)', 'INP', 'LH(R)', 'MB(+ACA)(R)', 'MB(R)', 'SCL(R)', 'SLP(R)', 'SNP(R)', 'dACA(R)', 'mALT(R)']"
5812992942,M_lvPNm37_R,M_lvPNm37,178,314,1148,314,119,422447393,Traced,False,Roughly traced,AVM06,391.5,"[14647, 31157, 32016]","{'SNP(R)': {'pre': 119, 'post': 70, 'downstream': 821, 'upstream': 70, 'mito': 43, 'dark': 43}, 'SLP(R)': {'pre': 117, 'post': 65, 'downstream': 804, 'upstream': 65, 'mito': 40, 'dark': 40}, 'LH(R)': {'pre': 44, 'post': 15, 'downstream': 247, 'upstream': 15, 'mito': 12, 'dark': 12}, 'SMP(R)': {'pre': 2, 'post': 5, 'downstream': 17, 'upstream': 5, 'mito': 3, 'dark': 3}, 'VLNP(R)': {'pre': 11, 'post': 3, 'downstream': 75, 'upstream': 3, 'mito': 3, 'dark': 3}, 'PLP(R)': {'pre': 11, 'post': 3, 'downstream': 75, 'upstream': 3, 'mito': 3, 'dark': 3}, 'AL(R)': {'pre': 4, 'post': 224, 'downstream': 5, 'upstream': 224, 'mito': 44, 'dark': 44}, 'AL-DL1(R)': {'post': 1, 'upstream': 1, 'mito': 1, 'dark': 1}, 'AL-DC1(R)': {'post': 2, 'upstream': 2}, 'mALT(R)': {'post': 1, 'upstream': 1, 'mito': 7, 'dark': 7}, 'AL-VP1d(R)': {'post': 13, 'upstream': 13, 'mito': 6, 'dark': 6}, 'AL-VP4(R)': {'post': 3, 'upstream': 3, 'mito': 1, 'dark': 1}, 'AL-VP1l(R)': {'post': 5, 'upstream': 5}, 'AL-VP2(R)': {'post': 3, 'upstream': 3}, 'AL-VC5(R)': {'post': 4, 'upstream': 4, 'mito': 2, 'dark': 2}, 'AL-VL1(R)': {'pre': 4, 'post': 172, 'downstream': 5, 'upstream': 172, 'mito': 28, 'dark': 28}, 'AL-VC2(R)': {'post': 7, 'upstream': 7, 'mito': 1, 'dark': 1}, 'AL-VP1m(R)': {'post': 7, 'upstream': 7, 'mito': 2, 'dark': 2}, 'AL-VP5(R)': {'post': 2, 'upstream': 2}}",,"['AL(R)', 'AL-DC1(R)', 'AL-DL1(R)', 'AL-VC2(R)', 'AL-VC5(R)', 'AL-VL1(R)', 'AL-VP1d(R)', 'AL-VP1l(R)', 'AL-VP1m(R)', 'AL-VP2(R)', 'AL-VP4(R)', 'AL-VP5(R)', 'LH(R)', 'PLP(R)', 'SLP(R)', 'SMP(R)', 'SNP(R)', 'VLNP(R)', 'mALT(R)']","['AL(R)', 'AL-VL1(R)', 'LH(R)', 'PLP(R)', 'SLP(R)', 'SMP(R)', 'SNP(R)', 'VLNP(R)']"
5812995098,VC5_lvPN_R,VC5_lvPN,176,185,1418,185,135,387062539,Traced,False,Roughly traced,AVM06,316.5,"[13417, 31652, 32312]","{'SNP(R)': {'pre': 2, 'post': 3, 'downstream': 6, 'upstream': 3, 'mito': 5, 'dark': 5}, 'SLP(R)': {'pre': 2, 'post': 3, 'downstream': 6, 'upstream': 3, 'mito': 5, 'dark': 5}, 'dACA(R)': {'pre': 1, 'downstream': 1, 'mito': 1, 'dark': 1}, 'MB(+ACA)(R)': {'pre': 2, 'post': 6, 'downstream': 6, 'upstream': 6, 'mito': 3, 'dark': 3}, 'MB(R)': {'pre': 1, 'post': 6, 'downstream': 5, 'upstream': 6, 'mito': 2, 'dark': 2}, 'CA(R)': {'pre': 1, 'post': 6, 'downstream': 5, 'upstream': 6, 'mito': 2, 'dark': 2}, 'LH(R)': {'pre': 172, 'post': 38, 'downstream': 1404, 'upstream': 38, 'mito': 45, 'dark': 45}, 'VLNP(R)': {'pre': 1, 'post': 1, 'downstream': 3, 'upstream': 1, 'mito': 1, 'dark': 1}, 'PLP(R)': {'pre': 1, 'post': 1, 'downstream': 3, 'upstream': 1, 'mito': 1, 'dark': 1}, 'AL(R)': {'post': 136, 'upstream': 136, 'mito': 42, 'dark': 41, 'medium': 1}, 'AL-VC5(R)': {'post': 135, 'upstream': 135, 'mito': 41, 'dark': 40, 'medium': 1}, 'AL-VP1d(R)': {'post': 1, 'upstream': 1}}",VC5+ lvPN1 (Marin et al. Curr Biol 2020),"['AL(R)', 'AL-VC5(R)', 'AL-VP1d(R)', 'CA(R)', 'LH(R)', 'MB(+ACA)(R)', 'MB(R)', 'PLP(R)', 'SLP(R)', 'SNP(R)', 'VLNP(R)']","['CA(R)', 'LH(R)', 'MB(+ACA)(R)', 'MB(R)', 'PLP(R)', 'SLP(R)', 'SNP(R)', 'VLNP(R)', 'dACA(R)']"
5812995298,M_lvPNm35_R,M_lvPNm35,243,342,1717,342,128,442713773,Traced,False,Roughly traced,AVM06,386.5,"[13851, 32006, 33152]","{'SNP(R)': {'pre': 175, 'post': 35, 'downstream': 1367, 'upstream': 35, 'mito': 44, 'dark': 44}, 'SLP(R)': {'pre': 152, 'post': 27, 'downstream': 1162, 'upstream': 27, 'mito': 38, 'dark': 38}, 'SMP(R)': {'pre': 23, 'post': 8, 'downstream': 205, 'upstream': 8, 'mito': 6, 'dark': 6}, 'LH(R)': {'pre': 4, 'downstream': 31, 'mito': 1, 'dark': 1}, 'VLNP(R)': {'pre': 19, 'post': 6, 'downstream': 116, 'upstream': 6, 'mito': 2, 'dark': 2}, 'PLP(R)': {'pre': 19, 'post': 6, 'downstream': 116, 'upstream': 6, 'mito': 2, 'dark': 2}, 'AL(R)': {'pre': 45, 'post': 299, 'downstream': 203, 'upstream': 299, 'mito': 58, 'dark': 55, 'medium': 3}, 'AL-DL4(R)': {'post': 13, 'upstream': 13}, 'AL-DL1(R)': {'pre': 6, 'post': 36, 'downstream': 30, 'upstream': 36, 'mito': 8, 'dark': 7, 'medium': 1}, 'AL-DC4(R)': {'pre': 1, 'post': 6, 'downstream': 6, 'upstream': 6}, 'AL-DL5(R)': {'post': 1, 'upstream': 1, 'mito': 1, 'dark': 1}, 'AL-DP1m(R)': {'pre': 5, 'post': 19, 'downstream': 23, 'upstream': 19, 'mito': 8, 'dark': 8}, 'mALT(R)': {'post': 1, 'upstream': 1, 'mito': 13, 'dark': 13}, 'AL-DA4m(R)': {'post': 4, 'upstream': 4}, 'AL-DC1(R)': {'post': 11, 'upstream': 11}, 'AL-DL2v(R)': {'pre': 4, 'post': 3, 'downstream': 14, 'upstream': 3, 'mito': 3, 'dark': 3}, 'AL-DP1l(R)': {'pre': 2, 'post': 51, 'downstream': 8, 'upstream': 51, 'mito': 12, 'dark': 11, 'medium': 1}, 'AL-VP1d(R)': {'pre': 15, 'post': 14, 'downstream': 72, 'upstream': 14, 'mito': 8, 'dark': 8}, 'AL-DC3(R)': {'pre': 2, 'post': 5, 'downstream': 10, 'upstream': 5, 'mito': 5, 'dark': 5}, 'AL-DC2(R)': {'pre': 1, 'post': 24, 'downstream': 4, 'upstream': 24, 'mito': 1, 'dark': 1}, 'AL-VA6(R)': {'post': 29, 'upstream': 29, 'mito': 2, 'dark': 1, 'medium': 1}, 'AL-VP4(R)': {'pre': 5, 'post': 41, 'downstream': 22, 'upstream': 41, 'mito': 5, 'dark': 5}, 'AL-VL2p(R)': {'pre': 3, 'post': 7, 'downstream': 9, 'upstream': 7, 'mito': 2, 'dark': 2}, 'AL-VP1l(R)': {'post': 21, 'upstream': 21, 'mito': 1, 'dark': 1}, 'AL-VL1(R)': {'pre': 1, 'downstream': 5}}",,"['AL(R)', 'AL-DA4m(R)', 'AL-DC1(R)', 'AL-DC2(R)', 'AL-DC3(R)', 'AL-DC4(R)', 'AL-DL1(R)', 'AL-DL2v(R)', 'AL-DL4(R)', 'AL-DL5(R)', 'AL-DP1l(R)', 'AL-DP1m(R)', 'AL-VA6(R)', 'AL-VL2p(R)', 'AL-VP1d(R)', 'AL-VP1l(R)', 'AL-VP4(R)', 'PLP(R)', 'SLP(R)', 'SMP(R)', 'SNP(R)', 'VLNP(R)', 'mALT(R)']","['AL(R)', 'AL-DC2(R)', 'AL-DC3(R)', 'AL-DC4(R)', 'AL-DL1(R)', 'AL-DL2v(R)', 'AL-DP1l(R)', 'AL-DP1m(R)', 'AL-VL1(R)', 'AL-VL2p(R)', 'AL-VP1d(R)', 'AL-VP4(R)', 'LH(R)', 'PLP(R)', 'SLP(R)', 'SMP(R)', 'SNP(R)', 'VLNP(R)']"
5812995328,M_lvPNm26_R,M_lvPNm26,293,667,2789,667,208,610593817,Traced,False,Roughly traced,AVM06,366.5,"[13504, 32256, 34488]","{'SNP(R)': {'pre': 248, 'post': 76, 'downstream': 2364, 'upstream': 76, 'mito': 75, 'dark': 73, 'medium': 2}, 'SIP(R)': {'pre': 208, 'post': 49, 'downstream': 1927, 'upstream': 49, 'mito': 54, 'dark': 52, 'medium': 2}, 'SMP(R)': {'pre': 33, 'post': 23, 'downstream': 358, 'upstream': 23, 'mito': 17, 'dark': 17}, 'SLP(R)': {'pre': 7, 'post': 4, 'downstream': 79, 'upstream': 4, 'mito': 4, 'dark': 4}, 'INP': {'pre': 31, 'post': 11, 'downstream': 292, 'upstream': 11, 'mito': 7, 'dark': 7}, 'ATL(R)': {'pre': 1, 'downstream': 1}, 'SCL(R)': {'pre': 11, 'post': 2, 'downstream': 104, 'upstream': 2, 'mito': 4, 'dark': 4}, 'LH(R)': {'pre': 12, 'downstream': 122, 'mito': 3, 'dark': 3}, 'CRE(R)': {'pre': 19, 'post': 9, 'downstream': 187, 'upstream': 9, 'mito': 3, 'dark': 3}, 'CRE(-ROB,-RUB)(R)': {'pre': 19, 'post': 9, 'downstream': 187, 'upstream': 9, 'mito': 3, 'dark': 3}, 'mALT(R)': {'pre': 1, 'post': 5, 'downstream': 5, 'upstream': 5, 'mito': 15, 'dark': 15}, 'AL(R)': {'pre': 1, 'post': 575, 'downstream': 6, 'upstream': 575, 'mito': 87, 'dark': 87}, 'AL-DM1(R)': {'post': 235, 'upstream': 235, 'mito': 26, 'dark': 26}, 'AL-DM3(R)': {'pre': 1, 'post': 58, 'downstream': 6, 'upstream': 58, 'mito': 6, 'dark': 6}, 'AL-DP1m(R)': {'post': 105, 'upstream': 105, 'mito': 14, 'dark': 14}, 'AL-DC4(R)': {'post': 22, 'upstream': 22, 'mito': 3, 'dark': 3}, 'AL-DM4(R)': {'post': 49, 'upstream': 49, 'mito': 8, 'dark': 8}, 'AL-DM2(R)': {'post': 28, 'upstream': 28, 'mito': 2, 'dark': 2}, 'AL-VP1m(R)': {'post': 2, 'upstream': 2, 'mito': 2, 'dark': 2}, 'AL-VC3l(R)': {'post': 10, 'upstream': 10, 'mito': 7, 'dark': 7}, 'AL-VC4(R)': {'post': 18, 'upstream': 18, 'mito': 4, 'dark': 4}, 'AL-VA2(R)': {'post': 40, 'upstream': 40, 'mito': 9, 'dark': 9}, 'AL-VP1d(R)': {'post': 2, 'upstream': 2}, 'AL-VC1(R)': {'post': 1, 'upstream': 1}}",,"['AL(R)', 'AL-DC4(R)', 'AL-DM1(R)', 'AL-DM2(R)', 'AL-DM3(R)', 'AL-DM4(R)', 'AL-DP1m(R)', 'AL-VA2(R)', 'AL-VC1(R)', 'AL-VC3l(R)', 'AL-VC4(R)', 'AL-VP1d(R)', 'AL-VP1m(R)', 'CRE(-ROB,-RUB)(R)', 'CRE(R)', 'INP', 'SCL(R)', 'SIP(R)', 'SLP(R)', 'SMP(R)', 'SNP(R)', 'mALT(R)']","['AL(R)', 'AL-DM3(R)', 'ATL(R)', 'CRE(-ROB,-RUB)(R)', 'CRE(R)', 'INP', 'LH(R)', 'SCL(R)', 'SIP(R)', 'SLP(R)', 'SMP(R)', 'SNP(R)', 'mALT(R)']"
5812996003,M_vPNml72_R,M_vPNml72,130,422,1383,422,128,519474989,Traced,False,Roughly traced,AVM04,346.5,"[18991, 33742, 35392]","{'SNP(R)': {'pre': 4, 'post': 3, 'downstream': 27, 'upstream': 3, 'mito': 1, 'dark': 1}, 'SLP(R)': {'pre': 4, 'post': 3, 'downstream': 27, 'upstream': 3, 'mito': 1, 'dark': 1}, 'LH(R)': {'pre': 121, 'post': 126, 'downstream': 1336, 'upstream': 126, 'mito': 40, 'dark': 33, 'light': 1, 'medium': 6}, 'INP': {'post': 2, 'upstream': 2}, 'SCL(R)': {'post': 2, 'upstream': 2}, 'AL(R)': {'pre': 5, 'post': 290, 'downstream': 20, 'upstream': 290, 'mito': 56, 'dark': 55, 'medium': 1}, 'AL-D(R)': {'post': 36, 'upstream': 36, 'mito': 2, 'dark': 2}, 'AL-DL4(R)': {'post': 1, 'upstream': 1}, 'AL-DC1(R)': {'pre': 2, 'post': 47, 'downstream': 10, 'upstream': 47, 'mito': 10, 'dark': 10}, 'AL-DC4(R)': {'pre': 1, 'post': 82, 'downstream': 3, 'upstream': 82, 'mito': 16, 'dark': 16}, 'AL-DL1(R)': {'pre': 1, 'post': 1, 'downstream': 3, 'upstream': 1, 'mito': 1, 'dark': 1}, 'AL-DP1m(R)': {'post': 2, 'upstream': 2, 'mito': 1, 'dark': 1}, 'AL-VM5d(R)': {'post': 13, 'upstream': 13, 'mito': 3, 'dark': 3}, 'AL-DM5(R)': {'post': 2, 'upstream': 2}, 'AL-VM7d(R)': {'pre': 1, 'post': 30, 'downstream': 4, 'upstream': 30, 'mito': 6, 'dark': 6}, 'AL-DC2(R)': {'post': 43, 'upstream': 43, 'mito': 5, 'dark': 4, 'medium': 1}, 'AL-VM7v(R)': {'post': 8, 'upstream': 8, 'mito': 2, 'dark': 2}, 'AL-VA6(R)': {'post': 2, 'upstream': 2}, 'AL-VM5v(R)': {'post': 6, 'upstream': 6, 'mito': 1, 'dark': 1}, 'AL-VC3l(R)': {'post': 12, 'upstream': 12, 'mito': 2, 'dark': 2}, 'AL-VC1(R)': {'post': 3, 'upstream': 3, 'mito': 2, 'dark': 2}, 'AL-VP4(R)': {'post': 1, 'upstream': 1}}",,"['AL(R)', 'AL-D(R)', 'AL-DC1(R)', 'AL-DC2(R)', 'AL-DC4(R)', 'AL-DL1(R)', 'AL-DL4(R)', 'AL-DM5(R)', 'AL-DP1m(R)', 'AL-VA6(R)', 'AL-VC1(R)', 'AL-VC3l(R)', 'AL-VM5d(R)', 'AL-VM5v(R)', 'AL-VM7d(R)', 'AL-VM7v(R)', 'AL-VP4(R)', 'INP', 'LH(R)', 'SCL(R)', 'SLP(R)', 'SNP(R)']","['AL(R)', 'AL-DC1(R)', 'AL-DC4(R)', 'AL-DL1(R)', 'AL-VM7d(R)', 'LH(R)', 'SLP(R)', 'SNP(R)']"
5812996748,VP1l+_lvPN_R,VP1l+_lvPN,179,546,1667,546,151,553039161,Traced,False,Roughly traced,AVM06,381.5,"[13259, 31557, 32944]","{'SNP(R)': {'pre': 145, 'post': 137, 'downstream': 1510, 'upstream': 137, 'mito': 53, 'dark': 53}, 'SLP(R)': {'pre': 118, 'post': 95, 'downstream': 1247, 'upstream': 95, 'mito': 40, 'dark': 40}, 'SMP(R)': {'pre': 27, 'post': 42, 'downstream': 263, 'upstream': 42, 'mito': 13, 'dark': 13}, 'dACA(R)': {'post': 2, 'upstream': 2, 'mito': 2, 'dark': 2}, 'MB(+ACA)(R)': {'post': 2, 'upstream': 2, 'mito': 2, 'dark': 2}, 'mALT(R)': {'pre': 1, 'post': 4, 'downstream': 3, 'upstream': 4, 'mito': 12, 'dark': 12}, 'AL(R)': {'pre': 33, 'post': 403, 'downstream': 154, 'upstream': 403, 'mito': 69, 'dark': 65, 'medium': 4}, 'AL-DL1(R)': {'pre': 1, 'post': 18, 'downstream': 4, 'upstream': 18, 'mito': 5, 'dark': 5}, 'AL-DP1m(R)': {'pre': 6, 'post': 7, 'downstream': 23, 'upstream': 7, 'mito': 4, 'dark': 4}, 'AL-VP4(R)': {'post': 22, 'upstream': 22, 'mito': 4, 'dark': 4}, 'AL-VP1d(R)': {'pre': 8, 'post': 58, 'downstream': 38, 'upstream': 58, 'mito': 18, 'dark': 18}, 'AL-DP1l(R)': {'pre': 3, 'post': 1, 'downstream': 14, 'upstream': 1, 'mito': 4, 'dark': 4}, 'AL-VP1m(R)': {'pre': 5, 'post': 24, 'downstream': 17, 'upstream': 24, 'mito': 7, 'dark': 6, 'medium': 1}, 'AL-DC2(R)': {'pre': 1, 'post': 4, 'downstream': 4, 'upstream': 4}, 'AL-VM7v(R)': {'pre': 2, 'post': 10, 'downstream': 10, 'upstream': 10, 'mito': 1, 'dark': 1}, 'AL-VP1l(R)': {'post': 166, 'upstream': 166, 'mito': 17, 'dark': 16, 'medium': 1}, 'AL-VC1(R)': {'pre': 1, 'post': 2, 'downstream': 5, 'upstream': 2, 'mito': 1, 'dark': 1}, 'AL-VC5(R)': {'post': 1, 'upstream': 1}, 'AL-VP3(R)': {'post': 41, 'upstream': 41, 'mito': 1, 'dark': 1}, 'AL-VL2p(R)': {'post': 1, 'upstream': 1}, 'AL-VP5(R)': {'post': 12, 'upstream': 12, 'mito': 1, 'dark': 1}, 'AL-VP2(R)': {'post': 1, 'upstream': 1}, 'AL-VC2(R)': {'pre': 1, 'post': 3, 'downstream': 5, 'upstream': 3, 'mito': 1, 'medium': 1}}",,"['AL(R)', 'AL-DC2(R)', 'AL-DL1(R)', 'AL-DP1l(R)', 'AL-DP1m(R)', 'AL-VC1(R)', 'AL-VC2(R)', 'AL-VC5(R)', 'AL-VL2p(R)', 'AL-VM7v(R)', 'AL-VP1d(R)', 'AL-VP1l(R)', 'AL-VP1m(R)', 'AL-VP2(R)', 'AL-VP3(R)', 'AL-VP4(R)', 'AL-VP5(R)', 'MB(+ACA)(R)', 'SLP(R)', 'SMP(R)', 'SNP(R)', 'dACA(R)', 'mALT(R)']","['AL(R)', 'AL-DC2(R)', 'AL-DL1(R)', 'AL-DP1l(R)', 'AL-DP1m(R)', 'AL-VC1(R)', 'AL-VC2(R)', 'AL-VM7v(R)', 'AL-VP1d(R)', 'AL-VP1m(R)', 'SLP(R)', 'SMP(R)', 'SNP(R)', 'mALT(R)']"
5813000276,VC3l_adPN_R,VC3l_adPN,864,2117,6744,2117,345,1675513336,Traced,False,Roughly traced,AVM01,501.5,"[22269, 34944, 23312]","{'MB(R)': {'pre': 263, 'post': 171, 'downstream': 2626, 'upstream': 171, 'mito': 31, 'dark': 31}, 'CA(R)': {'pre': 263, 'post': 171, 'downstream': 2626, 'upstream': 171, 'mito': 31, 'dark': 31}, 'MB(+ACA)(R)': {'pre': 263, 'post': 171, 'downstream': 2626, 'upstream': 171, 'mito': 31, 'dark': 31}, 'LH(R)': {'pre': 304, 'post': 218, 'downstream': 2601, 'upstream': 218, 'mito': 66, 'dark': 59, 'light': 2, 'medium': 5}, 'mALT(R)': {'pre': 6, 'post': 12, 'downstream': 15, 'upstream': 12, 'mito': 49, 'dark': 49}, 'AL(R)': {'pre': 291, 'post': 1715, 'downstream': 1502, 'upstream': 1715, 'mito': 152, 'dark': 147, 'light': 2, 'medium': 3}, 'AL-DM4(R)': {'pre': 1, 'post': 45, 'downstream': 6, 'upstream': 45, 'mito': 2, 'dark': 2}, 'AL-DC2(R)': {'post': 1, 'upstream': 1}, 'AL-DC4(R)': {'pre': 1, 'post': 5, 'downstream': 4, 'upstream': 5, 'mito': 3, 'dark': 3}, 'AL-VM7d(R)': {'post': 6, 'upstream': 6}, 'AL-VC3l(R)': {'pre': 237, 'post': 1424, 'downstream': 1216, 'upstream': 1424, 'mito': 121, 'dark': 116, 'light': 2, 'medium': 3}, 'AL-VC5(R)': {'pre': 1, 'post': 19, 'downstream': 6, 'upstream': 19, 'mito': 4, 'dark': 4}, 'AL-VM7v(R)': {'pre': 2, 'post': 7, 'downstream': 9, 'upstream': 7, 'mito': 1, 'dark': 1}, 'AL-VC3m(R)': {'pre': 1, 'post': 24, 'downstream': 3, 'upstream': 24, 'mito': 4, 'dark': 4}, 'AL-VM3(R)': {'post': 13, 'upstream': 13}, 'AL-VC1(R)': {'pre': 6, 'post': 72, 'downstream': 47, 'upstream': 72, 'mito': 4, 'dark': 4}, 'AL-VC2(R)': {'pre': 24, 'post': 47, 'downstream': 125, 'upstream': 47, 'mito': 2, 'dark': 2}, 'AL-VP1d(R)': {'post': 2, 'upstream': 2}, 'AL-VA4(R)': {'pre': 16, 'post': 37, 'downstream': 77, 'upstream': 37, 'mito': 3, 'dark': 3}, 'AL-VM4(R)': {'post': 10, 'upstream': 10, 'mito': 3, 'dark': 3}}",,"['AL(R)', 'AL-DC2(R)', 'AL-DC4(R)', 'AL-DM4(R)', 'AL-VA4(R)', 'AL-VC1(R)', 'AL-VC2(R)', 'AL-VC3l(R)', 'AL-VC3m(R)', 'AL-VC5(R)', 'AL-VM3(R)', 'AL-VM4(R)', 'AL-VM7d(R)', 'AL-VM7v(R)', 'AL-VP1d(R)', 'CA(R)', 'LH(R)', 'MB(+ACA)(R)', 'MB(R)', 'mALT(R)']","['AL(R)', 'AL-DC4(R)', 'AL-DM4(R)', 'AL-VA4(R)', 'AL-VC1(R)', 'AL-VC2(R)', 'AL-VC3l(R)', 'AL-VC3m(R)', 'AL-VC5(R)', 'AL-VM7v(R)', 'CA(R)', 'LH(R)', 'MB(+ACA)(R)', 'MB(R)', 'mALT(R)']"
5813008771,M_vPNml53_R,M_vPNml53,119,299,1055,299,112,426478538,Traced,False,Roughly traced,AVM04,301.5,"[20165, 35513, 34704]","{'SNP(R)': {'pre': 104, 'post': 124, 'downstream': 944, 'upstream': 124, 'mito': 51, 'dark': 34, 'light': 3, 'medium': 14}, 'SLP(R)': {'pre': 95, 'post': 118, 'downstream': 866, 'upstream': 118, 'mito': 48, 'dark': 32, 'light': 3, 'medium': 13}, 'SIP(R)': {'pre': 6, 'post': 3, 'downstream': 49, 'upstream': 3, 'mito': 2, 'dark': 1, 'medium': 1}, 'SMP(R)': {'pre': 3, 'post': 3, 'downstream': 29, 'upstream': 3, 'mito': 1, 'dark': 1}, 'LH(R)': {'pre': 12, 'post': 19, 'downstream': 103, 'upstream': 19, 'mito': 11, 'dark': 5, 'light': 2, 'medium': 4}, 'AL(R)': {'pre': 2, 'post': 154, 'downstream': 5, 'upstream': 154, 'mito': 32, 'dark': 24, 'light': 3, 'medium': 5}, 'AL-DA3(R)': {'post': 7, 'upstream': 7, 'mito': 1, 'light': 1}, 'AL-DA1(R)': {'post': 7, 'upstream': 7}, 'AL-DA2(R)': {'pre': 2, 'post': 47, 'downstream': 5, 'upstream': 47, 'mito': 9, 'dark': 7, 'light': 1, 'medium': 1}, 'AL-D(R)': {'post': 2, 'upstream': 2}, 'AL-DA4m(R)': {'post': 15, 'upstream': 15, 'mito': 2, 'medium': 2}, 'AL-DC1(R)': {'post': 6, 'upstream': 6, 'mito': 2, 'dark': 2}, 'AL-DC4(R)': {'post': 12, 'upstream': 12, 'mito': 2, 'dark': 2}, 'AL-VA6(R)': {'post': 1, 'upstream': 1, 'mito': 2, 'dark': 2}, 'AL-DC2(R)': {'post': 9, 'upstream': 9, 'mito': 5, 'dark': 5}, 'AL-VP4(R)': {'post': 33, 'upstream': 33, 'mito': 5, 'dark': 3, 'light': 1, 'medium': 1}, 'AL-DP1m(R)': {'post': 3, 'upstream': 3}, 'AL-VM7v(R)': {'post': 1, 'upstream': 1}, 'AL-VP1l(R)': {'post': 3, 'upstream': 3}}",,"['AL(R)', 'AL-D(R)', 'AL-DA1(R)', 'AL-DA2(R)', 'AL-DA3(R)', 'AL-DA4m(R)', 'AL-DC1(R)', 'AL-DC2(R)', 'AL-DC4(R)', 'AL-DP1m(R)', 'AL-VA6(R)', 'AL-VM7v(R)', 'AL-VP1l(R)', 'AL-VP4(R)', 'LH(R)', 'SIP(R)', 'SLP(R)', 'SMP(R)', 'SNP(R)']","['AL(R)', 'AL-DA2(R)', 'LH(R)', 'SIP(R)', 'SLP(R)', 'SMP(R)', 'SNP(R)']"
5813013823,M_vPNml87_R,M_vPNml87,176,268,1608,268,154,462928363,Traced,False,Roughly traced,AVM04,341.5,"[18441, 32247, 36288]","{'LH(R)': {'pre': 159, 'post': 48, 'downstream': 1455, 'upstream': 48, 'mito': 71, 'dark': 66, 'medium': 5}, 'SNP(R)': {'pre': 15, 'post': 2, 'downstream': 145, 'upstream': 2, 'mito': 3, 'dark': 3}, 'SLP(R)': {'pre': 15, 'post': 2, 'downstream': 145, 'upstream': 2, 'mito': 3, 'dark': 3}, 'AL(R)': {'pre': 1, 'post': 218, 'downstream': 4, 'upstream': 218, 'mito': 57, 'dark': 57}, 'AL-DC4(R)': {'post': 9, 'upstream': 9, 'mito': 3, 'dark': 3}, 'AL-DM2(R)': {'post': 8, 'upstream': 8, 'mito': 1, 'dark': 1}, 'AL-DC2(R)': {'post': 8, 'upstream': 8, 'mito': 4, 'dark': 4}, 'AL-VM5d(R)': {'post': 65, 'upstream': 65, 'mito': 12, 'dark': 12}, 'AL-VM7d(R)': {'post': 21, 'upstream': 21, 'mito': 7, 'dark': 7}, 'AL-VM7v(R)': {'post': 8, 'upstream': 8, 'mito': 4, 'dark': 4}, 'AL-VC3l(R)': {'post': 35, 'upstream': 35, 'mito': 12, 'dark': 12}, 'AL-VM5v(R)': {'post': 17, 'upstream': 17, 'mito': 2, 'dark': 2}, 'AL-VC4(R)': {'post': 17, 'upstream': 17, 'mito': 4, 'dark': 4}, 'AL-VP1l(R)': {'post': 1, 'upstream': 1, 'mito': 1, 'dark': 1}, 'AL-VP1m(R)': {'post': 1, 'upstream': 1, 'mito': 1, 'dark': 1}, 'AL-VP1d(R)': {'post': 4, 'upstream': 4, 'mito': 1, 'dark': 1}, 'AL-VC1(R)': {'post': 23, 'upstream': 23, 'mito': 5, 'dark': 5}, 'AL-VP4(R)': {'pre': 1, 'downstream': 4}}",,"['AL(R)', 'AL-DC2(R)', 'AL-DC4(R)', 'AL-DM2(R)', 'AL-VC1(R)', 'AL-VC3l(R)', 'AL-VC4(R)', 'AL-VM5d(R)', 'AL-VM5v(R)', 'AL-VM7d(R)', 'AL-VM7v(R)', 'AL-VP1d(R)', 'AL-VP1l(R)', 'AL-VP1m(R)', 'LH(R)', 'SLP(R)', 'SNP(R)']","['AL(R)', 'AL-VP4(R)', 'LH(R)', 'SLP(R)', 'SNP(R)']"
5813014622,M_vPNml82_R,M_vPNml82,92,208,994,208,87,419670205,Traced,False,Roughly traced,AVM04,371.5,"[18407, 33606, 35392]","{'LH(R)': {'pre': 90, 'post': 85, 'downstream': 991, 'upstream': 85, 'mito': 34, 'dark': 34}, 'VLNP(R)': {'post': 1, 'upstream': 1, 'mito': 1, 'dark': 1}, 'AVLP(R)': {'post': 1, 'upstream': 1, 'mito': 1, 'dark': 1}, 'AL(R)': {'pre': 2, 'post': 119, 'downstream': 3, 'upstream': 119, 'mito': 26, 'dark': 26}, 'AL-DA1(R)': {'post': 44, 'upstream': 44, 'mito': 6, 'dark': 6}, 'mALT(R)': {'post': 1, 'upstream': 1, 'mito': 2, 'dark': 2}, 'AL-DC3(R)': {'post': 10, 'upstream': 10, 'mito': 3, 'dark': 3}, 'AL-VA1d(R)': {'post': 20, 'upstream': 20, 'mito': 4, 'dark': 4}, 'AL-VL2a(R)': {'post': 7, 'upstream': 7, 'mito': 2, 'dark': 2}, 'AL-VA1v(R)': {'post': 5, 'upstream': 5, 'mito': 2, 'dark': 2}, 'AL-VP1d(R)': {'post': 2, 'upstream': 2, 'mito': 1, 'dark': 1}, 'AL-VL1(R)': {'post': 6, 'upstream': 6, 'mito': 2, 'dark': 2}, 'AL-VC2(R)': {'post': 1, 'upstream': 1}}",,"['AL(R)', 'AL-DA1(R)', 'AL-DC3(R)', 'AL-VA1d(R)', 'AL-VA1v(R)', 'AL-VC2(R)', 'AL-VL1(R)', 'AL-VL2a(R)', 'AL-VP1d(R)', 'AVLP(R)', 'LH(R)', 'VLNP(R)', 'mALT(R)']","['AL(R)', 'LH(R)']"
5813024601,VA1v_adPN_R,VA1v_adPN,1113,3052,8238,3052,518,2022443865,Traced,False,Roughly traced,AVM01,226.5,"[23398, 35434, 26544]","{'MB(R)': {'pre': 101, 'post': 21, 'downstream': 818, 'upstream': 21, 'mito': 5, 'dark': 3, 'light': 1, 'medium': 1}, 'CA(R)': {'pre': 101, 'post': 21, 'downstream': 818, 'upstream': 21, 'mito': 5, 'dark': 3, 'light': 1, 'medium': 1}, 'MB(+ACA)(R)': {'pre': 101, 'post': 21, 'downstream': 818, 'upstream': 21, 'mito': 5, 'dark': 3, 'light': 1, 'medium': 1}, 'mALT(R)': {'pre': 7, 'post': 18, 'downstream': 18, 'upstream': 18, 'mito': 58, 'dark': 58}, 'LH(R)': {'pre': 558, 'post': 197, 'downstream': 5110, 'upstream': 197, 'mito': 103, 'dark': 95, 'light': 1, 'medium': 7}, 'AL(R)': {'pre': 447, 'post': 2814, 'downstream': 2292, 'upstream': 2814, 'mito': 297, 'dark': 290, 'light': 1, 'medium': 6}, 'AL-DA1(R)': {'post': 5, 'upstream': 5}, 'AL-DC3(R)': {'pre': 5, 'post': 17, 'downstream': 21, 'upstream': 17, 'mito': 8, 'dark': 8}, 'AL-VA1d(R)': {'post': 11, 'upstream': 11}, 'AL-VA1v(R)': {'pre': 364, 'post': 2583, 'downstream': 1833, 'upstream': 2583, 'mito': 239, 'dark': 233, 'light': 1, 'medium': 5}, 'AL-VM7v(R)': {'pre': 1, 'downstream': 4, 'mito': 3, 'dark': 3}, 'AL-VL2a(R)': {'pre': 13, 'post': 52, 'downstream': 70, 'upstream': 52, 'mito': 5, 'dark': 5}, 'AL-DC2(R)': {'pre': 4, 'post': 3, 'downstream': 14, 'upstream': 3, 'mito': 4, 'dark': 4}, 'AL-VM5v(R)': {'post': 3, 'upstream': 3, 'mito': 6, 'dark': 5, 'medium': 1}, 'AL-VA6(R)': {'post': 5, 'upstream': 5, 'mito': 5, 'dark': 5}, 'AL-VA5(R)': {'post': 16, 'upstream': 16, 'mito': 3, 'dark': 3}, 'AL-VL1(R)': {'pre': 1, 'post': 10, 'downstream': 5, 'upstream': 10}}",,"['AL(R)', 'AL-DA1(R)', 'AL-DC2(R)', 'AL-DC3(R)', 'AL-VA1d(R)', 'AL-VA1v(R)', 'AL-VA5(R)', 'AL-VA6(R)', 'AL-VL1(R)', 'AL-VL2a(R)', 'AL-VM5v(R)', 'CA(R)', 'LH(R)', 'MB(+ACA)(R)', 'MB(R)', 'mALT(R)']","['AL(R)', 'AL-DC2(R)', 'AL-DC3(R)', 'AL-VA1v(R)', 'AL-VL1(R)', 'AL-VL2a(R)', 'AL-VM7v(R)', 'CA(R)', 'LH(R)', 'MB(+ACA)(R)', 'MB(R)', 'mALT(R)']"
5813024692,M_adPNm3_R,M_adPNm3,1027,6224,8477,6224,711,1785169866,Traced,False,Traced,,516.5,"[21177, 35642, 32928]","{'SNP(R)': {'pre': 29, 'post': 11, 'downstream': 292, 'upstream': 11, 'mito': 8, 'dark': 8}, 'SLP(R)': {'pre': 29, 'post': 11, 'downstream': 292, 'upstream': 11, 'mito': 8, 'dark': 8}, 'INP': {'pre': 302, 'post': 103, 'downstream': 2949, 'upstream': 103, 'mito': 84, 'dark': 82, 'light': 1, 'medium': 1}, 'SCL(R)': {'pre': 215, 'post': 59, 'downstream': 2169, 'upstream': 59, 'mito': 56, 'dark': 54, 'light': 1, 'medium': 1}, 'mALT(R)': {'pre': 1, 'post': 8, 'downstream': 4, 'upstream': 8, 'mito': 44, 'dark': 44}, 'VLNP(R)': {'pre': 260, 'post': 62, 'downstream': 2569, 'upstream': 62, 'mito': 58, 'dark': 57, 'light': 1}, 'AVLP(R)': {'pre': 15, 'post': 3, 'downstream': 125, 'upstream': 3, 'mito': 2, 'dark': 2}, 'PLP(R)': {'pre': 245, 'post': 59, 'downstream': 2444, 'upstream': 59, 'mito': 56, 'dark': 55, 'light': 1}, 'ICL(R)': {'pre': 72, 'post': 33, 'downstream': 649, 'upstream': 33, 'mito': 21, 'dark': 21}, 'IB': {'pre': 15, 'post': 11, 'downstream': 131, 'upstream': 11, 'mito': 7, 'dark': 7}, 'VMNP': {'pre': 62, 'post': 27, 'downstream': 520, 'upstream': 27, 'mito': 18, 'dark': 18}, 'SPS(R)': {'pre': 49, 'post': 21, 'downstream': 405, 'upstream': 21, 'mito': 14, 'dark': 14}, 'AL(R)': {'pre': 364, 'post': 6010, 'downstream': 2073, 'upstream': 6010, 'mito': 453, 'dark': 388, 'light': 35, 'medium': 30}, 'AL-DL5(R)': {'pre': 1, 'post': 33, 'downstream': 5, 'upstream': 33, 'mito': 1, 'dark': 1}, 'AL-DL1(R)': {'pre': 7, 'post': 341, 'downstream': 47, 'upstream': 341, 'mito': 26, 'dark': 24, 'light': 1, 'medium': 1}, 'AL-D(R)': {'pre': 1, 'post': 17, 'downstream': 5, 'upstream': 17, 'mito': 1, 'dark': 1}, 'AL-DC4(R)': {'pre': 48, 'post': 256, 'downstream': 290, 'upstream': 256, 'mito': 34, 'dark': 31, 'light': 2, 'medium': 1}, 'AL-DC1(R)': {'pre': 16, 'post': 283, 'downstream': 70, 'upstream': 283, 'mito': 23, 'dark': 21, 'light': 1, 'medium': 1}, 'AL-DP1m(R)': {'pre': 2, 'post': 24, 'downstream': 13, 'upstream': 24, 'mito': 4, 'dark': 4}, 'AL-DM2(R)': {'post': 108, 'upstream': 108, 'mito': 4, 'dark': 4}, 'AL-DL2v(R)': {'pre': 2, 'post': 18, 'downstream': 13, 'upstream': 18, 'mito': 1, 'dark': 1}, 'AL-DA2(R)': {'pre': 5, 'post': 25, 'downstream': 29, 'upstream': 25, 'mito': 4, 'dark': 3, 'light': 1}, 'AL-DC3(R)': {'pre': 5, 'post': 12, 'downstream': 34, 'upstream': 12, 'mito': 2, 'dark': 2}, 'AL-DM1(R)': {'post': 3, 'upstream': 3}, 'AL-VP1d(R)': {'pre': 39, 'post': 302, 'downstream': 230, 'upstream': 302, 'mito': 45, 'dark': 37, 'light': 4, 'medium': 4}, 'AL-VP4(R)': {'pre': 6, 'post': 86, 'downstream': 34, 'upstream': 86, 'mito': 4, 'dark': 4}, 'AL-DM4(R)': {'pre': 2, 'post': 8, 'downstream': 9, 'upstream': 8}, 'AL-DC2(R)': {'pre': 11, 'post': 172, 'downstream': 64, 'upstream': 172, 'mito': 12, 'dark': 10, 'medium': 2}, 'AL-VA6(R)': {'pre': 8, 'post': 95, 'downstream': 42, 'upstream': 95, 'mito': 6, 'dark': 6}, 'AL-VM7v(R)': {'pre': 20, 'post': 144, 'downstream': 101, 'upstream': 144, 'mito': 17, 'dark': 16, 'medium': 1}, 'AL-VM7d(R)': {'pre': 16, 'post': 362, 'downstream': 93, 'upstream': 362, 'mito': 24, 'dark': 24}, 'AL-VM5d(R)': {'pre': 1, 'post': 30, 'downstream': 5, 'upstream': 30}, 'AL-DA1(R)': {'post': 3, 'upstream': 3}, 'AL-VM5v(R)': {'pre': 1, 'post': 15, 'downstream': 4, 'upstream': 15, 'mito': 2, 'dark': 2}, 'AL-VP2(R)': {'pre': 21, 'post': 224, 'downstream': 119, 'upstream': 224, 'mito': 29, 'dark': 24, 'medium': 5}, 'AL-VC3l(R)': {'pre': 12, 'post': 197, 'downstream': 62, 'upstream': 197, 'mito': 20, 'dark': 19, 'light': 1}, 'AL-VP1m(R)': {'pre': 6, 'post': 178, 'downstream': 33, 'upstream': 178, 'mito': 18, 'dark': 17, 'medium': 1}, 'AL-VC5(R)': {'pre': 13, 'post': 136, 'downstream': 59, 'upstream': 136, 'mito': 13, 'dark': 11, 'light': 2}, 'AL-VC1(R)': {'pre': 5, 'post': 163, 'downstream': 19, 'upstream': 163, 'mito': 15, 'dark': 15}, 'AL-VC4(R)': {'pre': 4, 'post': 11, 'downstream': 21, 'upstream': 11, 'mito': 5, 'dark': 4, 'light': 1}, 'AL-VA1v(R)': {'pre': 2, 'post': 1, 'downstream': 11, 'upstream': 1, 'mito': 1, 'dark': 1}, 'AL-VP1l(R)': {'pre': 6, 'post': 51, 'downstream': 41, 'upstream': 51, 'mito': 5, 'dark': 4, 'medium': 1}, 'AL-VC2(R)': {'post': 18, 'upstream': 18, 'mito': 2, 'dark': 2}, 'AL-VA7l(R)': {'post': 1, 'upstream': 1}, 'AL-VA7m(R)': {'pre': 1, 'post': 15, 'downstream': 5, 'upstream': 15, 'mito': 2, 'dark': 1, 'medium': 1}, 'AL-VC3m(R)': {'post': 7, 'upstream': 7}, 'AL-VP5(R)': {'pre': 4, 'post': 153, 'downstream': 30, 'upstream': 153, 'mito': 9, 'dark': 8, 'medium': 1}, 'AL-VA5(R)': {'post': 4, 'upstream': 4}, 'AL-VP3(R)': {'post': 5, 'upstream': 5, 'mito': 2, 'dark': 2}, 'VES(R)': {'pre': 13, 'post': 6, 'downstream': 115, 'upstream': 6, 'mito': 4, 'dark': 4}, 'AL-VA4(R)': {'post': 8, 'upstream': 8}, 'AL-VL1(R)': {'post': 8, 'upstream': 8}, 'AL-V(R)': {'pre': 44, 'post': 2203, 'downstream': 242, 'upstream': 2203, 'mito': 90, 'dark': 65, 'light': 15, 'medium': 10}, 'PENP': {'pre': 8, 'post': 1, 'downstream': 63, 'upstream': 1, 'mito': 2, 'dark': 2}, 'SAD': {'pre': 8, 'post': 1, 'downstream': 63, 'upstream': 1, 'mito': 2, 'dark': 2}, 'SAD(-AMMC)': {'pre': 8, 'post': 1, 'downstream': 63, 'upstream': 1, 'mito': 2, 'dark': 2}}",,"['AL(R)', 'AL-D(R)', 'AL-DA1(R)', 'AL-DA2(R)', 'AL-DC1(R)', 'AL-DC2(R)', 'AL-DC3(R)', 'AL-DC4(R)', 'AL-DL1(R)', 'AL-DL2v(R)', 'AL-DL5(R)', 'AL-DM1(R)', 'AL-DM2(R)', 'AL-DM4(R)', 'AL-DP1m(R)', 'AL-V(R)', 'AL-VA1v(R)', 'AL-VA4(R)', 'AL-VA5(R)', 'AL-VA6(R)', 'AL-VA7l(R)', 'AL-VA7m(R)', 'AL-VC1(R)', 'AL-VC2(R)', 'AL-VC3l(R)', 'AL-VC3m(R)', 'AL-VC4(R)', 'AL-VC5(R)', 'AL-VL1(R)', 'AL-VM5d(R)', 'AL-VM5v(R)', 'AL-VM7d(R)', 'AL-VM7v(R)', 'AL-VP1d(R)', 'AL-VP1l(R)', 'AL-VP1m(R)', 'AL-VP2(R)', 'AL-VP3(R)', 'AL-VP4(R)', 'AL-VP5(R)', 'AVLP(R)', 'IB', 'ICL(R)', 'INP', 'PENP', 'PLP(R)', 'SAD', 'SAD(-AMMC)', 'SCL(R)', 'SLP(R)', 'SNP(R)', 'SPS(R)', 'VES(R)', 'VLNP(R)', 'VMNP', 'mALT(R)']","['AL(R)', 'AL-D(R)', 'AL-DA2(R)', 'AL-DC1(R)', 'AL-DC2(R)', 'AL-DC3(R)', 'AL-DC4(R)', 'AL-DL1(R)', 'AL-DL2v(R)', 'AL-DL5(R)', 'AL-DM4(R)', 'AL-DP1m(R)', 'AL-V(R)', 'AL-VA1v(R)', 'AL-VA6(R)', 'AL-VA7m(R)', 'AL-VC1(R)', 'AL-VC3l(R)', 'AL-VC4(R)', 'AL-VC5(R)', 'AL-VM5d(R)', 'AL-VM5v(R)', 'AL-VM7d(R)', 'AL-VM7v(R)', 'AL-VP1d(R)', 'AL-VP1l(R)', 'AL-VP1m(R)', 'AL-VP2(R)', 'AL-VP4(R)', 'AL-VP5(R)', 'AVLP(R)', 'IB', 'ICL(R)', 'INP', 'PENP', 'PLP(R)', 'SAD', 'SAD(-AMMC)', 'SCL(R)', 'SLP(R)', 'SNP(R)', 'SPS(R)', 'VES(R)', 'VLNP(R)', 'VMNP', 'mALT(R)']"
5813024710,DL2d_adPN_R,DL2d_adPN,661,1758,4242,1758,246,1233499919,Traced,False,Roughly traced,AVM01,471.5,"[21342, 35204, 22368]","{'MB(R)': {'pre': 99, 'post': 41, 'downstream': 902, 'upstream': 41, 'mito': 8, 'dark': 6, 'medium': 2}, 'CA(R)': {'pre': 99, 'post': 41, 'downstream': 902, 'upstream': 41, 'mito': 8, 'dark': 6, 'medium': 2}, 'MB(+ACA)(R)': {'pre': 99, 'post': 41, 'downstream': 902, 'upstream': 41, 'mito': 8, 'dark': 6, 'medium': 2}, 'SNP(R)': {'post': 1, 'upstream': 1}, 'SLP(R)': {'post': 1, 'upstream': 1}, 'mALT(R)': {'pre': 12, 'post': 18, 'downstream': 49, 'upstream': 18, 'mito': 35, 'dark': 34, 'medium': 1}, 'LH(R)': {'pre': 235, 'post': 122, 'downstream': 1753, 'upstream': 122, 'mito': 44, 'dark': 43, 'medium': 1}, 'AL(R)': {'pre': 315, 'post': 1575, 'downstream': 1538, 'upstream': 1575, 'mito': 132, 'dark': 120, 'light': 2, 'medium': 10}, 'AL-DL1(R)': {'post': 3, 'upstream': 3, 'mito': 1, 'dark': 1}, 'AL-DL2d(R)': {'pre': 261, 'post': 1353, 'downstream': 1286, 'upstream': 1353, 'mito': 102, 'dark': 97, 'light': 1, 'medium': 4}, 'AL-DP1l(R)': {'pre': 11, 'post': 79, 'downstream': 68, 'upstream': 79, 'mito': 5, 'dark': 5}, 'AL-DL2v(R)': {'pre': 27, 'post': 84, 'downstream': 107, 'upstream': 84, 'mito': 10, 'dark': 6, 'medium': 4}, 'AL-DP1m(R)': {'post': 3, 'upstream': 3, 'mito': 5, 'dark': 5}, 'AL-VL2a(R)': {'pre': 16, 'post': 53, 'downstream': 77, 'upstream': 53, 'mito': 6, 'dark': 3, 'light': 1, 'medium': 2}}",,"['AL(R)', 'AL-DL1(R)', 'AL-DL2d(R)', 'AL-DL2v(R)', 'AL-DP1l(R)', 'AL-DP1m(R)', 'AL-VL2a(R)', 'CA(R)', 'LH(R)', 'MB(+ACA)(R)', 'MB(R)', 'SLP(R)', 'SNP(R)', 'mALT(R)']","['AL(R)', 'AL-DL2d(R)', 'AL-DL2v(R)', 'AL-DP1l(R)', 'AL-VL2a(R)', 'CA(R)', 'LH(R)', 'MB(+ACA)(R)', 'MB(R)', 'mALT(R)']"
5813024712,VM5d_adPN_R,VM5d_adPN,419,1408,3583,1408,186,649770799,Traced,False,Roughly traced,AVM01,,,"{'MB(R)': {'pre': 145, 'post': 59, 'downstream': 1451, 'upstream': 59, 'mito': 17, 'dark': 16, 'light': 1}, 'CA(R)': {'pre': 145, 'post': 59, 'downstream': 1451, 'upstream': 59, 'mito': 17, 'dark': 16, 'light': 1}, 'MB(+ACA)(R)': {'pre': 145, 'post': 59, 'downstream': 1451, 'upstream': 59, 'mito': 17, 'dark': 16, 'light': 1}, 'LH(R)': {'pre': 142, 'post': 91, 'downstream': 1370, 'upstream': 91, 'mito': 43, 'dark': 35, 'medium': 8}, 'mALT(R)': {'pre': 1, 'post': 17, 'downstream': 2, 'upstream': 17, 'mito': 37, 'dark': 37}, 'AL(R)': {'pre': 131, 'post': 1240, 'downstream': 760, 'upstream': 1240, 'mito': 78, 'dark': 75, 'medium': 3}, 'AL-VM5d(R)': {'pre': 111, 'post': 1142, 'downstream': 650, 'upstream': 1142, 'mito': 63, 'dark': 60, 'medium': 3}, 'AL-VM7v(R)': {'pre': 4, 'post': 36, 'downstream': 20, 'upstream': 36, 'mito': 9, 'dark': 9}, 'AL-DC2(R)': {'pre': 2, 'post': 12, 'downstream': 10, 'upstream': 12, 'mito': 1, 'dark': 1}, 'AL-VM5v(R)': {'pre': 6, 'post': 23, 'downstream': 37, 'upstream': 23, 'mito': 1, 'dark': 1}, 'AL-VC4(R)': {'pre': 8, 'post': 27, 'downstream': 43, 'upstream': 27, 'mito': 4, 'dark': 4}}",,"['AL(R)', 'AL-DC2(R)', 'AL-VC4(R)', 'AL-VM5d(R)', 'AL-VM5v(R)', 'AL-VM7v(R)', 'CA(R)', 'LH(R)', 'MB(+ACA)(R)', 'MB(R)', 'mALT(R)']","['AL(R)', 'AL-DC2(R)', 'AL-VC4(R)', 'AL-VM5d(R)', 'AL-VM5v(R)', 'AL-VM7v(R)', 'CA(R)', 'LH(R)', 'MB(+ACA)(R)', 'MB(R)', 'mALT(R)']"
5813024799,M_lPNm12_R,M_lPNm12,265,519,2313,519,163,539427272,Traced,False,Roughly traced,AVM02,346.5,"[13622, 35416, 28072]","{'SNP(R)': {'pre': 135, 'post': 93, 'downstream': 1376, 'upstream': 93, 'mito': 38, 'dark': 37, 'light': 1}, 'SIP(R)': {'pre': 81, 'post': 54, 'downstream': 820, 'upstream': 54, 'mito': 22, 'dark': 22}, 'SMP(R)': {'pre': 34, 'post': 20, 'downstream': 359, 'upstream': 20, 'mito': 11, 'dark': 10, 'light': 1}, 'SLP(R)': {'pre': 20, 'post': 19, 'downstream': 197, 'upstream': 19, 'mito': 5, 'dark': 5}, 'dACA(R)': {'pre': 3, 'post': 1, 'downstream': 35, 'upstream': 1, 'mito': 1, 'dark': 1}, 'MB(+ACA)(R)': {'pre': 3, 'post': 1, 'downstream': 35, 'upstream': 1, 'mito': 1, 'dark': 1}, 'INP': {'pre': 51, 'post': 38, 'downstream': 480, 'upstream': 38, 'mito': 16, 'dark': 16}, 'SCL(R)': {'pre': 48, 'post': 33, 'downstream': 452, 'upstream': 33, 'mito': 15, 'dark': 15}, 'ATL(R)': {'pre': 3, 'post': 5, 'downstream': 28, 'upstream': 5, 'mito': 1, 'dark': 1}, 'mALT(R)': {'pre': 6, 'post': 39, 'downstream': 24, 'upstream': 39, 'mito': 15, 'dark': 15}, 'LH(R)': {'pre': 5, 'post': 2, 'downstream': 40, 'upstream': 2, 'mito': 2, 'dark': 2}, 'VLNP(R)': {'pre': 5, 'post': 5, 'downstream': 43, 'upstream': 5, 'mito': 1, 'dark': 1}, 'PLP(R)': {'pre': 5, 'post': 5, 'downstream': 43, 'upstream': 5, 'mito': 1, 'dark': 1}, 'AL(R)': {'pre': 63, 'post': 339, 'downstream': 350, 'upstream': 339, 'mito': 78, 'dark': 76, 'medium': 2}, 'AL-DC1(R)': {'post': 1, 'upstream': 1}, 'AL-DC4(R)': {'pre': 1, 'post': 10, 'downstream': 9, 'upstream': 10, 'mito': 1, 'dark': 1}, 'AL-DA1(R)': {'pre': 3, 'post': 21, 'downstream': 20, 'upstream': 21, 'mito': 7, 'dark': 7}, 'AL-DC3(R)': {'post': 15, 'upstream': 15}, 'AL-DC2(R)': {'pre': 5, 'post': 20, 'downstream': 23, 'upstream': 20, 'mito': 5, 'dark': 5}, 'AL-VA6(R)': {'pre': 9, 'post': 20, 'downstream': 52, 'upstream': 20, 'mito': 6, 'dark': 6}, 'AL-VP1d(R)': {'pre': 11, 'post': 51, 'downstream': 66, 'upstream': 51, 'mito': 12, 'dark': 11, 'medium': 1}, 'AL-VA1d(R)': {'pre': 1, 'post': 4, 'downstream': 4, 'upstream': 4, 'mito': 3, 'dark': 3}, 'AL-VP4(R)': {'post': 9, 'upstream': 9, 'mito': 1, 'dark': 1}, 'AL-VM5v(R)': {'pre': 1, 'post': 8, 'downstream': 2, 'upstream': 8, 'mito': 5, 'dark': 5}, 'AL-VA1v(R)': {'pre': 3, 'post': 20, 'downstream': 14, 'upstream': 20, 'mito': 5, 'dark': 5}, 'AL-VC4(R)': {'post': 1, 'upstream': 1, 'mito': 1, 'dark': 1}, 'AL-VC1(R)': {'pre': 6, 'post': 34, 'downstream': 28, 'upstream': 34, 'mito': 8, 'dark': 8}, 'AL-VL2a(R)': {'pre': 2, 'post': 3, 'downstream': 14, 'upstream': 3, 'mito': 2, 'dark': 2}, 'AL-VA7l(R)': {'pre': 5, 'post': 14, 'downstream': 24, 'upstream': 14, 'mito': 1, 'dark': 1}, 'AL-VC2(R)': {'post': 27, 'upstream': 27}, 'AL-VA5(R)': {'post': 13, 'upstream': 13, 'mito': 1, 'dark': 1}, 'AL-VL1(R)': {'pre': 5, 'post': 16, 'downstream': 27, 'upstream': 16, 'mito': 4, 'dark': 4}, 'AL-VA3(R)': {'pre': 1, 'post': 1, 'downstream': 4, 'upstream': 1, 'mito': 1, 'dark': 1}}",,"['AL(R)', 'AL-DA1(R)', 'AL-DC1(R)', 'AL-DC2(R)', 'AL-DC3(R)', 'AL-DC4(R)', 'AL-VA1d(R)', 'AL-VA1v(R)', 'AL-VA3(R)', 'AL-VA5(R)', 'AL-VA6(R)', 'AL-VA7l(R)', 'AL-VC1(R)', 'AL-VC2(R)', 'AL-VC4(R)', 'AL-VL1(R)', 'AL-VL2a(R)', 'AL-VM5v(R)', 'AL-VP1d(R)', 'AL-VP4(R)', 'ATL(R)', 'INP', 'LH(R)', 'MB(+ACA)(R)', 'PLP(R)', 'SCL(R)', 'SIP(R)', 'SLP(R)', 'SMP(R)', 'SNP(R)', 'VLNP(R)', 'dACA(R)', 'mALT(R)']","['AL(R)', 'AL-DA1(R)', 'AL-DC2(R)', 'AL-DC4(R)', 'AL-VA1d(R)', 'AL-VA1v(R)', 'AL-VA3(R)', 'AL-VA6(R)', 'AL-VA7l(R)', 'AL-VC1(R)', 'AL-VL1(R)', 'AL-VL2a(R)', 'AL-VM5v(R)', 'AL-VP1d(R)', 'ATL(R)', 'INP', 'LH(R)', 'MB(+ACA)(R)', 'PLP(R)', 'SCL(R)', 'SIP(R)', 'SLP(R)', 'SMP(R)', 'SNP(R)', 'VLNP(R)', 'dACA(R)', 'mALT(R)']"
5813034081,M_vPNml58_R,M_vPNml58,185,241,1921,241,153,564336592,Traced,False,Roughly traced,AVM04,451.5,"[19276, 34862, 34576]","{'LH(R)': {'pre': 185, 'post': 34, 'downstream': 1921, 'upstream': 34, 'mito': 70, 'dark': 70}, 'AL(R)': {'post': 201, 'upstream': 201, 'mito': 56, 'dark': 54, 'light': 1, 'medium': 1}, 'AL-DP1m(R)': {'post': 187, 'upstream': 187, 'mito': 47, 'dark': 46, 'medium': 1}, 'LX(R)': {'post': 4, 'upstream': 4, 'mito': 1, 'dark': 1}, 'LAL(R)': {'post': 4, 'upstream': 4, 'mito': 1, 'dark': 1}, 'LAL(-GA)(R)': {'post': 4, 'upstream': 4, 'mito': 1, 'dark': 1}, 'mALT(R)': {'post': 1, 'upstream': 1, 'mito': 4, 'dark': 4}, 'AL-DP1l(R)': {'post': 10, 'upstream': 10, 'mito': 4, 'dark': 3, 'light': 1}, 'AL-VP1d(R)': {'post': 1, 'upstream': 1, 'mito': 1, 'dark': 1}}",,"['AL(R)', 'AL-DP1l(R)', 'AL-DP1m(R)', 'AL-VP1d(R)', 'LAL(-GA)(R)', 'LAL(R)', 'LH(R)', 'LX(R)', 'mALT(R)']",['LH(R)']
5813034571,VM5v_adPN_R,VM5v_adPN,808,2345,5912,2345,329,1532784399,Traced,False,Roughly traced,AVM01,511.5,"[21552, 35797, 23600]","{'MB(R)': {'pre': 176, 'post': 60, 'downstream': 1467, 'upstream': 60, 'mito': 11, 'dark': 10, 'medium': 1}, 'CA(R)': {'pre': 176, 'post': 60, 'downstream': 1467, 'upstream': 60, 'mito': 11, 'dark': 10, 'medium': 1}, 'MB(+ACA)(R)': {'pre': 186, 'post': 64, 'downstream': 1561, 'upstream': 64, 'mito': 11, 'dark': 10, 'medium': 1}, 'SNP(R)': {'pre': 10, 'post': 4, 'downstream': 94, 'upstream': 4}, 'SLP(R)': {'pre': 10, 'post': 4, 'downstream': 94, 'upstream': 4}, 'dACA(R)': {'pre': 10, 'post': 4, 'downstream': 94, 'upstream': 4}, 'LH(R)': {'pre': 261, 'post': 155, 'downstream': 2362, 'upstream': 155, 'mito': 53, 'dark': 46, 'medium': 7}, 'mALT(R)': {'pre': 20, 'post': 35, 'downstream': 148, 'upstream': 35, 'mito': 60, 'dark': 59, 'medium': 1}, 'AL(R)': {'pre': 341, 'post': 2090, 'downstream': 1841, 'upstream': 2090, 'mito': 149, 'dark': 144, 'light': 1, 'medium': 4}, 'AL-DC4(R)': {'post': 5, 'upstream': 5, 'mito': 2, 'dark': 2}, 'AL-VA6(R)': {'pre': 16, 'post': 63, 'downstream': 94, 'upstream': 63, 'mito': 3, 'dark': 3}, 'AL-VM5v(R)': {'pre': 280, 'post': 1846, 'downstream': 1511, 'upstream': 1846, 'mito': 106, 'dark': 102, 'light': 1, 'medium': 3}, 'AL-DC2(R)': {'pre': 2, 'post': 15, 'downstream': 16, 'upstream': 15}, 'AL-VM7v(R)': {'post': 4, 'upstream': 4, 'mito': 5, 'dark': 5}, 'AL-VC4(R)': {'post': 13, 'upstream': 13, 'mito': 2, 'dark': 2}, 'AL-VA2(R)': {'post': 2, 'upstream': 2}, 'AL-VA7m(R)': {'pre': 41, 'post': 121, 'downstream': 210, 'upstream': 121, 'mito': 22, 'dark': 21, 'medium': 1}, 'AL-VC2(R)': {'pre': 2, 'post': 18, 'downstream': 10, 'upstream': 18, 'mito': 4, 'dark': 4}, 'AL-VA7l(R)': {'post': 1, 'upstream': 1}, 'AL-VC1(R)': {'post': 2, 'upstream': 2, 'mito': 4, 'dark': 4}}",,"['AL(R)', 'AL-DC2(R)', 'AL-DC4(R)', 'AL-VA2(R)', 'AL-VA6(R)', 'AL-VA7l(R)', 'AL-VA7m(R)', 'AL-VC1(R)', 'AL-VC2(R)', 'AL-VC4(R)', 'AL-VM5v(R)', 'AL-VM7v(R)', 'CA(R)', 'LH(R)', 'MB(+ACA)(R)', 'MB(R)', 'SLP(R)', 'SNP(R)', 'dACA(R)', 'mALT(R)']","['AL(R)', 'AL-DC2(R)', 'AL-VA6(R)', 'AL-VA7m(R)', 'AL-VC2(R)', 'AL-VM5v(R)', 'CA(R)', 'LH(R)', 'MB(+ACA)(R)', 'MB(R)', 'SLP(R)', 'SNP(R)', 'dACA(R)', 'mALT(R)']"
5813038793,DL2v_adPN_R,DL2v_adPN,946,2812,6679,2812,347,1831441904,Traced,False,Roughly traced,AVM01,451.5,"[20806, 35154, 23072]","{'MB(R)': {'pre': 195, 'post': 114, 'downstream': 1855, 'upstream': 114, 'mito': 19, 'dark': 18, 'light': 1}, 'CA(R)': {'pre': 195, 'post': 114, 'downstream': 1855, 'upstream': 114, 'mito': 19, 'dark': 18, 'light': 1}, 'MB(+ACA)(R)': {'pre': 195, 'post': 114, 'downstream': 1855, 'upstream': 114, 'mito': 19, 'dark': 18, 'light': 1}, 'LH(R)': {'pre': 380, 'post': 209, 'downstream': 2972, 'upstream': 209, 'mito': 54, 'dark': 39, 'light': 1, 'medium': 14}, 'mALT(R)': {'post': 9, 'upstream': 9, 'mito': 41, 'dark': 40, 'medium': 1}, 'SNP(R)': {'pre': 2, 'post': 1, 'downstream': 8, 'upstream': 1, 'mito': 3, 'dark': 3}, 'SLP(R)': {'pre': 2, 'post': 1, 'downstream': 8, 'upstream': 1, 'mito': 1, 'dark': 1}, 'AL(R)': {'pre': 369, 'post': 2479, 'downstream': 1844, 'upstream': 2479, 'mito': 188, 'dark': 181, 'light': 2, 'medium': 5}, 'AL-DL2v(R)': {'pre': 328, 'post': 2234, 'downstream': 1648, 'upstream': 2234, 'mito': 151, 'dark': 144, 'light': 2, 'medium': 5}, 'AL-DL2d(R)': {'post': 20, 'upstream': 20}, 'AL-DC2(R)': {'post': 1, 'upstream': 1, 'mito': 1, 'dark': 1}, 'AL-DP1l(R)': {'pre': 28, 'post': 126, 'downstream': 135, 'upstream': 126, 'mito': 7, 'dark': 7}, 'AL-DP1m(R)': {'post': 3, 'upstream': 3, 'mito': 18, 'dark': 18}, 'AL-VL2a(R)': {'pre': 13, 'post': 95, 'downstream': 61, 'upstream': 95, 'mito': 7, 'dark': 7}}",,"['AL(R)', 'AL-DC2(R)', 'AL-DL2d(R)', 'AL-DL2v(R)', 'AL-DP1l(R)', 'AL-DP1m(R)', 'AL-VL2a(R)', 'CA(R)', 'LH(R)', 'MB(+ACA)(R)', 'MB(R)', 'SLP(R)', 'SNP(R)', 'mALT(R)']","['AL(R)', 'AL-DL2v(R)', 'AL-DP1l(R)', 'AL-VL2a(R)', 'CA(R)', 'LH(R)', 'MB(+ACA)(R)', 'MB(R)', 'SLP(R)', 'SNP(R)']"
5813038889,D_adPN_R,D_adPN,942,2456,6985,2456,353,1712348758,Traced,False,Roughly traced,AVM01,541.5,"[21688, 36426, 22720]","{'MB(R)': {'pre': 155, 'post': 49, 'downstream': 1477, 'upstream': 49, 'mito': 6, 'dark': 6}, 'CA(R)': {'pre': 155, 'post': 49, 'downstream': 1477, 'upstream': 49, 'mito': 6, 'dark': 6}, 'MB(+ACA)(R)': {'pre': 155, 'post': 49, 'downstream': 1477, 'upstream': 49, 'mito': 6, 'dark': 6}, 'mALT(R)': {'pre': 15, 'post': 15, 'downstream': 43, 'upstream': 15, 'mito': 63, 'dark': 62, 'light': 1}, 'LH(R)': {'pre': 388, 'post': 163, 'downstream': 3494, 'upstream': 163, 'mito': 63, 'dark': 57, 'light': 1, 'medium': 5}, 'INP': {'pre': 1, 'downstream': 2}, 'SCL(R)': {'pre': 1, 'downstream': 2}, 'CX': {'post': 1, 'upstream': 1, 'mito': 1, 'dark': 1}, 'FB': {'post': 1, 'upstream': 1, 'mito': 1, 'dark': 1}, 'FBl1': {'post': 1, 'upstream': 1, 'mito': 1, 'dark': 1}, 'AL(R)': {'pre': 383, 'post': 2227, 'downstream': 1969, 'upstream': 2227, 'mito': 168, 'dark': 165, 'light': 3}, 'AL-D(R)': {'pre': 313, 'post': 2020, 'downstream': 1643, 'upstream': 2020, 'mito': 115, 'dark': 112, 'light': 3}, 'AL-DL5(R)': {'pre': 13, 'post': 42, 'downstream': 66, 'upstream': 42, 'mito': 5, 'dark': 5}, 'AL-DL4(R)': {'pre': 1, 'post': 7, 'downstream': 3, 'upstream': 7, 'mito': 1, 'dark': 1}, 'AL-DL1(R)': {'pre': 11, 'post': 33, 'downstream': 56, 'upstream': 33, 'mito': 3, 'dark': 3}, 'AL-DC1(R)': {'pre': 42, 'post': 114, 'downstream': 194, 'upstream': 114, 'mito': 34, 'dark': 34}, 'AL-DA4m(R)': {'pre': 1, 'post': 3, 'downstream': 2, 'upstream': 3, 'mito': 2, 'dark': 2}, 'AL-DC4(R)': {'post': 1, 'upstream': 1}, 'AL-DC2(R)': {'pre': 1, 'post': 1, 'downstream': 3, 'upstream': 1}}",,"['AL(R)', 'AL-D(R)', 'AL-DA4m(R)', 'AL-DC1(R)', 'AL-DC2(R)', 'AL-DC4(R)', 'AL-DL1(R)', 'AL-DL4(R)', 'AL-DL5(R)', 'CA(R)', 'CX', 'FB', 'FBl1', 'LH(R)', 'MB(+ACA)(R)', 'MB(R)', 'mALT(R)']","['AL(R)', 'AL-D(R)', 'AL-DA4m(R)', 'AL-DC1(R)', 'AL-DC2(R)', 'AL-DL1(R)', 'AL-DL4(R)', 'AL-DL5(R)', 'CA(R)', 'INP', 'LH(R)', 'MB(+ACA)(R)', 'MB(R)', 'SCL(R)', 'mALT(R)']"
5813039235,DM6_adPN_R,DM6_adPN,687,1614,5343,1614,277,1276204915,Traced,False,Roughly traced,AVM01,466.5,"[22237, 35928, 22000]","{'LH(R)': {'pre': 262, 'post': 85, 'downstream': 2211, 'upstream': 85, 'mito': 50, 'dark': 45, 'medium': 5}, 'MB(R)': {'pre': 201, 'post': 68, 'downstream': 2007, 'upstream': 68, 'mito': 19, 'dark': 19}, 'CA(R)': {'pre': 201, 'post': 68, 'downstream': 2007, 'upstream': 68, 'mito': 19, 'dark': 19}, 'MB(+ACA)(R)': {'pre': 201, 'post': 68, 'downstream': 2007, 'upstream': 68, 'mito': 19, 'dark': 19}, 'mALT(R)': {'pre': 21, 'post': 18, 'downstream': 128, 'upstream': 18, 'mito': 44, 'dark': 44}, 'SNP(R)': {'post': 1, 'upstream': 1}, 'SLP(R)': {'post': 1, 'upstream': 1}, 'AL(R)': {'pre': 202, 'post': 1436, 'downstream': 993, 'upstream': 1436, 'mito': 125, 'dark': 120, 'medium': 5}, 'AL-DM6(R)': {'pre': 162, 'post': 1293, 'downstream': 797, 'upstream': 1293, 'mito': 94, 'dark': 90, 'medium': 4}, 'AL-DC1(R)': {'pre': 6, 'post': 61, 'downstream': 37, 'upstream': 61, 'mito': 5, 'dark': 5}, 'AL-DM1(R)': {'pre': 1, 'post': 5, 'downstream': 7, 'upstream': 5}, 'AL-DM3(R)': {'pre': 4, 'post': 3, 'downstream': 21, 'upstream': 3, 'mito': 1, 'dark': 1}, 'AL-DC4(R)': {'pre': 9, 'post': 21, 'downstream': 44, 'upstream': 21, 'mito': 18, 'dark': 17, 'medium': 1}, 'AL-DC2(R)': {'pre': 20, 'post': 45, 'downstream': 87, 'upstream': 45, 'mito': 7, 'dark': 7}, 'AL-DM2(R)': {'post': 1, 'upstream': 1}, 'AL-VM5d(R)': {'post': 6, 'upstream': 6}}",,"['AL(R)', 'AL-DC1(R)', 'AL-DC2(R)', 'AL-DC4(R)', 'AL-DM1(R)', 'AL-DM2(R)', 'AL-DM3(R)', 'AL-DM6(R)', 'AL-VM5d(R)', 'CA(R)', 'LH(R)', 'MB(+ACA)(R)', 'MB(R)', 'SLP(R)', 'SNP(R)', 'mALT(R)']","['AL(R)', 'AL-DC1(R)', 'AL-DC2(R)', 'AL-DC4(R)', 'AL-DM1(R)', 'AL-DM3(R)', 'AL-DM6(R)', 'CA(R)', 'LH(R)', 'MB(+ACA)(R)', 'MB(R)', 'mALT(R)']"
5813039315,DA1_lPN_R,DA1_lPN,691,2263,5577,2263,281,1016515847,Traced,False,Roughly traced,AVM02,,,"{'MB(R)': {'pre': 104, 'post': 40, 'downstream': 1062, 'upstream': 40, 'mito': 10, 'dark': 10}, 'CA(R)': {'pre': 104, 'post': 40, 'downstream': 1062, 'upstream': 40, 'mito': 10, 'dark': 10}, 'MB(+ACA)(R)': {'pre': 104, 'post': 40, 'downstream': 1062, 'upstream': 40, 'mito': 10, 'dark': 10}, 'mALT(R)': {'pre': 13, 'post': 17, 'downstream': 85, 'upstream': 17, 'mito': 55, 'dark': 55}, 'INP': {'pre': 3, 'post': 3, 'downstream': 39, 'upstream': 3, 'mito': 2, 'dark': 2}, 'SCL(R)': {'pre': 3, 'post': 3, 'downstream': 39, 'upstream': 3, 'mito': 2, 'dark': 2}, 'LH(R)': {'pre': 349, 'post': 135, 'downstream': 3235, 'upstream': 135, 'mito': 53, 'dark': 53}, 'AL(R)': {'pre': 222, 'post': 2068, 'downstream': 1156, 'upstream': 2068, 'mito': 150, 'dark': 148, 'light': 1, 'medium': 1}, 'AL-DA1(R)': {'pre': 211, 'post': 2030, 'downstream': 1106, 'upstream': 2030, 'mito': 137, 'dark': 135, 'light': 1, 'medium': 1}, 'AL-DC3(R)': {'pre': 1, 'post': 10, 'downstream': 1, 'upstream': 10}, 'AL-VA1d(R)': {'pre': 10, 'post': 25, 'downstream': 49, 'upstream': 25, 'mito': 5, 'dark': 5}, 'AL-VP1d(R)': {'post': 3, 'upstream': 3, 'mito': 5, 'dark': 5}}",,"['AL(R)', 'AL-DA1(R)', 'AL-DC3(R)', 'AL-VA1d(R)', 'AL-VP1d(R)', 'CA(R)', 'INP', 'LH(R)', 'MB(+ACA)(R)', 'MB(R)', 'SCL(R)', 'mALT(R)']","['AL(R)', 'AL-DA1(R)', 'AL-DC3(R)', 'AL-VA1d(R)', 'CA(R)', 'INP', 'LH(R)', 'MB(+ACA)(R)', 'MB(R)', 'SCL(R)', 'mALT(R)']"
5813039465,DL2v_adPN_R,DL2v_adPN,961,2981,6962,2981,369,1860713082,Traced,False,Roughly traced,AVM01,541.5,"[22145, 34919, 22800]","{'LH(R)': {'pre': 488, 'post': 250, 'downstream': 3858, 'upstream': 250, 'mito': 62, 'dark': 49, 'light': 3, 'medium': 10}, 'mALT(R)': {'pre': 9, 'post': 18, 'downstream': 63, 'upstream': 18, 'mito': 51, 'dark': 51}, 'MB(R)': {'pre': 130, 'post': 56, 'downstream': 1303, 'upstream': 56, 'mito': 10, 'dark': 7, 'light': 2, 'medium': 1}, 'CA(R)': {'pre': 130, 'post': 56, 'downstream': 1303, 'upstream': 56, 'mito': 10, 'dark': 7, 'light': 2, 'medium': 1}, 'MB(+ACA)(R)': {'pre': 130, 'post': 56, 'downstream': 1303, 'upstream': 56, 'mito': 10, 'dark': 7, 'light': 2, 'medium': 1}, 'SNP(R)': {'pre': 2, 'post': 1, 'downstream': 3, 'upstream': 1, 'mito': 3, 'dark': 3}, 'SMP(R)': {'pre': 2, 'post': 1, 'downstream': 3, 'upstream': 1, 'mito': 3, 'dark': 3}, 'AL(R)': {'pre': 332, 'post': 2654, 'downstream': 1735, 'upstream': 2654, 'mito': 200, 'dark': 187, 'light': 5, 'medium': 8}, 'AL-DL2v(R)': {'pre': 299, 'post': 2427, 'downstream': 1585, 'upstream': 2427, 'mito': 160, 'dark': 149, 'light': 4, 'medium': 7}, 'AL-DP1l(R)': {'pre': 14, 'post': 108, 'downstream': 80, 'upstream': 108, 'mito': 8, 'dark': 8}, 'AL-DL2d(R)': {'post': 16, 'upstream': 16}, 'AL-DC4(R)': {'post': 2, 'upstream': 2, 'mito': 2, 'dark': 2}, 'AL-DP1m(R)': {'pre': 1, 'post': 6, 'downstream': 3, 'upstream': 6, 'mito': 14, 'dark': 14}, 'AL-VL2a(R)': {'pre': 18, 'post': 88, 'downstream': 67, 'upstream': 88, 'mito': 14, 'dark': 13, 'light': 1}}",,"['AL(R)', 'AL-DC4(R)', 'AL-DL2d(R)', 'AL-DL2v(R)', 'AL-DP1l(R)', 'AL-DP1m(R)', 'AL-VL2a(R)', 'CA(R)', 'LH(R)', 'MB(+ACA)(R)', 'MB(R)', 'SMP(R)', 'SNP(R)', 'mALT(R)']","['AL(R)', 'AL-DL2v(R)', 'AL-DP1l(R)', 'AL-DP1m(R)', 'AL-VL2a(R)', 'CA(R)', 'LH(R)', 'MB(+ACA)(R)', 'MB(R)', 'SMP(R)', 'SNP(R)', 'mALT(R)']"
5813039471,DC3_adPN_R,DC3_adPN,930,2337,8056,2337,428,1854075417,Traced,False,Roughly traced,AVM01,471.5,"[21379, 35750, 21552]","{'MB(R)': {'pre': 215, 'post': 52, 'downstream': 2233, 'upstream': 52, 'mito': 15, 'dark': 13, 'light': 2}, 'CA(R)': {'pre': 215, 'post': 52, 'downstream': 2233, 'upstream': 52, 'mito': 15, 'dark': 13, 'light': 2}, 'MB(+ACA)(R)': {'pre': 215, 'post': 52, 'downstream': 2233, 'upstream': 52, 'mito': 15, 'dark': 13, 'light': 2}, 'mALT(R)': {'pre': 6, 'post': 16, 'downstream': 47, 'upstream': 16, 'mito': 71, 'dark': 70, 'light': 1}, 'INP': {'pre': 6, 'post': 2, 'downstream': 78, 'upstream': 2}, 'SCL(R)': {'pre': 6, 'post': 2, 'downstream': 78, 'upstream': 2}, 'LH(R)': {'pre': 370, 'post': 98, 'downstream': 3759, 'upstream': 98, 'mito': 63, 'dark': 42, 'light': 11, 'medium': 10}, 'AL(R)': {'pre': 332, 'post': 2169, 'downstream': 1935, 'upstream': 2169, 'mito': 214, 'dark': 202, 'light': 6, 'medium': 6}, 'AL-DC3(R)': {'pre': 303, 'post': 2095, 'downstream': 1786, 'upstream': 2095, 'mito': 176, 'dark': 164, 'light': 6, 'medium': 6}, 'AL-DC2(R)': {'pre': 1, 'post': 1, 'downstream': 3, 'upstream': 1, 'mito': 3, 'dark': 3}, 'AL-DA1(R)': {'pre': 1, 'post': 7, 'downstream': 3, 'upstream': 7, 'mito': 1, 'dark': 1}, 'AL-DC1(R)': {'pre': 1, 'post': 1, 'downstream': 5, 'upstream': 1, 'mito': 4, 'dark': 4}, 'AL-VA1d(R)': {'pre': 17, 'post': 38, 'downstream': 84, 'upstream': 38, 'mito': 5, 'dark': 5}, 'AL-VP1d(R)': {'post': 5, 'upstream': 5, 'mito': 9, 'dark': 9}, 'AL-DP1m(R)': {'pre': 1, 'downstream': 5, 'mito': 3, 'dark': 3}, 'AL-VA6(R)': {'post': 1, 'upstream': 1, 'mito': 3, 'dark': 3}, 'AL-VA1v(R)': {'pre': 1, 'post': 2, 'downstream': 5, 'upstream': 2}}",,"['AL(R)', 'AL-DA1(R)', 'AL-DC1(R)', 'AL-DC2(R)', 'AL-DC3(R)', 'AL-VA1d(R)', 'AL-VA1v(R)', 'AL-VA6(R)', 'AL-VP1d(R)', 'CA(R)', 'INP', 'LH(R)', 'MB(+ACA)(R)', 'MB(R)', 'SCL(R)', 'mALT(R)']","['AL(R)', 'AL-DA1(R)', 'AL-DC1(R)', 'AL-DC2(R)', 'AL-DC3(R)', 'AL-DP1m(R)', 'AL-VA1d(R)', 'AL-VA1v(R)', 'CA(R)', 'INP', 'LH(R)', 'MB(+ACA)(R)', 'MB(R)', 'SCL(R)', 'mALT(R)']"
5813040515,VP3+VP1l_ivPN,VP3+VP1l_ivPN,810,1996,7123,1996,307,1231102154,Traced,False,Roughly traced,,,,"{'LH(R)': {'pre': 135, 'post': 48, 'downstream': 1474, 'upstream': 48, 'mito': 24, 'dark': 23, 'light': 1}, 'mALT(R)': {'pre': 18, 'post': 24, 'downstream': 57, 'upstream': 24, 'mito': 63, 'dark': 60, 'light': 1, 'medium': 2}, 'INP': {'pre': 177, 'post': 50, 'downstream': 1775, 'upstream': 50, 'mito': 38, 'dark': 31, 'light': 4, 'medium': 3}, 'SCL(R)': {'pre': 177, 'post': 49, 'downstream': 1775, 'upstream': 49, 'mito': 38, 'dark': 31, 'light': 4, 'medium': 3}, 'SNP(R)': {'pre': 15, 'post': 1, 'downstream': 122, 'upstream': 1, 'mito': 3, 'dark': 3}, 'SLP(R)': {'pre': 15, 'post': 1, 'downstream': 122, 'upstream': 1, 'mito': 3, 'dark': 3}, 'MB(R)': {'pre': 119, 'post': 49, 'downstream': 1213, 'upstream': 49, 'mito': 8, 'dark': 6, 'medium': 2}, 'CA(R)': {'pre': 119, 'post': 49, 'downstream': 1213, 'upstream': 49, 'mito': 8, 'dark': 6, 'medium': 2}, 'MB(+ACA)(R)': {'pre': 119, 'post': 49, 'downstream': 1213, 'upstream': 49, 'mito': 8, 'dark': 6, 'medium': 2}, 'VLNP(R)': {'pre': 66, 'post': 10, 'downstream': 810, 'upstream': 10, 'mito': 11, 'dark': 6, 'light': 2, 'medium': 3}, 'PLP(R)': {'pre': 66, 'post': 10, 'downstream': 810, 'upstream': 10, 'mito': 11, 'dark': 6, 'light': 2, 'medium': 3}, 'ICL(R)': {'post': 1, 'upstream': 1}, 'AL(R)': {'pre': 279, 'post': 1793, 'downstream': 1666, 'upstream': 1793, 'mito': 147, 'dark': 143, 'medium': 4}, 'AL-VP1l(R)': {'pre': 85, 'post': 637, 'downstream': 507, 'upstream': 637, 'mito': 45, 'dark': 42, 'medium': 3}, 'AL-VP3(R)': {'pre': 184, 'post': 1062, 'downstream': 1108, 'upstream': 1062, 'mito': 84, 'dark': 83, 'medium': 1}, 'AL-VP4(R)': {'post': 3, 'upstream': 3}, 'AL-VP2(R)': {'post': 3, 'upstream': 3, 'mito': 2, 'dark': 2}, 'VMNP': {'pre': 1, 'post': 17, 'downstream': 6, 'upstream': 17}, 'VES(R)': {'pre': 1, 'post': 17, 'downstream': 6, 'upstream': 17}, 'AL-VP1d(R)': {'post': 29, 'upstream': 29}, 'AL-VP5(R)': {'pre': 1, 'post': 19, 'downstream': 4, 'upstream': 19, 'mito': 8, 'dark': 8}, 'AL-VP1m(R)': {'pre': 3, 'post': 19, 'downstream': 17, 'upstream': 19, 'mito': 7, 'dark': 7}, 'PENP': {'post': 2, 'upstream': 2, 'mito': 2, 'dark': 2}, 'SAD': {'post': 2, 'upstream': 2, 'mito': 2, 'dark': 2}, 'SAD(-AMMC)': {'post': 2, 'upstream': 2, 'mito': 2, 'dark': 2}, 'GNG': {'post': 2, 'upstream': 2, 'mito': 3, 'dark': 3}}",slow cold mALT PN (Frank et al. Nature 2015),"['AL(R)', 'AL-VP1d(R)', 'AL-VP1l(R)', 'AL-VP1m(R)', 'AL-VP2(R)', 'AL-VP3(R)', 'AL-VP4(R)', 'AL-VP5(R)', 'CA(R)', 'GNG', 'ICL(R)', 'INP', 'LH(R)', 'MB(+ACA)(R)', 'MB(R)', 'PENP', 'PLP(R)', 'SAD', 'SAD(-AMMC)', 'SCL(R)', 'SLP(R)', 'SNP(R)', 'VES(R)', 'VLNP(R)', 'VMNP', 'mALT(R)']","['AL(R)', 'AL-VP1l(R)', 'AL-VP1m(R)', 'AL-VP3(R)', 'AL-VP5(R)', 'CA(R)', 'INP', 'LH(R)', 'MB(+ACA)(R)', 'MB(R)', 'PLP(R)', 'SCL(R)', 'SLP(R)', 'SNP(R)', 'VES(R)', 'VLNP(R)', 'VMNP', 'mALT(R)']"
5813041247,M_vPNml65_R,M_vPNml65,279,544,2271,544,206,547335100,Traced,False,Roughly traced,AVM04,,,"{'LH(R)': {'pre': 165, 'post': 97, 'downstream': 1443, 'upstream': 97, 'mito': 51, 'dark': 50, 'light': 1}, 'VLNP(R)': {'pre': 60, 'post': 18, 'downstream': 540, 'upstream': 18, 'mito': 20, 'dark': 20}, 'PLP(R)': {'pre': 37, 'post': 10, 'downstream': 336, 'upstream': 10, 'mito': 13, 'dark': 13}, 'AVLP(R)': {'pre': 23, 'post': 8, 'downstream': 204, 'upstream': 8, 'mito': 7, 'dark': 7}, 'AL(R)': {'pre': 54, 'post': 427, 'downstream': 288, 'upstream': 427, 'mito': 109, 'dark': 109}, 'AL-DC3(R)': {'post': 2, 'upstream': 2, 'mito': 1, 'dark': 1}, 'AL-DP1l(R)': {'pre': 5, 'post': 4, 'downstream': 25, 'upstream': 4, 'mito': 2, 'dark': 2}, 'AL-VA1d(R)': {'post': 4, 'upstream': 4, 'mito': 1, 'dark': 1}, 'AL-VL2a(R)': {'pre': 5, 'post': 231, 'downstream': 20, 'upstream': 231, 'mito': 36, 'dark': 36}, 'AL-VA1v(R)': {'post': 31, 'upstream': 31, 'mito': 11, 'dark': 11}, 'AL-VL2p(R)': {'pre': 22, 'post': 90, 'downstream': 113, 'upstream': 90, 'mito': 26, 'dark': 26}, 'AL-DL2v(R)': {'post': 1, 'upstream': 1}, 'AL-VP4(R)': {'pre': 3, 'post': 4, 'downstream': 18, 'upstream': 4, 'mito': 3, 'dark': 3}, 'AL-VA7l(R)': {'post': 14, 'upstream': 14, 'mito': 1, 'dark': 1}, 'AL-VA5(R)': {'pre': 1, 'post': 4, 'downstream': 6, 'upstream': 4, 'mito': 5, 'dark': 5}, 'AL-VL1(R)': {'pre': 12, 'post': 28, 'downstream': 72, 'upstream': 28, 'mito': 14, 'dark': 14}, 'AL-VA3(R)': {'pre': 1, 'downstream': 5}}",,"['AL(R)', 'AL-DC3(R)', 'AL-DL2v(R)', 'AL-DP1l(R)', 'AL-VA1d(R)', 'AL-VA1v(R)', 'AL-VA5(R)', 'AL-VA7l(R)', 'AL-VL1(R)', 'AL-VL2a(R)', 'AL-VL2p(R)', 'AL-VP4(R)', 'AVLP(R)', 'LH(R)', 'PLP(R)', 'VLNP(R)']","['AL(R)', 'AL-DP1l(R)', 'AL-VA3(R)', 'AL-VA5(R)', 'AL-VL1(R)', 'AL-VL2a(R)', 'AL-VL2p(R)', 'AL-VP4(R)', 'AVLP(R)', 'LH(R)', 'PLP(R)', 'VLNP(R)']"
5813044177,M_lPNm11A_R,M_lPNm11A,240,370,1462,370,180,560522313,Traced,False,Roughly traced,AVM02,326.5,"[13076, 35609, 25920]","{'SNP(R)': {'pre': 17, 'post': 8, 'downstream': 139, 'upstream': 8, 'mito': 6, 'dark': 6}, 'SLP(R)': {'pre': 9, 'post': 3, 'downstream': 73, 'upstream': 3, 'mito': 3, 'dark': 3}, 'dACA(R)': {'pre': 3, 'downstream': 21}, 'MB(+ACA)(R)': {'pre': 3, 'downstream': 21}, 'SMP(R)': {'pre': 8, 'post': 5, 'downstream': 66, 'upstream': 5, 'mito': 3, 'dark': 3}, 'INP': {'pre': 35, 'post': 15, 'downstream': 249, 'upstream': 15, 'mito': 14, 'dark': 13, 'light': 1}, 'ATL(R)': {'pre': 1, 'post': 1, 'downstream': 6, 'upstream': 1}, 'mALT(R)': {'pre': 13, 'post': 7, 'downstream': 39, 'upstream': 7, 'mito': 17, 'dark': 17}, 'SCL(R)': {'pre': 34, 'post': 14, 'downstream': 243, 'upstream': 14, 'mito': 14, 'dark': 13, 'light': 1}, 'VLNP(R)': {'pre': 126, 'post': 47, 'downstream': 882, 'upstream': 47, 'mito': 45, 'dark': 45}, 'PLP(R)': {'pre': 87, 'post': 35, 'downstream': 627, 'upstream': 35, 'mito': 35, 'dark': 35}, 'AL(R)': {'pre': 49, 'post': 291, 'downstream': 153, 'upstream': 291, 'mito': 82, 'dark': 79, 'light': 1, 'medium': 2}, 'AL-VP4(R)': {'pre': 11, 'post': 50, 'downstream': 38, 'upstream': 50, 'mito': 21, 'dark': 21}, 'AL-VP1d(R)': {'post': 17, 'upstream': 17, 'mito': 2, 'dark': 2}, 'AL-DP1m(R)': {'post': 3, 'upstream': 3, 'mito': 2, 'dark': 2}, 'AL-VP2(R)': {'pre': 12, 'post': 19, 'downstream': 32, 'upstream': 19, 'mito': 9, 'dark': 8, 'medium': 1}, 'AL-DP1l(R)': {'post': 2, 'upstream': 2, 'mito': 1, 'medium': 1}, 'AL-VP1l(R)': {'post': 12, 'upstream': 12, 'mito': 3, 'dark': 3}, 'AL-VL2p(R)': {'pre': 4, 'post': 38, 'downstream': 11, 'upstream': 38, 'mito': 14, 'dark': 14}, 'AL-VC5(R)': {'pre': 2, 'post': 15, 'downstream': 6, 'upstream': 15, 'mito': 2, 'dark': 1, 'light': 1}, 'AL-VP3(R)': {'post': 1, 'upstream': 1}, 'AL-VP1m(R)': {'pre': 1, 'post': 9, 'downstream': 4, 'upstream': 9}, 'WED(R)': {'pre': 39, 'post': 12, 'downstream': 255, 'upstream': 12, 'mito': 10, 'dark': 10}, 'AL-VA5(R)': {'pre': 1, 'post': 10, 'downstream': 4, 'upstream': 10, 'mito': 2, 'dark': 2}, 'AL-VL1(R)': {'pre': 10, 'post': 107, 'downstream': 35, 'upstream': 107, 'mito': 20, 'dark': 20}, 'AL-VP5(R)': {'pre': 2, 'post': 4, 'downstream': 9, 'upstream': 4, 'mito': 2, 'dark': 2}}",AL-mPN4 (Tanaka et al. JCN 2012) projection to LH/PLP; VP4++ lPN (Marin et al. Curr Biol 2020),"['AL(R)', 'AL-DP1l(R)', 'AL-DP1m(R)', 'AL-VA5(R)', 'AL-VC5(R)', 'AL-VL1(R)', 'AL-VL2p(R)', 'AL-VP1d(R)', 'AL-VP1l(R)', 'AL-VP1m(R)', 'AL-VP2(R)', 'AL-VP3(R)', 'AL-VP4(R)', 'AL-VP5(R)', 'ATL(R)', 'INP', 'PLP(R)', 'SCL(R)', 'SLP(R)', 'SMP(R)', 'SNP(R)', 'VLNP(R)', 'WED(R)', 'mALT(R)']","['AL(R)', 'AL-VA5(R)', 'AL-VC5(R)', 'AL-VL1(R)', 'AL-VL2p(R)', 'AL-VP1m(R)', 'AL-VP2(R)', 'AL-VP4(R)', 'AL-VP5(R)', 'ATL(R)', 'INP', 'MB(+ACA)(R)', 'PLP(R)', 'SCL(R)', 'SLP(R)', 'SMP(R)', 'SNP(R)', 'VLNP(R)', 'WED(R)', 'dACA(R)', 'mALT(R)']"
5813045696,M_vPNml86_R,M_vPNml86,97,249,810,249,81,216955160,Traced,False,Roughly traced,AVM04,,,"{'SNP(R)': {'pre': 1, 'post': 4, 'downstream': 8, 'upstream': 4}, 'SLP(R)': {'pre': 1, 'post': 4, 'downstream': 8, 'upstream': 4}, 'LH(R)': {'pre': 96, 'post': 153, 'downstream': 802, 'upstream': 153, 'mito': 45, 'dark': 22, 'medium': 23}, 'AL(R)': {'post': 92, 'upstream': 92, 'mito': 21, 'dark': 19, 'medium': 2}, 'AL-DL5(R)': {'post': 1, 'upstream': 1, 'mito': 1, 'dark': 1}, 'AL-DC4(R)': {'post': 60, 'upstream': 60, 'mito': 12, 'dark': 11, 'medium': 1}, 'AL-DC1(R)': {'post': 3, 'upstream': 3}, 'AL-DA2(R)': {'post': 10, 'upstream': 10}, 'AL-DC2(R)': {'post': 11, 'upstream': 11, 'mito': 3, 'dark': 2, 'medium': 1}, 'AL-DP1m(R)': {'post': 1, 'upstream': 1}, 'AL-VP4(R)': {'post': 2, 'upstream': 2, 'mito': 1, 'dark': 1}}",,"['AL(R)', 'AL-DA2(R)', 'AL-DC1(R)', 'AL-DC2(R)', 'AL-DC4(R)', 'AL-DL5(R)', 'AL-DP1m(R)', 'AL-VP4(R)', 'LH(R)', 'SLP(R)', 'SNP(R)']","['LH(R)', 'SLP(R)', 'SNP(R)']"
5813050727,VM7d_adPN_R,VM7d_adPN,1429,2478,10854,2478,423,2222426371,Traced,False,Roughly traced,AVM01,541.5,"[23480, 34190, 22224]","{'LH(R)': {'pre': 687, 'post': 251, 'downstream': 6206, 'upstream': 251, 'mito': 80, 'dark': 65, 'medium': 15}, 'MB(R)': {'pre': 203, 'post': 62, 'downstream': 1885, 'upstream': 62, 'mito': 21, 'dark': 19, 'medium': 2}, 'CA(R)': {'pre': 203, 'post': 62, 'downstream': 1885, 'upstream': 62, 'mito': 21, 'dark': 19, 'medium': 2}, 'MB(+ACA)(R)': {'pre': 203, 'post': 62, 'downstream': 1885, 'upstream': 62, 'mito': 21, 'dark': 19, 'medium': 2}, 'mALT(R)': {'pre': 53, 'post': 38, 'downstream': 286, 'upstream': 38, 'mito': 87, 'dark': 83, 'light': 2, 'medium': 2}, 'AL(R)': {'pre': 486, 'post': 2124, 'downstream': 2477, 'upstream': 2124, 'mito': 173, 'dark': 161, 'medium': 12}, 'AL-DC4(R)': {'pre': 5, 'post': 19, 'downstream': 27, 'upstream': 19, 'mito': 3, 'dark': 3}, 'AL-VM7d(R)': {'pre': 377, 'post': 1701, 'downstream': 1937, 'upstream': 1701, 'mito': 130, 'dark': 123, 'medium': 7}, 'AL-DM4(R)': {'post': 1, 'upstream': 1}, 'AL-VM7v(R)': {'pre': 64, 'post': 207, 'downstream': 310, 'upstream': 207, 'mito': 19, 'dark': 17, 'medium': 2}, 'AL-VC3l(R)': {'pre': 40, 'post': 181, 'downstream': 203, 'upstream': 181, 'mito': 15, 'dark': 13, 'medium': 2}, 'AL-VC5(R)': {'post': 6, 'upstream': 6, 'mito': 1, 'dark': 1}}",,"['AL(R)', 'AL-DC4(R)', 'AL-DM4(R)', 'AL-VC3l(R)', 'AL-VC5(R)', 'AL-VM7d(R)', 'AL-VM7v(R)', 'CA(R)', 'LH(R)', 'MB(+ACA)(R)', 'MB(R)', 'mALT(R)']","['AL(R)', 'AL-DC4(R)', 'AL-VC3l(R)', 'AL-VM7d(R)', 'AL-VM7v(R)', 'CA(R)', 'LH(R)', 'MB(+ACA)(R)', 'MB(R)', 'mALT(R)']"
5813050729,VA7m_lPN_R,VA7m_lPN,721,1803,5458,1803,300,1406633353,Traced,False,Roughly traced,AVM02,306.5,"[14792, 36526, 24312]","{'LH(R)': {'pre': 294, 'post': 140, 'downstream': 2517, 'upstream': 140, 'mito': 53, 'dark': 38, 'light': 5, 'medium': 10}, 'MB(R)': {'pre': 163, 'post': 91, 'downstream': 1503, 'upstream': 91, 'mito': 24, 'dark': 20, 'light': 2, 'medium': 2}, 'CA(R)': {'pre': 163, 'post': 91, 'downstream': 1503, 'upstream': 91, 'mito': 24, 'dark': 20, 'light': 2, 'medium': 2}, 'MB(+ACA)(R)': {'pre': 163, 'post': 91, 'downstream': 1503, 'upstream': 91, 'mito': 24, 'dark': 20, 'light': 2, 'medium': 2}, 'mALT(R)': {'pre': 18, 'post': 29, 'downstream': 142, 'upstream': 29, 'mito': 59, 'dark': 59}, 'SNP(R)': {'pre': 3, 'post': 2, 'downstream': 29, 'upstream': 2}, 'SLP(R)': {'pre': 3, 'post': 2, 'downstream': 29, 'upstream': 2}, 'AL(R)': {'pre': 241, 'post': 1540, 'downstream': 1260, 'upstream': 1540, 'mito': 125, 'dark': 120, 'medium': 5}, 'AL-VP1m(R)': {'pre': 1, 'post': 3, 'downstream': 3, 'upstream': 3, 'mito': 3, 'dark': 2, 'medium': 1}, 'AL-VC1(R)': {'pre': 1, 'post': 10, 'downstream': 3, 'upstream': 10, 'mito': 8, 'dark': 8}, 'AL-VA6(R)': {'post': 1, 'upstream': 1}, 'AL-VC2(R)': {'pre': 30, 'post': 86, 'downstream': 163, 'upstream': 86, 'mito': 17, 'dark': 17}, 'AL-VA7m(R)': {'pre': 182, 'post': 1213, 'downstream': 958, 'upstream': 1213, 'mito': 77, 'dark': 75, 'medium': 2}, 'AL-VA7l(R)': {'pre': 2, 'post': 45, 'downstream': 6, 'upstream': 45, 'mito': 5, 'dark': 5}, 'AL-VA2(R)': {'post': 62, 'upstream': 62, 'mito': 4, 'dark': 4}, 'AL-VA3(R)': {'pre': 25, 'post': 119, 'downstream': 127, 'upstream': 119, 'mito': 6, 'dark': 4, 'medium': 2}}",,"['AL(R)', 'AL-VA2(R)', 'AL-VA3(R)', 'AL-VA6(R)', 'AL-VA7l(R)', 'AL-VA7m(R)', 'AL-VC1(R)', 'AL-VC2(R)', 'AL-VP1m(R)', 'CA(R)', 'LH(R)', 'MB(+ACA)(R)', 'MB(R)', 'SLP(R)', 'SNP(R)', 'mALT(R)']","['AL(R)', 'AL-VA3(R)', 'AL-VA7l(R)', 'AL-VA7m(R)', 'AL-VC1(R)', 'AL-VC2(R)', 'AL-VP1m(R)', 'CA(R)', 'LH(R)', 'MB(+ACA)(R)', 'MB(R)', 'SLP(R)', 'SNP(R)', 'mALT(R)']"
5813054697,VA1v_adPN_R,VA1v_adPN,1035,2763,7804,2763,466,1918966940,Traced,False,Roughly traced,AVM01,411.5,"[22849, 35327, 22960]","{'MB(R)': {'pre': 95, 'post': 27, 'downstream': 903, 'upstream': 27, 'mito': 6, 'dark': 6}, 'CA(R)': {'pre': 95, 'post': 27, 'downstream': 903, 'upstream': 27, 'mito': 6, 'dark': 6}, 'MB(+ACA)(R)': {'pre': 95, 'post': 27, 'downstream': 903, 'upstream': 27, 'mito': 6, 'dark': 6}, 'mALT(R)': {'pre': 17, 'post': 10, 'downstream': 109, 'upstream': 10, 'mito': 57, 'dark': 56, 'medium': 1}, 'LH(R)': {'pre': 506, 'post': 174, 'downstream': 4640, 'upstream': 174, 'mito': 90, 'dark': 82, 'medium': 8}, 'AL(R)': {'pre': 417, 'post': 2550, 'downstream': 2152, 'upstream': 2550, 'mito': 265, 'dark': 263, 'light': 1, 'medium': 1}, 'AL-DA1(R)': {'pre': 5, 'post': 19, 'downstream': 24, 'upstream': 19, 'mito': 3, 'dark': 3}, 'AL-DC2(R)': {'post': 4, 'upstream': 4, 'mito': 6, 'dark': 6}, 'AL-VA6(R)': {'pre': 1, 'post': 13, 'downstream': 5, 'upstream': 13, 'mito': 11, 'dark': 11}, 'AL-VP1d(R)': {'pre': 5, 'post': 12, 'downstream': 26, 'upstream': 12, 'mito': 5, 'dark': 5}, 'AL-DC3(R)': {'pre': 2, 'post': 6, 'downstream': 12, 'upstream': 6}, 'AL-VA1v(R)': {'pre': 307, 'post': 2303, 'downstream': 1580, 'upstream': 2303, 'mito': 193, 'dark': 191, 'light': 1, 'medium': 1}, 'AL-VA1d(R)': {'post': 4, 'upstream': 4}, 'AL-VL2a(R)': {'pre': 16, 'post': 42, 'downstream': 74, 'upstream': 42, 'mito': 14, 'dark': 14}, 'AL-VA7l(R)': {'pre': 1, 'post': 2, 'downstream': 1, 'upstream': 2, 'mito': 3, 'dark': 3}, 'AL-VC1(R)': {'post': 1, 'upstream': 1, 'mito': 1, 'dark': 1}, 'AL-VA5(R)': {'post': 7, 'upstream': 7, 'mito': 1, 'dark': 1}, 'AL-VL1(R)': {'pre': 2, 'post': 12, 'downstream': 10, 'upstream': 12}}",,"['AL(R)', 'AL-DA1(R)', 'AL-DC2(R)', 'AL-DC3(R)', 'AL-VA1d(R)', 'AL-VA1v(R)', 'AL-VA5(R)', 'AL-VA6(R)', 'AL-VA7l(R)', 'AL-VC1(R)', 'AL-VL1(R)', 'AL-VL2a(R)', 'AL-VP1d(R)', 'CA(R)', 'LH(R)', 'MB(+ACA)(R)', 'MB(R)', 'mALT(R)']","['AL(R)', 'AL-DA1(R)', 'AL-DC3(R)', 'AL-VA1v(R)', 'AL-VA6(R)', 'AL-VA7l(R)', 'AL-VL1(R)', 'AL-VL2a(R)', 'AL-VP1d(R)', 'CA(R)', 'LH(R)', 'MB(+ACA)(R)', 'MB(R)', 'mALT(R)']"
5813054911,M_vPNml74_R,M_vPNml74,114,256,944,256,76,182599640,Traced,False,Roughly traced,AVM04,,,"{'LH(R)': {'pre': 74, 'post': 18, 'downstream': 677, 'upstream': 18, 'mito': 24, 'dark': 24}, 'SNP(R)': {'post': 3, 'upstream': 3}, 'SLP(R)': {'post': 3, 'upstream': 3}, 'INP': {'pre': 7, 'post': 3, 'downstream': 82, 'upstream': 3, 'mito': 4, 'dark': 4}, 'SCL(R)': {'pre': 7, 'post': 3, 'downstream': 82, 'upstream': 3, 'mito': 4, 'dark': 4}, 'VLNP(R)': {'pre': 3, 'downstream': 32}, 'AVLP(R)': {'pre': 3, 'downstream': 32}, 'AL(R)': {'pre': 30, 'post': 229, 'downstream': 153, 'upstream': 229, 'mito': 27, 'dark': 27}, 'AL-DC1(R)': {'pre': 2, 'post': 8, 'downstream': 9, 'upstream': 8, 'mito': 2, 'dark': 2}, 'AL-DC2(R)': {'pre': 2, 'post': 18, 'downstream': 13, 'upstream': 18, 'mito': 3, 'dark': 3}, 'AL-DA2(R)': {'pre': 1, 'post': 19, 'downstream': 4, 'upstream': 19, 'mito': 1, 'dark': 1}, 'AL-VA6(R)': {'pre': 3, 'post': 13, 'downstream': 16, 'upstream': 13, 'mito': 2, 'dark': 2}, 'AL-VM7v(R)': {'pre': 1, 'post': 10, 'downstream': 6, 'upstream': 10, 'mito': 1, 'dark': 1}, 'AL-VP1d(R)': {'pre': 13, 'post': 75, 'downstream': 62, 'upstream': 75, 'mito': 9, 'dark': 9}, 'AL-VP1m(R)': {'post': 11, 'upstream': 11}, 'AL-VP4(R)': {'post': 20, 'upstream': 20, 'mito': 3, 'dark': 3}, 'AL-VP1l(R)': {'post': 4, 'upstream': 4}, 'AL-VC1(R)': {'pre': 1, 'post': 22, 'downstream': 4, 'upstream': 22, 'mito': 2, 'dark': 2}, 'AL-VC2(R)': {'post': 10, 'upstream': 10}, 'PENP': {'post': 1, 'upstream': 1}, 'SAD': {'post': 1, 'upstream': 1}, 'AMMC': {'post': 1, 'upstream': 1}}",,"['AL(R)', 'AL-DA2(R)', 'AL-DC1(R)', 'AL-DC2(R)', 'AL-VA6(R)', 'AL-VC1(R)', 'AL-VC2(R)', 'AL-VM7v(R)', 'AL-VP1d(R)', 'AL-VP1l(R)', 'AL-VP1m(R)', 'AL-VP4(R)', 'AMMC', 'INP', 'LH(R)', 'PENP', 'SAD', 'SCL(R)', 'SLP(R)', 'SNP(R)']","['AL(R)', 'AL-DA2(R)', 'AL-DC1(R)', 'AL-DC2(R)', 'AL-VA6(R)', 'AL-VC1(R)', 'AL-VM7v(R)', 'AL-VP1d(R)', 'AVLP(R)', 'INP', 'LH(R)', 'SCL(R)', 'VLNP(R)']"
5813055025,VA3_adPN_R,VA3_adPN,1464,3476,11941,3476,456,2460540434,Traced,False,Roughly traced,AVM01,486.5,"[20824, 35852, 23264]","{'MB(R)': {'pre': 296, 'post': 115, 'downstream': 2866, 'upstream': 115, 'mito': 21, 'dark': 21}, 'CA(R)': {'pre': 296, 'post': 115, 'downstream': 2866, 'upstream': 115, 'mito': 21, 'dark': 21}, 'MB(+ACA)(R)': {'pre': 296, 'post': 115, 'downstream': 2866, 'upstream': 115, 'mito': 21, 'dark': 21}, 'LH(R)': {'pre': 666, 'post': 265, 'downstream': 6243, 'upstream': 265, 'mito': 92, 'dark': 79, 'light': 3, 'medium': 10}, 'mALT(R)': {'pre': 5, 'post': 13, 'downstream': 13, 'upstream': 13, 'mito': 77, 'dark': 75, 'medium': 2}, 'AL(R)': {'pre': 497, 'post': 3078, 'downstream': 2819, 'upstream': 3078, 'mito': 225, 'dark': 208, 'light': 1, 'medium': 16}, 'AL-DC2(R)': {'post': 1, 'upstream': 1, 'mito': 1, 'dark': 1}, 'AL-DC1(R)': {'post': 2, 'upstream': 2}, 'AL-VP1d(R)': {'pre': 2, 'post': 5, 'downstream': 5, 'upstream': 5, 'mito': 2, 'dark': 2}, 'AL-DP1m(R)': {'pre': 1, 'post': 1, 'downstream': 2, 'upstream': 1, 'mito': 1, 'dark': 1}, 'AL-VC1(R)': {'pre': 1, 'post': 11, 'downstream': 6, 'upstream': 11, 'mito': 10, 'dark': 10}, 'AL-VC2(R)': {'pre': 21, 'post': 78, 'downstream': 116, 'upstream': 78, 'mito': 9, 'dark': 9}, 'AL-VA3(R)': {'pre': 373, 'post': 2697, 'downstream': 2118, 'upstream': 2697, 'mito': 163, 'dark': 148, 'medium': 15}, 'AL-VA4(R)': {'pre': 45, 'post': 147, 'downstream': 230, 'upstream': 147, 'mito': 20, 'dark': 18, 'light': 1, 'medium': 1}, 'AL-VL1(R)': {'pre': 32, 'post': 53, 'downstream': 203, 'upstream': 53, 'mito': 6, 'dark': 6}, 'AL-VA2(R)': {'post': 5, 'upstream': 5}, 'AL-VA5(R)': {'pre': 21, 'post': 66, 'downstream': 135, 'upstream': 66, 'mito': 5, 'dark': 5}}",,"['AL(R)', 'AL-DC1(R)', 'AL-DC2(R)', 'AL-DP1m(R)', 'AL-VA2(R)', 'AL-VA3(R)', 'AL-VA4(R)', 'AL-VA5(R)', 'AL-VC1(R)', 'AL-VC2(R)', 'AL-VL1(R)', 'AL-VP1d(R)', 'CA(R)', 'LH(R)', 'MB(+ACA)(R)', 'MB(R)', 'mALT(R)']","['AL(R)', 'AL-DP1m(R)', 'AL-VA3(R)', 'AL-VA4(R)', 'AL-VA5(R)', 'AL-VC1(R)', 'AL-VC2(R)', 'AL-VL1(R)', 'AL-VP1d(R)', 'CA(R)', 'LH(R)', 'MB(+ACA)(R)', 'MB(R)', 'mALT(R)']"
5813055048,DC2_adPN_R,DC2_adPN,1346,2966,10641,2966,457,1724510664,Traced,False,Roughly traced,AVM01,,,"{'LH(R)': {'pre': 650, 'post': 251, 'downstream': 5906, 'upstream': 251, 'mito': 136, 'dark': 122, 'light': 6, 'medium': 8}, 'MB(R)': {'pre': 244, 'post': 122, 'downstream': 2272, 'upstream': 122, 'mito': 26, 'dark': 26}, 'CA(R)': {'pre': 244, 'post': 122, 'downstream': 2272, 'upstream': 122, 'mito': 26, 'dark': 26}, 'MB(+ACA)(R)': {'pre': 244, 'post': 122, 'downstream': 2272, 'upstream': 122, 'mito': 26, 'dark': 26}, 'SNP(R)': {'pre': 1, 'post': 1, 'downstream': 9, 'upstream': 1}, 'SLP(R)': {'pre': 1, 'post': 1, 'downstream': 9, 'upstream': 1}, 'mALT(R)': {'pre': 6, 'post': 27, 'downstream': 16, 'upstream': 27, 'mito': 70, 'dark': 68, 'light': 1, 'medium': 1}, 'AL(R)': {'pre': 445, 'post': 2564, 'downstream': 2438, 'upstream': 2564, 'mito': 213, 'dark': 207, 'light': 2, 'medium': 4}, 'AL-DC2(R)': {'pre': 389, 'post': 2274, 'downstream': 2102, 'upstream': 2274, 'mito': 184, 'dark': 178, 'light': 2, 'medium': 4}, 'AL-DC1(R)': {'post': 1, 'upstream': 1}, 'AL-DC4(R)': {'post': 6, 'upstream': 6}, 'AL-VA6(R)': {'pre': 9, 'post': 62, 'downstream': 54, 'upstream': 62, 'mito': 4, 'dark': 4}, 'AL-VM5d(R)': {'pre': 6, 'post': 29, 'downstream': 25, 'upstream': 29, 'mito': 3, 'dark': 3}, 'AL-VM7v(R)': {'pre': 1, 'post': 8, 'downstream': 4, 'upstream': 8}, 'AL-VM5v(R)': {'pre': 1, 'post': 8, 'downstream': 2, 'upstream': 8, 'mito': 1, 'dark': 1}, 'AL-VC1(R)': {'pre': 39, 'post': 167, 'downstream': 251, 'upstream': 167, 'mito': 15, 'dark': 15}, 'AL-VC2(R)': {'post': 3, 'upstream': 3}}",,"['AL(R)', 'AL-DC1(R)', 'AL-DC2(R)', 'AL-DC4(R)', 'AL-VA6(R)', 'AL-VC1(R)', 'AL-VC2(R)', 'AL-VM5d(R)', 'AL-VM5v(R)', 'AL-VM7v(R)', 'CA(R)', 'LH(R)', 'MB(+ACA)(R)', 'MB(R)', 'SLP(R)', 'SNP(R)', 'mALT(R)']","['AL(R)', 'AL-DC2(R)', 'AL-VA6(R)', 'AL-VC1(R)', 'AL-VM5d(R)', 'AL-VM5v(R)', 'AL-VM7v(R)', 'CA(R)', 'LH(R)', 'MB(+ACA)(R)', 'MB(R)', 'SLP(R)', 'SNP(R)', 'mALT(R)']"
5813055147,VC4_adPN_R,VC4_adPN,1011,2366,8035,2366,381,1655654080,Traced,False,Roughly traced,AVM01,541.5,"[23263, 34647, 24272]","{'MB(R)': {'pre': 211, 'post': 55, 'downstream': 2177, 'upstream': 55, 'mito': 11, 'dark': 11}, 'CA(R)': {'pre': 211, 'post': 55, 'downstream': 2177, 'upstream': 55, 'mito': 11, 'dark': 11}, 'MB(+ACA)(R)': {'pre': 211, 'post': 55, 'downstream': 2177, 'upstream': 55, 'mito': 11, 'dark': 11}, 'LH(R)': {'pre': 473, 'post': 210, 'downstream': 4130, 'upstream': 210, 'mito': 82, 'dark': 76, 'medium': 6}, 'mALT(R)': {'pre': 10, 'post': 15, 'downstream': 71, 'upstream': 15, 'mito': 51, 'dark': 49, 'light': 1, 'medium': 1}, 'AL(R)': {'pre': 317, 'post': 2084, 'downstream': 1657, 'upstream': 2084, 'mito': 194, 'dark': 186, 'medium': 8}, 'AL-DC4(R)': {'pre': 1, 'post': 6, 'downstream': 2, 'upstream': 6, 'mito': 8, 'dark': 8}, 'AL-VM7v(R)': {'pre': 1, 'post': 11, 'downstream': 3, 'upstream': 11, 'mito': 10, 'dark': 10}, 'AL-VC4(R)': {'pre': 285, 'post': 1792, 'downstream': 1507, 'upstream': 1792, 'mito': 138, 'dark': 130, 'medium': 8}, 'AL-VC3l(R)': {'pre': 23, 'post': 156, 'downstream': 111, 'upstream': 156, 'mito': 12, 'dark': 12}, 'AL-VC1(R)': {'pre': 2, 'post': 21, 'downstream': 5, 'upstream': 21, 'mito': 11, 'dark': 11}, 'AL-VM3(R)': {'post': 14, 'upstream': 14}, 'AL-VA2(R)': {'pre': 3, 'post': 24, 'downstream': 17, 'upstream': 24, 'mito': 1, 'dark': 1}, 'AL-VC2(R)': {'pre': 2, 'post': 60, 'downstream': 12, 'upstream': 60, 'mito': 8, 'dark': 8}}",,"['AL(R)', 'AL-DC4(R)', 'AL-VA2(R)', 'AL-VC1(R)', 'AL-VC2(R)', 'AL-VC3l(R)', 'AL-VC4(R)', 'AL-VM3(R)', 'AL-VM7v(R)', 'CA(R)', 'LH(R)', 'MB(+ACA)(R)', 'MB(R)', 'mALT(R)']","['AL(R)', 'AL-DC4(R)', 'AL-VA2(R)', 'AL-VC1(R)', 'AL-VC2(R)', 'AL-VC3l(R)', 'AL-VC4(R)', 'AL-VM7v(R)', 'CA(R)', 'LH(R)', 'MB(+ACA)(R)', 'MB(R)', 'mALT(R)']"
5813055162,VA1d_adPN_R,VA1d_adPN,1112,2645,9084,2645,480,1963488766,Traced,False,Roughly traced,AVM01,511.5,"[20485, 35948, 22240]","{'MB(R)': {'pre': 183, 'post': 35, 'downstream': 1723, 'upstream': 35, 'mito': 11, 'dark': 10, 'medium': 1}, 'CA(R)': {'pre': 183, 'post': 35, 'downstream': 1723, 'upstream': 35, 'mito': 11, 'dark': 10, 'medium': 1}, 'MB(+ACA)(R)': {'pre': 183, 'post': 35, 'downstream': 1723, 'upstream': 35, 'mito': 11, 'dark': 10, 'medium': 1}, 'mALT(R)': {'pre': 17, 'post': 18, 'downstream': 71, 'upstream': 18, 'mito': 71, 'dark': 71}, 'LH(R)': {'pre': 481, 'post': 103, 'downstream': 4740, 'upstream': 103, 'mito': 67, 'dark': 60, 'medium': 7}, 'AL(R)': {'pre': 431, 'post': 2489, 'downstream': 2550, 'upstream': 2489, 'mito': 271, 'dark': 261, 'light': 1, 'medium': 9}, 'AL-DC2(R)': {'post': 3, 'upstream': 3, 'mito': 2, 'dark': 1, 'medium': 1}, 'AL-VA1d(R)': {'pre': 342, 'post': 2234, 'downstream': 2022, 'upstream': 2234, 'mito': 183, 'dark': 177, 'light': 1, 'medium': 5}, 'AL-DC1(R)': {'pre': 1, 'post': 4, 'downstream': 4, 'upstream': 4, 'mito': 8, 'dark': 7, 'medium': 1}, 'AL-VP1d(R)': {'post': 3, 'upstream': 3, 'mito': 5, 'dark': 4, 'medium': 1}, 'AL-DC4(R)': {'post': 1, 'upstream': 1}, 'AL-DC3(R)': {'pre': 16, 'post': 29, 'downstream': 82, 'upstream': 29, 'mito': 22, 'dark': 22}, 'AL-VA1v(R)': {'pre': 54, 'post': 184, 'downstream': 342, 'upstream': 184, 'mito': 40, 'dark': 39, 'medium': 1}, 'AL-VA6(R)': {'post': 1, 'upstream': 1, 'mito': 2, 'dark': 2}}",,"['AL(R)', 'AL-DC1(R)', 'AL-DC2(R)', 'AL-DC3(R)', 'AL-DC4(R)', 'AL-VA1d(R)', 'AL-VA1v(R)', 'AL-VA6(R)', 'AL-VP1d(R)', 'CA(R)', 'LH(R)', 'MB(+ACA)(R)', 'MB(R)', 'mALT(R)']","['AL(R)', 'AL-DC1(R)', 'AL-DC3(R)', 'AL-VA1d(R)', 'AL-VA1v(R)', 'CA(R)', 'LH(R)', 'MB(+ACA)(R)', 'MB(R)', 'mALT(R)']"
5813055180,VA7m_lPN_R,VA7m_lPN,655,1611,4818,1611,242,1191499495,Traced,False,Roughly traced,AVM02,441.5,"[14017, 35555, 28840]","{'LH(R)': {'pre': 243, 'post': 130, 'downstream': 2103, 'upstream': 130, 'mito': 41, 'dark': 36, 'medium': 5}, 'MB(R)': {'pre': 164, 'post': 80, 'downstream': 1435, 'upstream': 80, 'mito': 21, 'dark': 20, 'medium': 1}, 'CA(R)': {'pre': 164, 'post': 80, 'downstream': 1435, 'upstream': 80, 'mito': 21, 'dark': 20, 'medium': 1}, 'MB(+ACA)(R)': {'pre': 164, 'post': 80, 'downstream': 1435, 'upstream': 80, 'mito': 21, 'dark': 20, 'medium': 1}, 'mALT(R)': {'pre': 16, 'post': 23, 'downstream': 75, 'upstream': 23, 'mito': 48, 'dark': 47, 'medium': 1}, 'AL(R)': {'pre': 232, 'post': 1377, 'downstream': 1205, 'upstream': 1377, 'mito': 110, 'dark': 108, 'medium': 2}, 'AL-VP1m(R)': {'pre': 1, 'post': 6, 'downstream': 4, 'upstream': 6}, 'AL-VP1d(R)': {'pre': 1, 'downstream': 4, 'mito': 3, 'dark': 3}, 'AL-VC1(R)': {'pre': 3, 'post': 15, 'downstream': 21, 'upstream': 15, 'mito': 5, 'dark': 5}, 'AL-VA6(R)': {'pre': 1, 'post': 1, 'downstream': 6, 'upstream': 1}, 'AL-VC2(R)': {'pre': 30, 'post': 111, 'downstream': 163, 'upstream': 111, 'mito': 21, 'dark': 21}, 'AL-VA7m(R)': {'pre': 169, 'post': 1073, 'downstream': 880, 'upstream': 1073, 'mito': 66, 'dark': 65, 'medium': 1}, 'AL-VA7l(R)': {'pre': 7, 'post': 50, 'downstream': 36, 'upstream': 50, 'mito': 6, 'dark': 6}, 'AL-VA2(R)': {'post': 21, 'upstream': 21, 'mito': 1, 'dark': 1}, 'AL-VA3(R)': {'pre': 18, 'post': 99, 'downstream': 82, 'upstream': 99, 'mito': 7, 'dark': 6, 'medium': 1}}",,"['AL(R)', 'AL-VA2(R)', 'AL-VA3(R)', 'AL-VA6(R)', 'AL-VA7l(R)', 'AL-VA7m(R)', 'AL-VC1(R)', 'AL-VC2(R)', 'AL-VP1m(R)', 'CA(R)', 'LH(R)', 'MB(+ACA)(R)', 'MB(R)', 'mALT(R)']","['AL(R)', 'AL-VA3(R)', 'AL-VA6(R)', 'AL-VA7l(R)', 'AL-VA7m(R)', 'AL-VC1(R)', 'AL-VC2(R)', 'AL-VP1d(R)', 'AL-VP1m(R)', 'CA(R)', 'LH(R)', 'MB(+ACA)(R)', 'MB(R)', 'mALT(R)']"
5813055184,D_adPN_R,D_adPN,923,2478,7172,2478,342,1898056333,Traced,False,Roughly traced,AVM01,506.5,"[20994, 35684, 22128]","{'MB(R)': {'pre': 125, 'post': 42, 'downstream': 1269, 'upstream': 42, 'mito': 4, 'dark': 4}, 'CA(R)': {'pre': 125, 'post': 42, 'downstream': 1269, 'upstream': 42, 'mito': 4, 'dark': 4}, 'MB(+ACA)(R)': {'pre': 125, 'post': 42, 'downstream': 1269, 'upstream': 42, 'mito': 4, 'dark': 4}, 'mALT(R)': {'pre': 67, 'post': 41, 'downstream': 481, 'upstream': 41, 'mito': 67, 'dark': 66, 'light': 1}, 'LH(R)': {'pre': 370, 'post': 177, 'downstream': 3493, 'upstream': 177, 'mito': 64, 'dark': 54, 'light': 1, 'medium': 9}, 'AL(R)': {'pre': 361, 'post': 2217, 'downstream': 1929, 'upstream': 2217, 'mito': 165, 'dark': 162, 'light': 1, 'medium': 2}, 'AL-D(R)': {'pre': 309, 'post': 2022, 'downstream': 1662, 'upstream': 2022, 'mito': 113, 'dark': 111, 'medium': 2}, 'AL-DL4(R)': {'post': 15, 'upstream': 15, 'mito': 3, 'dark': 3}, 'AL-DL5(R)': {'pre': 7, 'post': 28, 'downstream': 39, 'upstream': 28, 'mito': 7, 'dark': 7}, 'AL-DL1(R)': {'pre': 4, 'post': 21, 'downstream': 18, 'upstream': 21, 'mito': 5, 'dark': 5}, 'AL-DA3(R)': {'pre': 2, 'post': 13, 'downstream': 17, 'upstream': 13, 'mito': 1, 'dark': 1}, 'AL-DC1(R)': {'pre': 35, 'post': 108, 'downstream': 182, 'upstream': 108, 'mito': 22, 'dark': 22}, 'AL-VP1d(R)': {'pre': 4, 'post': 10, 'downstream': 11, 'upstream': 10, 'mito': 6, 'dark': 5, 'light': 1}}",,"['AL(R)', 'AL-D(R)', 'AL-DA3(R)', 'AL-DC1(R)', 'AL-DL1(R)', 'AL-DL4(R)', 'AL-DL5(R)', 'AL-VP1d(R)', 'CA(R)', 'LH(R)', 'MB(+ACA)(R)', 'MB(R)', 'mALT(R)']","['AL(R)', 'AL-D(R)', 'AL-DA3(R)', 'AL-DC1(R)', 'AL-DL1(R)', 'AL-DL5(R)', 'AL-VP1d(R)', 'CA(R)', 'LH(R)', 'MB(+ACA)(R)', 'MB(R)', 'mALT(R)']"
5813056072,VP1m_l2PN(lALT)_R,VP1m_l2PN,2339,4755,19646,4755,769,3200158752,Traced,False,Roughly traced,AVM03,436.5,"[14977, 29155, 29264]","{'SNP(R)': {'pre': 143, 'post': 53, 'downstream': 1379, 'upstream': 53, 'mito': 20, 'dark': 13, 'light': 1, 'medium': 6}, 'SLP(R)': {'pre': 143, 'post': 53, 'downstream': 1379, 'upstream': 53, 'mito': 20, 'dark': 13, 'light': 1, 'medium': 6}, 'LH(R)': {'pre': 778, 'post': 352, 'downstream': 7818, 'upstream': 352, 'mito': 136, 'dark': 122, 'light': 1, 'medium': 13}, 'MB(R)': {'pre': 283, 'post': 122, 'downstream': 2608, 'upstream': 122, 'mito': 27, 'dark': 23, 'light': 1, 'medium': 3}, 'CA(R)': {'pre': 283, 'post': 122, 'downstream': 2608, 'upstream': 122, 'mito': 27, 'dark': 23, 'light': 1, 'medium': 3}, 'MB(+ACA)(R)': {'pre': 300, 'post': 124, 'downstream': 2753, 'upstream': 124, 'mito': 28, 'dark': 23, 'light': 1, 'medium': 4}, 'lACA(R)': {'pre': 16, 'post': 2, 'downstream': 140, 'upstream': 2, 'mito': 1, 'medium': 1}, 'dACA(R)': {'pre': 1, 'downstream': 5}, 'mALT(R)': {'pre': 5, 'post': 4, 'downstream': 18, 'upstream': 4, 'mito': 13, 'dark': 13}, 'INP': {'pre': 101, 'post': 46, 'downstream': 948, 'upstream': 46, 'mito': 22, 'dark': 21, 'medium': 1}, 'SCL(R)': {'pre': 101, 'post': 46, 'downstream': 948, 'upstream': 46, 'mito': 22, 'dark': 21, 'medium': 1}, 'VLNP(R)': {'pre': 66, 'post': 22, 'downstream': 571, 'upstream': 22, 'mito': 50, 'dark': 42, 'light': 2, 'medium': 6}, 'PLP(R)': {'pre': 27, 'post': 13, 'downstream': 284, 'upstream': 13, 'mito': 7, 'dark': 7}, 'AVLP(R)': {'pre': 33, 'post': 8, 'downstream': 242, 'upstream': 8, 'mito': 32, 'dark': 25, 'light': 1, 'medium': 6}, 'PVLP(R)': {'pre': 6, 'post': 1, 'downstream': 45, 'upstream': 1, 'mito': 11, 'dark': 10, 'light': 1}, 'AL(R)': {'pre': 963, 'post': 4150, 'downstream': 6304, 'upstream': 4150, 'mito': 361, 'dark': 338, 'medium': 23}, 'AL-VP1d(R)': {'pre': 17, 'post': 152, 'downstream': 88, 'upstream': 152, 'mito': 11, 'dark': 11}, 'AL-VP4(R)': {'pre': 7, 'post': 35, 'downstream': 47, 'upstream': 35, 'mito': 2, 'dark': 2}, 'AL-VP1m(R)': {'pre': 615, 'post': 2325, 'downstream': 4076, 'upstream': 2325, 'mito': 194, 'dark': 183, 'medium': 11}, 'AL-VP1l(R)': {'pre': 25, 'post': 186, 'downstream': 152, 'upstream': 186, 'mito': 13, 'dark': 12, 'medium': 1}, 'GF(R)': {'post': 2, 'upstream': 2, 'mito': 3, 'dark': 3}, 'AL-VL2p(R)': {'post': 4, 'upstream': 4, 'mito': 2, 'dark': 1, 'medium': 1}, 'AL-VP2(R)': {'pre': 36, 'post': 132, 'downstream': 227, 'upstream': 132, 'mito': 12, 'dark': 11, 'medium': 1}, 'AL-VC5(R)': {'post': 8, 'upstream': 8}, 'AL-VP5(R)': {'pre': 230, 'post': 1117, 'downstream': 1499, 'upstream': 1117, 'mito': 104, 'dark': 97, 'medium': 7}, 'AL-VP3(R)': {'pre': 4, 'post': 31, 'downstream': 30, 'upstream': 31, 'mito': 10, 'dark': 10}, 'AL-V(R)': {'pre': 29, 'post': 160, 'downstream': 185, 'upstream': 160, 'mito': 13, 'dark': 11, 'medium': 2}, 'PENP': {'post': 1, 'upstream': 1, 'mito': 14, 'dark': 14}, 'SAD': {'post': 1, 'upstream': 1, 'mito': 14, 'dark': 14}, 'SAD(-AMMC)': {'post': 1, 'upstream': 1, 'mito': 14, 'dark': 14}}",unPN-2 (Lin et al. PLoS Biol 2012); lPN1 (Tanaka et al. JCN 2012),"['AL(R)', 'AL-V(R)', 'AL-VC5(R)', 'AL-VL2p(R)', 'AL-VP1d(R)', 'AL-VP1l(R)', 'AL-VP1m(R)', 'AL-VP2(R)', 'AL-VP3(R)', 'AL-VP4(R)', 'AL-VP5(R)', 'AVLP(R)', 'CA(R)', 'GF(R)', 'INP', 'LH(R)', 'MB(+ACA)(R)', 'MB(R)', 'PENP', 'PLP(R)', 'PVLP(R)', 'SAD', 'SAD(-AMMC)', 'SCL(R)', 'SLP(R)', 'SNP(R)', 'VLNP(R)', 'lACA(R)', 'mALT(R)']","['AL(R)', 'AL-V(R)', 'AL-VP1d(R)', 'AL-VP1l(R)', 'AL-VP1m(R)', 'AL-VP2(R)', 'AL-VP3(R)', 'AL-VP4(R)', 'AL-VP5(R)', 'AVLP(R)', 'CA(R)', 'INP', 'LH(R)', 'MB(+ACA)(R)', 'MB(R)', 'PLP(R)', 'PVLP(R)', 'SCL(R)', 'SLP(R)', 'SNP(R)', 'VLNP(R)', 'dACA(R)', 'lACA(R)', 'mALT(R)']"
5813056596,DC4_adPN_R,DC4_adPN,1763,3684,13662,3684,691,3070200314,Traced,False,Roughly traced,AVM01,506.5,"[22015, 36451, 24432]","{'LH(R)': {'pre': 943, 'post': 377, 'downstream': 8062, 'upstream': 377, 'mito': 141, 'dark': 52, 'light': 44, 'medium': 45}, 'SNP(R)': {'pre': 6, 'post': 5, 'downstream': 56, 'upstream': 5}, 'SLP(R)': {'pre': 6, 'post': 5, 'downstream': 56, 'upstream': 5}, 'MB(R)': {'pre': 226, 'post': 42, 'downstream': 2162, 'upstream': 42, 'mito': 27, 'dark': 24, 'light': 1, 'medium': 2}, 'CA(R)': {'pre': 226, 'post': 42, 'downstream': 2162, 'upstream': 42, 'mito': 27, 'dark': 24, 'light': 1, 'medium': 2}, 'MB(+ACA)(R)': {'pre': 226, 'post': 42, 'downstream': 2162, 'upstream': 42, 'mito': 27, 'dark': 24, 'light': 1, 'medium': 2}, 'mALT(R)': {'pre': 13, 'post': 19, 'downstream': 37, 'upstream': 19, 'mito': 94, 'dark': 90, 'light': 3, 'medium': 1}, 'AL(R)': {'pre': 570, 'post': 3240, 'downstream': 3322, 'upstream': 3240, 'mito': 360, 'dark': 346, 'light': 4, 'medium': 10}, 'AL-DC4(R)': {'pre': 472, 'post': 3089, 'downstream': 2757, 'upstream': 3089, 'mito': 313, 'dark': 302, 'light': 4, 'medium': 7}, 'AL-DP1m(R)': {'pre': 2, 'post': 13, 'downstream': 12, 'upstream': 13}, 'AL-DM1(R)': {'pre': 10, 'post': 2, 'downstream': 62, 'upstream': 2}, 'AL-VM7d(R)': {'pre': 30, 'post': 25, 'downstream': 186, 'upstream': 25, 'mito': 5, 'dark': 5}, 'AL-DC2(R)': {'pre': 3, 'post': 8, 'downstream': 14, 'upstream': 8, 'mito': 6, 'dark': 6}, 'AL-VP1d(R)': {'pre': 6, 'post': 26, 'downstream': 34, 'upstream': 26, 'mito': 9, 'dark': 8, 'medium': 1}, 'AL-VM7v(R)': {'pre': 13, 'post': 25, 'downstream': 67, 'upstream': 25, 'mito': 1, 'dark': 1}, 'AL-VA6(R)': {'pre': 4, 'post': 1, 'downstream': 20, 'upstream': 1}}",,"['AL(R)', 'AL-DC2(R)', 'AL-DC4(R)', 'AL-DM1(R)', 'AL-DP1m(R)', 'AL-VA6(R)', 'AL-VM7d(R)', 'AL-VM7v(R)', 'AL-VP1d(R)', 'CA(R)', 'LH(R)', 'MB(+ACA)(R)', 'MB(R)', 'SLP(R)', 'SNP(R)', 'mALT(R)']","['AL(R)', 'AL-DC2(R)', 'AL-DC4(R)', 'AL-DM1(R)', 'AL-DP1m(R)', 'AL-VA6(R)', 'AL-VM7d(R)', 'AL-VM7v(R)', 'AL-VP1d(R)', 'CA(R)', 'LH(R)', 'MB(+ACA)(R)', 'MB(R)', 'SLP(R)', 'SNP(R)', 'mALT(R)']"
5813063239,VP5+Z_adPN(uniAL+SEZ)_R,VP5+Z_adPN,1307,1789,10148,1789,496,1786819446,Traced,False,Roughly traced,AVM01,,,"{'SNP(R)': {'pre': 533, 'post': 109, 'downstream': 4091, 'upstream': 109, 'mito': 100, 'dark': 100}, 'SLP(R)': {'pre': 533, 'post': 109, 'downstream': 4091, 'upstream': 109, 'mito': 100, 'dark': 100}, 'dACA(R)': {'pre': 14, 'post': 10, 'downstream': 81, 'upstream': 10, 'mito': 6, 'dark': 6}, 'MB(+ACA)(R)': {'pre': 21, 'post': 13, 'downstream': 111, 'upstream': 13, 'mito': 8, 'dark': 8}, 'MB(R)': {'pre': 7, 'post': 3, 'downstream': 30, 'upstream': 3, 'mito': 2, 'dark': 2}, 'CA(R)': {'pre': 5, 'post': 3, 'downstream': 20, 'upstream': 3, 'mito': 2, 'dark': 2}, 'mALT(R)': {'pre': 34, 'post': 22, 'downstream': 176, 'upstream': 22, 'mito': 61, 'dark': 61}, 'INP': {'pre': 391, 'post': 64, 'downstream': 3246, 'upstream': 64, 'mito': 82, 'dark': 82}, 'SCL(R)': {'pre': 391, 'post': 64, 'downstream': 3246, 'upstream': 64, 'mito': 82, 'dark': 82}, 'LH(R)': {'pre': 64, 'post': 16, 'downstream': 413, 'upstream': 16, 'mito': 23, 'dark': 23}, 'VLNP(R)': {'pre': 244, 'post': 35, 'downstream': 2040, 'upstream': 35, 'mito': 45, 'dark': 45}, 'AVLP(R)': {'pre': 141, 'post': 17, 'downstream': 1199, 'upstream': 17, 'mito': 27, 'dark': 27}, 'PLP(R)': {'pre': 103, 'post': 18, 'downstream': 841, 'upstream': 18, 'mito': 18, 'dark': 18}, 'PED(R)': {'pre': 2, 'downstream': 10}, 'AL(R)': {'pre': 26, 'post': 1386, 'downstream': 111, 'upstream': 1386, 'mito': 141, 'dark': 141}, 'AL-VP4(R)': {'pre': 3, 'post': 102, 'downstream': 12, 'upstream': 102, 'mito': 9, 'dark': 9}, 'AL-VP1d(R)': {'pre': 2, 'post': 37, 'downstream': 7, 'upstream': 37, 'mito': 16, 'dark': 16}, 'AL-VP1l(R)': {'post': 51, 'upstream': 51, 'mito': 13, 'dark': 13}, 'VMNP': {'post': 28, 'upstream': 28, 'mito': 2, 'dark': 2}, 'VES(R)': {'post': 28, 'upstream': 28, 'mito': 2, 'dark': 2}, 'AL-VP2(R)': {'pre': 3, 'post': 74, 'downstream': 12, 'upstream': 74, 'mito': 6, 'dark': 6}, 'AL-VP3(R)': {'pre': 9, 'post': 249, 'downstream': 45, 'upstream': 249, 'mito': 17, 'dark': 17}, 'AL-VP1m(R)': {'post': 18, 'upstream': 18}, 'AL-VP5(R)': {'pre': 5, 'post': 585, 'downstream': 20, 'upstream': 585, 'mito': 41, 'dark': 41}, 'LX(R)': {'post': 1, 'upstream': 1, 'mito': 1, 'dark': 1}, 'LAL(R)': {'post': 1, 'upstream': 1, 'mito': 1, 'dark': 1}, 'LAL(-GA)(R)': {'post': 1, 'upstream': 1, 'mito': 1, 'dark': 1}, 'AL-VL1(R)': {'pre': 3, 'post': 59, 'downstream': 12, 'upstream': 59, 'mito': 6, 'dark': 6}, 'AL-VC5(R)': {'post': 7, 'upstream': 7, 'mito': 2, 'dark': 2}, 'AL-VC2(R)': {'post': 3, 'upstream': 3, 'mito': 1, 'dark': 1}, 'AL-V(R)': {'post': 128, 'upstream': 128, 'mito': 8, 'dark': 8}, 'PENP': {'pre': 1, 'post': 27, 'downstream': 3, 'upstream': 27, 'mito': 1, 'dark': 1}, 'SAD': {'post': 25, 'upstream': 25}, 'SAD(-AMMC)': {'post': 25, 'upstream': 25}, 'GNG': {'pre': 6, 'post': 96, 'downstream': 35, 'upstream': 96, 'mito': 15, 'dark': 15}, 'PRW': {'pre': 1, 'post': 2, 'downstream': 3, 'upstream': 2, 'mito': 1, 'dark': 1}}",poly[emb] adPN (Yu et al. PloS Biol 2010); VP5+SEZ adPN (Marin et al. Curr Biol 2020),"['AL(R)', 'AL-V(R)', 'AL-VC2(R)', 'AL-VC5(R)', 'AL-VL1(R)', 'AL-VP1d(R)', 'AL-VP1l(R)', 'AL-VP1m(R)', 'AL-VP2(R)', 'AL-VP3(R)', 'AL-VP4(R)', 'AL-VP5(R)', 'AVLP(R)', 'CA(R)', 'GNG', 'INP', 'LAL(-GA)(R)', 'LAL(R)', 'LH(R)', 'LX(R)', 'MB(+ACA)(R)', 'MB(R)', 'PENP', 'PLP(R)', 'PRW', 'SAD', 'SAD(-AMMC)', 'SCL(R)', 'SLP(R)', 'SNP(R)', 'VES(R)', 'VLNP(R)', 'VMNP', 'dACA(R)', 'mALT(R)']","['AL(R)', 'AL-VL1(R)', 'AL-VP1d(R)', 'AL-VP2(R)', 'AL-VP3(R)', 'AL-VP4(R)', 'AL-VP5(R)', 'AVLP(R)', 'CA(R)', 'GNG', 'INP', 'LH(R)', 'MB(+ACA)(R)', 'MB(R)', 'PED(R)', 'PENP', 'PLP(R)', 'PRW', 'SCL(R)', 'SLP(R)', 'SNP(R)', 'VLNP(R)', 'dACA(R)', 'mALT(R)']"
5813069089,VL2a_adPN_R,VL2a_adPN,3132,6882,23391,6882,934,4772365137,Traced,False,Roughly traced,AVM01,,,"{'MB(R)': {'pre': 624, 'post': 173, 'downstream': 6037, 'upstream': 173, 'mito': 43, 'dark': 43}, 'CA(R)': {'pre': 624, 'post': 173, 'downstream': 6037, 'upstream': 173, 'mito': 43, 'dark': 43}, 'MB(+ACA)(R)': {'pre': 624, 'post': 173, 'downstream': 6037, 'upstream': 173, 'mito': 43, 'dark': 43}, 'SNP(R)': {'pre': 2, 'downstream': 7, 'mito': 9, 'dark': 9}, 'SLP(R)': {'pre': 2, 'downstream': 7, 'mito': 9, 'dark': 9}, 'mALT(R)': {'pre': 21, 'post': 20, 'downstream': 50, 'upstream': 20, 'mito': 135, 'dark': 131, 'light': 1, 'medium': 3}, 'LH(R)': {'pre': 1312, 'post': 415, 'downstream': 11137, 'upstream': 415, 'mito': 194, 'dark': 178, 'medium': 16}, 'AL(R)': {'pre': 1163, 'post': 6272, 'downstream': 6092, 'upstream': 6272, 'mito': 519, 'dark': 507, 'light': 4, 'medium': 8}, 'AL-DC2(R)': {'post': 3, 'upstream': 3, 'mito': 5, 'dark': 5}, 'AL-VL2a(R)': {'pre': 1096, 'post': 5867, 'downstream': 5752, 'upstream': 5867, 'mito': 430, 'dark': 418, 'light': 4, 'medium': 8}, 'AL-VP4(R)': {'post': 1, 'upstream': 1, 'mito': 6, 'dark': 6}, 'AL-VP1m(R)': {'pre': 2, 'post': 1, 'downstream': 6, 'upstream': 1, 'mito': 4, 'dark': 4}, 'AL-VP1d(R)': {'post': 6, 'upstream': 6, 'mito': 20, 'dark': 20}, 'AL-DP1l(R)': {'post': 2, 'upstream': 2}, 'AL-VL2p(R)': {'pre': 51, 'post': 355, 'downstream': 283, 'upstream': 355, 'mito': 24, 'dark': 24}, 'AL-VA1v(R)': {'pre': 4, 'post': 11, 'downstream': 14, 'upstream': 11, 'mito': 2, 'dark': 2}, 'AL-VL1(R)': {'post': 1, 'upstream': 1}}",,"['AL(R)', 'AL-DC2(R)', 'AL-DP1l(R)', 'AL-VA1v(R)', 'AL-VL1(R)', 'AL-VL2a(R)', 'AL-VL2p(R)', 'AL-VP1d(R)', 'AL-VP1m(R)', 'AL-VP4(R)', 'CA(R)', 'LH(R)', 'MB(+ACA)(R)', 'MB(R)', 'mALT(R)']","['AL(R)', 'AL-VA1v(R)', 'AL-VL2a(R)', 'AL-VL2p(R)', 'AL-VP1m(R)', 'CA(R)', 'LH(R)', 'MB(+ACA)(R)', 'MB(R)', 'SLP(R)', 'SNP(R)', 'mALT(R)']"
5813069447,VP2_l2PN(lALT)_R,VP2_l2PN,819,1096,6497,1096,272,1431003644,Traced,False,Roughly traced,AVM03,441.5,"[12924, 33617, 30736]","{'INP': {'pre': 80, 'post': 38, 'downstream': 877, 'upstream': 38, 'mito': 8, 'dark': 8}, 'SCL(R)': {'pre': 80, 'post': 38, 'downstream': 877, 'upstream': 38, 'mito': 8, 'dark': 8}, 'VLNP(R)': {'pre': 261, 'post': 115, 'downstream': 2688, 'upstream': 115, 'mito': 65, 'dark': 65}, 'PLP(R)': {'pre': 261, 'post': 113, 'downstream': 2688, 'upstream': 113, 'mito': 51, 'dark': 51}, 'LH(R)': {'post': 4, 'upstream': 4, 'mito': 5, 'dark': 5}, 'AVLP(R)': {'post': 1, 'upstream': 1, 'mito': 3, 'dark': 3}, 'PVLP(R)': {'post': 1, 'upstream': 1, 'mito': 11, 'dark': 11}, 'AL(R)': {'pre': 469, 'post': 935, 'downstream': 2881, 'upstream': 935, 'mito': 141, 'dark': 134, 'medium': 7}, 'AL-VP4(R)': {'pre': 9, 'post': 3, 'downstream': 53, 'upstream': 3, 'mito': 4, 'dark': 4}, 'AL-VP2(R)': {'pre': 271, 'post': 719, 'downstream': 1688, 'upstream': 719, 'mito': 78, 'dark': 74, 'medium': 4}, 'AL-VC5(R)': {'pre': 147, 'post': 120, 'downstream': 835, 'upstream': 120, 'mito': 38, 'dark': 35, 'medium': 3}, 'VMNP': {'pre': 5, 'post': 1, 'downstream': 35, 'upstream': 1, 'mito': 6, 'dark': 6}, 'VES(R)': {'pre': 5, 'post': 1, 'downstream': 35, 'upstream': 1, 'mito': 6, 'dark': 6}, 'AL-VP1l(R)': {'post': 4, 'upstream': 4}, 'AL-VP3(R)': {'pre': 4, 'post': 1, 'downstream': 31, 'upstream': 1, 'mito': 2, 'dark': 2}, 'AL-VP1m(R)': {'post': 2, 'upstream': 2}, 'AL-VP5(R)': {'pre': 4, 'post': 57, 'downstream': 26, 'upstream': 57, 'mito': 8, 'dark': 8}, 'AL-VC2(R)': {'post': 4, 'upstream': 4}, 'PENP': {'post': 2, 'upstream': 2}, 'FLA(R)': {'post': 1, 'upstream': 1}, 'AL-V(R)': {'post': 6, 'upstream': 6}, 'SAD': {'post': 1, 'upstream': 1}, 'SAD(-AMMC)': {'post': 1, 'upstream': 1}}",unPN-4 (Lin et al. PLoS Biol 2012),"['AL(R)', 'AL-V(R)', 'AL-VC2(R)', 'AL-VC5(R)', 'AL-VP1l(R)', 'AL-VP1m(R)', 'AL-VP2(R)', 'AL-VP3(R)', 'AL-VP4(R)', 'AL-VP5(R)', 'AVLP(R)', 'FLA(R)', 'INP', 'LH(R)', 'PENP', 'PLP(R)', 'PVLP(R)', 'SAD', 'SAD(-AMMC)', 'SCL(R)', 'VES(R)', 'VLNP(R)', 'VMNP']","['AL(R)', 'AL-VC5(R)', 'AL-VP2(R)', 'AL-VP3(R)', 'AL-VP4(R)', 'AL-VP5(R)', 'INP', 'PLP(R)', 'SCL(R)', 'VES(R)', 'VLNP(R)', 'VMNP']"
5813069532,M_lvPNm34_R,M_lvPNm34,262,391,2170,391,168,502896169,Traced,False,Roughly traced,AVM06,341.5,"[13366, 33207, 34256]","{'SNP(R)': {'pre': 178, 'post': 105, 'downstream': 1750, 'upstream': 105, 'mito': 68, 'dark': 68}, 'SLP(R)': {'pre': 142, 'post': 54, 'downstream': 1380, 'upstream': 54, 'mito': 41, 'dark': 41}, 'SIP(R)': {'pre': 36, 'post': 46, 'downstream': 370, 'upstream': 46, 'mito': 22, 'dark': 22}, 'SMP(R)': {'post': 5, 'upstream': 5, 'mito': 5, 'dark': 5}, 'AL(R)': {'pre': 84, 'post': 283, 'downstream': 420, 'upstream': 283, 'mito': 72, 'dark': 71, 'medium': 1}, 'AL-DM1(R)': {'pre': 43, 'post': 162, 'downstream': 221, 'upstream': 162, 'mito': 31, 'dark': 31}, 'AL-DM4(R)': {'pre': 13, 'post': 42, 'downstream': 56, 'upstream': 42, 'mito': 9, 'dark': 9}, 'AL-DP1m(R)': {'pre': 3, 'post': 1, 'downstream': 19, 'upstream': 1, 'mito': 2, 'dark': 2}, 'AL-DC4(R)': {'pre': 2, 'post': 8, 'downstream': 13, 'upstream': 8, 'mito': 2, 'dark': 2}, 'mALT(R)': {'post': 2, 'upstream': 2, 'mito': 9, 'dark': 9}, 'AL-VM7d(R)': {'post': 2, 'upstream': 2}, 'AL-VP4(R)': {'post': 1, 'upstream': 1, 'mito': 2, 'dark': 2}, 'AL-VP1d(R)': {'post': 2, 'upstream': 2}, 'AL-VC3l(R)': {'pre': 1, 'post': 9, 'downstream': 3, 'upstream': 9, 'mito': 6, 'dark': 5, 'medium': 1}, 'AL-VC4(R)': {'pre': 2, 'post': 10, 'downstream': 9, 'upstream': 10, 'mito': 4, 'dark': 4}, 'AL-VM7v(R)': {'post': 1, 'upstream': 1}, 'AL-VA2(R)': {'pre': 1, 'post': 4, 'downstream': 4, 'upstream': 4, 'mito': 1, 'dark': 1}, 'AL-VM3(R)': {'pre': 13, 'post': 23, 'downstream': 61, 'upstream': 23, 'mito': 8, 'dark': 8}, 'AL-VC1(R)': {'post': 1, 'upstream': 1}, 'AL-VC2(R)': {'pre': 2, 'post': 8, 'downstream': 11, 'upstream': 8, 'mito': 1, 'dark': 1}, 'AL-VM4(R)': {'pre': 4, 'post': 1, 'downstream': 23, 'upstream': 1, 'mito': 1, 'dark': 1}, 'AL-VA3(R)': {'post': 1, 'upstream': 1}}",,"['AL(R)', 'AL-DC4(R)', 'AL-DM1(R)', 'AL-DM4(R)', 'AL-DP1m(R)', 'AL-VA2(R)', 'AL-VA3(R)', 'AL-VC1(R)', 'AL-VC2(R)', 'AL-VC3l(R)', 'AL-VC4(R)', 'AL-VM3(R)', 'AL-VM4(R)', 'AL-VM7d(R)', 'AL-VM7v(R)', 'AL-VP1d(R)', 'AL-VP4(R)', 'SIP(R)', 'SLP(R)', 'SMP(R)', 'SNP(R)', 'mALT(R)']","['AL(R)', 'AL-DC4(R)', 'AL-DM1(R)', 'AL-DM4(R)', 'AL-DP1m(R)', 'AL-VA2(R)', 'AL-VC2(R)', 'AL-VC3l(R)', 'AL-VC4(R)', 'AL-VM3(R)', 'AL-VM4(R)', 'SIP(R)', 'SLP(R)', 'SNP(R)']"
5813070872,DM6_adPN_R,DM6_adPN,696,1620,5427,1620,284,1234868451,Traced,False,Roughly traced,AVM01,431.5,"[22875, 35132, 21464]","{'LH(R)': {'pre': 265, 'post': 93, 'downstream': 2240, 'upstream': 93, 'mito': 47, 'dark': 39, 'medium': 8}, 'MB(R)': {'pre': 211, 'post': 63, 'downstream': 2125, 'upstream': 63, 'mito': 14, 'dark': 13, 'light': 1}, 'CA(R)': {'pre': 211, 'post': 63, 'downstream': 2125, 'upstream': 63, 'mito': 14, 'dark': 13, 'light': 1}, 'MB(+ACA)(R)': {'pre': 211, 'post': 63, 'downstream': 2125, 'upstream': 63, 'mito': 14, 'dark': 13, 'light': 1}, 'mALT(R)': {'pre': 17, 'post': 23, 'downstream': 116, 'upstream': 23, 'mito': 40, 'dark': 38, 'medium': 2}, 'SNP(R)': {'post': 2, 'upstream': 2}, 'SLP(R)': {'post': 2, 'upstream': 2}, 'AL(R)': {'pre': 202, 'post': 1437, 'downstream': 944, 'upstream': 1437, 'mito': 141, 'dark': 135, 'medium': 6}, 'AL-DM6(R)': {'pre': 144, 'post': 1315, 'downstream': 676, 'upstream': 1315, 'mito': 100, 'dark': 96, 'medium': 4}, 'AL-DM3(R)': {'pre': 3, 'post': 5, 'downstream': 16, 'upstream': 5, 'mito': 1, 'dark': 1}, 'AL-DC1(R)': {'pre': 13, 'post': 49, 'downstream': 61, 'upstream': 49, 'mito': 9, 'dark': 9}, 'AL-DM2(R)': {'pre': 8, 'post': 15, 'downstream': 40, 'upstream': 15, 'mito': 5, 'dark': 5}, 'AL-DC4(R)': {'pre': 15, 'post': 17, 'downstream': 54, 'upstream': 17, 'mito': 13, 'dark': 12, 'medium': 1}, 'AL-DC2(R)': {'pre': 19, 'post': 33, 'downstream': 97, 'upstream': 33, 'mito': 11, 'dark': 10, 'medium': 1}, 'AL-VM5d(R)': {'post': 1, 'upstream': 1}}",,"['AL(R)', 'AL-DC1(R)', 'AL-DC2(R)', 'AL-DC4(R)', 'AL-DM2(R)', 'AL-DM3(R)', 'AL-DM6(R)', 'AL-VM5d(R)', 'CA(R)', 'LH(R)', 'MB(+ACA)(R)', 'MB(R)', 'SLP(R)', 'SNP(R)', 'mALT(R)']","['AL(R)', 'AL-DC1(R)', 'AL-DC2(R)', 'AL-DC4(R)', 'AL-DM2(R)', 'AL-DM3(R)', 'AL-DM6(R)', 'CA(R)', 'LH(R)', 'MB(+ACA)(R)', 'MB(R)', 'mALT(R)']"
5813071369,M_vPNml76_R,M_vPNml76,157,435,1631,435,135,377311734,Traced,False,Roughly traced,AVM04,346.5,"[16144, 34342, 36816]","{'LH(R)': {'pre': 147, 'post': 23, 'downstream': 1594, 'upstream': 23, 'mito': 45, 'dark': 45}, 'AL(R)': {'pre': 8, 'post': 410, 'downstream': 28, 'upstream': 410, 'mito': 64, 'dark': 64}, 'AL-D(R)': {'post': 41, 'upstream': 41, 'mito': 5, 'dark': 5}, 'AL-DC1(R)': {'post': 13, 'upstream': 13, 'mito': 3, 'dark': 3}, 'AL-DC3(R)': {'pre': 7, 'post': 85, 'downstream': 24, 'upstream': 85, 'mito': 19, 'dark': 19}, 'AL-DA1(R)': {'pre': 1, 'downstream': 4, 'mito': 1, 'dark': 1}, 'AL-DA4l(R)': {'post': 3, 'upstream': 3}, 'AL-VA6(R)': {'post': 156, 'upstream': 156, 'mito': 16, 'dark': 16}, 'AL-VP1d(R)': {'post': 10, 'upstream': 10, 'mito': 7, 'dark': 7}, 'AL-VC1(R)': {'post': 70, 'upstream': 70, 'mito': 9, 'dark': 9}, 'AL-DC2(R)': {'post': 3, 'upstream': 3, 'mito': 1, 'dark': 1}, 'AL-VC2(R)': {'post': 23, 'upstream': 23, 'mito': 1, 'dark': 1}}",,"['AL(R)', 'AL-D(R)', 'AL-DA4l(R)', 'AL-DC1(R)', 'AL-DC2(R)', 'AL-DC3(R)', 'AL-VA6(R)', 'AL-VC1(R)', 'AL-VC2(R)', 'AL-VP1d(R)', 'LH(R)']","['AL(R)', 'AL-DA1(R)', 'AL-DC3(R)', 'LH(R)']"
5813071409,M_vPNml66_R,M_vPNml66,102,236,1044,236,100,240227915,Traced,False,Roughly traced,AVM04,,,"{'LH(R)': {'pre': 93, 'post': 36, 'downstream': 1009, 'upstream': 36, 'mito': 30, 'dark': 28, 'medium': 2}, 'VLNP(R)': {'pre': 1, 'post': 1, 'downstream': 3, 'upstream': 1, 'mito': 2, 'dark': 2}, 'AVLP(R)': {'pre': 1, 'post': 1, 'downstream': 3, 'upstream': 1, 'mito': 2, 'dark': 2}, 'AL(R)': {'pre': 8, 'post': 197, 'downstream': 32, 'upstream': 197, 'mito': 54, 'dark': 51, 'light': 1, 'medium': 2}, 'AL-DL5(R)': {'post': 1, 'upstream': 1, 'mito': 3, 'dark': 3}, 'AL-DC1(R)': {'post': 19, 'upstream': 19, 'mito': 4, 'dark': 4}, 'AL-DL1(R)': {'post': 10, 'upstream': 10, 'mito': 2, 'dark': 2}, 'AL-DL2v(R)': {'post': 3, 'upstream': 3}, 'AL-DP1m(R)': {'post': 3, 'upstream': 3}, 'AL-DC2(R)': {'post': 4, 'upstream': 4, 'mito': 1, 'dark': 1}, 'AL-VP1d(R)': {'post': 11, 'upstream': 11, 'mito': 7, 'dark': 7}, 'AL-VA6(R)': {'pre': 2, 'post': 32, 'downstream': 9, 'upstream': 32, 'mito': 7, 'dark': 6, 'medium': 1}, 'AL-DC3(R)': {'pre': 1, 'post': 1, 'downstream': 5, 'upstream': 1, 'mito': 1, 'dark': 1}, 'AL-VC1(R)': {'pre': 3, 'post': 53, 'downstream': 11, 'upstream': 53, 'mito': 14, 'dark': 14}, 'AL-VP1l(R)': {'pre': 1, 'post': 2, 'downstream': 3, 'upstream': 2, 'mito': 3, 'dark': 1, 'light': 1, 'medium': 1}, 'AL-VP1m(R)': {'post': 4, 'upstream': 4, 'mito': 2, 'dark': 2}, 'AL-VC2(R)': {'post': 16, 'upstream': 16, 'mito': 6, 'dark': 6}, 'AL-VM5v(R)': {'post': 1, 'upstream': 1}, 'AL-VA7m(R)': {'post': 16, 'upstream': 16, 'mito': 1, 'dark': 1}, 'AL-VA5(R)': {'pre': 1, 'post': 12, 'downstream': 4, 'upstream': 12, 'mito': 1, 'dark': 1}}",,"['AL(R)', 'AL-DC1(R)', 'AL-DC2(R)', 'AL-DC3(R)', 'AL-DL1(R)', 'AL-DL2v(R)', 'AL-DL5(R)', 'AL-DP1m(R)', 'AL-VA5(R)', 'AL-VA6(R)', 'AL-VA7m(R)', 'AL-VC1(R)', 'AL-VC2(R)', 'AL-VM5v(R)', 'AL-VP1d(R)', 'AL-VP1l(R)', 'AL-VP1m(R)', 'AVLP(R)', 'LH(R)', 'VLNP(R)']","['AL(R)', 'AL-DC3(R)', 'AL-VA5(R)', 'AL-VA6(R)', 'AL-VC1(R)', 'AL-VP1l(R)', 'AVLP(R)', 'LH(R)', 'VLNP(R)']"
5813077788,VP2+Z_lvPN(uniAL+SEZ)_R,VP2+Z_lvPN,314,270,2909,270,122,467993726,Traced,False,Roughly traced,AVM06,,,"{'SNP(R)': {'pre': 132, 'post': 63, 'downstream': 1313, 'upstream': 63, 'mito': 33, 'dark': 28, 'medium': 5}, 'SLP(R)': {'pre': 108, 'post': 35, 'downstream': 1108, 'upstream': 35, 'mito': 23, 'dark': 18, 'medium': 5}, 'SMP(R)': {'pre': 24, 'post': 28, 'downstream': 205, 'upstream': 28, 'mito': 10, 'dark': 10}, 'dACA(R)': {'post': 1, 'upstream': 1}, 'MB(+ACA)(R)': {'post': 1, 'upstream': 1}, 'mALT(R)': {'pre': 7, 'post': 15, 'downstream': 55, 'upstream': 15, 'mito': 19, 'dark': 17, 'medium': 2}, 'INP': {'pre': 67, 'post': 17, 'downstream': 669, 'upstream': 17, 'mito': 20, 'dark': 18, 'light': 1, 'medium': 1}, 'SCL(R)': {'pre': 67, 'post': 17, 'downstream': 669, 'upstream': 17, 'mito': 20, 'dark': 18, 'light': 1, 'medium': 1}, 'LH(R)': {'pre': 33, 'post': 11, 'downstream': 322, 'upstream': 11, 'mito': 8, 'dark': 6, 'medium': 2}, 'VLNP(R)': {'pre': 8, 'downstream': 78}, 'PLP(R)': {'pre': 8, 'downstream': 78}, 'AL(R)': {'pre': 37, 'post': 103, 'downstream': 265, 'upstream': 103, 'mito': 23, 'dark': 23}, 'AL-VP1m(R)': {'pre': 2, 'post': 7, 'downstream': 13, 'upstream': 7, 'mito': 2, 'dark': 2}, 'VMNP': {'pre': 14, 'post': 31, 'downstream': 100, 'upstream': 31, 'mito': 8, 'dark': 8}, 'VES(R)': {'pre': 14, 'post': 31, 'downstream': 100, 'upstream': 31, 'mito': 8, 'dark': 8}, 'AL-VP1l(R)': {'post': 1, 'upstream': 1}, 'AL-VP2(R)': {'pre': 17, 'post': 48, 'downstream': 110, 'upstream': 48, 'mito': 7, 'dark': 7}, 'AL-VP3(R)': {'post': 3, 'upstream': 3}, 'AL-VP5(R)': {'pre': 6, 'post': 20, 'downstream': 46, 'upstream': 20, 'mito': 8, 'dark': 8}, 'AL-VP1d(R)': {'pre': 3, 'downstream': 29, 'mito': 2, 'dark': 2}, 'AL-VC1(R)': {'post': 1, 'upstream': 1}, 'PENP': {'pre': 16, 'post': 26, 'downstream': 107, 'upstream': 26, 'mito': 9, 'dark': 8, 'medium': 1}, 'SAD': {'pre': 16, 'post': 26, 'downstream': 107, 'upstream': 26, 'mito': 9, 'dark': 8, 'medium': 1}, 'SAD(-AMMC)': {'pre': 16, 'post': 26, 'downstream': 107, 'upstream': 26, 'mito': 9, 'dark': 8, 'medium': 1}, 'GNG': {'post': 1, 'upstream': 1}}",VP2+SEZ lvPN1 (Marin et al. Curr Biol 2020),"['AL(R)', 'AL-VC1(R)', 'AL-VP1l(R)', 'AL-VP1m(R)', 'AL-VP2(R)', 'AL-VP3(R)', 'AL-VP5(R)', 'GNG', 'INP', 'LH(R)', 'MB(+ACA)(R)', 'PENP', 'SAD', 'SAD(-AMMC)', 'SCL(R)', 'SLP(R)', 'SMP(R)', 'SNP(R)', 'VES(R)', 'VMNP', 'dACA(R)', 'mALT(R)']","['AL(R)', 'AL-VP1d(R)', 'AL-VP1m(R)', 'AL-VP2(R)', 'AL-VP5(R)', 'INP', 'LH(R)', 'PENP', 'PLP(R)', 'SAD', 'SAD(-AMMC)', 'SCL(R)', 'SLP(R)', 'SMP(R)', 'SNP(R)', 'VES(R)', 'VLNP(R)', 'VMNP', 'mALT(R)']"
5813077810,VL2a_vPN_R,VL2a_vPN,165,605,1825,605,163,408380964,Traced,False,Roughly traced,AVM04,,,"{'LH(R)': {'pre': 165, 'post': 37, 'downstream': 1825, 'upstream': 37, 'mito': 49, 'dark': 44, 'light': 3, 'medium': 2}, 'AL(R)': {'post': 567, 'upstream': 567, 'mito': 81, 'dark': 79, 'light': 2}, 'AL-VL2a(R)': {'post': 358, 'upstream': 358, 'mito': 35, 'dark': 34, 'light': 1}, 'AL-VL2p(R)': {'post': 178, 'upstream': 178, 'mito': 36, 'dark': 35, 'light': 1}, 'AL-VP1d(R)': {'post': 3, 'upstream': 3, 'mito': 4, 'dark': 4}, 'AL-VL1(R)': {'post': 16, 'upstream': 16, 'mito': 1, 'dark': 1}}",,"['AL(R)', 'AL-VL1(R)', 'AL-VL2a(R)', 'AL-VL2p(R)', 'AL-VP1d(R)', 'LH(R)']",['LH(R)']
5813079228,M_lvPNm30_R,M_lvPNm30,266,449,2371,449,172,413726938,Traced,False,Roughly traced,AVM06,381.5,"[14451, 30769, 32768]","{'SNP(R)': {'pre': 152, 'post': 65, 'downstream': 1561, 'upstream': 65, 'mito': 47, 'dark': 47}, 'SMP(R)': {'post': 7, 'upstream': 7, 'mito': 2, 'dark': 2}, 'SIP(R)': {'pre': 62, 'post': 35, 'downstream': 643, 'upstream': 35, 'mito': 19, 'dark': 19}, 'MB(R)': {'post': 7, 'upstream': 7}, ""a'L(R)"": {'post': 7, 'upstream': 7}, ""a'3(R)"": {'post': 7, 'upstream': 7}, 'MB(+ACA)(R)': {'post': 7, 'upstream': 7}, 'SLP(R)': {'pre': 90, 'post': 23, 'downstream': 918, 'upstream': 23, 'mito': 26, 'dark': 26}, 'INP': {'pre': 16, 'downstream': 155, 'mito': 4, 'dark': 4}, 'SCL(R)': {'pre': 16, 'downstream': 155, 'mito': 4, 'dark': 4}, 'LH(R)': {'pre': 29, 'post': 13, 'downstream': 313, 'upstream': 13, 'mito': 7, 'dark': 7}, 'AL(R)': {'pre': 69, 'post': 362, 'downstream': 342, 'upstream': 362, 'mito': 84, 'dark': 84}, 'AL-DL2v(R)': {'pre': 6, 'post': 35, 'downstream': 25, 'upstream': 35, 'mito': 7, 'dark': 7}, 'mALT(R)': {'post': 2, 'upstream': 2, 'mito': 12, 'dark': 11, 'medium': 1}, 'AL-DP1m(R)': {'post': 3, 'upstream': 3, 'mito': 3, 'dark': 3}, 'AL-DP1l(R)': {'pre': 16, 'post': 69, 'downstream': 84, 'upstream': 69, 'mito': 12, 'dark': 12}, 'AL-DA1(R)': {'pre': 3, 'post': 14, 'downstream': 13, 'upstream': 14, 'mito': 3, 'dark': 3}, 'AL-DC3(R)': {'pre': 2, 'post': 2, 'downstream': 8, 'upstream': 2, 'mito': 1, 'dark': 1}, 'AL-VA1d(R)': {'pre': 2, 'post': 4, 'downstream': 9, 'upstream': 4, 'mito': 1, 'dark': 1}, 'AL-VP1d(R)': {'post': 5, 'upstream': 5, 'mito': 2, 'dark': 2}, 'AL-VL2a(R)': {'post': 2, 'upstream': 2}, 'AL-VM7v(R)': {'pre': 2, 'post': 2, 'downstream': 10, 'upstream': 2, 'mito': 1, 'dark': 1}, 'AL-VC3l(R)': {'pre': 1, 'post': 4, 'downstream': 5, 'upstream': 4, 'mito': 3, 'dark': 3}, 'AL-VA2(R)': {'pre': 25, 'post': 135, 'downstream': 127, 'upstream': 135, 'mito': 23, 'dark': 23}, 'AL-VC4(R)': {'pre': 3, 'post': 11, 'downstream': 16, 'upstream': 11, 'mito': 4, 'dark': 4}, 'AL-VM3(R)': {'pre': 2, 'post': 23, 'downstream': 16, 'upstream': 23, 'mito': 5, 'dark': 5}, 'AL-VP1m(R)': {'post': 4, 'upstream': 4, 'mito': 1, 'dark': 1}, 'AL-VA7m(R)': {'pre': 4, 'post': 14, 'downstream': 15, 'upstream': 14, 'mito': 5, 'dark': 5}, 'AL-VC1(R)': {'post': 1, 'upstream': 1}, 'AL-VC2(R)': {'post': 6, 'upstream': 6, 'mito': 3, 'dark': 3}, 'AL-VL1(R)': {'pre': 1, 'post': 2, 'downstream': 5, 'upstream': 2, 'mito': 1, 'dark': 1}, 'AL-VA4(R)': {'pre': 1, 'downstream': 4}, 'AL-VA3(R)': {'post': 2, 'upstream': 2, 'mito': 1, 'dark': 1}}",,"['AL(R)', 'AL-DA1(R)', 'AL-DC3(R)', 'AL-DL2v(R)', 'AL-DP1l(R)', 'AL-DP1m(R)', 'AL-VA1d(R)', 'AL-VA2(R)', 'AL-VA3(R)', 'AL-VA7m(R)', 'AL-VC1(R)', 'AL-VC2(R)', 'AL-VC3l(R)', 'AL-VC4(R)', 'AL-VL1(R)', 'AL-VL2a(R)', 'AL-VM3(R)', 'AL-VM7v(R)', 'AL-VP1d(R)', 'AL-VP1m(R)', 'LH(R)', 'MB(+ACA)(R)', 'MB(R)', 'SIP(R)', 'SLP(R)', 'SMP(R)', 'SNP(R)', ""a'3(R)"", ""a'L(R)"", 'mALT(R)']","['AL(R)', 'AL-DA1(R)', 'AL-DC3(R)', 'AL-DL2v(R)', 'AL-DP1l(R)', 'AL-VA1d(R)', 'AL-VA2(R)', 'AL-VA4(R)', 'AL-VA7m(R)', 'AL-VC3l(R)', 'AL-VC4(R)', 'AL-VL1(R)', 'AL-VM3(R)', 'AL-VM7v(R)', 'INP', 'LH(R)', 'SCL(R)', 'SIP(R)', 'SLP(R)', 'SNP(R)']"
5813083723,M_l2PNm17_R,M_l2PNm17,581,1134,4162,1134,349,1374533184,Traced,False,Roughly traced,AVM03,441.5,"[13342, 32617, 28256]","{'SNP(R)': {'pre': 52, 'post': 15, 'downstream': 395, 'upstream': 15, 'mito': 15, 'dark': 15}, 'SLP(R)': {'pre': 36, 'post': 12, 'downstream': 259, 'upstream': 12, 'mito': 11, 'dark': 11}, 'INP': {'pre': 136, 'post': 48, 'downstream': 1104, 'upstream': 48, 'mito': 45, 'dark': 44, 'light': 1}, 'ATL(R)': {'pre': 1, 'post': 3, 'downstream': 3, 'upstream': 3}, 'SMP(R)': {'pre': 16, 'post': 3, 'downstream': 136, 'upstream': 3, 'mito': 4, 'dark': 4}, 'SCL(R)': {'pre': 135, 'post': 45, 'downstream': 1101, 'upstream': 45, 'mito': 44, 'dark': 43, 'light': 1}, 'mALT(R)': {'pre': 2, 'post': 8, 'downstream': 3, 'upstream': 8, 'mito': 27, 'dark': 27}, 'LH(R)': {'pre': 13, 'post': 15, 'downstream': 109, 'upstream': 15, 'mito': 7, 'dark': 7}, 'MB(R)': {'post': 2, 'upstream': 2, 'mito': 4, 'dark': 4}, 'CA(R)': {'post': 2, 'upstream': 2, 'mito': 4, 'dark': 4}, 'MB(+ACA)(R)': {'post': 2, 'upstream': 2, 'mito': 4, 'dark': 4}, 'VLNP(R)': {'pre': 124, 'post': 45, 'downstream': 1083, 'upstream': 45, 'mito': 40, 'dark': 39, 'medium': 1}, 'PLP(R)': {'pre': 124, 'post': 44, 'downstream': 1083, 'upstream': 44, 'mito': 38, 'dark': 38}, 'AL(R)': {'pre': 215, 'post': 865, 'downstream': 1241, 'upstream': 865, 'mito': 156, 'dark': 152, 'medium': 4}, 'AL-VP2(R)': {'pre': 23, 'post': 62, 'downstream': 136, 'upstream': 62, 'mito': 15, 'dark': 15}, 'AL-VP4(R)': {'post': 22, 'upstream': 22, 'mito': 2, 'dark': 2}, 'AL-VP1d(R)': {'pre': 16, 'post': 106, 'downstream': 97, 'upstream': 106, 'mito': 15, 'dark': 15}, 'AL-VP1l(R)': {'pre': 11, 'post': 21, 'downstream': 71, 'upstream': 21, 'mito': 9, 'dark': 9}, 'AL-VP3(R)': {'pre': 28, 'post': 125, 'downstream': 146, 'upstream': 125, 'mito': 25, 'dark': 25}, 'AL-VP1m(R)': {'pre': 4, 'post': 28, 'downstream': 27, 'upstream': 28, 'mito': 2, 'dark': 2}, 'AL-VP5(R)': {'pre': 44, 'post': 237, 'downstream': 247, 'upstream': 237, 'mito': 32, 'dark': 31, 'medium': 1}, 'VMNP': {'pre': 20, 'post': 88, 'downstream': 121, 'upstream': 88, 'mito': 15, 'dark': 15}, 'VES(R)': {'pre': 20, 'post': 88, 'downstream': 121, 'upstream': 88, 'mito': 15, 'dark': 15}, 'AL-VC5(R)': {'pre': 8, 'post': 19, 'downstream': 45, 'upstream': 19, 'mito': 3, 'dark': 3}, 'AVLP(R)': {'post': 1, 'upstream': 1, 'mito': 2, 'dark': 1, 'medium': 1}, 'AL-VL1(R)': {'pre': 10, 'post': 27, 'downstream': 57, 'upstream': 27, 'mito': 6, 'dark': 6}, 'AL-VA5(R)': {'post': 1, 'upstream': 1}, 'AL-VA4(R)': {'pre': 2, 'post': 2, 'downstream': 12, 'upstream': 2, 'mito': 1, 'dark': 1}, 'AL-V(R)': {'pre': 38, 'post': 139, 'downstream': 225, 'upstream': 139, 'mito': 30, 'dark': 27, 'medium': 3}, 'PENP': {'pre': 15, 'post': 46, 'downstream': 83, 'upstream': 46, 'mito': 8, 'dark': 8}, 'SAD': {'pre': 15, 'post': 46, 'downstream': 83, 'upstream': 46, 'mito': 8, 'dark': 8}, 'SAD(-AMMC)': {'pre': 15, 'post': 46, 'downstream': 83, 'upstream': 46, 'mito': 8, 'dark': 8}, 'GNG': {'pre': 2, 'post': 2, 'downstream': 11, 'upstream': 2}}",VP5+ l2PN (Marin et al. Curr Biol 2020),"['AL(R)', 'AL-V(R)', 'AL-VA4(R)', 'AL-VA5(R)', 'AL-VC5(R)', 'AL-VL1(R)', 'AL-VP1d(R)', 'AL-VP1l(R)', 'AL-VP1m(R)', 'AL-VP2(R)', 'AL-VP3(R)', 'AL-VP4(R)', 'AL-VP5(R)', 'ATL(R)', 'AVLP(R)', 'CA(R)', 'GNG', 'INP', 'LH(R)', 'MB(+ACA)(R)', 'MB(R)', 'PENP', 'PLP(R)', 'SAD', 'SAD(-AMMC)', 'SCL(R)', 'SLP(R)', 'SMP(R)', 'SNP(R)', 'VES(R)', 'VLNP(R)', 'VMNP', 'mALT(R)']","['AL(R)', 'AL-V(R)', 'AL-VA4(R)', 'AL-VC5(R)', 'AL-VL1(R)', 'AL-VP1d(R)', 'AL-VP1l(R)', 'AL-VP1m(R)', 'AL-VP2(R)', 'AL-VP3(R)', 'AL-VP5(R)', 'ATL(R)', 'GNG', 'INP', 'LH(R)', 'PENP', 'PLP(R)', 'SAD', 'SAD(-AMMC)', 'SCL(R)', 'SLP(R)', 'SMP(R)', 'SNP(R)', 'VES(R)', 'VLNP(R)', 'VMNP', 'mALT(R)']"
5813090752,M_vPNml81_R,M_vPNml81,93,181,993,181,102,238048938,Traced,False,Roughly traced,AVM04,,,"{'LH(R)': {'pre': 92, 'post': 70, 'downstream': 985, 'upstream': 70, 'mito': 43, 'dark': 41, 'light': 1, 'medium': 1}, 'VLNP(R)': {'pre': 1, 'post': 2, 'downstream': 8, 'upstream': 2, 'mito': 1, 'dark': 1}, 'AVLP(R)': {'pre': 1, 'post': 2, 'downstream': 8, 'upstream': 2, 'mito': 1, 'dark': 1}, 'AL(R)': {'post': 107, 'upstream': 107, 'mito': 44, 'dark': 41, 'medium': 3}, 'AL-DC1(R)': {'post': 5, 'upstream': 5}, 'AL-DC4(R)': {'post': 17, 'upstream': 17, 'mito': 5, 'dark': 5}, 'AL-DA1(R)': {'post': 6, 'upstream': 6, 'mito': 6, 'dark': 6}, 'AL-DL1(R)': {'post': 2, 'upstream': 2}, 'AL-DC3(R)': {'post': 4, 'upstream': 4, 'mito': 1, 'dark': 1}, 'AL-DP1m(R)': {'post': 2, 'upstream': 2, 'mito': 1, 'dark': 1}, 'AL-DL2v(R)': {'post': 1, 'upstream': 1, 'mito': 3, 'dark': 3}, 'AL-VP1d(R)': {'post': 5, 'upstream': 5}, 'AL-VA6(R)': {'post': 1, 'upstream': 1, 'mito': 1, 'dark': 1}, 'AL-VC3l(R)': {'post': 15, 'upstream': 15, 'mito': 10, 'dark': 10}, 'AL-VM7v(R)': {'post': 6, 'upstream': 6, 'mito': 1, 'dark': 1}, 'AL-VL2p(R)': {'post': 1, 'upstream': 1, 'mito': 1, 'dark': 1}, 'AL-VC1(R)': {'post': 4, 'upstream': 4}, 'AL-VC2(R)': {'post': 1, 'upstream': 1, 'mito': 2, 'dark': 2}, 'AL-VL1(R)': {'post': 2, 'upstream': 2, 'mito': 1, 'dark': 1}, 'AL-VA4(R)': {'post': 1, 'upstream': 1, 'mito': 1, 'dark': 1}}",,"['AL(R)', 'AL-DA1(R)', 'AL-DC1(R)', 'AL-DC3(R)', 'AL-DC4(R)', 'AL-DL1(R)', 'AL-DL2v(R)', 'AL-DP1m(R)', 'AL-VA4(R)', 'AL-VA6(R)', 'AL-VC1(R)', 'AL-VC2(R)', 'AL-VC3l(R)', 'AL-VL1(R)', 'AL-VL2p(R)', 'AL-VM7v(R)', 'AL-VP1d(R)', 'AVLP(R)', 'LH(R)', 'VLNP(R)']","['AVLP(R)', 'LH(R)', 'VLNP(R)']"
5901194250,M_lvPNm37_R,M_lvPNm37,185,251,1303,251,110,364834515,Traced,False,Roughly traced,AVM06,342.0,"[14653, 29290, 32120]","{'SNP(R)': {'pre': 125, 'post': 53, 'downstream': 947, 'upstream': 53, 'mito': 34, 'dark': 34}, 'SLP(R)': {'pre': 124, 'post': 52, 'downstream': 936, 'upstream': 52, 'mito': 31, 'dark': 31}, 'SMP(R)': {'pre': 1, 'post': 1, 'downstream': 11, 'upstream': 1, 'mito': 3, 'dark': 3}, 'LH(R)': {'pre': 5, 'post': 2, 'downstream': 33, 'upstream': 2, 'mito': 1, 'dark': 1}, 'VLNP(R)': {'pre': 22, 'post': 7, 'downstream': 168, 'upstream': 7, 'mito': 6, 'dark': 6}, 'PLP(R)': {'pre': 22, 'post': 7, 'downstream': 168, 'upstream': 7, 'mito': 6, 'dark': 6}, 'mALT(R)': {'post': 2, 'upstream': 2, 'mito': 9, 'dark': 9}, 'AL(R)': {'pre': 33, 'post': 186, 'downstream': 155, 'upstream': 186, 'mito': 46, 'dark': 43, 'light': 1, 'medium': 2}, 'AL-DL1(R)': {'pre': 4, 'post': 16, 'downstream': 27, 'upstream': 16, 'mito': 7, 'dark': 6, 'medium': 1}, 'AL-DP1m(R)': {'pre': 3, 'post': 2, 'downstream': 16, 'upstream': 2, 'mito': 2, 'dark': 1, 'medium': 1}, 'AL-DL2d(R)': {'post': 13, 'upstream': 13, 'mito': 3, 'dark': 3}, 'AL-DL2v(R)': {'pre': 2, 'post': 1, 'downstream': 9, 'upstream': 1, 'mito': 2, 'dark': 2}, 'AL-DC1(R)': {'post': 2, 'upstream': 2}, 'AL-VP1d(R)': {'pre': 10, 'post': 19, 'downstream': 44, 'upstream': 19, 'mito': 5, 'dark': 5}, 'AL-DP1l(R)': {'post': 7, 'upstream': 7, 'mito': 2, 'dark': 1, 'light': 1}, 'AL-VL2p(R)': {'post': 10, 'upstream': 10, 'mito': 2, 'dark': 2}, 'AL-VP1l(R)': {'post': 3, 'upstream': 3}, 'AL-VP4(R)': {'pre': 4, 'post': 9, 'downstream': 13, 'upstream': 9, 'mito': 3, 'dark': 3}, 'AL-VL1(R)': {'pre': 6, 'post': 92, 'downstream': 29, 'upstream': 92, 'mito': 14, 'dark': 14}}",,"['AL(R)', 'AL-DC1(R)', 'AL-DL1(R)', 'AL-DL2d(R)', 'AL-DL2v(R)', 'AL-DP1l(R)', 'AL-DP1m(R)', 'AL-VL1(R)', 'AL-VL2p(R)', 'AL-VP1d(R)', 'AL-VP1l(R)', 'AL-VP4(R)', 'LH(R)', 'PLP(R)', 'SLP(R)', 'SMP(R)', 'SNP(R)', 'VLNP(R)', 'mALT(R)']","['AL(R)', 'AL-DL1(R)', 'AL-DL2v(R)', 'AL-DP1m(R)', 'AL-VL1(R)', 'AL-VP1d(R)', 'AL-VP4(R)', 'LH(R)', 'PLP(R)', 'SLP(R)', 'SMP(R)', 'SNP(R)', 'VLNP(R)']"
5901194556,M_lvPNm37_R,M_lvPNm37,176,258,1310,258,105,405120614,Traced,False,Roughly traced,AVM06,391.5,"[13755, 31467, 32744]","{'SNP(R)': {'pre': 137, 'post': 55, 'downstream': 1065, 'upstream': 55, 'mito': 37, 'dark': 37}, 'SLP(R)': {'pre': 132, 'post': 54, 'downstream': 1032, 'upstream': 54, 'mito': 34, 'dark': 34}, 'dACA(R)': {'pre': 1, 'downstream': 10}, 'MB(+ACA)(R)': {'pre': 1, 'downstream': 10}, 'SMP(R)': {'pre': 5, 'post': 1, 'downstream': 33, 'upstream': 1, 'mito': 3, 'dark': 3}, 'LH(R)': {'pre': 9, 'post': 3, 'downstream': 71, 'upstream': 3, 'mito': 1, 'dark': 1}, 'VLNP(R)': {'pre': 18, 'post': 9, 'downstream': 134, 'upstream': 9, 'mito': 6, 'dark': 6}, 'PLP(R)': {'pre': 18, 'post': 9, 'downstream': 134, 'upstream': 9, 'mito': 6, 'dark': 6}, 'AL(R)': {'pre': 11, 'post': 191, 'downstream': 34, 'upstream': 191, 'mito': 41, 'dark': 39, 'medium': 2}, 'AL-DL2d(R)': {'pre': 1, 'post': 3, 'downstream': 5, 'upstream': 3, 'mito': 1, 'dark': 1}, 'AL-DL1(R)': {'post': 5, 'upstream': 5, 'mito': 6, 'dark': 6}, 'AL-DA1(R)': {'post': 2, 'upstream': 2}, 'AL-DL2v(R)': {'pre': 1, 'post': 2, 'downstream': 5, 'upstream': 2, 'mito': 2, 'dark': 2}, 'AL-DC3(R)': {'post': 4, 'upstream': 4, 'mito': 3, 'dark': 3}, 'AL-VP1d(R)': {'post': 12, 'upstream': 12, 'mito': 3, 'dark': 3}, 'AL-DP1l(R)': {'post': 1, 'upstream': 1}, 'AL-VP1l(R)': {'post': 6, 'upstream': 6, 'mito': 4, 'dark': 4}, 'AL-VP3(R)': {'post': 3, 'upstream': 3}, 'AL-VP4(R)': {'pre': 3, 'post': 3, 'downstream': 9, 'upstream': 3, 'mito': 2, 'dark': 1, 'medium': 1}, 'AL-VL2p(R)': {'pre': 2, 'post': 7, 'downstream': 5, 'upstream': 7, 'mito': 1, 'dark': 1}, 'AL-VL1(R)': {'pre': 3, 'post': 137, 'downstream': 8, 'upstream': 137, 'mito': 17, 'dark': 17}, 'AL-VP5(R)': {'post': 2, 'upstream': 2}}",,"['AL(R)', 'AL-DA1(R)', 'AL-DC3(R)', 'AL-DL1(R)', 'AL-DL2d(R)', 'AL-DL2v(R)', 'AL-DP1l(R)', 'AL-VL1(R)', 'AL-VL2p(R)', 'AL-VP1d(R)', 'AL-VP1l(R)', 'AL-VP3(R)', 'AL-VP4(R)', 'AL-VP5(R)', 'LH(R)', 'PLP(R)', 'SLP(R)', 'SMP(R)', 'SNP(R)', 'VLNP(R)']","['AL(R)', 'AL-DL2d(R)', 'AL-DL2v(R)', 'AL-VL1(R)', 'AL-VL2p(R)', 'AL-VP4(R)', 'LH(R)', 'MB(+ACA)(R)', 'PLP(R)', 'SLP(R)', 'SMP(R)', 'SNP(R)', 'VLNP(R)', 'dACA(R)']"
5901222731,VP1d+VP4_l2PN2(lALT)_R,VP1d+VP4_l2PN2,2113,4087,15947,4087,468,2919824647,Traced,False,Roughly traced,AVM03,516.5,"[13856, 34548, 33512]","{'LH(R)': {'pre': 729, 'post': 624, 'downstream': 6998, 'upstream': 624, 'mito': 98, 'dark': 94, 'medium': 4}, 'VLNP(R)': {'pre': 242, 'post': 150, 'downstream': 2069, 'upstream': 150, 'mito': 62, 'dark': 59, 'medium': 3}, 'PLP(R)': {'pre': 131, 'post': 107, 'downstream': 1275, 'upstream': 107, 'mito': 13, 'dark': 13}, 'AVLP(R)': {'pre': 89, 'post': 39, 'downstream': 651, 'upstream': 39, 'mito': 31, 'dark': 28, 'medium': 3}, 'PVLP(R)': {'pre': 22, 'post': 4, 'downstream': 143, 'upstream': 4, 'mito': 18, 'dark': 18}, 'AL(R)': {'pre': 1138, 'post': 3305, 'downstream': 6867, 'upstream': 3305, 'mito': 205, 'dark': 194, 'light': 1, 'medium': 10}, 'AL-VP4(R)': {'pre': 401, 'post': 908, 'downstream': 2494, 'upstream': 908, 'mito': 48, 'dark': 46, 'medium': 2}, 'AL-VP1d(R)': {'pre': 212, 'post': 979, 'downstream': 1299, 'upstream': 979, 'mito': 32, 'dark': 28, 'medium': 4}, 'AL-DP1l(R)': {'pre': 2, 'post': 5, 'downstream': 10, 'upstream': 5, 'mito': 1, 'dark': 1}, 'AL-VL2p(R)': {'pre': 121, 'post': 394, 'downstream': 649, 'upstream': 394, 'mito': 39, 'dark': 35, 'light': 1, 'medium': 3}, 'GF(R)': {'post': 3, 'upstream': 3, 'mito': 1, 'dark': 1}, 'AL-VP1l(R)': {'pre': 8, 'post': 54, 'downstream': 49, 'upstream': 54, 'mito': 4, 'dark': 4}, 'AL-VP3(R)': {'pre': 2, 'post': 7, 'downstream': 9, 'upstream': 7, 'mito': 9, 'dark': 9}, 'AL-VL1(R)': {'pre': 122, 'post': 348, 'downstream': 652, 'upstream': 348, 'mito': 34, 'dark': 33, 'medium': 1}, 'AL-VL2a(R)': {'post': 8, 'upstream': 8}, 'VMNP': {'pre': 1, 'post': 2, 'downstream': 4, 'upstream': 2, 'mito': 10, 'dark': 9, 'medium': 1}, 'VES(R)': {'pre': 1, 'post': 2, 'downstream': 4, 'upstream': 2, 'mito': 10, 'dark': 9, 'medium': 1}, 'AL-VP5(R)': {'pre': 1, 'downstream': 1}, 'PENP': {'pre': 1, 'downstream': 2, 'mito': 1, 'dark': 1}, 'SAD': {'pre': 1, 'downstream': 2, 'mito': 1, 'dark': 1}, 'AMMC': {'pre': 1, 'downstream': 2, 'mito': 1, 'dark': 1}}",VP3 oACT (Stocker et al. Cell Tissue Res 1990),"['AL(R)', 'AL-DP1l(R)', 'AL-VL1(R)', 'AL-VL2a(R)', 'AL-VL2p(R)', 'AL-VP1d(R)', 'AL-VP1l(R)', 'AL-VP3(R)', 'AL-VP4(R)', 'AVLP(R)', 'GF(R)', 'LH(R)', 'PLP(R)', 'PVLP(R)', 'VES(R)', 'VLNP(R)', 'VMNP']","['AL(R)', 'AL-DP1l(R)', 'AL-VL1(R)', 'AL-VL2p(R)', 'AL-VP1d(R)', 'AL-VP1l(R)', 'AL-VP3(R)', 'AL-VP4(R)', 'AL-VP5(R)', 'AMMC', 'AVLP(R)', 'LH(R)', 'PENP', 'PLP(R)', 'PVLP(R)', 'SAD', 'VES(R)', 'VLNP(R)', 'VMNP']"
5901222910,DM2_lPN_R,DM2_lPN,2020,4047,16235,4047,744,3656867596,Traced,False,Roughly traced,AVM02,501.5,"[12564, 35025, 26256]","{'LH(R)': {'pre': 1116, 'post': 457, 'downstream': 9604, 'upstream': 457, 'mito': 165, 'dark': 120, 'light': 2, 'medium': 43}, 'MB(R)': {'pre': 424, 'post': 173, 'downstream': 4182, 'upstream': 173, 'mito': 57, 'dark': 55, 'light': 1, 'medium': 1}, 'CA(R)': {'pre': 424, 'post': 173, 'downstream': 4182, 'upstream': 173, 'mito': 57, 'dark': 55, 'light': 1, 'medium': 1}, 'MB(+ACA)(R)': {'pre': 424, 'post': 173, 'downstream': 4182, 'upstream': 173, 'mito': 57, 'dark': 55, 'light': 1, 'medium': 1}, 'mALT(R)': {'pre': 8, 'post': 22, 'downstream': 18, 'upstream': 22, 'mito': 131, 'dark': 128, 'medium': 3}, 'AL(R)': {'pre': 471, 'post': 3393, 'downstream': 2427, 'upstream': 3393, 'mito': 307, 'dark': 292, 'medium': 15}, 'AL-DM2(R)': {'pre': 295, 'post': 2781, 'downstream': 1515, 'upstream': 2781, 'mito': 197, 'dark': 188, 'medium': 9}, 'AL-DM1(R)': {'pre': 24, 'post': 166, 'downstream': 118, 'upstream': 166, 'mito': 28, 'dark': 27, 'medium': 1}, 'AL-DM6(R)': {'post': 8, 'upstream': 8}, 'AL-DM4(R)': {'pre': 5, 'post': 22, 'downstream': 27, 'upstream': 22, 'mito': 4, 'dark': 4}, 'AL-DC4(R)': {'pre': 10, 'post': 54, 'downstream': 46, 'upstream': 54, 'mito': 20, 'dark': 20}, 'AL-DM5(R)': {'post': 3, 'upstream': 3}, 'AL-VM7v(R)': {'pre': 5, 'post': 9, 'downstream': 23, 'upstream': 9, 'mito': 1, 'dark': 1}, 'AL-VM7d(R)': {'pre': 129, 'post': 324, 'downstream': 688, 'upstream': 324, 'mito': 39, 'dark': 36, 'medium': 3}, 'AL-VM5d(R)': {'pre': 1, 'post': 17, 'downstream': 5, 'upstream': 17, 'mito': 2, 'dark': 2}, 'AL-VP1d(R)': {'pre': 1, 'post': 1, 'downstream': 2, 'upstream': 1, 'mito': 3, 'dark': 3}}",,"['AL(R)', 'AL-DC4(R)', 'AL-DM1(R)', 'AL-DM2(R)', 'AL-DM4(R)', 'AL-DM5(R)', 'AL-DM6(R)', 'AL-VM5d(R)', 'AL-VM7d(R)', 'AL-VM7v(R)', 'AL-VP1d(R)', 'CA(R)', 'LH(R)', 'MB(+ACA)(R)', 'MB(R)', 'mALT(R)']","['AL(R)', 'AL-DC4(R)', 'AL-DM1(R)', 'AL-DM2(R)', 'AL-DM4(R)', 'AL-VM5d(R)', 'AL-VM7d(R)', 'AL-VM7v(R)', 'AL-VP1d(R)', 'CA(R)', 'LH(R)', 'MB(+ACA)(R)', 'MB(R)', 'mALT(R)']"
